liquidation_id,bank_reference,transaction_id,settlement_date,transaction_date,gateway,card_type,card_last4,gross_amount,commission_amount,vat_retention,income_retention,net_amount,status,chargeback_flag
LIQ-00001,BNK295868,TXN-202407-0001,2024-07-25,2024-07-24,Medianet,VISA,5437,21.74,0.7,0.98,0.22,19.84,SETTLED,0
LIQ-00002,BNK698782,TXN-202407-0002,2024-07-02,2024-07-01,Medianet,AMEX,7439,36.64,1.17,1.65,0.37,33.45,SETTLED,0
LIQ-00003,BNK282798,TXN-202407-0003,2024-07-24,2024-07-21,Datafast,MASTERCARD,7335,19.91,0.7,0.9,0.2,18.11,SETTLED,0
LIQ-00004,BNK561522,TXN-202407-0004,2024-07-02,2024-07-01,Medianet,VISA,9237,419.96,13.44,18.9,4.2,383.42,SETTLED,0
LIQ-00005,BNK173277,TXN-202407-0005,2024-07-12,2024-07-11,Medianet,VISA,7263,76.79,2.46,3.46,0.77,70.1,SETTLED,0
LIQ-00006,BNK269963,TXN-202407-0006,2024-07-27,2024-07-26,Datafast,VISA,2041,333.56,11.67,15.01,3.34,303.54,SETTLED,0
LIQ-00007,BNK158130,TXN-202407-0007,2024-07-20,2024-07-18,Medianet,MASTERCARD,8059,1446.34,46.28,65.09,14.46,1320.51,SETTLED,0
LIQ-00008,BNK447193,TXN-202407-0008,2024-07-24,2024-07-23,PayPhone,MASTERCARD,4418,322.49,12.25,14.51,3.22,292.51,SETTLED,0
LIQ-00009,BNK358462,TXN-202407-0009,2024-07-09,2024-07-08,Datafast,VISA,5593,10.98,0.38,0.49,0.11,10.0,SETTLED,0
LIQ-00010,BNK799107,TXN-202407-0010,2024-07-13,2024-07-12,Datafast,VISA,3072,148.31,5.19,6.67,1.48,134.97,SETTLED,0
LIQ-00011,BNK724842,TXN-202407-0011,2024-07-22,2024-07-21,Medianet,MASTERCARD,2295,109.99,3.52,4.95,1.1,100.42,SETTLED,0
LIQ-00012,BNK591269,TXN-202407-0012,2024-08-02,2024-07-30,Medianet,VISA,3901,25.25,0.81,1.14,0.25,23.05,SETTLED,0
LIQ-00013,BNK896651,TXN-202407-0013,2024-07-03,2024-07-02,Medianet,VISA,6623,62.62,2.0,2.82,0.63,57.17,SETTLED,0
LIQ-00014,BNK652599,TXN-202407-0014,2024-08-02,2024-07-30,PayPhone,AMEX,5678,9.96,0.38,0.45,0.1,9.03,SETTLED,0
LIQ-00015,BNK621877,TXN-202407-0015,2024-08-02,2024-07-30,PayPhone,VISA,7061,246.17,9.35,11.08,2.46,223.28,SETTLED,0
LIQ-00016,BNK853679,TXN-202407-0016,2024-07-12,2024-07-09,Datafast,VISA,1362,47.1,1.65,2.12,0.47,42.86,SETTLED,0
LIQ-00017,BNK217978,TXN-202407-0017,2024-07-08,2024-07-05,Medianet,AMEX,9773,21.45,0.69,0.97,0.21,19.58,SETTLED,0
LIQ-00018,BNK324643,TXN-202407-0018,2024-07-09,2024-07-06,Datafast,MASTERCARD,1129,144.19,5.05,6.49,1.44,131.21,SETTLED,0
LIQ-00019,BNK614145,TXN-202407-0019,2024-07-19,2024-07-17,Datafast,VISA,6440,79.71,2.79,3.59,0.8,72.53,SETTLED,0
LIQ-00020,BNK842306,TXN-202407-0020,2024-07-25,2024-07-22,PayPhone,AMEX,6019,59.05,2.24,2.66,0.59,53.56,SETTLED,0
LIQ-00021,BNK957211,TXN-202407-0021,2024-07-08,2024-07-06,Medianet,MASTERCARD,9323,27.01,0.86,1.22,0.27,24.66,SETTLED,0
LIQ-00022,BNK442755,TXN-202407-0023,2024-07-20,2024-07-17,Medianet,VISA,2434,433.5,13.87,19.51,4.33,395.79,SETTLED,0
LIQ-00023,BNK244992,TXN-202407-0024,2024-08-02,2024-07-30,Datafast,VISA,6598,76.51,2.68,3.44,0.77,69.62,SETTLED,0
LIQ-00024,BNK707732,TXN-202407-0025,2024-07-14,2024-07-12,PayPhone,MASTERCARD,4037,13.39,0.51,0.6,0.13,12.15,SETTLED,0
LIQ-00025,BNK685432,TXN-202407-0026,2024-07-26,2024-07-24,Datafast,VISA,7538,113.08,3.96,5.09,1.13,102.9,SETTLED,0
LIQ-00026,BNK644153,TXN-202407-0027,2024-07-24,2024-07-22,PayPhone,DINERS,3336,14.43,0.55,0.65,0.14,13.09,SETTLED,0
LIQ-00027,BNK354832,TXN-202407-0028,2024-08-01,2024-07-31,PayPhone,VISA,6293,50.49,1.92,2.27,0.5,45.8,SETTLED,0
LIQ-00028,BNK237015,TXN-202407-0029,2024-07-16,2024-07-13,PayPhone,MASTERCARD,7081,379.44,17.04,17.07,3.79,341.54,SETTLED,0
LIQ-00029,BNK256489,TXN-202407-0030,2024-07-09,2024-07-08,Medianet,VISA,7247,14.08,0.45,0.63,0.14,12.86,SETTLED,0
LIQ-00030,BNK129442,TXN-202407-0031,2024-07-06,2024-07-03,Datafast,MASTERCARD,7505,21.52,0.75,0.97,0.22,19.58,SETTLED,0
LIQ-00031,BNK951780,TXN-202407-0032,2024-07-06,2024-07-03,Medianet,VISA,5949,2649.09,84.77,119.21,26.49,2418.62,SETTLED,0
LIQ-00032,BNK808020,TXN-202407-0033,2024-08-02,2024-07-30,Datafast,MASTERCARD,8318,14.92,0.52,0.67,0.15,13.58,SETTLED,0
LIQ-00033,BNK889314,TXN-202407-0034,2024-07-05,2024-07-04,Medianet,VISA,3977,35.53,1.14,1.6,0.36,32.43,SETTLED,0
LIQ-00034,BNK203343,TXN-202407-0035,2024-07-05,2024-07-02,Medianet,VISA,2848,69.79,2.23,3.14,0.7,63.72,SETTLED,0
LIQ-00035,BNK241260,TXN-202407-0036,2024-07-27,2024-07-26,Medianet,MASTERCARD,4924,59.62,1.91,2.68,0.6,54.43,SETTLED,0
LIQ-00036,BNK931765,TXN-202407-0037,2024-07-11,2024-07-09,Datafast,VISA,1221,36.64,1.28,1.65,0.37,33.34,SETTLED,0
LIQ-00037,BNK482003,TXN-202407-0038,2024-07-19,2024-07-18,Datafast,DINERS,8425,69.6,2.44,3.13,0.7,63.33,SETTLED,0
LIQ-00038,BNK516422,TXN-202407-0039,2024-07-31,2024-07-30,Datafast,DINERS,5524,486.98,17.04,21.91,4.87,443.16,SETTLED,0
LIQ-00039,BNK864624,TXN-202407-0040,2024-07-03,2024-07-02,Datafast,VISA,3239,35.08,1.23,1.58,0.35,31.92,SETTLED,0
LIQ-00040,BNK928989,TXN-202407-0041,2024-07-17,2024-07-15,Datafast,DINERS,4925,63.81,2.23,2.87,0.64,58.07,SETTLED,0
LIQ-00041,BNK861380,TXN-202407-0042,2024-07-25,2024-07-23,Datafast,DINERS,7028,1889.42,66.13,85.02,18.89,1719.38,SETTLED,0
LIQ-00042,BNK156927,TXN-202407-0043,2024-07-19,2024-07-18,Datafast,VISA,2944,1947.95,68.18,87.66,19.48,1772.63,SETTLED,0
LIQ-00043,BNK674598,TXN-202407-0044,2024-07-31,2024-07-28,Medianet,VISA,5353,291.2,9.32,13.1,2.91,265.87,SETTLED,0
LIQ-00044,BNK297594,TXN-202407-0045,2024-07-21,2024-07-20,Datafast,DINERS,3975,18.94,0.66,0.85,0.19,17.24,SETTLED,0
LIQ-00045,BNK281682,TXN-202407-0046,2024-07-11,2024-07-08,Medianet,VISA,7304,71.77,2.67,3.23,0.72,65.15,SETTLED,0
LIQ-00046,BNK139486,TXN-202407-0047,2024-07-19,2024-07-17,Medianet,MASTERCARD,3007,48.78,1.56,2.2,0.49,44.53,SETTLED,0
LIQ-00047,BNK146625,TXN-202407-0048,2024-07-14,2024-07-13,PayPhone,VISA,5684,180.25,6.85,8.11,1.8,163.49,SETTLED,0
LIQ-00048,BNK378199,TXN-202407-0049,2024-07-04,2024-07-03,Medianet,VISA,1862,61.39,1.96,2.76,0.61,56.06,SETTLED,0
LIQ-00049,BNK897962,TXN-202407-0050,2024-07-10,2024-07-07,Datafast,DINERS,5338,683.15,23.91,30.74,6.83,621.67,SETTLED,0
LIQ-00050,BNK681131,TXN-202407-0051,2024-07-14,2024-07-12,Datafast,DINERS,9920,449.29,15.73,20.22,4.49,408.85,SETTLED,0
LIQ-00051,BNK612696,TXN-202407-0052,2024-07-29,2024-07-26,Datafast,AMEX,4201,336.9,11.79,15.16,3.37,306.58,SETTLED,0
LIQ-00052,BNK736045,TXN-202407-0053,2024-07-05,2024-07-04,Medianet,MASTERCARD,5060,471.34,15.08,21.21,4.71,430.34,SETTLED,0
LIQ-00053,BNK950219,TXN-202407-0054,2024-07-13,2024-07-10,Datafast,AMEX,3579,145.29,5.09,6.54,1.45,132.21,SETTLED,0
LIQ-00054,BNK819338,TXN-202407-0055,2024-07-19,2024-07-17,Datafast,VISA,7806,438.22,15.34,19.72,4.38,398.78,SETTLED,0
LIQ-00055,BNK588219,TXN-202407-0056,2024-07-29,2024-07-27,Datafast,AMEX,2906,52.57,1.84,2.37,0.53,47.83,SETTLED,0
LIQ-00056,BNK643816,TXN-202407-0057,2024-07-09,2024-07-06,Datafast,VISA,5931,78.48,2.75,3.53,0.78,71.42,SETTLED,0
LIQ-00057,BNK627916,TXN-202407-0058,2024-08-03,2024-07-31,Datafast,MASTERCARD,6189,126.99,4.44,5.71,1.27,115.57,SETTLED,0
LIQ-00058,BNK630490,TXN-202407-0059,2024-07-07,2024-07-05,PayPhone,MASTERCARD,6061,324.65,12.34,14.61,3.25,294.45,SETTLED,0
LIQ-00059,BNK696557,TXN-202407-0060,2024-07-29,2024-07-28,Datafast,VISA,4497,414.37,14.5,18.65,4.14,377.08,SETTLED,0
LIQ-00060,BNK559664,TXN-202407-0061,2024-07-28,2024-07-25,PayPhone,VISA,1914,12.71,0.48,0.57,0.13,11.53,SETTLED,0
LIQ-00061,BNK466281,TXN-202407-0062,2024-07-31,2024-07-30,PayPhone,VISA,8418,144.91,5.51,6.52,1.45,131.43,SETTLED,0
LIQ-00062,BNK816803,TXN-202407-0063,2024-07-02,2024-07-01,PayPhone,DINERS,7760,450.19,17.11,20.26,4.5,408.32,SETTLED,0
LIQ-00063,BNK320815,TXN-202407-0064,2024-07-31,2024-07-28,Medianet,VISA,4604,2505.59,80.18,112.75,25.06,2287.6,SETTLED,0
LIQ-00064,BNK826998,TXN-202407-0065,2024-07-29,2024-07-28,PayPhone,VISA,8502,125.4,4.77,5.64,1.25,113.74,SETTLED,0
LIQ-00065,BNK875926,TXN-202407-0066,2024-07-11,2024-07-10,PayPhone,VISA,4702,273.33,10.39,12.3,2.73,247.91,SETTLED,0
LIQ-00066,BNK857118,TXN-202407-0067,2024-07-05,2024-07-03,Datafast,MASTERCARD,2708,25.9,0.91,1.17,0.26,23.56,SETTLED,0
LIQ-00067,BNK839196,TXN-202407-0068,2024-07-12,2024-07-11,Datafast,MASTERCARD,1296,434.34,15.2,19.55,4.34,395.25,SETTLED,0
LIQ-00068,BNK490272,TXN-202407-0069,2024-07-10,2024-07-09,Datafast,DINERS,1491,77.19,2.7,3.47,0.77,70.25,SETTLED,0
LIQ-00069,BNK799764,TXN-202407-0070,2024-07-23,2024-07-20,Datafast,VISA,9751,211.74,7.41,9.53,2.12,192.68,SETTLED,0
LIQ-00070,BNK639318,TXN-202407-0072,2024-07-27,2024-07-24,Medianet,AMEX,2998,474.91,15.2,21.37,4.75,433.59,SETTLED,0
LIQ-00071,BNK474723,TXN-202407-0073,2024-07-22,2024-07-20,Datafast,VISA,9121,2801.93,98.07,126.09,28.02,2549.75,SETTLED,0
LIQ-00072,BNK293626,TXN-202407-0074,2024-07-24,2024-07-22,Medianet,VISA,9697,1767.81,56.57,79.55,17.68,1614.01,SETTLED,0
LIQ-00073,BNK348298,TXN-202407-0075,2024-07-24,2024-07-22,Datafast,MASTERCARD,6837,160.57,5.62,7.23,1.61,146.11,SETTLED,0
LIQ-00074,BNK768390,TXN-202407-0076,2024-07-19,2024-07-18,Medianet,AMEX,3736,206.4,6.6,9.29,2.06,188.45,SETTLED,0
LIQ-00075,BNK660977,TXN-202407-0077,2024-07-13,2024-07-11,Datafast,VISA,3327,334.8,11.72,15.07,3.35,304.66,SETTLED,0
LIQ-00076,BNK513501,TXN-202407-0078,2024-08-03,2024-07-31,Datafast,MASTERCARD,2970,64.53,2.26,2.9,0.65,58.72,SETTLED,0
LIQ-00077,BNK163838,TXN-202407-0079,2024-07-12,2024-07-11,Datafast,VISA,2300,52.47,1.84,2.36,0.52,47.75,SETTLED,0
LIQ-00078,BNK937489,TXN-202407-0080,2024-07-08,2024-07-07,PayPhone,MASTERCARD,7035,174.35,6.63,7.85,1.74,158.13,SETTLED,0
LIQ-00079,BNK978554,TXN-202407-0081,2024-07-05,2024-07-03,Datafast,VISA,9994,68.73,2.41,3.09,0.69,62.54,SETTLED,0
LIQ-00080,BNK887068,TXN-202407-0082,2024-07-18,2024-07-16,Datafast,MASTERCARD,8317,57.23,2.0,2.58,0.57,52.08,SETTLED,0
LIQ-00081,BNK928727,TXN-202407-0083,2024-07-26,2024-07-25,Datafast,MASTERCARD,2513,61.32,2.15,2.76,0.61,55.8,SETTLED,0
LIQ-00082,BNK953132,TXN-202407-0084,2024-07-16,2024-07-15,Medianet,VISA,5601,372.28,11.91,16.75,3.72,339.9,SETTLED,0
LIQ-00083,BNK905902,TXN-202407-0085,2024-07-18,2024-07-15,Medianet,AMEX,6215,15.0,0.48,0.67,0.15,13.7,SETTLED,0
LIQ-00084,BNK142402,TXN-202407-0086,2024-07-18,2024-07-15,Medianet,MASTERCARD,3562,61.64,1.97,2.77,0.62,56.28,SETTLED,0
LIQ-00085,BNK311807,TXN-202407-0087,2024-07-16,2024-07-15,PayPhone,AMEX,4426,73.01,2.77,3.29,0.73,66.22,SETTLED,0
LIQ-00086,BNK118179,TXN-202407-0088,2024-07-23,2024-07-21,Medianet,VISA,6943,23.54,0.75,1.06,0.24,21.49,SETTLED,0
LIQ-00087,BNK391640,TXN-202407-0089,2024-07-06,2024-07-03,Medianet,MASTERCARD,5577,195.33,6.25,8.79,1.95,178.34,SETTLED,0
LIQ-00088,BNK416778,TXN-202407-0090,2024-07-06,2024-07-05,Datafast,VISA,3887,45.51,1.59,2.05,0.46,41.41,SETTLED,0
LIQ-00089,BNK347765,TXN-202407-0091,2024-07-16,2024-07-14,Datafast,MASTERCARD,8093,106.98,3.74,4.81,1.07,97.37,SETTLED,0
LIQ-00090,BNK506691,TXN-202407-0092,2024-08-01,2024-07-29,Medianet,VISA,9281,36.51,1.17,1.64,0.37,33.33,SETTLED,0
LIQ-00091,BNK776758,TXN-202407-0093,2024-07-17,2024-07-16,PayPhone,VISA,8547,321.79,12.23,14.48,3.22,291.86,SETTLED,0
LIQ-00092,BNK185993,TXN-202407-0094,2024-07-29,2024-07-27,PayPhone,VISA,5255,71.87,2.73,3.23,0.72,65.19,SETTLED,0
LIQ-00093,BNK954246,TXN-202407-0095,2024-07-17,2024-07-16,Medianet,MASTERCARD,5375,457.08,14.63,20.57,4.57,417.31,SETTLED,0
LIQ-00094,BNK700483,TXN-202407-0096,2024-07-28,2024-07-26,Datafast,VISA,9160,55.17,1.93,2.48,0.55,50.21,SETTLED,0
LIQ-00095,BNK996727,TXN-202407-0097,2024-07-19,2024-07-18,Medianet,AMEX,1796,2951.8,94.46,132.83,29.52,2694.99,SETTLED,0
LIQ-00096,BNK932830,TXN-202407-0098,2024-07-15,2024-07-14,PayPhone,MASTERCARD,2842,115.26,4.38,5.19,1.15,104.54,SETTLED,0
LIQ-00097,BNK701727,TXN-202407-0099,2024-07-17,2024-07-15,PayPhone,VISA,9146,29.55,1.12,1.33,0.3,26.8,SETTLED,0
LIQ-00098,BNK436314,TXN-202407-0100,2024-07-16,2024-07-14,Datafast,AMEX,4178,76.34,3.1,3.44,0.76,69.04,SETTLED,0
LIQ-00099,BNK214798,TXN-202407-0101,2024-08-02,2024-07-31,PayPhone,VISA,3680,101.88,3.87,4.58,1.02,92.41,SETTLED,0
LIQ-00100,BNK582570,TXN-202407-0102,2024-07-02,2024-07-01,Datafast,VISA,1414,600.65,21.02,27.03,6.01,546.59,SETTLED,0
LIQ-00101,BNK169634,TXN-202407-0103,2024-07-23,2024-07-22,Datafast,VISA,9667,14.47,0.51,0.65,0.14,13.17,SETTLED,0
LIQ-00102,BNK463737,TXN-202407-0104,2024-07-09,2024-07-06,Medianet,VISA,7732,402.1,12.87,18.09,4.02,367.12,SETTLED,0
LIQ-00103,BNK975753,TXN-202407-0105,2024-08-02,2024-07-31,Medianet,MASTERCARD,6594,66.45,2.13,2.99,0.66,60.67,SETTLED,0
LIQ-00104,BNK270922,TXN-202407-0106,2024-08-02,2024-07-31,Datafast,VISA,3418,55.8,1.95,2.51,0.56,50.78,SETTLED,0
LIQ-00105,BNK320254,TXN-202407-0107,2024-07-22,2024-07-21,Datafast,MASTERCARD,4646,56.8,1.99,2.56,0.57,51.68,SETTLED,0
LIQ-00106,BNK863319,TXN-202407-0108,2024-07-07,2024-07-04,Datafast,MASTERCARD,8286,332.17,11.63,14.95,3.32,302.27,SETTLED,0
LIQ-00107,BNK698229,TXN-202407-0109,2024-07-20,2024-07-17,Medianet,VISA,8582,32.79,1.05,1.48,0.33,29.93,SETTLED,0
LIQ-00108,BNK198114,TXN-202407-0110,2024-08-02,2024-07-31,Datafast,AMEX,8421,124.33,4.35,5.59,1.24,113.15,SETTLED,0
LIQ-00109,BNK123950,TXN-202407-0111,2024-07-27,2024-07-24,Medianet,AMEX,3163,262.9,11.99,11.83,2.63,236.45,SETTLED,0
LIQ-00110,BNK916782,TXN-202407-0112,2024-07-18,2024-07-16,PayPhone,VISA,8044,306.03,11.63,13.77,3.06,277.57,SETTLED,0
LIQ-00111,BNK256463,TXN-202407-0113,2024-07-28,2024-07-27,Datafast,MASTERCARD,7558,68.88,2.41,3.1,0.69,62.68,SETTLED,0
LIQ-00112,BNK774141,TXN-202407-0114,2024-07-24,2024-07-22,Datafast,VISA,6307,319.34,11.18,14.37,3.19,290.6,SETTLED,0
LIQ-00113,BNK705225,TXN-202407-0115,2024-07-14,2024-07-12,Datafast,VISA,7663,41.57,1.45,1.87,0.42,37.83,SETTLED,0
LIQ-00114,BNK275615,TXN-202407-0116,2024-07-04,2024-07-01,Datafast,AMEX,4085,196.03,6.86,8.82,1.96,178.39,SETTLED,0
LIQ-00115,BNK917071,TXN-202407-0117,2024-07-26,2024-07-25,PayPhone,VISA,4194,285.2,10.84,12.83,2.85,258.68,SETTLED,0
LIQ-00116,BNK865215,TXN-202407-0118,2024-07-05,2024-07-03,Medianet,MASTERCARD,8668,64.47,2.06,2.9,0.64,58.87,SETTLED,0
LIQ-00117,BNK715387,TXN-202407-0119,2024-07-19,2024-07-16,Datafast,MASTERCARD,1055,48.62,1.7,2.19,0.49,44.24,SETTLED,0
LIQ-00118,BNK885675,TXN-202407-0120,2024-07-25,2024-07-23,Medianet,VISA,2826,218.93,7.01,9.85,2.19,199.88,SETTLED,0
LIQ-00119,BNK465164,TXN-202407-0121,2024-07-07,2024-07-04,Datafast,VISA,5565,19.44,0.68,0.87,0.19,17.7,SETTLED,0
LIQ-00120,BNK796263,TXN-202407-0122,2024-07-18,2024-07-16,Medianet,MASTERCARD,2014,21.23,0.68,0.96,0.21,19.38,SETTLED,0
LIQ-00121,BNK125197,TXN-202407-0123,2024-07-05,2024-07-04,Medianet,DINERS,1764,26.22,0.84,1.18,0.26,23.94,SETTLED,0
LIQ-00122,BNK196967,TXN-202407-0124,2024-07-07,2024-07-05,Datafast,VISA,6850,58.1,2.03,2.61,0.58,52.88,SETTLED,0
LIQ-00123,BNK417499,TXN-202407-0125,2024-07-23,2024-07-21,Datafast,VISA,3498,75.81,2.65,3.41,0.76,68.99,SETTLED,0
LIQ-00124,BNK308498,TXN-202407-0126,2024-07-12,2024-07-11,Datafast,VISA,8197,40.9,1.43,1.84,0.41,37.22,SETTLED,0
LIQ-00125,BNK601186,TXN-202407-0127,2024-07-05,2024-07-03,PayPhone,VISA,9798,127.92,5.62,5.76,1.28,115.26,SETTLED,0
LIQ-00126,BNK390648,TXN-202407-0128,2024-07-29,2024-07-26,Datafast,MASTERCARD,2030,143.73,5.03,6.47,1.44,130.79,SETTLED,0
LIQ-00127,BNK785511,TXN-202407-0129,2024-07-17,2024-07-14,PayPhone,VISA,1402,46.86,1.78,2.11,0.47,42.5,SETTLED,0
LIQ-00128,BNK870621,TXN-202407-0130,2024-08-01,2024-07-30,Medianet,MASTERCARD,7020,239.76,7.67,10.79,2.4,218.9,SETTLED,0
LIQ-00129,BNK636221,TXN-202407-0131,2024-07-05,2024-07-02,Datafast,MASTERCARD,6332,47.65,1.67,2.14,0.48,43.36,SETTLED,0
LIQ-00130,BNK302219,TXN-202407-0132,2024-07-12,2024-07-09,PayPhone,VISA,9505,342.72,13.02,15.42,3.43,310.85,SETTLED,0
LIQ-00131,BNK159442,TXN-202407-0133,2024-07-16,2024-07-14,Datafast,VISA,1747,145.74,5.1,6.56,1.46,132.62,SETTLED,0
LIQ-00132,BNK741812,TXN-202407-0134,2024-07-13,2024-07-10,Medianet,VISA,1595,26.61,0.85,1.2,0.27,24.29,SETTLED,0
LIQ-00133,BNK963239,TXN-202407-0135,2024-07-29,2024-07-26,PayPhone,VISA,1414,24.84,0.94,1.12,0.25,22.53,SETTLED,0
LIQ-00134,BNK305869,TXN-202407-0136,2024-07-11,2024-07-08,Medianet,AMEX,3490,13.61,0.44,0.61,0.14,12.42,SETTLED,0
LIQ-00135,BNK105151,TXN-202407-0137,2024-07-28,2024-07-26,Datafast,VISA,8927,9.47,0.33,0.43,0.09,8.62,SETTLED,0
LIQ-00136,BNK704555,TXN-202407-0138,2024-07-18,2024-07-15,Medianet,AMEX,3919,1597.88,51.13,71.9,15.98,1458.87,SETTLED,0
LIQ-00137,BNK535771,TXN-202407-0139,2024-07-16,2024-07-15,Datafast,VISA,3097,45.5,1.59,2.05,0.46,41.4,SETTLED,0
LIQ-00138,BNK592932,TXN-202407-0140,2024-07-02,2024-07-01,Medianet,AMEX,2076,333.56,10.67,15.01,3.34,304.54,SETTLED,0
LIQ-00139,BNK186662,TXN-202407-0141,2024-07-04,2024-07-01,Datafast,MASTERCARD,6065,326.59,11.43,14.7,3.27,297.19,SETTLED,0
LIQ-00140,BNK320638,TXN-202407-0142,2024-07-20,2024-07-17,PayPhone,MASTERCARD,4052,153.58,5.84,6.91,1.54,139.29,SETTLED,0
LIQ-00141,BNK820134,TXN-202407-0143,2024-07-29,2024-07-27,Datafast,VISA,6239,1589.71,55.64,71.54,15.9,1446.63,SETTLED,0
LIQ-00142,BNK722314,TXN-202407-0144,2024-07-05,2024-07-04,PayPhone,VISA,8587,29.08,1.11,1.31,0.29,26.37,SETTLED,0
LIQ-00143,BNK624146,TXN-202407-0145,2024-07-30,2024-07-27,Datafast,MASTERCARD,4192,75.89,2.66,3.42,0.76,69.05,SETTLED,0
LIQ-00144,BNK197443,TXN-202407-0146,2024-07-27,2024-07-25,Datafast,VISA,2964,13.69,0.48,0.62,0.14,12.45,SETTLED,0
LIQ-00145,BNK738265,TXN-202407-0147,2024-07-17,2024-07-15,PayPhone,AMEX,7970,70.2,2.67,3.16,0.7,63.67,SETTLED,0
LIQ-00146,BNK220764,TXN-202407-0148,2024-07-16,2024-07-15,Datafast,MASTERCARD,1433,289.37,10.13,13.02,2.89,263.33,SETTLED,0
LIQ-00147,BNK252236,TXN-202407-0149,2024-07-25,2024-07-23,Datafast,MASTERCARD,5933,1595.29,55.84,71.79,15.95,1451.71,SETTLED,0
LIQ-00148,BNK517143,TXN-202407-0150,2024-07-08,2024-07-06,Datafast,DINERS,4714,180.5,6.32,8.12,1.8,164.26,SETTLED,0
LIQ-00149,BNK150768,TXN-202407-0151,2024-07-31,2024-07-30,Medianet,MASTERCARD,3022,79.42,2.54,3.57,0.79,72.52,SETTLED,0
LIQ-00150,BNK764053,TXN-202407-0152,2024-07-25,2024-07-23,Datafast,VISA,4565,289.32,10.13,13.02,2.89,263.28,SETTLED,0
LIQ-00151,BNK258263,TXN-202407-0153,2024-07-10,2024-07-08,Medianet,VISA,7520,491.7,15.73,22.13,4.92,448.92,SETTLED,0
LIQ-00152,BNK867301,TXN-202407-0154,2024-07-30,2024-07-29,Medianet,VISA,9668,1770.6,56.66,79.68,17.71,1616.55,SETTLED,0
LIQ-00153,BNK259160,TXN-202407-0155,2024-08-02,2024-07-30,PayPhone,VISA,2422,254.28,9.66,11.44,2.54,230.64,SETTLED,0
LIQ-00154,BNK221173,TXN-202407-0156,2024-07-22,2024-07-19,Datafast,VISA,9099,431.74,15.11,19.43,4.32,392.88,SETTLED,0
LIQ-00155,BNK317312,TXN-202407-0157,2024-07-21,2024-07-18,Datafast,VISA,3694,30.88,1.08,1.39,0.31,28.1,SETTLED,0
LIQ-00156,BNK265050,TXN-202407-0158,2024-07-11,2024-07-08,Datafast,DINERS,1574,491.93,17.22,22.14,4.92,447.65,SETTLED,0
LIQ-00157,BNK223815,TXN-202407-0159,2024-07-19,2024-07-16,Datafast,AMEX,4251,28.86,1.01,1.3,0.29,26.26,SETTLED,0
LIQ-00158,BNK820147,TXN-202407-0160,2024-07-22,2024-07-21,PayPhone,VISA,2992,2480.98,94.28,111.64,24.81,2250.25,SETTLED,0
LIQ-00159,BNK834424,TXN-202407-0161,2024-07-29,2024-07-28,Datafast,VISA,4245,49.26,1.72,2.22,0.49,44.83,SETTLED,0
LIQ-00160,BNK582706,TXN-202407-0162,2024-07-25,2024-07-24,PayPhone,VISA,7194,39.27,1.49,1.77,0.39,35.62,SETTLED,0
LIQ-00161,BNK530033,TXN-202407-0163,2024-07-11,2024-07-09,Datafast,MASTERCARD,6666,40.21,1.41,1.81,0.4,36.59,SETTLED,0
LIQ-00162,BNK589216,TXN-202407-0164,2024-07-25,2024-07-22,Medianet,VISA,6751,29.64,0.95,1.33,0.3,27.06,SETTLED,0
LIQ-00163,BNK889221,TXN-202407-0165,2024-07-31,2024-07-28,Datafast,VISA,3525,398.95,13.96,17.95,3.99,363.05,SETTLED,0
LIQ-00164,BNK792251,TXN-202407-0166,2024-07-11,2024-07-08,Datafast,VISA,9488,466.79,16.34,21.01,4.67,424.77,SETTLED,0
LIQ-00165,BNK246417,TXN-202407-0167,2024-07-06,2024-07-04,Datafast,DINERS,7402,375.63,13.15,16.9,3.76,341.82,SETTLED,0
LIQ-00166,BNK156102,TXN-202407-0168,2024-07-04,2024-07-02,Datafast,VISA,3883,29.33,1.03,1.32,0.29,26.69,SETTLED,0
LIQ-00167,BNK220760,TXN-202407-0169,2024-07-23,2024-07-22,Datafast,VISA,1438,35.9,1.26,1.62,0.36,32.66,SETTLED,0
LIQ-00168,BNK735266,TXN-202407-0170,2024-07-10,2024-07-08,Datafast,VISA,4055,340.28,11.91,15.31,3.4,309.66,SETTLED,0
LIQ-00169,BNK908847,TXN-202407-0171,2024-07-12,2024-07-09,PayPhone,VISA,8940,24.05,0.91,1.08,0.24,21.82,SETTLED,0
LIQ-00170,BNK882259,TXN-202407-0172,2024-07-07,2024-07-06,Datafast,AMEX,5032,2194.03,76.79,98.73,21.94,1996.57,SETTLED,0
LIQ-00171,BNK806150,TXN-202407-0173,2024-07-17,2024-07-14,Datafast,VISA,6635,348.35,12.19,15.68,3.48,317.0,SETTLED,0
LIQ-00172,BNK193571,TXN-202407-0174,2024-07-17,2024-07-16,Datafast,AMEX,3094,33.85,1.18,1.52,0.34,30.81,SETTLED,0
LIQ-00173,BNK221565,TXN-202407-0175,2024-07-11,2024-07-10,Datafast,MASTERCARD,7119,496.93,17.39,22.36,4.97,452.21,SETTLED,0
LIQ-00174,BNK218184,TXN-202407-0176,2024-07-25,2024-07-22,PayPhone,MASTERCARD,6771,47.44,1.8,2.13,0.47,43.04,SETTLED,0
LIQ-00175,BNK501166,TXN-202407-0177,2024-07-31,2024-07-29,PayPhone,AMEX,4493,429.79,16.33,19.34,4.3,389.82,SETTLED,0
LIQ-00176,BNK522257,TXN-202407-0178,2024-07-10,2024-07-07,Medianet,VISA,4844,171.98,5.5,7.74,1.72,157.02,SETTLED,0
LIQ-00177,BNK209581,TXN-202407-0179,2024-07-08,2024-07-05,Datafast,MASTERCARD,3430,365.96,12.81,16.47,3.66,333.02,SETTLED,0
LIQ-00178,BNK235793,TXN-202407-0180,2024-07-05,2024-07-02,Datafast,MASTERCARD,3768,64.15,2.25,2.89,0.64,58.37,SETTLED,0
LIQ-00179,BNK289485,TXN-202407-0181,2024-07-15,2024-07-14,Datafast,VISA,3470,1316.8,46.09,59.26,13.17,1198.28,SETTLED,0
LIQ-00180,BNK143884,TXN-202407-0182,2024-07-19,2024-07-17,Datafast,MASTERCARD,8253,233.66,8.18,10.51,2.34,212.63,SETTLED,0
LIQ-00181,BNK226832,TXN-202407-0183,2024-07-28,2024-07-26,PayPhone,VISA,4716,282.38,10.73,12.71,2.82,256.12,SETTLED,0
LIQ-00182,BNK747504,TXN-202407-0184,2024-07-06,2024-07-05,Medianet,VISA,4114,77.22,2.47,3.47,0.77,70.51,SETTLED,0
LIQ-00183,BNK856726,TXN-202407-0185,2024-07-29,2024-07-26,PayPhone,MASTERCARD,9555,2918.17,110.89,131.32,29.18,2646.78,SETTLED,0
LIQ-00184,BNK133467,TXN-202407-0186,2024-07-17,2024-07-15,Datafast,MASTERCARD,3855,45.24,1.58,2.04,0.45,41.17,SETTLED,0
LIQ-00185,BNK568179,TXN-202407-0187,2024-08-02,2024-07-31,Medianet,MASTERCARD,1023,425.42,13.61,19.14,4.25,388.42,SETTLED,0
LIQ-00186,BNK242592,TXN-202407-0188,2024-07-20,2024-07-18,Datafast,VISA,5707,71.32,2.5,3.21,0.71,64.9,SETTLED,0
LIQ-00187,BNK858119,TXN-202407-0189,2024-08-02,2024-07-30,PayPhone,VISA,6957,66.79,2.54,3.01,0.67,60.57,SETTLED,0
LIQ-00188,BNK459597,TXN-202407-0190,2024-07-12,2024-07-10,Datafast,VISA,8760,75.97,2.66,3.42,0.76,69.13,SETTLED,0
LIQ-00189,BNK793861,TXN-202407-0191,2024-07-15,2024-07-12,Datafast,VISA,4638,34.15,1.2,1.54,0.34,31.07,SETTLED,0
LIQ-00190,BNK878651,TXN-202407-0192,2024-07-25,2024-07-24,PayPhone,MASTERCARD,6800,49.05,1.86,2.21,0.49,44.49,SETTLED,0
LIQ-00191,BNK654859,TXN-202407-0193,2024-08-02,2024-07-31,PayPhone,MASTERCARD,4694,338.57,12.87,15.24,3.39,307.07,SETTLED,0
LIQ-00192,BNK896867,TXN-202407-0194,2024-07-30,2024-07-28,Datafast,VISA,3116,76.29,2.67,3.43,0.76,69.43,SETTLED,0
LIQ-00193,BNK558895,TXN-202407-0195,2024-07-13,2024-07-12,Datafast,MASTERCARD,4713,78.34,2.74,3.53,0.78,71.29,SETTLED,0
LIQ-00194,BNK360753,TXN-202407-0196,2024-07-16,2024-07-15,Datafast,VISA,7934,68.6,2.4,3.09,0.69,62.42,SETTLED,0
LIQ-00195,BNK307567,TXN-202407-0197,2024-07-28,2024-07-26,Medianet,MASTERCARD,7993,88.97,2.85,4.0,0.89,81.23,SETTLED,0
LIQ-00196,BNK753235,TXN-202407-0198,2024-07-28,2024-07-25,Datafast,VISA,2427,108.82,3.81,4.9,1.09,99.02,SETTLED,0
LIQ-00197,BNK883048,TXN-202407-0199,2024-07-08,2024-07-05,Datafast,VISA,9311,218.0,7.63,9.81,2.18,198.38,SETTLED,0
LIQ-00198,BNK865125,TXN-202407-0200,2024-07-10,2024-07-09,Datafast,AMEX,6734,14.75,0.52,0.66,0.15,13.42,SETTLED,0
LIQ-00199,BNK324488,TXN-202407-0201,2024-07-27,2024-07-26,Datafast,AMEX,1569,31.87,1.12,1.43,0.32,29.0,SETTLED,0
LIQ-00200,BNK138821,TXN-202407-0202,2024-07-17,2024-07-14,Medianet,VISA,8692,14.51,0.46,0.65,0.15,13.25,SETTLED,0
LIQ-00201,BNK407874,TXN-202407-0203,2024-07-20,2024-07-19,Datafast,VISA,7506,32.15,1.13,1.45,0.32,29.25,SETTLED,0
LIQ-00202,BNK699663,TXN-202407-0204,2024-08-02,2024-07-30,Datafast,VISA,2501,385.44,13.49,17.34,3.85,350.76,SETTLED,0
LIQ-00203,BNK301792,TXN-202407-0205,2024-07-18,2024-07-16,Medianet,VISA,1802,652.06,20.87,29.34,6.52,595.33,SETTLED,0
LIQ-00204,BNK552406,TXN-202407-0206,2024-07-30,2024-07-29,Datafast,VISA,8522,266.3,9.32,11.98,2.66,242.34,SETTLED,0
LIQ-00205,BNK498756,TXN-202407-0207,2024-07-22,2024-07-19,Datafast,VISA,1746,51.82,1.81,2.33,0.52,47.16,SETTLED,0
LIQ-00206,BNK453698,TXN-202407-0208,2024-07-20,2024-07-17,Medianet,VISA,9379,203.86,6.52,9.17,2.04,186.13,SETTLED,0
LIQ-00207,BNK318525,TXN-202407-0209,2024-08-01,2024-07-29,Datafast,MASTERCARD,4070,54.1,1.89,2.43,0.54,49.24,SETTLED,0
LIQ-00208,BNK662192,TXN-202407-0210,2024-07-13,2024-07-11,Medianet,VISA,7374,22.14,0.71,1.0,0.22,20.21,SETTLED,0
LIQ-00209,BNK114060,TXN-202407-0211,2024-07-11,2024-07-09,Datafast,MASTERCARD,9156,28.44,1.0,1.28,0.28,25.87,SETTLED,0
LIQ-00210,BNK792413,TXN-202407-0212,2024-07-04,2024-07-03,PayPhone,MASTERCARD,2979,11.84,0.45,0.53,0.12,10.74,SETTLED,0
LIQ-00211,BNK287524,TXN-202407-0213,2024-07-05,2024-07-02,Datafast,MASTERCARD,9284,14.76,0.52,0.66,0.15,13.43,SETTLED,0
LIQ-00212,BNK577462,TXN-202407-0214,2024-07-31,2024-07-28,PayPhone,MASTERCARD,3595,252.54,9.6,11.36,2.53,229.05,SETTLED,0
LIQ-00213,BNK782231,TXN-202407-0215,2024-07-13,2024-07-10,PayPhone,VISA,4275,628.62,23.89,28.29,6.29,570.15,SETTLED,0
LIQ-00214,BNK797453,TXN-202407-0216,2024-07-17,2024-07-16,Datafast,VISA,7244,16.6,0.58,0.75,0.17,15.1,SETTLED,0
LIQ-00215,BNK950666,TXN-202407-0217,2024-07-12,2024-07-09,PayPhone,VISA,1632,128.25,4.87,5.77,1.28,116.33,SETTLED,0
LIQ-00216,BNK416109,TXN-202407-0218,2024-07-23,2024-07-20,Datafast,VISA,2616,402.32,14.08,18.1,4.02,366.12,SETTLED,0
LIQ-00217,BNK914375,TXN-202407-0219,2024-07-25,2024-07-23,Medianet,MASTERCARD,1231,356.29,11.4,16.03,3.56,325.3,SETTLED,0
LIQ-00218,BNK646300,TXN-202407-0220,2024-07-13,2024-07-12,Datafast,VISA,9050,467.05,16.35,21.02,4.67,425.01,SETTLED,0
LIQ-00219,BNK208663,TXN-202407-0221,2024-07-27,2024-07-24,Datafast,VISA,3042,109.23,3.82,4.92,1.09,99.4,SETTLED,0
LIQ-00220,BNK256900,TXN-202407-0222,2024-07-17,2024-07-15,PayPhone,VISA,3555,33.21,1.26,1.49,0.33,30.13,SETTLED,0
LIQ-00221,BNK901489,TXN-202407-0223,2024-07-21,2024-07-20,Datafast,VISA,7495,75.61,2.65,3.4,0.76,68.78,SETTLED,0
LIQ-00222,BNK923133,TXN-202407-0224,2024-07-05,2024-07-03,PayPhone,VISA,2634,100.9,3.83,4.54,1.01,91.52,SETTLED,0
LIQ-00223,BNK395745,TXN-202407-0225,2024-07-10,2024-07-07,Datafast,VISA,6803,253.96,8.89,11.43,2.54,231.08,SETTLED,0
LIQ-00224,BNK284693,TXN-202407-0226,2024-07-19,2024-07-16,Datafast,VISA,4641,55.89,1.96,2.52,0.56,50.85,SETTLED,0
LIQ-00225,BNK205338,TXN-202407-0227,2024-07-02,2024-07-01,Medianet,VISA,3996,49.95,1.6,2.25,0.5,45.6,SETTLED,0
LIQ-00226,BNK194477,TXN-202407-0228,2024-07-12,2024-07-11,Datafast,VISA,2468,24.16,0.85,1.09,0.24,21.98,SETTLED,0
LIQ-00227,BNK398267,TXN-202407-0229,2024-07-24,2024-07-23,Datafast,MASTERCARD,9077,33.52,1.17,1.51,0.34,30.5,SETTLED,0
LIQ-00228,BNK123812,TXN-202407-0230,2024-07-31,2024-07-28,Medianet,AMEX,8122,110.27,3.53,4.96,1.1,100.68,SETTLED,0
LIQ-00229,BNK928204,TXN-202407-0231,2024-07-21,2024-07-19,Datafast,VISA,5294,2655.28,92.93,119.49,26.55,2416.31,SETTLED,0
LIQ-00230,BNK685510,TXN-202407-0232,2024-07-03,2024-07-01,Medianet,MASTERCARD,9751,13.64,0.44,0.61,0.14,12.45,SETTLED,0
LIQ-00231,BNK816221,TXN-202407-0233,2024-07-13,2024-07-12,Datafast,DINERS,5231,56.72,1.99,2.55,0.57,51.61,SETTLED,0
LIQ-00232,BNK513960,TXN-202407-0234,2024-07-05,2024-07-03,Datafast,VISA,7595,35.03,1.23,1.58,0.35,31.87,SETTLED,0
LIQ-00233,BNK755725,TXN-202407-0235,2024-07-06,2024-07-03,PayPhone,MASTERCARD,8839,63.43,2.41,2.85,0.63,57.54,SETTLED,0
LIQ-00234,BNK650309,TXN-202407-0236,2024-07-15,2024-07-12,Medianet,MASTERCARD,4281,63.22,2.02,2.84,0.63,57.73,SETTLED,0
LIQ-00235,BNK247441,TXN-202407-0237,2024-07-10,2024-07-09,PayPhone,MASTERCARD,6313,12.71,0.48,0.57,0.13,11.53,SETTLED,0
LIQ-00236,BNK453533,TXN-202407-0238,2024-08-03,2024-07-31,Datafast,VISA,8251,111.65,3.91,5.02,1.12,101.6,SETTLED,0
LIQ-00237,BNK109166,TXN-202407-0239,2024-08-02,2024-07-30,Datafast,MASTERCARD,5303,268.54,9.4,12.08,2.69,244.37,SETTLED,0
LIQ-00238,BNK704430,TXN-202407-0240,2024-07-12,2024-07-11,Medianet,DINERS,3146,77.82,2.49,3.5,0.78,71.05,SETTLED,0
LIQ-00239,BNK797222,TXN-202407-0241,2024-07-20,2024-07-19,Datafast,VISA,3378,414.46,14.51,18.65,4.14,377.16,SETTLED,0
LIQ-00240,BNK442506,TXN-202407-0242,2024-07-14,2024-07-12,Datafast,VISA,4437,7.82,0.27,0.35,0.08,7.12,SETTLED,0
LIQ-00241,BNK241174,TXN-202407-0243,2024-07-19,2024-07-17,Datafast,AMEX,4550,338.3,11.84,15.22,3.38,307.86,SETTLED,0
LIQ-00242,BNK257420,TXN-202407-0244,2024-07-18,2024-07-15,Datafast,MASTERCARD,3502,456.27,15.97,20.53,4.56,415.21,SETTLED,0
LIQ-00243,BNK725290,TXN-202407-0245,2024-07-04,2024-07-02,Medianet,VISA,3320,16.31,0.52,0.73,0.16,14.9,SETTLED,0
LIQ-00244,BNK400640,TXN-202407-0246,2024-07-20,2024-07-17,Datafast,AMEX,3644,58.57,2.05,2.64,0.59,53.29,SETTLED,0
LIQ-00245,BNK493820,TXN-202407-0247,2024-07-20,2024-07-17,Datafast,VISA,9328,37.96,1.33,1.71,0.38,34.54,SETTLED,0
LIQ-00246,BNK235064,TXN-202407-0248,2024-07-14,2024-07-11,Datafast,VISA,1276,35.66,1.25,1.6,0.36,32.46,SETTLED,0
LIQ-00247,BNK117946,TXN-202407-0249,2024-07-07,2024-07-04,Medianet,MASTERCARD,2738,107.68,3.45,4.85,1.08,98.3,SETTLED,0
LIQ-00248,BNK980794,TXN-202407-0250,2024-08-02,2024-07-30,Medianet,VISA,5784,355.76,11.38,16.01,3.56,324.81,SETTLED,0
LIQ-00249,BNK963227,TXN-202407-0252,2024-08-01,2024-07-31,PayPhone,MASTERCARD,5157,49.63,1.89,2.23,0.5,45.01,SETTLED,0
LIQ-00250,BNK720129,TXN-202407-0253,2024-07-25,2024-07-22,Datafast,VISA,3522,421.54,14.75,18.97,4.22,383.6,SETTLED,0
LIQ-00251,BNK303060,TXN-202407-0254,2024-07-24,2024-07-21,PayPhone,MASTERCARD,6670,301.09,11.44,13.55,3.01,273.09,SETTLED,0
LIQ-00252,BNK834659,TXN-202407-0255,2024-07-09,2024-07-07,Datafast,VISA,3527,18.52,0.65,0.83,0.19,16.85,SETTLED,0
LIQ-00253,BNK988010,TXN-202407-0256,2024-07-05,2024-07-03,PayPhone,VISA,4016,15.32,0.58,0.69,0.15,13.9,SETTLED,0
LIQ-00254,BNK484541,TXN-202407-0257,2024-08-01,2024-07-29,PayPhone,VISA,3926,430.75,16.37,19.38,4.31,390.69,SETTLED,0
LIQ-00255,BNK466975,TXN-202407-0258,2024-07-14,2024-07-13,Datafast,VISA,6795,135.04,4.73,6.08,1.35,122.88,SETTLED,0
LIQ-00256,BNK856625,TXN-202407-0259,2024-07-09,2024-07-06,Datafast,AMEX,7635,419.8,14.69,18.89,4.2,382.02,SETTLED,0
LIQ-00257,BNK498978,TXN-202407-0260,2024-07-18,2024-07-15,Datafast,VISA,1936,179.76,6.29,8.09,1.8,163.58,SETTLED,0
LIQ-00258,BNK980432,TXN-202407-0261,2024-07-12,2024-07-10,Datafast,MASTERCARD,7177,45.05,1.58,2.03,0.45,40.99,SETTLED,0
LIQ-00259,BNK929398,TXN-202407-0262,2024-07-17,2024-07-15,PayPhone,VISA,3998,319.58,12.14,14.38,3.2,289.86,SETTLED,0
LIQ-00260,BNK169224,TXN-202407-0263,2024-07-07,2024-07-06,Medianet,MASTERCARD,6530,36.4,1.16,1.64,0.36,33.24,SETTLED,0
LIQ-00261,BNK949833,TXN-202407-0264,2024-07-30,2024-07-28,PayPhone,VISA,4458,53.09,2.02,2.39,0.53,48.15,SETTLED,0
LIQ-00262,BNK878160,TXN-202407-0265,2024-07-11,2024-07-10,Medianet,VISA,7088,437.49,14.0,19.69,4.37,399.43,SETTLED,0
LIQ-00263,BNK871734,TXN-202407-0266,2024-07-15,2024-07-14,Medianet,VISA,1807,868.37,27.79,39.08,8.68,792.82,SETTLED,0
LIQ-00264,BNK786981,TXN-202407-0267,2024-07-03,2024-07-01,PayPhone,VISA,7383,31.22,1.19,1.4,0.31,28.32,SETTLED,0
LIQ-00265,BNK101296,TXN-202407-0268,2024-07-13,2024-07-12,Datafast,MASTERCARD,4968,79.59,2.79,3.58,0.8,72.42,SETTLED,0
LIQ-00266,BNK944483,TXN-202407-0269,2024-07-27,2024-07-26,Datafast,DINERS,8844,352.98,12.35,15.88,3.53,321.22,SETTLED,0
LIQ-00267,BNK325043,TXN-202407-0270,2024-07-08,2024-07-05,Datafast,VISA,5008,372.35,13.03,16.76,3.72,338.84,SETTLED,0
LIQ-00268,BNK850437,TXN-202407-0271,2024-07-08,2024-07-07,Datafast,MASTERCARD,2092,547.51,19.16,24.64,5.48,498.23,SETTLED,0
LIQ-00269,BNK799348,TXN-202407-0272,2024-07-11,2024-07-10,Medianet,MASTERCARD,2879,13.34,0.43,0.6,0.13,12.18,SETTLED,0
LIQ-00270,BNK696503,TXN-202407-0273,2024-07-16,2024-07-15,Datafast,VISA,9709,64.54,2.26,2.9,0.65,58.73,SETTLED,0
LIQ-00271,BNK725163,TXN-202407-0274,2024-07-20,2024-07-17,Datafast,AMEX,1908,86.9,3.04,3.91,0.87,79.08,SETTLED,0
LIQ-00272,BNK462009,TXN-202407-0275,2024-07-11,2024-07-08,Datafast,VISA,5449,51.11,1.79,2.3,0.51,46.51,SETTLED,0
LIQ-00273,BNK234430,TXN-202407-0276,2024-07-06,2024-07-03,Datafast,MASTERCARD,7501,78.1,2.73,3.51,0.78,71.08,SETTLED,0
LIQ-00274,BNK917070,TXN-202407-0277,2024-07-30,2024-07-28,Medianet,MASTERCARD,9057,6.53,0.21,0.29,0.07,5.96,SETTLED,0
LIQ-00275,BNK828299,TXN-202407-0278,2024-07-13,2024-07-12,Datafast,VISA,5518,61.05,2.14,2.75,0.61,55.55,SETTLED,0
LIQ-00276,BNK711800,TXN-202407-0279,2024-07-26,2024-07-24,Datafast,MASTERCARD,2712,404.03,14.14,18.18,4.04,367.67,SETTLED,0
LIQ-00277,BNK620678,TXN-202407-0280,2024-07-30,2024-07-27,Datafast,VISA,4871,53.21,1.86,2.39,0.53,48.43,SETTLED,0
LIQ-00278,BNK963495,TXN-202407-0281,2024-07-06,2024-07-03,Datafast,MASTERCARD,1103,420.83,14.73,18.94,4.21,382.97,SETTLED,0
LIQ-00279,BNK117918,TXN-202407-0282,2024-07-08,2024-07-07,Medianet,VISA,8955,8.29,0.27,0.37,0.08,7.57,SETTLED,0
LIQ-00280,BNK914075,TXN-202407-0283,2024-07-18,2024-07-16,Datafast,VISA,6165,66.16,2.98,2.98,0.66,59.54,SETTLED,0
LIQ-00281,BNK201888,TXN-202407-0284,2024-07-05,2024-07-02,Datafast,MASTERCARD,4753,69.66,2.44,3.13,0.7,63.39,SETTLED,0
LIQ-00282,BNK339980,TXN-202407-0285,2024-07-26,2024-07-24,Datafast,VISA,5995,71.71,2.51,3.23,0.72,65.25,SETTLED,0
LIQ-00283,BNK575774,TXN-202407-0286,2024-07-18,2024-07-16,PayPhone,VISA,2999,1740.51,66.14,78.32,17.41,1578.64,SETTLED,0
LIQ-00284,BNK224413,TXN-202407-0287,2024-07-05,2024-07-03,PayPhone,MASTERCARD,6307,385.37,14.64,17.34,3.85,349.55,SETTLED,0
LIQ-00285,BNK248770,TXN-202407-0288,2024-07-05,2024-07-03,Medianet,AMEX,3432,29.09,0.93,1.31,0.29,26.56,SETTLED,0
LIQ-00286,BNK388842,TXN-202407-0289,2024-07-25,2024-07-23,Medianet,VISA,1222,258.97,8.29,11.65,2.59,236.44,SETTLED,0
LIQ-00287,BNK300022,TXN-202407-0290,2024-07-16,2024-07-14,Datafast,VISA,2175,228.07,7.98,10.26,2.28,207.55,SETTLED,0
LIQ-00288,BNK544451,TXN-202407-0291,2024-07-15,2024-07-13,Medianet,MASTERCARD,4600,55.34,1.77,2.49,0.55,50.53,SETTLED,0
LIQ-00289,BNK476455,TXN-202407-0292,2024-07-31,2024-07-28,Medianet,MASTERCARD,7313,7.34,0.23,0.33,0.07,6.71,SETTLED,0
LIQ-00290,BNK676396,TXN-202407-0293,2024-07-23,2024-07-21,Medianet,VISA,3859,22.7,0.73,1.02,0.23,20.72,SETTLED,0
LIQ-00291,BNK442505,TXN-202407-0294,2024-07-17,2024-07-15,Datafast,DINERS,7574,16.51,0.58,0.74,0.17,15.02,SETTLED,0
LIQ-00292,BNK665852,TXN-202407-0295,2024-07-15,2024-07-13,Datafast,MASTERCARD,1939,302.37,10.58,13.61,3.02,275.16,SETTLED,0
LIQ-00293,BNK484502,TXN-202407-0296,2024-07-19,2024-07-16,Medianet,VISA,9334,60.18,1.93,2.71,0.6,54.94,SETTLED,0
LIQ-00294,BNK506185,TXN-202407-0297,2024-07-16,2024-07-15,Datafast,MASTERCARD,5699,24.52,0.86,1.1,0.25,22.31,SETTLED,0
LIQ-00295,BNK421855,TXN-202407-0298,2024-07-05,2024-07-04,PayPhone,VISA,7542,1728.0,80.87,77.76,17.28,1552.09,SETTLED,0
LIQ-00296,BNK899614,TXN-202407-0299,2024-07-06,2024-07-03,PayPhone,VISA,4755,266.95,10.14,12.01,2.67,242.13,SETTLED,0
LIQ-00297,BNK236664,TXN-202407-0300,2024-07-21,2024-07-18,PayPhone,DINERS,8758,378.01,14.36,17.01,3.78,342.86,SETTLED,0
LIQ-00298,BNK322311,TXN-202407-0301,2024-07-26,2024-07-23,Datafast,VISA,6986,58.22,2.04,2.62,0.58,52.98,SETTLED,0
LIQ-00299,BNK987454,TXN-202407-0302,2024-07-27,2024-07-26,Datafast,VISA,7326,78.88,3.57,3.55,0.79,70.97,SETTLED,0
LIQ-00300,BNK128355,TXN-202407-0303,2024-07-18,2024-07-15,Datafast,VISA,2036,47.92,1.68,2.16,0.48,43.6,SETTLED,0
LIQ-00301,BNK371955,TXN-202407-0304,2024-07-26,2024-07-23,Datafast,AMEX,6141,34.86,1.22,1.57,0.35,31.72,SETTLED,0
LIQ-00302,BNK178589,TXN-202407-0305,2024-07-07,2024-07-05,Datafast,VISA,5535,48.12,1.68,2.17,0.48,43.79,SETTLED,0
LIQ-00303,BNK878720,TXN-202407-0306,2024-08-01,2024-07-29,Medianet,VISA,8801,224.7,7.19,10.11,2.25,205.15,SETTLED,0
LIQ-00304,BNK916338,TXN-202407-0307,2024-07-31,2024-07-30,Medianet,VISA,1737,1581.55,50.61,71.17,15.82,1443.95,SETTLED,0
LIQ-00305,BNK263756,TXN-202407-0308,2024-08-02,2024-07-30,PayPhone,MASTERCARD,6923,17.15,0.65,0.77,0.17,15.56,SETTLED,0
LIQ-00306,BNK126891,TXN-202407-0309,2024-07-05,2024-07-03,Datafast,DINERS,6217,26.3,0.92,1.18,0.26,23.94,SETTLED,0
LIQ-00307,BNK247687,TXN-202407-0310,2024-07-23,2024-07-20,Datafast,DINERS,5119,51.88,1.82,2.33,0.52,47.21,SETTLED,0
LIQ-00308,BNK605258,TXN-202407-0311,2024-07-09,2024-07-06,Datafast,MASTERCARD,2191,323.87,11.34,14.57,3.24,294.72,SETTLED,0
LIQ-00309,BNK156429,TXN-202407-0312,2024-07-03,2024-07-02,Medianet,AMEX,3855,74.29,2.38,3.34,0.74,67.83,SETTLED,0
LIQ-00310,BNK542981,TXN-202407-0313,2024-07-10,2024-07-07,Datafast,DINERS,2102,191.16,6.69,8.6,1.91,173.96,SETTLED,0
LIQ-00311,BNK229093,TXN-202407-0314,2024-07-13,2024-07-10,Datafast,MASTERCARD,7034,52.04,1.82,2.34,0.52,47.38,SETTLED,0
LIQ-00312,BNK479398,TXN-202407-0315,2024-07-12,2024-07-10,PayPhone,VISA,2416,367.7,13.97,16.55,3.68,333.48,SETTLED,0
LIQ-00313,BNK744089,TXN-202407-0316,2024-07-09,2024-07-07,Datafast,VISA,8014,41.32,1.45,1.86,0.41,37.6,SETTLED,0
LIQ-00314,BNK269820,TXN-202407-0317,2024-07-30,2024-07-28,Medianet,VISA,5385,388.36,12.43,17.48,3.88,354.57,SETTLED,0
LIQ-00315,BNK602593,TXN-202407-0318,2024-07-12,2024-07-11,PayPhone,VISA,2179,47.12,1.79,2.12,0.47,42.74,SETTLED,0
LIQ-00316,BNK342018,TXN-202407-0319,2024-07-12,2024-07-10,Datafast,VISA,2269,12.26,0.43,0.55,0.12,11.16,SETTLED,0
LIQ-00317,BNK684610,TXN-202407-0320,2024-07-29,2024-07-27,PayPhone,VISA,6606,2755.78,104.72,124.01,27.56,2499.49,SETTLED,0
LIQ-00318,BNK618895,TXN-202407-0321,2024-07-19,2024-07-17,PayPhone,MASTERCARD,6405,16.95,0.64,0.76,0.17,15.38,SETTLED,0
LIQ-00319,BNK391431,TXN-202407-0322,2024-07-19,2024-07-17,Datafast,VISA,8016,75.89,2.66,3.42,0.76,69.05,SETTLED,0
LIQ-00320,BNK163238,TXN-202407-0323,2024-07-19,2024-07-16,PayPhone,VISA,5450,8.79,0.33,0.4,0.09,7.97,SETTLED,0
LIQ-00321,BNK274432,TXN-202407-0324,2024-07-29,2024-07-28,PayPhone,MASTERCARD,1277,45.25,1.72,2.04,0.45,41.05,SETTLED,0
LIQ-00322,BNK728167,TXN-202407-0325,2024-07-13,2024-07-12,Datafast,AMEX,2496,400.82,14.03,18.04,4.01,364.74,SETTLED,0
LIQ-00323,BNK749513,TXN-202407-0326,2024-07-05,2024-07-03,Datafast,MASTERCARD,7159,46.49,1.63,2.09,0.46,42.31,SETTLED,0
LIQ-00324,BNK164506,TXN-202407-0327,2024-07-25,2024-07-22,Medianet,MASTERCARD,4465,79.18,2.53,3.56,0.79,72.3,SETTLED,0
LIQ-00325,BNK564639,TXN-202407-0328,2024-07-14,2024-07-11,Datafast,DINERS,6259,64.62,2.26,2.91,0.65,58.8,SETTLED,0
LIQ-00326,BNK853759,TXN-202407-0329,2024-07-18,2024-07-17,PayPhone,MASTERCARD,8386,43.18,1.64,1.94,0.43,39.17,SETTLED,0
LIQ-00327,BNK856597,TXN-202407-0330,2024-07-16,2024-07-15,Datafast,VISA,9964,40.53,1.42,1.82,0.41,36.88,SETTLED,0
LIQ-00328,BNK189520,TXN-202407-0331,2024-07-08,2024-07-06,Medianet,MASTERCARD,9137,50.98,1.63,2.29,0.51,46.55,SETTLED,0
LIQ-00329,BNK552168,TXN-202407-0332,2024-07-30,2024-07-27,PayPhone,MASTERCARD,6861,30.23,1.15,1.36,0.3,27.41,SETTLED,0
LIQ-00330,BNK546901,TXN-202407-0333,2024-07-14,2024-07-12,Medianet,MASTERCARD,4028,66.18,2.12,2.98,0.66,60.42,SETTLED,0
LIQ-00331,BNK719511,TXN-202407-0334,2024-07-27,2024-07-24,Medianet,DINERS,1986,414.64,13.27,18.66,4.15,378.56,SETTLED,0
LIQ-00332,BNK123467,TXN-202407-0335,2024-07-28,2024-07-25,Medianet,MASTERCARD,8817,54.17,1.73,2.44,0.54,49.46,SETTLED,0
LIQ-00333,BNK532371,TXN-202407-0336,2024-07-24,2024-07-21,Medianet,MASTERCARD,1008,151.62,4.85,6.82,1.52,138.43,SETTLED,0
LIQ-00334,BNK339286,TXN-202407-0337,2024-07-05,2024-07-02,Medianet,AMEX,3246,56.05,1.79,2.52,0.56,51.18,SETTLED,0
LIQ-00335,BNK236301,TXN-202407-0338,2024-07-07,2024-07-05,PayPhone,VISA,1297,28.53,1.08,1.28,0.29,25.88,SETTLED,0
LIQ-00336,BNK232626,TXN-202407-0339,2024-07-31,2024-07-28,Medianet,VISA,5155,466.62,14.93,21.0,4.67,426.02,SETTLED,0
LIQ-00337,BNK395068,TXN-202407-0340,2024-07-24,2024-07-22,Medianet,MASTERCARD,3764,47.07,1.51,2.12,0.47,42.97,SETTLED,0
LIQ-00338,BNK656843,TXN-202407-0341,2024-07-14,2024-07-11,Medianet,VISA,8120,73.41,2.35,3.3,0.73,67.03,SETTLED,0
LIQ-00339,BNK781673,TXN-202407-0342,2024-07-25,2024-07-23,Datafast,MASTERCARD,3593,350.19,12.26,15.76,3.5,318.67,SETTLED,0
LIQ-00340,BNK212239,TXN-202407-0343,2024-07-10,2024-07-08,Medianet,VISA,1244,46.86,1.5,2.11,0.47,42.78,SETTLED,0
LIQ-00341,BNK459022,TXN-202407-0344,2024-07-18,2024-07-16,Medianet,MASTERCARD,2165,285.38,9.13,12.84,2.85,260.56,SETTLED,0
LIQ-00342,BNK434952,TXN-202407-0345,2024-07-22,2024-07-19,Medianet,DINERS,9128,200.87,6.43,9.04,2.01,183.39,SETTLED,0
LIQ-00343,BNK373743,TXN-202407-0346,2024-07-26,2024-07-25,Medianet,AMEX,2574,30.89,0.99,1.39,0.31,28.2,SETTLED,0
LIQ-00344,BNK266302,TXN-202407-0347,2024-07-18,2024-07-15,Datafast,VISA,3227,225.47,7.89,10.15,2.25,205.18,SETTLED,0
LIQ-00345,BNK967977,TXN-202407-0348,2024-08-02,2024-07-30,Datafast,VISA,2471,45.39,1.59,2.04,0.45,41.31,SETTLED,0
LIQ-00346,BNK817696,TXN-202407-0349,2024-07-09,2024-07-08,Medianet,VISA,3452,326.47,10.45,14.69,3.26,298.07,SETTLED,0
LIQ-00347,BNK762421,TXN-202407-0350,2024-07-16,2024-07-14,Medianet,MASTERCARD,6037,102.05,3.27,4.59,1.02,93.17,SETTLED,0
LIQ-00348,BNK773228,TXN-202407-0351,2024-07-19,2024-07-18,Medianet,VISA,2200,82.18,2.63,3.7,0.82,75.03,SETTLED,0
LIQ-00349,BNK107945,TXN-202407-0352,2024-07-09,2024-07-07,Datafast,DINERS,4306,280.53,11.78,12.62,2.81,253.32,SETTLED,0
LIQ-00350,BNK332612,TXN-202407-0353,2024-07-20,2024-07-19,Datafast,MASTERCARD,4991,723.65,25.33,32.56,7.24,658.52,SETTLED,0
LIQ-00351,BNK835262,TXN-202407-0354,2024-07-08,2024-07-06,Medianet,MASTERCARD,8045,2783.07,89.06,125.24,27.83,2540.94,SETTLED,0
LIQ-00352,BNK844836,TXN-202407-0355,2024-07-15,2024-07-13,PayPhone,VISA,7611,2992.93,113.73,134.68,29.93,2714.59,SETTLED,0
LIQ-00353,BNK399322,TXN-202407-0356,2024-07-03,2024-07-02,Datafast,MASTERCARD,8581,201.58,7.06,9.07,2.02,183.43,SETTLED,0
LIQ-00354,BNK133956,TXN-202407-0357,2024-07-18,2024-07-15,Datafast,MASTERCARD,9715,1337.61,46.82,60.19,13.38,1217.22,SETTLED,0
LIQ-00355,BNK361826,TXN-202407-0358,2024-07-17,2024-07-15,Medianet,VISA,8436,2627.65,84.08,118.24,26.28,2399.05,SETTLED,0
LIQ-00356,BNK161496,TXN-202407-0359,2024-07-12,2024-07-09,Datafast,VISA,7651,39.42,1.38,1.77,0.39,35.88,SETTLED,0
LIQ-00357,BNK230751,TXN-202407-0360,2024-07-26,2024-07-25,Datafast,MASTERCARD,1595,318.47,11.15,14.33,3.18,289.81,SETTLED,0
LIQ-00358,BNK117679,TXN-202407-0361,2024-07-19,2024-07-17,Datafast,AMEX,9572,427.34,14.96,19.23,4.27,388.88,SETTLED,0
LIQ-00359,BNK746066,TXN-202407-0362,2024-07-12,2024-07-11,Datafast,MASTERCARD,8775,15.55,0.54,0.7,0.16,14.15,SETTLED,0
LIQ-00360,BNK480828,TXN-202407-0363,2024-07-13,2024-07-11,Datafast,VISA,4532,25.02,0.88,1.13,0.25,22.76,SETTLED,0
LIQ-00361,BNK525239,TXN-202407-0364,2024-07-09,2024-07-08,Medianet,MASTERCARD,2215,31.97,1.02,1.44,0.32,29.19,SETTLED,0
LIQ-00362,BNK620499,TXN-202407-0365,2024-08-02,2024-07-30,Medianet,VISA,3702,56.46,1.81,2.54,0.56,51.55,SETTLED,0
LIQ-00363,BNK691845,TXN-202407-0366,2024-07-15,2024-07-12,Medianet,MASTERCARD,7985,475.07,15.2,21.38,4.75,433.74,SETTLED,0
LIQ-00364,BNK905738,TXN-202407-0367,2024-07-22,2024-07-20,Datafast,DINERS,9037,39.12,1.37,1.76,0.39,35.6,SETTLED,0
LIQ-00365,BNK770919,TXN-202407-0368,2024-07-23,2024-07-22,Datafast,MASTERCARD,8927,45.31,1.59,2.04,0.45,41.23,SETTLED,0
LIQ-00366,BNK573404,TXN-202407-0369,2024-07-19,2024-07-17,Medianet,MASTERCARD,4790,410.7,13.14,18.48,4.11,374.97,SETTLED,0
LIQ-00367,BNK486469,TXN-202407-0370,2024-07-30,2024-07-27,Medianet,VISA,2309,780.52,24.98,35.12,7.81,712.61,SETTLED,0
LIQ-00368,BNK543745,TXN-202407-0371,2024-07-31,2024-07-28,PayPhone,VISA,4037,17.34,0.66,0.78,0.17,15.73,SETTLED,0
LIQ-00369,BNK925061,TXN-202407-0372,2024-08-01,2024-07-29,Datafast,MASTERCARD,3160,285.31,9.99,12.84,2.85,259.63,SETTLED,0
LIQ-00370,BNK423233,TXN-202407-0373,2024-07-20,2024-07-19,Datafast,VISA,8173,36.16,1.27,1.63,0.36,32.9,SETTLED,0
LIQ-00371,BNK753164,TXN-202407-0374,2024-07-10,2024-07-09,Medianet,MASTERCARD,7379,6.63,0.21,0.3,0.07,6.05,SETTLED,0
LIQ-00372,BNK168034,TXN-202407-0375,2024-07-06,2024-07-03,Medianet,MASTERCARD,1463,30.84,0.99,1.39,0.31,28.15,SETTLED,0
LIQ-00373,BNK488904,TXN-202407-0376,2024-07-04,2024-07-02,PayPhone,DINERS,8542,75.03,2.85,3.38,0.75,68.05,SETTLED,0
LIQ-00374,BNK564322,TXN-202407-0377,2024-07-23,2024-07-21,Datafast,MASTERCARD,6556,490.9,17.18,22.09,4.91,446.72,SETTLED,0
LIQ-00375,BNK718788,TXN-202407-0378,2024-07-15,2024-07-13,Datafast,AMEX,9690,73.78,2.58,3.32,0.74,67.14,SETTLED,0
LIQ-00376,BNK809957,TXN-202407-0379,2024-07-30,2024-07-28,Datafast,DINERS,9761,135.86,4.76,6.11,1.36,123.63,SETTLED,0
LIQ-00377,BNK916190,TXN-202407-0380,2024-07-09,2024-07-08,Datafast,DINERS,8784,14.55,0.51,0.65,0.15,13.24,SETTLED,0
LIQ-00378,BNK464938,TXN-202407-0381,2024-07-17,2024-07-14,Medianet,DINERS,9924,58.93,1.89,2.65,0.59,53.8,SETTLED,0
LIQ-00379,BNK490038,TXN-202407-0382,2024-07-10,2024-07-07,Datafast,VISA,7887,16.63,0.58,0.75,0.17,15.13,SETTLED,0
LIQ-00380,BNK398889,TXN-202407-0383,2024-07-31,2024-07-30,Medianet,VISA,6773,338.27,10.82,15.22,3.38,308.85,SETTLED,0
LIQ-00381,BNK545823,TXN-202407-0384,2024-07-25,2024-07-22,Datafast,VISA,4886,267.51,9.36,12.04,2.68,243.43,SETTLED,0
LIQ-00382,BNK984479,TXN-202407-0385,2024-07-19,2024-07-18,PayPhone,VISA,4407,37.92,1.44,1.71,0.38,34.39,SETTLED,0
LIQ-00383,BNK280861,TXN-202407-0386,2024-07-11,2024-07-08,Medianet,MASTERCARD,6058,79.51,2.54,3.58,0.8,72.58,SETTLED,0
LIQ-00384,BNK358051,TXN-202407-0387,2024-07-10,2024-07-08,Medianet,MASTERCARD,4326,423.72,13.56,19.07,4.24,386.85,SETTLED,0
LIQ-00385,BNK363487,TXN-202407-0388,2024-07-10,2024-07-09,PayPhone,DINERS,2888,36.02,1.37,1.62,0.36,32.67,SETTLED,0
LIQ-00386,BNK602867,TXN-202407-0389,2024-07-24,2024-07-22,Medianet,MASTERCARD,2502,153.56,4.91,6.91,1.54,140.2,SETTLED,0
LIQ-00387,BNK982459,TXN-202407-0390,2024-07-16,2024-07-13,Medianet,VISA,7262,53.25,1.7,2.4,0.53,48.62,SETTLED,0
LIQ-00388,BNK211594,TXN-202407-0391,2024-07-28,2024-07-25,Datafast,VISA,6387,33.23,1.16,1.5,0.33,30.24,SETTLED,0
LIQ-00389,BNK243507,TXN-202407-0392,2024-07-28,2024-07-26,Datafast,AMEX,6058,58.07,2.03,2.61,0.58,52.85,SETTLED,0
LIQ-00390,BNK977417,TXN-202407-0393,2024-07-07,2024-07-05,PayPhone,MASTERCARD,4086,1893.22,71.94,85.19,18.93,1717.16,SETTLED,0
LIQ-00391,BNK949438,TXN-202407-0394,2024-07-30,2024-07-28,Datafast,VISA,1505,467.33,22.15,21.03,4.67,419.48,SETTLED,0
LIQ-00392,BNK363296,TXN-202407-0395,2024-07-25,2024-07-22,Datafast,MASTERCARD,9396,25.13,0.88,1.13,0.25,22.87,SETTLED,0
LIQ-00393,BNK584175,TXN-202407-0396,2024-07-27,2024-07-24,Medianet,AMEX,6486,62.13,1.99,2.8,0.62,56.72,SETTLED,0
LIQ-00394,BNK555275,TXN-202407-0397,2024-08-01,2024-07-31,Medianet,VISA,3976,219.85,7.04,9.89,2.2,200.72,SETTLED,0
LIQ-00395,BNK102864,TXN-202407-0398,2024-07-27,2024-07-25,Datafast,VISA,4820,393.69,13.78,17.72,3.94,358.25,SETTLED,0
LIQ-00396,BNK215930,TXN-202407-0399,2024-07-11,2024-07-08,PayPhone,MASTERCARD,3042,246.59,9.37,11.1,2.47,223.65,SETTLED,0
LIQ-00397,BNK146266,TXN-202407-0400,2024-07-12,2024-07-10,Datafast,VISA,3371,53.65,1.88,2.41,0.54,48.82,SETTLED,0
LIQ-00398,BNK681898,TXN-202407-0401,2024-07-26,2024-07-24,Datafast,AMEX,1748,65.21,2.28,2.93,0.65,59.35,SETTLED,0
LIQ-00399,BNK162283,TXN-202407-0402,2024-07-05,2024-07-02,Medianet,VISA,3597,28.47,0.91,1.28,0.28,26.0,SETTLED,0
LIQ-00400,BNK906519,TXN-202407-0403,2024-07-22,2024-07-19,PayPhone,MASTERCARD,2983,46.5,1.77,2.09,0.47,42.17,SETTLED,0
LIQ-00401,BNK224266,TXN-202407-0404,2024-07-20,2024-07-19,Medianet,VISA,2134,22.25,0.71,1.0,0.22,20.32,SETTLED,0
LIQ-00402,BNK935986,TXN-202407-0405,2024-07-29,2024-07-27,Datafast,MASTERCARD,6766,188.08,6.58,8.46,1.88,171.16,SETTLED,0
LIQ-00403,BNK921664,TXN-202407-0406,2024-07-28,2024-07-26,PayPhone,MASTERCARD,1385,17.62,0.67,0.79,0.18,15.98,SETTLED,0
LIQ-00404,BNK639159,TXN-202407-0407,2024-07-21,2024-07-18,Datafast,MASTERCARD,6719,73.77,2.58,3.32,0.74,67.13,SETTLED,0
LIQ-00405,BNK228594,TXN-202407-0408,2024-07-30,2024-07-27,PayPhone,MASTERCARD,8967,111.22,4.23,5.0,1.11,100.88,SETTLED,0
LIQ-00406,BNK140611,TXN-202407-0409,2024-07-06,2024-07-03,Datafast,VISA,7195,52.3,1.83,2.35,0.52,47.6,SETTLED,0
LIQ-00407,BNK317285,TXN-202407-0410,2024-07-24,2024-07-21,Datafast,VISA,5461,9.53,0.33,0.43,0.1,8.67,SETTLED,0
LIQ-00408,BNK127939,TXN-202407-0411,2024-07-21,2024-07-18,PayPhone,AMEX,5633,86.61,3.29,3.9,0.87,78.55,SETTLED,0
LIQ-00409,BNK945253,TXN-202407-0412,2024-07-11,2024-07-10,Datafast,VISA,8472,305.01,10.68,13.73,3.05,277.55,SETTLED,0
LIQ-00410,BNK872468,TXN-202407-0413,2024-07-07,2024-07-06,Medianet,MASTERCARD,5654,75.48,2.42,3.4,0.75,68.91,SETTLED,0
LIQ-00411,BNK931027,TXN-202407-0414,2024-07-11,2024-07-09,PayPhone,MASTERCARD,8863,51.48,1.96,2.32,0.51,46.69,SETTLED,0
LIQ-00412,BNK532613,TXN-202407-0416,2024-07-24,2024-07-21,PayPhone,VISA,1112,436.1,16.57,19.62,4.36,395.55,SETTLED,0
LIQ-00413,BNK680746,TXN-202407-0417,2024-07-05,2024-07-02,Medianet,VISA,1818,46.45,1.49,2.09,0.46,42.41,SETTLED,0
LIQ-00414,BNK341016,TXN-202407-0418,2024-07-28,2024-07-26,Datafast,VISA,1019,37.54,1.31,1.69,0.38,34.16,SETTLED,0
LIQ-00415,BNK205253,TXN-202407-0419,2024-07-03,2024-07-02,Medianet,AMEX,3298,44.61,1.43,2.01,0.45,40.72,SETTLED,0
LIQ-00416,BNK571152,TXN-202407-0420,2024-07-03,2024-07-02,Datafast,AMEX,7895,279.71,9.79,12.59,2.8,254.53,SETTLED,0
LIQ-00417,BNK518002,TXN-202407-0421,2024-07-08,2024-07-06,Medianet,VISA,8606,54.36,1.74,2.45,0.54,49.63,SETTLED,0
LIQ-00418,BNK389585,TXN-202407-0422,2024-07-29,2024-07-27,Datafast,VISA,7482,66.55,2.33,2.99,0.67,60.56,SETTLED,0
LIQ-00419,BNK900529,TXN-202407-0423,2024-07-30,2024-07-28,PayPhone,VISA,6016,318.01,12.08,14.31,3.18,288.44,SETTLED,0
LIQ-00420,BNK194351,TXN-202407-0424,2024-07-29,2024-07-26,Medianet,MASTERCARD,6065,60.48,1.94,2.72,0.6,55.22,SETTLED,0
LIQ-00421,BNK612737,TXN-202407-0425,2024-07-15,2024-07-14,Medianet,MASTERCARD,9925,634.24,20.3,28.54,6.34,579.06,SETTLED,0
LIQ-00422,BNK269737,TXN-202407-0426,2024-07-15,2024-07-13,PayPhone,VISA,8131,481.04,18.28,21.65,4.81,436.3,SETTLED,0
LIQ-00423,BNK544392,TXN-202407-0427,2024-07-15,2024-07-12,Datafast,VISA,9133,1726.51,60.43,77.69,17.27,1571.12,SETTLED,0
LIQ-00424,BNK641358,TXN-202407-0428,2024-07-06,2024-07-03,PayPhone,VISA,7568,357.48,13.58,16.09,3.57,324.24,SETTLED,0
LIQ-00425,BNK144693,TXN-202407-0429,2024-07-16,2024-07-13,Datafast,VISA,5878,25.1,0.88,1.13,0.25,22.84,SETTLED,0
LIQ-00426,BNK670816,TXN-202407-0430,2024-07-04,2024-07-03,Medianet,VISA,8337,32.05,1.03,1.44,0.32,29.26,SETTLED,0
LIQ-00427,BNK113766,TXN-202407-0431,2024-07-04,2024-07-03,PayPhone,VISA,8375,122.94,4.67,5.53,1.23,111.51,SETTLED,0
LIQ-00428,BNK641958,TXN-202407-0432,2024-07-05,2024-07-03,Datafast,MASTERCARD,6071,12.75,0.45,0.57,0.13,11.6,SETTLED,0
LIQ-00429,BNK202161,TXN-202407-0433,2024-07-03,2024-07-01,Medianet,MASTERCARD,2458,442.76,14.17,19.92,4.43,404.24,SETTLED,0
LIQ-00430,BNK951796,TXN-202407-0434,2024-07-11,2024-07-08,Datafast,MASTERCARD,7877,315.01,11.03,14.18,3.15,286.65,SETTLED,0
LIQ-00431,BNK862066,TXN-202407-0435,2024-07-11,2024-07-09,Medianet,MASTERCARD,4298,25.17,0.81,1.13,0.25,22.98,SETTLED,0
LIQ-00432,BNK802749,TXN-202407-0436,2024-07-27,2024-07-26,Datafast,VISA,7318,27.48,0.96,1.24,0.27,25.01,SETTLED,0
LIQ-00433,BNK484034,TXN-202407-0437,2024-07-21,2024-07-20,Datafast,DINERS,6694,288.24,10.09,12.97,2.88,262.3,SETTLED,0
LIQ-00434,BNK569511,TXN-202407-0438,2024-07-30,2024-07-27,Datafast,VISA,7989,34.68,1.21,1.56,0.35,31.56,SETTLED,0
LIQ-00435,BNK212619,TXN-202407-0439,2024-07-30,2024-07-27,Datafast,AMEX,1553,37.3,1.31,1.68,0.37,33.94,SETTLED,0
LIQ-00436,BNK255327,TXN-202407-0440,2024-07-09,2024-07-07,PayPhone,VISA,5209,76.05,2.89,3.42,0.76,68.98,SETTLED,0
LIQ-00437,BNK721540,TXN-202407-0441,2024-07-26,2024-07-23,Datafast,DINERS,6416,1228.62,43.0,55.29,12.29,1118.04,SETTLED,0
LIQ-00438,BNK131962,TXN-202407-0442,2024-07-29,2024-07-27,Datafast,MASTERCARD,1541,33.2,1.16,1.49,0.33,30.22,SETTLED,0
LIQ-00439,BNK854757,TXN-202407-0443,2024-07-09,2024-07-06,Datafast,DINERS,1377,79.79,2.79,3.59,0.8,72.61,SETTLED,0
LIQ-00440,BNK213436,TXN-202407-0444,2024-07-09,2024-07-07,Medianet,VISA,7663,476.05,15.23,21.42,4.76,434.64,SETTLED,0
LIQ-00441,BNK459366,TXN-202407-0445,2024-07-28,2024-07-26,Medianet,AMEX,5002,68.58,2.19,3.09,0.69,62.61,SETTLED,0
LIQ-00442,BNK838516,TXN-202407-0446,2024-07-08,2024-07-05,Medianet,VISA,6783,23.95,0.77,1.08,0.24,21.86,SETTLED,0
LIQ-00443,BNK163755,TXN-202407-0447,2024-07-21,2024-07-19,Datafast,VISA,6156,49.85,1.74,2.24,0.5,45.37,SETTLED,0
LIQ-00444,BNK585968,TXN-202407-0448,2024-07-04,2024-07-02,Medianet,DINERS,4614,255.69,8.18,11.51,2.56,233.44,SETTLED,0
LIQ-00445,BNK188536,TXN-202407-0449,2024-07-05,2024-07-04,Medianet,AMEX,8704,464.05,14.85,20.88,4.64,423.68,SETTLED,0
LIQ-00446,BNK304981,TXN-202407-0450,2024-07-24,2024-07-21,Medianet,VISA,4263,98.6,3.16,4.44,0.99,90.01,SETTLED,0
LIQ-00447,BNK633057,TXN-202407-0451,2024-07-05,2024-07-04,Medianet,DINERS,1616,64.72,2.07,2.91,0.65,59.09,SETTLED,0
LIQ-00448,BNK144512,TXN-202407-0452,2024-07-26,2024-07-23,Datafast,VISA,7326,314.36,11.0,14.15,3.14,286.07,SETTLED,0
LIQ-00449,BNK528434,TXN-202407-0453,2024-07-26,2024-07-23,Datafast,VISA,5462,55.97,1.96,2.52,0.56,50.93,SETTLED,0
LIQ-00450,BNK574966,TXN-202407-0454,2024-07-31,2024-07-30,Datafast,DINERS,7989,27.16,0.95,1.22,0.27,24.72,SETTLED,0
LIQ-00451,BNK206604,TXN-202407-0455,2024-07-16,2024-07-15,Datafast,DINERS,4055,28.39,0.99,1.28,0.28,25.84,SETTLED,0
LIQ-00452,BNK358477,TXN-202407-0456,2024-07-17,2024-07-15,Medianet,VISA,8608,59.15,1.89,2.66,0.59,54.01,SETTLED,0
LIQ-00453,BNK156500,TXN-202407-0457,2024-07-14,2024-07-11,Datafast,VISA,8231,89.49,3.13,4.03,0.89,81.44,SETTLED,0
LIQ-00454,BNK584385,TXN-202407-0458,2024-07-18,2024-07-17,Datafast,AMEX,2295,2351.22,82.29,105.8,23.51,2139.62,SETTLED,0
LIQ-00455,BNK847237,TXN-202407-0459,2024-07-28,2024-07-26,Medianet,VISA,2800,39.65,1.27,1.78,0.4,36.2,SETTLED,0
LIQ-00456,BNK340322,TXN-202407-0460,2024-07-27,2024-07-24,Medianet,VISA,6867,246.14,7.88,11.08,2.46,224.72,SETTLED,0
LIQ-00457,BNK448273,TXN-202407-0461,2024-07-08,2024-07-07,PayPhone,VISA,3250,5.33,0.2,0.24,0.05,4.84,SETTLED,0
LIQ-00458,BNK183579,TXN-202407-0462,2024-07-29,2024-07-26,Datafast,MASTERCARD,7228,322.49,11.29,14.51,3.22,293.47,SETTLED,0
LIQ-00459,BNK150120,TXN-202407-0463,2024-07-30,2024-07-28,Datafast,VISA,4649,24.68,0.86,1.11,0.25,22.46,SETTLED,0
LIQ-00460,BNK952489,TXN-202407-0464,2024-07-20,2024-07-19,Medianet,MASTERCARD,6260,336.75,10.78,15.15,3.37,307.45,SETTLED,0
LIQ-00461,BNK401701,TXN-202407-0465,2024-07-25,2024-07-23,Datafast,AMEX,4373,421.77,14.76,18.98,4.22,383.81,SETTLED,0
LIQ-00462,BNK478662,TXN-202407-0466,2024-07-10,2024-07-08,PayPhone,MASTERCARD,1811,211.54,8.04,9.52,2.12,191.86,SETTLED,0
LIQ-00463,BNK656473,TXN-202407-0467,2024-07-21,2024-07-20,Datafast,VISA,7077,34.13,1.19,1.54,0.34,31.06,SETTLED,0
LIQ-00464,BNK388932,TXN-202407-0468,2024-08-02,2024-07-30,Medianet,VISA,8634,45.3,1.45,2.04,0.45,41.36,SETTLED,0
LIQ-00465,BNK615934,TXN-202407-0469,2024-07-08,2024-07-06,PayPhone,VISA,1130,26.66,1.01,1.2,0.27,24.18,SETTLED,0
LIQ-00466,BNK414820,TXN-202407-0470,2024-07-17,2024-07-16,PayPhone,MASTERCARD,3936,479.77,18.23,21.59,4.8,435.15,SETTLED,0
LIQ-00467,BNK309185,TXN-202407-0471,2024-07-17,2024-07-14,Datafast,VISA,7029,354.29,12.4,15.94,3.54,322.41,SETTLED,0
LIQ-00468,BNK939937,TXN-202407-0472,2024-07-20,2024-07-19,Datafast,MASTERCARD,6730,17.54,0.61,0.79,0.18,15.96,SETTLED,0
LIQ-00469,BNK520077,TXN-202407-0473,2024-07-11,2024-07-10,Medianet,VISA,2804,21.86,0.7,0.98,0.22,19.96,SETTLED,0
LIQ-00470,BNK283480,TXN-202407-0474,2024-07-18,2024-07-17,Medianet,MASTERCARD,3646,288.03,9.22,12.96,2.88,262.97,SETTLED,0
LIQ-00471,BNK219753,TXN-202407-0475,2024-07-19,2024-07-18,Medianet,VISA,9667,79.32,2.54,3.57,0.79,72.42,SETTLED,0
LIQ-00472,BNK838265,TXN-202407-0476,2024-07-27,2024-07-24,Medianet,VISA,3639,36.89,1.18,1.66,0.37,33.68,SETTLED,0
LIQ-00473,BNK306101,TXN-202407-0477,2024-07-13,2024-07-12,Medianet,VISA,8580,1624.33,51.98,73.09,16.24,1483.02,SETTLED,0
LIQ-00474,BNK125994,TXN-202407-0478,2024-07-29,2024-07-26,Datafast,DINERS,7775,179.52,6.28,8.08,1.8,163.36,SETTLED,0
LIQ-00475,BNK118276,TXN-202407-0479,2024-07-09,2024-07-06,Medianet,VISA,4381,345.76,11.06,15.56,3.46,315.68,SETTLED,0
LIQ-00476,BNK692583,TXN-202407-0480,2024-07-15,2024-07-12,Datafast,VISA,7988,9.45,0.33,0.43,0.09,8.6,SETTLED,0
LIQ-00477,BNK556231,TXN-202407-0481,2024-07-13,2024-07-10,Datafast,MASTERCARD,5910,57.8,2.02,2.6,0.58,52.6,SETTLED,0
LIQ-00478,BNK290553,TXN-202407-0482,2024-07-05,2024-07-04,Datafast,AMEX,4846,2198.25,76.94,98.92,21.98,2000.41,SETTLED,0
LIQ-00479,BNK465883,TXN-202407-0483,2024-07-31,2024-07-28,PayPhone,MASTERCARD,2283,2981.22,113.29,134.15,29.81,2703.97,SETTLED,0
LIQ-00480,BNK657519,TXN-202407-0484,2024-07-28,2024-07-27,Datafast,AMEX,6144,58.35,2.04,2.63,0.58,53.1,SETTLED,0
LIQ-00481,BNK653776,TXN-202407-0485,2024-07-12,2024-07-09,Medianet,MASTERCARD,5751,48.31,1.55,2.17,0.48,44.11,SETTLED,0
LIQ-00482,BNK809221,TXN-202407-0486,2024-07-05,2024-07-03,Datafast,VISA,9593,449.65,15.74,20.23,4.5,409.18,SETTLED,0
LIQ-00483,BNK472594,TXN-202407-0487,2024-08-02,2024-07-31,Medianet,VISA,6495,1422.68,45.53,64.02,14.23,1298.9,SETTLED,0
LIQ-00484,BNK568524,TXN-202407-0488,2024-07-26,2024-07-24,Datafast,VISA,7446,387.74,13.57,17.45,3.88,352.84,SETTLED,0
LIQ-00485,BNK546597,TXN-202407-0489,2024-07-14,2024-07-13,Medianet,MASTERCARD,6712,414.18,13.25,18.64,4.14,378.15,SETTLED,0
LIQ-00486,BNK837576,TXN-202407-0490,2024-07-12,2024-07-10,PayPhone,AMEX,5615,29.21,1.11,1.31,0.29,26.5,SETTLED,0
LIQ-00487,BNK550347,TXN-202407-0491,2024-08-01,2024-07-29,Medianet,VISA,7782,411.09,13.15,18.5,4.11,375.33,SETTLED,0
LIQ-00488,BNK725119,TXN-202407-0492,2024-07-02,2024-07-01,Medianet,VISA,8120,431.41,13.81,19.41,4.31,393.88,SETTLED,0
LIQ-00489,BNK366087,TXN-202407-0493,2024-07-15,2024-07-14,PayPhone,VISA,5063,79.39,3.02,3.57,0.79,72.01,SETTLED,0
LIQ-00490,BNK620276,TXN-202407-0494,2024-07-30,2024-07-28,PayPhone,AMEX,5891,206.78,7.86,9.31,2.07,187.54,SETTLED,0
LIQ-00491,BNK131125,TXN-202407-0495,2024-07-22,2024-07-21,Datafast,VISA,6413,54.84,1.92,2.47,0.55,49.9,SETTLED,0
LIQ-00492,BNK314498,TXN-202407-0496,2024-07-17,2024-07-14,Datafast,MASTERCARD,5288,397.2,13.9,17.87,3.97,361.46,SETTLED,0
LIQ-00493,BNK226349,TXN-202407-0497,2024-07-20,2024-07-19,Datafast,VISA,5786,10.85,0.38,0.49,0.11,9.87,SETTLED,0
LIQ-00494,BNK688521,TXN-202407-0498,2024-07-06,2024-07-04,Medianet,VISA,4627,30.77,0.98,1.38,0.31,28.1,SETTLED,0
LIQ-00495,BNK105732,TXN-202407-0499,2024-07-27,2024-07-26,Medianet,VISA,6036,11.7,0.37,0.53,0.12,10.68,SETTLED,0
LIQ-00496,BNK449975,TXN-202407-0500,2024-07-28,2024-07-27,Datafast,VISA,5217,33.7,1.18,1.52,0.34,30.66,SETTLED,0
LIQ-00497,BNK308629,TXN-202408-0001,2024-08-23,2024-08-20,Medianet,MASTERCARD,2195,47.25,1.51,2.13,0.47,43.14,SETTLED,0
LIQ-00498,BNK803647,TXN-202408-0002,2024-09-01,2024-08-30,Datafast,VISA,6002,61.12,2.14,2.75,0.61,55.62,SETTLED,0
LIQ-00499,BNK942691,TXN-202408-0003,2024-08-06,2024-08-05,Medianet,VISA,2987,72.24,2.31,3.25,0.72,65.96,SETTLED,0
LIQ-00500,BNK914748,TXN-202408-0004,2024-08-06,2024-08-05,Medianet,VISA,7480,1286.26,41.16,57.88,12.86,1174.36,SETTLED,0
LIQ-00501,BNK310098,TXN-202408-0005,2024-08-22,2024-08-20,Datafast,VISA,5007,332.0,11.62,14.94,3.32,302.12,SETTLED,0
LIQ-00502,BNK736446,TXN-202408-0006,2024-08-11,2024-08-10,Medianet,MASTERCARD,4972,356.53,11.41,16.04,3.57,325.51,SETTLED,0
LIQ-00503,BNK522135,TXN-202408-0007,2024-08-03,2024-08-02,Medianet,MASTERCARD,5234,204.13,6.53,9.19,2.04,186.37,SETTLED,0
LIQ-00504,BNK264190,TXN-202408-0008,2024-08-18,2024-08-17,Datafast,VISA,5518,49.54,1.73,2.23,0.5,45.08,SETTLED,0
LIQ-00505,BNK962543,TXN-202408-0009,2024-08-21,2024-08-19,PayPhone,DINERS,8387,69.56,2.64,3.13,0.7,63.09,SETTLED,0
LIQ-00506,BNK949206,TXN-202408-0010,2024-08-26,2024-08-25,Datafast,MASTERCARD,5670,480.87,16.83,21.64,4.81,437.59,SETTLED,0
LIQ-00507,BNK560824,TXN-202408-0011,2024-08-04,2024-08-02,Datafast,VISA,4709,7.99,0.28,0.36,0.08,7.27,SETTLED,0
LIQ-00508,BNK366570,TXN-202408-0012,2024-08-25,2024-08-23,Medianet,MASTERCARD,5417,36.16,1.16,1.63,0.36,33.02,SETTLED,0
LIQ-00509,BNK979053,TXN-202408-0013,2024-08-11,2024-08-10,Datafast,MASTERCARD,7716,196.54,6.88,8.84,1.97,178.85,SETTLED,0
LIQ-00510,BNK558725,TXN-202408-0014,2024-08-16,2024-08-13,Medianet,VISA,5322,305.28,9.77,13.74,3.05,278.72,SETTLED,0
LIQ-00511,BNK512744,TXN-202408-0015,2024-08-25,2024-08-23,Medianet,AMEX,1281,107.77,3.45,4.85,1.08,98.39,SETTLED,0
LIQ-00512,BNK558027,TXN-202408-0016,2024-08-15,2024-08-14,Medianet,AMEX,9615,11.47,0.37,0.52,0.11,10.47,SETTLED,0
LIQ-00513,BNK963180,TXN-202408-0017,2024-08-25,2024-08-24,Datafast,MASTERCARD,3807,60.63,2.12,2.73,0.61,55.17,SETTLED,0
LIQ-00514,BNK256147,TXN-202408-0018,2024-09-02,2024-08-31,Datafast,MASTERCARD,3393,148.81,5.21,6.7,1.49,135.41,SETTLED,0
LIQ-00515,BNK182767,TXN-202408-0019,2024-08-08,2024-08-05,Medianet,MASTERCARD,4678,150.12,4.8,6.76,1.5,137.06,SETTLED,0
LIQ-00516,BNK470392,TXN-202408-0020,2024-08-03,2024-08-01,Medianet,VISA,1782,404.0,12.93,18.18,4.04,368.85,SETTLED,0
LIQ-00517,BNK713571,TXN-202408-0021,2024-08-22,2024-08-19,PayPhone,VISA,6377,58.42,2.22,2.63,0.58,52.99,SETTLED,0
LIQ-00518,BNK167187,TXN-202408-0022,2024-08-20,2024-08-19,Datafast,VISA,9200,42.47,1.49,1.91,0.42,38.65,SETTLED,0
LIQ-00519,BNK650099,TXN-202408-0023,2024-08-25,2024-08-24,Datafast,VISA,7883,48.04,1.68,2.16,0.48,43.72,SETTLED,0
LIQ-00520,BNK352232,TXN-202408-0024,2024-08-09,2024-08-08,Datafast,MASTERCARD,3102,69.72,2.44,3.14,0.7,63.44,SETTLED,0
LIQ-00521,BNK971044,TXN-202408-0025,2024-08-29,2024-08-28,Datafast,VISA,8815,74.84,2.62,3.37,0.75,68.1,SETTLED,0
LIQ-00522,BNK244936,TXN-202408-0026,2024-08-12,2024-08-11,Medianet,AMEX,4580,256.14,8.2,11.53,2.56,233.85,SETTLED,0
LIQ-00523,BNK833455,TXN-202408-0027,2024-08-13,2024-08-12,Datafast,MASTERCARD,9735,10.84,0.38,0.49,0.11,9.86,SETTLED,0
LIQ-00524,BNK995221,TXN-202408-0028,2024-08-04,2024-08-02,Medianet,AMEX,9558,65.33,2.09,2.94,0.65,59.65,SETTLED,0
LIQ-00525,BNK598077,TXN-202408-0029,2024-08-12,2024-08-11,Datafast,VISA,5417,68.36,2.39,3.08,0.68,62.21,SETTLED,0
LIQ-00526,BNK119902,TXN-202408-0030,2024-08-13,2024-08-10,Medianet,VISA,2634,47.29,1.51,2.13,0.47,43.18,SETTLED,0
LIQ-00527,BNK133643,TXN-202408-0031,2024-08-26,2024-08-25,Medianet,VISA,5082,287.21,9.19,12.92,2.87,262.23,SETTLED,0
LIQ-00528,BNK160377,TXN-202408-0032,2024-09-01,2024-08-30,Medianet,MASTERCARD,3583,143.24,4.58,6.45,1.43,130.78,SETTLED,0
LIQ-00529,BNK378925,TXN-202408-0033,2024-08-03,2024-08-01,Datafast,MASTERCARD,2697,371.25,12.99,16.71,3.71,337.84,SETTLED,0
LIQ-00530,BNK522559,TXN-202408-0034,2024-08-05,2024-08-04,Datafast,MASTERCARD,1130,385.43,13.49,17.34,3.85,350.75,SETTLED,0
LIQ-00531,BNK534953,TXN-202408-0035,2024-08-08,2024-08-05,Medianet,VISA,8299,9.49,0.3,0.43,0.09,8.67,SETTLED,0
LIQ-00532,BNK546235,TXN-202408-0036,2024-08-17,2024-08-14,Datafast,VISA,3114,68.41,2.39,3.08,0.68,62.26,SETTLED,0
LIQ-00533,BNK205032,TXN-202408-0037,2024-08-18,2024-08-17,PayPhone,VISA,2002,323.92,12.31,14.58,3.24,293.79,SETTLED,0
LIQ-00534,BNK425689,TXN-202408-0038,2024-08-23,2024-08-22,Medianet,VISA,3839,106.16,3.4,4.78,1.06,96.92,SETTLED,0
LIQ-00535,BNK446377,TXN-202408-0039,2024-08-26,2024-08-23,Datafast,VISA,2886,65.06,2.28,2.93,0.65,59.2,SETTLED,0
LIQ-00536,BNK757286,TXN-202408-0040,2024-08-08,2024-08-05,Datafast,VISA,8843,75.77,2.65,3.41,0.76,68.95,SETTLED,0
LIQ-00537,BNK717940,TXN-202408-0041,2024-08-07,2024-08-04,Datafast,VISA,1710,28.55,1.0,1.28,0.29,25.98,SETTLED,0
LIQ-00538,BNK126144,TXN-202408-0042,2024-08-29,2024-08-28,Datafast,MASTERCARD,8846,39.75,1.39,1.79,0.4,36.17,SETTLED,0
LIQ-00539,BNK891775,TXN-202408-0043,2024-08-21,2024-08-20,Datafast,AMEX,6354,57.85,2.02,2.6,0.58,52.65,SETTLED,0
LIQ-00540,BNK171105,TXN-202408-0044,2024-09-02,2024-08-31,Datafast,AMEX,5937,58.34,2.04,2.63,0.58,53.09,SETTLED,0
LIQ-00541,BNK933726,TXN-202408-0045,2024-08-07,2024-08-06,Datafast,VISA,9496,66.51,2.33,2.99,0.67,60.52,SETTLED,0
LIQ-00542,BNK222137,TXN-202408-0046,2024-08-06,2024-08-04,PayPhone,AMEX,6697,311.05,11.82,14.0,3.11,282.12,SETTLED,0
LIQ-00543,BNK153034,TXN-202408-0047,2024-08-26,2024-08-25,Datafast,MASTERCARD,4157,9.63,0.34,0.43,0.1,8.76,SETTLED,0
LIQ-00544,BNK568641,TXN-202408-0048,2024-08-22,2024-08-21,Datafast,AMEX,5703,52.27,2.56,2.35,0.52,46.84,SETTLED,0
LIQ-00545,BNK717101,TXN-202408-0049,2024-08-04,2024-08-03,Medianet,VISA,7763,89.16,2.85,4.01,0.89,81.41,SETTLED,0
LIQ-00546,BNK609244,TXN-202408-0050,2024-08-29,2024-08-27,PayPhone,VISA,7070,72.88,2.77,3.28,0.73,66.1,SETTLED,0
LIQ-00547,BNK798914,TXN-202408-0051,2024-08-17,2024-08-14,Datafast,DINERS,6516,74.31,2.6,3.34,0.74,67.63,SETTLED,0
LIQ-00548,BNK590061,TXN-202408-0052,2024-08-08,2024-08-07,Datafast,VISA,8743,152.58,5.34,6.87,1.53,138.84,SETTLED,0
LIQ-00549,BNK230362,TXN-202408-0053,2024-08-21,2024-08-20,Datafast,VISA,3161,51.06,1.79,2.3,0.51,46.46,SETTLED,0
LIQ-00550,BNK364573,TXN-202408-0054,2024-08-05,2024-08-03,Medianet,VISA,3058,281.19,9.0,12.65,2.81,256.73,SETTLED,0
LIQ-00551,BNK139165,TXN-202408-0055,2024-08-11,2024-08-08,Datafast,VISA,1610,414.82,14.52,18.67,4.15,377.48,SETTLED,0
LIQ-00552,BNK120602,TXN-202408-0056,2024-08-25,2024-08-23,PayPhone,MASTERCARD,5004,33.69,1.28,1.52,0.34,30.55,SETTLED,0
LIQ-00553,BNK885407,TXN-202408-0057,2024-08-13,2024-08-11,Datafast,MASTERCARD,1166,47.42,1.66,2.13,0.47,43.16,SETTLED,0
LIQ-00554,BNK786925,TXN-202408-0058,2024-08-28,2024-08-26,Datafast,VISA,1703,92.31,3.23,4.15,0.92,84.01,SETTLED,0
LIQ-00555,BNK375454,TXN-202408-0059,2024-08-09,2024-08-08,Datafast,DINERS,5944,62.51,2.19,2.81,0.63,56.88,SETTLED,0
LIQ-00556,BNK714008,TXN-202408-0060,2024-09-02,2024-08-30,Datafast,MASTERCARD,5557,66.22,2.32,2.98,0.66,60.26,SETTLED,0
LIQ-00557,BNK347413,TXN-202408-0061,2024-08-28,2024-08-26,Datafast,DINERS,8091,68.49,3.2,3.08,0.68,61.53,SETTLED,0
LIQ-00558,BNK670297,TXN-202408-0062,2024-08-21,2024-08-19,Datafast,AMEX,5987,153.96,5.39,6.93,1.54,140.1,SETTLED,0
LIQ-00559,BNK905592,TXN-202408-0063,2024-08-25,2024-08-23,PayPhone,MASTERCARD,7250,570.52,21.68,25.67,5.71,517.46,SETTLED,0
LIQ-00560,BNK678850,TXN-202408-0064,2024-08-28,2024-08-26,PayPhone,MASTERCARD,2050,159.06,7.56,7.16,1.59,142.75,SETTLED,0
LIQ-00561,BNK171245,TXN-202408-0065,2024-08-21,2024-08-20,Medianet,VISA,3431,9.21,0.29,0.41,0.09,8.42,SETTLED,0
LIQ-00562,BNK960406,TXN-202408-0066,2024-08-27,2024-08-26,Datafast,VISA,4660,51.06,1.79,2.3,0.51,46.46,SETTLED,0
LIQ-00563,BNK849629,TXN-202408-0067,2024-08-03,2024-08-02,Datafast,VISA,1894,444.65,15.56,20.01,4.45,404.63,SETTLED,0
LIQ-00564,BNK690265,TXN-202408-0068,2024-08-19,2024-08-17,Datafast,MASTERCARD,1448,13.32,0.47,0.6,0.13,12.12,SETTLED,0
LIQ-00565,BNK894073,TXN-202408-0069,2024-08-06,2024-08-04,PayPhone,VISA,3317,1488.99,56.58,67.0,14.89,1350.52,SETTLED,0
LIQ-00566,BNK833933,TXN-202408-0070,2024-08-29,2024-08-26,Datafast,VISA,6828,76.15,2.67,3.43,0.76,69.29,SETTLED,0
LIQ-00567,BNK999594,TXN-202408-0071,2024-08-26,2024-08-23,PayPhone,MASTERCARD,2747,77.66,2.95,3.49,0.78,70.44,SETTLED,0
LIQ-00568,BNK841875,TXN-202408-0072,2024-08-13,2024-08-10,Medianet,VISA,3234,153.65,4.92,6.91,1.54,140.29,SETTLED,0
LIQ-00569,BNK761729,TXN-202408-0073,2024-09-03,2024-08-31,Medianet,VISA,2880,478.49,15.31,21.53,4.78,436.87,SETTLED,0
LIQ-00570,BNK830268,TXN-202408-0074,2024-08-22,2024-08-20,Datafast,DINERS,4342,580.96,20.33,26.14,5.81,528.68,SETTLED,0
LIQ-00571,BNK382650,TXN-202408-0075,2024-09-01,2024-08-30,PayPhone,DINERS,8560,47.42,1.8,2.13,0.47,43.02,SETTLED,0
LIQ-00572,BNK702059,TXN-202408-0076,2024-08-09,2024-08-06,Datafast,MASTERCARD,6461,78.68,2.75,3.54,0.79,71.6,SETTLED,0
LIQ-00573,BNK103173,TXN-202408-0077,2024-08-31,2024-08-29,PayPhone,VISA,7446,348.42,13.24,15.68,3.48,316.02,SETTLED,0
LIQ-00574,BNK430350,TXN-202408-0078,2024-08-10,2024-08-09,Datafast,VISA,6836,10.08,0.35,0.45,0.1,9.18,SETTLED,0
LIQ-00575,BNK361400,TXN-202408-0079,2024-08-08,2024-08-06,Medianet,VISA,9663,36.47,1.17,1.64,0.36,33.3,SETTLED,0
LIQ-00576,BNK800144,TXN-202408-0080,2024-08-19,2024-08-16,Datafast,VISA,7416,12.61,0.44,0.57,0.13,11.47,SETTLED,0
LIQ-00577,BNK842107,TXN-202408-0081,2024-08-29,2024-08-28,Medianet,MASTERCARD,4118,10.53,0.34,0.47,0.11,9.61,SETTLED,0
LIQ-00578,BNK168974,TXN-202408-0082,2024-08-08,2024-08-06,Datafast,VISA,6419,685.5,23.99,30.85,6.86,623.8,SETTLED,0
LIQ-00579,BNK432048,TXN-202408-0083,2024-08-14,2024-08-11,Datafast,VISA,6527,2945.1,103.08,132.53,29.45,2680.04,SETTLED,0
LIQ-00580,BNK922563,TXN-202408-0084,2024-08-22,2024-08-21,PayPhone,AMEX,8722,261.16,9.92,11.75,2.61,236.88,SETTLED,0
LIQ-00581,BNK280481,TXN-202408-0085,2024-08-09,2024-08-07,Medianet,VISA,1037,29.83,0.95,1.34,0.3,27.24,SETTLED,0
LIQ-00582,BNK144351,TXN-202408-0086,2024-08-12,2024-08-10,Medianet,MASTERCARD,8049,191.41,6.13,8.61,1.91,174.76,SETTLED,0
LIQ-00583,BNK367933,TXN-202408-0088,2024-08-22,2024-08-20,Datafast,VISA,2292,54.65,1.91,2.46,0.55,49.73,SETTLED,0
LIQ-00584,BNK740216,TXN-202408-0089,2024-08-05,2024-08-03,Datafast,VISA,4578,26.89,0.94,1.21,0.27,24.47,SETTLED,0
LIQ-00585,BNK738424,TXN-202408-0090,2024-08-24,2024-08-22,PayPhone,VISA,2126,41.68,1.58,1.88,0.42,37.8,SETTLED,0
LIQ-00586,BNK626213,TXN-202408-0091,2024-08-13,2024-08-12,Datafast,MASTERCARD,5277,71.41,2.5,3.21,0.71,64.99,SETTLED,0
LIQ-00587,BNK139738,TXN-202408-0092,2024-08-12,2024-08-09,Datafast,VISA,6906,21.97,0.77,0.99,0.22,19.99,SETTLED,0
LIQ-00588,BNK947073,TXN-202408-0093,2024-08-15,2024-08-12,Datafast,MASTERCARD,5888,116.0,4.06,5.22,1.16,105.56,SETTLED,0
LIQ-00589,BNK718288,TXN-202408-0094,2024-08-16,2024-08-13,Datafast,MASTERCARD,4099,9.57,0.33,0.43,0.1,8.71,SETTLED,0
LIQ-00590,BNK412086,TXN-202408-0095,2024-08-30,2024-08-29,Datafast,MASTERCARD,5249,279.43,9.78,12.57,2.79,254.29,SETTLED,0
LIQ-00591,BNK777992,TXN-202408-0096,2024-08-20,2024-08-17,Datafast,VISA,6361,2285.76,80.0,102.86,22.86,2080.04,SETTLED,0
LIQ-00592,BNK970455,TXN-202408-0097,2024-08-06,2024-08-04,PayPhone,AMEX,7497,340.51,12.94,15.32,3.41,308.84,SETTLED,0
LIQ-00593,BNK726978,TXN-202408-0098,2024-08-06,2024-08-05,Datafast,DINERS,7355,2521.15,88.24,113.45,25.21,2294.25,SETTLED,0
LIQ-00594,BNK961627,TXN-202408-0099,2024-08-22,2024-08-21,Datafast,DINERS,4625,79.8,2.79,3.59,0.8,72.62,SETTLED,0
LIQ-00595,BNK621043,TXN-202408-0100,2024-08-04,2024-08-03,PayPhone,VISA,2386,2785.43,105.85,125.34,27.85,2526.39,SETTLED,0
LIQ-00596,BNK514187,TXN-202408-0101,2024-08-16,2024-08-15,Datafast,VISA,2187,25.72,0.9,1.16,0.26,23.4,SETTLED,0
LIQ-00597,BNK921376,TXN-202408-0102,2024-08-15,2024-08-14,Medianet,MASTERCARD,4650,36.47,1.17,1.64,0.36,33.3,SETTLED,0
LIQ-00598,BNK735551,TXN-202408-0103,2024-08-31,2024-08-30,Datafast,MASTERCARD,9880,474.65,16.61,21.36,4.75,431.93,SETTLED,0
LIQ-00599,BNK654893,TXN-202408-0105,2024-08-08,2024-08-06,Datafast,MASTERCARD,7078,278.68,9.75,12.54,2.79,253.6,SETTLED,0
LIQ-00600,BNK616763,TXN-202408-0106,2024-08-15,2024-08-13,Datafast,MASTERCARD,1787,248.72,8.71,11.19,2.49,226.33,SETTLED,0
LIQ-00601,BNK769915,TXN-202408-0107,2024-08-13,2024-08-12,Medianet,VISA,4353,25.14,0.8,1.13,0.25,22.96,SETTLED,0
LIQ-00602,BNK334546,TXN-202408-0108,2024-08-31,2024-08-28,Datafast,MASTERCARD,5859,68.21,2.39,3.07,0.68,62.07,SETTLED,0
LIQ-00603,BNK779505,TXN-202408-0109,2024-08-26,2024-08-24,Medianet,DINERS,4007,27.54,0.88,1.24,0.28,25.14,SETTLED,0
LIQ-00604,BNK168281,TXN-202408-0110,2024-08-04,2024-08-03,Medianet,VISA,4121,334.09,10.69,15.03,3.34,305.03,SETTLED,0
LIQ-00605,BNK308314,TXN-202408-0111,2024-08-19,2024-08-17,Datafast,AMEX,7674,41.33,1.45,1.86,0.41,37.61,SETTLED,0
LIQ-00606,BNK585750,TXN-202408-0112,2024-08-19,2024-08-17,PayPhone,MASTERCARD,3581,28.33,1.08,1.27,0.28,25.7,SETTLED,0
LIQ-00607,BNK718992,TXN-202408-0113,2024-08-08,2024-08-07,Datafast,AMEX,3223,92.16,3.23,4.15,0.92,83.86,SETTLED,0
LIQ-00608,BNK560343,TXN-202408-0114,2024-08-24,2024-08-23,PayPhone,VISA,1548,73.85,2.81,3.32,0.74,66.98,SETTLED,0
LIQ-00609,BNK818437,TXN-202408-0115,2024-08-07,2024-08-04,Datafast,AMEX,5074,52.66,1.84,2.37,0.53,47.92,SETTLED,0
LIQ-00610,BNK226120,TXN-202408-0116,2024-08-30,2024-08-28,Datafast,VISA,4193,154.59,5.41,6.96,1.55,140.67,SETTLED,0
LIQ-00611,BNK953189,TXN-202408-0117,2024-08-27,2024-08-24,Medianet,VISA,6079,72.09,2.31,3.24,0.72,65.82,SETTLED,0
LIQ-00612,BNK534714,TXN-202408-0118,2024-08-26,2024-08-25,Datafast,VISA,8495,69.04,2.42,3.11,0.69,62.82,SETTLED,0
LIQ-00613,BNK500788,TXN-202408-0119,2024-08-17,2024-08-14,PayPhone,MASTERCARD,5796,193.02,7.33,8.69,1.93,175.07,SETTLED,0
LIQ-00614,BNK732277,TXN-202408-0120,2024-08-31,2024-08-30,Datafast,MASTERCARD,4000,83.74,2.93,3.77,0.84,76.2,SETTLED,0
LIQ-00615,BNK683576,TXN-202408-0121,2024-08-28,2024-08-26,Medianet,MASTERCARD,5343,23.93,0.77,1.08,0.24,21.84,SETTLED,0
LIQ-00616,BNK886334,TXN-202408-0122,2024-08-30,2024-08-28,Medianet,MASTERCARD,7661,72.16,2.31,3.25,0.72,65.88,SETTLED,0
LIQ-00617,BNK406830,TXN-202408-0123,2024-08-22,2024-08-20,Datafast,VISA,4406,44.05,1.54,1.98,0.44,40.09,SETTLED,0
LIQ-00618,BNK207012,TXN-202408-0124,2024-08-29,2024-08-27,Medianet,VISA,2765,2916.21,93.32,131.23,29.16,2662.5,SETTLED,0
LIQ-00619,BNK530846,TXN-202408-0125,2024-08-17,2024-08-16,Medianet,MASTERCARD,1306,56.33,1.8,2.53,0.56,51.44,SETTLED,0
LIQ-00620,BNK500560,TXN-202408-0126,2024-08-24,2024-08-21,Datafast,VISA,5935,25.77,0.9,1.16,0.26,23.45,SETTLED,0
LIQ-00621,BNK204413,TXN-202408-0127,2024-08-09,2024-08-08,PayPhone,MASTERCARD,4800,43.8,1.66,1.97,0.44,39.73,SETTLED,0
LIQ-00622,BNK255650,TXN-202408-0128,2024-08-23,2024-08-22,PayPhone,AMEX,8385,357.42,13.58,16.08,3.57,324.19,SETTLED,0
LIQ-00623,BNK326789,TXN-202408-0129,2024-08-16,2024-08-14,Medianet,MASTERCARD,7810,1148.57,36.75,51.69,11.49,1048.64,SETTLED,0
LIQ-00624,BNK608512,TXN-202408-0130,2024-08-09,2024-08-07,Datafast,VISA,9264,320.26,11.21,14.41,3.2,291.44,SETTLED,0
LIQ-00625,BNK400579,TXN-202408-0131,2024-09-02,2024-08-30,Medianet,VISA,7492,63.87,2.04,2.87,0.64,58.33,SETTLED,0
LIQ-00626,BNK151489,TXN-202408-0132,2024-08-19,2024-08-18,Datafast,VISA,9851,54.32,1.9,2.44,0.54,49.44,SETTLED,0
LIQ-00627,BNK608581,TXN-202408-0134,2024-08-11,2024-08-08,PayPhone,AMEX,1459,173.35,6.59,7.8,1.73,157.23,SETTLED,0
LIQ-00628,BNK603203,TXN-202408-0135,2024-08-21,2024-08-19,PayPhone,VISA,1535,236.11,8.97,10.62,2.36,214.16,SETTLED,0
LIQ-00629,BNK698755,TXN-202408-0136,2024-08-22,2024-08-19,Datafast,VISA,6141,52.58,1.84,2.37,0.53,47.84,SETTLED,0
LIQ-00630,BNK379103,TXN-202408-0137,2024-08-16,2024-08-13,Datafast,AMEX,3307,70.06,3.36,3.15,0.7,62.85,SETTLED,0
LIQ-00631,BNK360300,TXN-202408-0138,2024-08-09,2024-08-07,Datafast,VISA,5597,137.69,4.82,6.2,1.38,125.29,SETTLED,0
LIQ-00632,BNK344631,TXN-202408-0139,2024-08-14,2024-08-11,Datafast,MASTERCARD,7249,1643.93,57.54,73.98,16.44,1495.97,SETTLED,0
LIQ-00633,BNK971279,TXN-202408-0140,2024-08-14,2024-08-11,Datafast,VISA,1821,79.0,2.77,3.55,0.79,71.89,SETTLED,0
LIQ-00634,BNK282657,TXN-202408-0141,2024-08-20,2024-08-19,Datafast,VISA,3506,63.02,2.21,2.84,0.63,57.34,SETTLED,0
LIQ-00635,BNK899219,TXN-202408-0142,2024-08-23,2024-08-21,Datafast,MASTERCARD,2469,51.09,1.79,2.3,0.51,46.49,SETTLED,0
LIQ-00636,BNK437976,TXN-202408-0143,2024-08-10,2024-08-07,Datafast,DINERS,8983,7.83,0.27,0.35,0.08,7.13,SETTLED,0
LIQ-00637,BNK558116,TXN-202408-0144,2024-08-08,2024-08-07,Datafast,VISA,8178,67.49,2.36,3.04,0.67,61.42,SETTLED,0
LIQ-00638,BNK291905,TXN-202408-0145,2024-08-14,2024-08-12,Medianet,MASTERCARD,5686,57.01,1.82,2.57,0.57,52.05,SETTLED,0
LIQ-00639,BNK321181,TXN-202408-0146,2024-08-28,2024-08-27,Datafast,VISA,2055,150.15,5.26,6.76,1.5,136.63,SETTLED,0
LIQ-00640,BNK872766,TXN-202408-0147,2024-08-13,2024-08-11,Datafast,VISA,8631,330.48,11.57,14.87,3.3,300.74,SETTLED,0
LIQ-00641,BNK822347,TXN-202408-0148,2024-08-13,2024-08-12,PayPhone,DINERS,5317,72.6,2.76,3.27,0.73,65.84,SETTLED,0
LIQ-00642,BNK640423,TXN-202408-0149,2024-08-11,2024-08-08,Datafast,AMEX,4085,88.03,3.08,3.96,0.88,80.11,SETTLED,0
LIQ-00643,BNK802264,TXN-202408-0150,2024-08-06,2024-08-04,PayPhone,VISA,1615,42.85,1.63,1.93,0.43,38.86,SETTLED,0
LIQ-00644,BNK719682,TXN-202408-0151,2024-08-28,2024-08-25,Medianet,MASTERCARD,5949,53.02,1.7,2.39,0.53,48.4,SETTLED,0
LIQ-00645,BNK724029,TXN-202408-0152,2024-08-28,2024-08-27,Medianet,MASTERCARD,4405,13.11,0.42,0.59,0.13,11.97,SETTLED,0
LIQ-00646,BNK403149,TXN-202408-0153,2024-08-11,2024-08-09,Datafast,VISA,6218,14.27,0.5,0.64,0.14,12.99,SETTLED,0
LIQ-00647,BNK711177,TXN-202408-0154,2024-08-17,2024-08-14,Medianet,VISA,1957,83.91,2.69,3.78,0.84,76.6,SETTLED,0
LIQ-00648,BNK696076,TXN-202408-0155,2024-08-15,2024-08-14,Datafast,MASTERCARD,3542,374.31,13.1,16.84,3.74,340.63,SETTLED,0
LIQ-00649,BNK219473,TXN-202408-0156,2024-08-17,2024-08-16,Medianet,MASTERCARD,4741,63.86,2.04,2.87,0.64,58.31,SETTLED,0
LIQ-00650,BNK740204,TXN-202408-0157,2024-08-15,2024-08-12,Medianet,MASTERCARD,9791,488.71,15.64,21.99,4.89,446.19,SETTLED,0
LIQ-00651,BNK567736,TXN-202408-0158,2024-08-25,2024-08-23,Datafast,VISA,7006,73.28,2.56,3.3,0.73,66.69,SETTLED,0
LIQ-00652,BNK946214,TXN-202408-0159,2024-08-30,2024-08-27,Datafast,VISA,1768,460.89,16.13,20.74,4.61,419.41,SETTLED,0
LIQ-00653,BNK115372,TXN-202408-0160,2024-08-27,2024-08-24,Medianet,VISA,3676,43.38,1.39,1.95,0.43,39.61,SETTLED,0
LIQ-00654,BNK170249,TXN-202408-0161,2024-08-12,2024-08-10,Datafast,VISA,3653,79.15,2.77,3.56,0.79,72.03,SETTLED,0
LIQ-00655,BNK846048,TXN-202408-0162,2024-08-12,2024-08-10,Datafast,VISA,5592,7.96,0.28,0.36,0.08,7.24,SETTLED,0
LIQ-00656,BNK962501,TXN-202408-0163,2024-08-26,2024-08-25,PayPhone,VISA,7916,119.9,4.56,5.4,1.2,108.74,SETTLED,0
LIQ-00657,BNK376943,TXN-202408-0164,2024-08-31,2024-08-29,Datafast,VISA,7403,218.04,7.63,9.81,2.18,198.42,SETTLED,0
LIQ-00658,BNK273164,TXN-202408-0165,2024-08-12,2024-08-11,PayPhone,VISA,6543,236.5,8.99,10.64,2.37,214.5,SETTLED,0
LIQ-00659,BNK551712,TXN-202408-0166,2024-08-25,2024-08-23,Datafast,VISA,3968,67.68,2.37,3.05,0.68,61.58,SETTLED,0
LIQ-00660,BNK989319,TXN-202408-0167,2024-08-26,2024-08-23,Medianet,MASTERCARD,8347,127.48,4.08,5.74,1.27,116.39,SETTLED,0
LIQ-00661,BNK792398,TXN-202408-0168,2024-08-21,2024-08-19,Datafast,DINERS,6517,36.2,1.27,1.63,0.36,32.94,SETTLED,0
LIQ-00662,BNK246346,TXN-202408-0169,2024-08-15,2024-08-12,PayPhone,MASTERCARD,3612,33.48,1.27,1.51,0.33,30.37,SETTLED,0
LIQ-00663,BNK127584,TXN-202408-0170,2024-08-07,2024-08-05,Datafast,MASTERCARD,4259,488.85,17.11,22.0,4.89,444.85,SETTLED,0
LIQ-00664,BNK324754,TXN-202408-0171,2024-08-12,2024-08-09,PayPhone,VISA,4293,8.45,0.32,0.38,0.08,7.67,SETTLED,0
LIQ-00665,BNK589966,TXN-202408-0172,2024-08-22,2024-08-19,Datafast,MASTERCARD,3186,402.36,14.08,18.11,4.02,366.15,SETTLED,0
LIQ-00666,BNK153457,TXN-202408-0173,2024-08-20,2024-08-17,Medianet,DINERS,9524,222.09,7.11,9.99,2.22,202.77,SETTLED,0
LIQ-00667,BNK640615,TXN-202408-0174,2024-08-15,2024-08-12,Medianet,VISA,3511,184.4,5.9,8.3,1.84,168.36,SETTLED,0
LIQ-00668,BNK583122,TXN-202408-0175,2024-08-21,2024-08-20,Medianet,VISA,4830,314.5,10.06,14.15,3.15,287.14,SETTLED,0
LIQ-00669,BNK959636,TXN-202408-0176,2024-08-17,2024-08-16,Datafast,DINERS,1152,40.2,1.41,1.81,0.4,36.58,SETTLED,0
LIQ-00670,BNK666808,TXN-202408-0177,2024-08-05,2024-08-02,Datafast,VISA,3233,77.76,2.72,3.5,0.78,70.76,SETTLED,0
LIQ-00671,BNK985261,TXN-202408-0178,2024-08-17,2024-08-15,Datafast,MASTERCARD,1266,22.62,0.79,1.02,0.23,20.58,SETTLED,0
LIQ-00672,BNK279860,TXN-202408-0179,2024-08-06,2024-08-04,PayPhone,VISA,3202,267.77,13.52,12.05,2.68,239.52,SETTLED,0
LIQ-00673,BNK210825,TXN-202408-0180,2024-08-19,2024-08-18,Medianet,VISA,6409,7.69,0.25,0.35,0.08,7.01,SETTLED,0
LIQ-00674,BNK193347,TXN-202408-0181,2024-09-01,2024-08-29,PayPhone,MASTERCARD,7574,2093.85,79.57,94.22,20.94,1899.12,SETTLED,0
LIQ-00675,BNK530694,TXN-202408-0182,2024-08-28,2024-08-27,Medianet,MASTERCARD,2766,30.56,1.27,1.38,0.31,27.6,SETTLED,0
LIQ-00676,BNK157590,TXN-202408-0183,2024-08-22,2024-08-20,PayPhone,AMEX,4531,62.56,2.38,2.82,0.63,56.73,SETTLED,0
LIQ-00677,BNK981881,TXN-202408-0184,2024-08-23,2024-08-22,Medianet,VISA,4349,12.31,0.39,0.55,0.12,11.25,SETTLED,0
LIQ-00678,BNK266050,TXN-202408-0185,2024-08-21,2024-08-18,Datafast,VISA,1163,415.96,14.56,18.72,4.16,378.52,SETTLED,0
LIQ-00679,BNK792852,TXN-202408-0186,2024-08-30,2024-08-27,Datafast,VISA,4763,286.82,10.04,12.91,2.87,261.0,SETTLED,0
LIQ-00680,BNK797678,TXN-202408-0187,2024-08-06,2024-08-04,Medianet,VISA,1359,19.69,0.63,0.89,0.2,17.97,SETTLED,0
LIQ-00681,BNK791288,TXN-202408-0188,2024-08-27,2024-08-25,Datafast,AMEX,4595,30.35,1.06,1.37,0.3,27.62,SETTLED,0
LIQ-00682,BNK128761,TXN-202408-0189,2024-08-31,2024-08-29,Datafast,MASTERCARD,4232,131.75,4.61,5.93,1.32,119.89,SETTLED,0
LIQ-00683,BNK761467,TXN-202408-0190,2024-08-04,2024-08-01,Datafast,MASTERCARD,5155,77.29,2.71,3.48,0.77,70.33,SETTLED,0
LIQ-00684,BNK942268,TXN-202408-0191,2024-09-02,2024-08-30,Medianet,MASTERCARD,7689,48.88,1.56,2.2,0.49,44.63,SETTLED,0
LIQ-00685,BNK792521,TXN-202408-0192,2024-08-28,2024-08-27,Medianet,AMEX,8675,152.93,4.89,6.88,1.53,139.63,SETTLED,0
LIQ-00686,BNK758264,TXN-202408-0193,2024-08-31,2024-08-29,Datafast,MASTERCARD,8224,215.17,7.53,9.68,2.15,195.81,SETTLED,0
LIQ-00687,BNK372096,TXN-202408-0194,2024-08-15,2024-08-13,Datafast,MASTERCARD,2109,184.26,6.45,8.29,1.84,167.68,SETTLED,0
LIQ-00688,BNK199696,TXN-202408-0195,2024-08-26,2024-08-23,PayPhone,VISA,3012,35.96,1.37,1.62,0.36,32.61,SETTLED,0
LIQ-00689,BNK990890,TXN-202408-0196,2024-08-27,2024-08-24,Medianet,AMEX,8008,28.54,0.91,1.28,0.29,26.06,SETTLED,0
LIQ-00690,BNK672257,TXN-202408-0197,2024-08-15,2024-08-12,Medianet,VISA,8475,202.04,6.47,9.09,2.02,184.46,SETTLED,0
LIQ-00691,BNK938007,TXN-202408-0198,2024-08-21,2024-08-18,Datafast,MASTERCARD,6983,944.53,33.06,42.5,9.45,859.52,SETTLED,0
LIQ-00692,BNK187753,TXN-202408-0199,2024-08-22,2024-08-19,Medianet,MASTERCARD,1175,316.16,10.12,14.23,3.16,288.65,SETTLED,0
LIQ-00693,BNK346636,TXN-202408-0200,2024-08-20,2024-08-18,PayPhone,MASTERCARD,8168,455.42,17.31,20.49,4.55,413.07,SETTLED,0
LIQ-00694,BNK487319,TXN-202408-0201,2024-08-14,2024-08-13,PayPhone,VISA,7993,12.99,0.49,0.58,0.13,11.79,SETTLED,0
LIQ-00695,BNK817588,TXN-202408-0202,2024-08-13,2024-08-10,Datafast,VISA,3326,63.91,2.24,2.88,0.64,58.15,SETTLED,0
LIQ-00696,BNK835908,TXN-202408-0203,2024-08-28,2024-08-25,Datafast,AMEX,8837,203.96,7.14,9.18,2.04,185.6,SETTLED,0
LIQ-00697,BNK887402,TXN-202408-0204,2024-08-27,2024-08-24,Datafast,AMEX,6691,70.1,2.45,3.15,0.7,63.8,SETTLED,0
LIQ-00698,BNK745093,TXN-202408-0205,2024-08-29,2024-08-26,PayPhone,MASTERCARD,6164,179.79,6.83,8.09,1.8,163.07,SETTLED,0
LIQ-00699,BNK699326,TXN-202408-0206,2024-09-03,2024-08-31,Datafast,MASTERCARD,5081,1468.89,65.81,66.1,14.69,1322.29,SETTLED,0
LIQ-00700,BNK637872,TXN-202408-0207,2024-08-22,2024-08-20,Datafast,MASTERCARD,1928,23.85,0.83,1.07,0.24,21.71,SETTLED,0
LIQ-00701,BNK724399,TXN-202408-0208,2024-08-28,2024-08-25,PayPhone,AMEX,3843,352.01,13.38,15.84,3.52,319.27,SETTLED,0
LIQ-00702,BNK628961,TXN-202408-0209,2024-08-12,2024-08-10,Medianet,MASTERCARD,5554,485.0,15.52,21.82,4.85,442.81,SETTLED,0
LIQ-00703,BNK917930,TXN-202408-0210,2024-08-18,2024-08-17,Datafast,MASTERCARD,7065,18.03,0.63,0.81,0.18,16.41,SETTLED,0
LIQ-00704,BNK713115,TXN-202408-0211,2024-08-21,2024-08-19,Datafast,VISA,4450,134.63,4.71,6.06,1.35,122.51,SETTLED,0
LIQ-00705,BNK570370,TXN-202408-0212,2024-09-01,2024-08-30,Datafast,VISA,1918,599.85,20.99,26.99,6.0,545.87,SETTLED,0
LIQ-00706,BNK253727,TXN-202408-0213,2024-08-12,2024-08-10,Medianet,MASTERCARD,2281,434.12,13.89,19.54,4.34,396.35,SETTLED,0
LIQ-00707,BNK217395,TXN-202408-0214,2024-08-18,2024-08-17,Medianet,MASTERCARD,3835,58.08,1.86,2.61,0.58,53.03,SETTLED,0
LIQ-00708,BNK187556,TXN-202408-0215,2024-08-21,2024-08-18,PayPhone,MASTERCARD,4781,146.94,5.58,6.61,1.47,133.28,SETTLED,0
LIQ-00709,BNK566046,TXN-202408-0216,2024-08-13,2024-08-11,Datafast,VISA,5232,358.6,12.55,16.14,3.59,326.32,SETTLED,0
LIQ-00710,BNK123501,TXN-202408-0217,2024-08-21,2024-08-18,Datafast,DINERS,8989,279.44,9.78,12.57,2.79,254.3,SETTLED,0
LIQ-00711,BNK866463,TXN-202408-0218,2024-08-23,2024-08-20,Datafast,MASTERCARD,3795,72.84,2.55,3.28,0.73,66.28,SETTLED,0
LIQ-00712,BNK976903,TXN-202408-0219,2024-08-27,2024-08-26,Datafast,VISA,4850,240.18,8.41,10.81,2.4,218.56,SETTLED,0
LIQ-00713,BNK663611,TXN-202408-0220,2024-08-29,2024-08-27,Datafast,MASTERCARD,1475,73.35,2.57,3.3,0.73,66.75,SETTLED,0
LIQ-00714,BNK628114,TXN-202408-0221,2024-08-22,2024-08-21,Medianet,MASTERCARD,4551,27.23,0.87,1.23,0.27,24.86,SETTLED,0
LIQ-00715,BNK756367,TXN-202408-0222,2024-08-28,2024-08-25,Datafast,VISA,5437,77.87,2.73,3.5,0.78,70.86,SETTLED,0
LIQ-00716,BNK716192,TXN-202408-0223,2024-08-10,2024-08-07,Medianet,MASTERCARD,3159,52.21,1.67,2.35,0.52,47.67,SETTLED,0
LIQ-00717,BNK403842,TXN-202408-0224,2024-08-26,2024-08-24,Datafast,VISA,1764,57.71,2.02,2.6,0.58,52.51,SETTLED,0
LIQ-00718,BNK793618,TXN-202408-0225,2024-08-18,2024-08-15,Medianet,DINERS,3081,144.58,4.63,6.51,1.45,131.99,SETTLED,0
LIQ-00719,BNK632904,TXN-202408-0226,2024-08-19,2024-08-18,Datafast,VISA,9850,64.57,2.26,2.91,0.65,58.75,SETTLED,0
LIQ-00720,BNK132019,TXN-202408-0227,2024-08-23,2024-08-21,Medianet,VISA,5849,34.1,1.09,1.53,0.34,31.14,SETTLED,0
LIQ-00721,BNK954923,TXN-202408-0228,2024-08-24,2024-08-21,Datafast,VISA,8511,304.63,10.66,13.71,3.05,277.21,SETTLED,0
LIQ-00722,BNK960197,TXN-202408-0229,2024-08-05,2024-08-03,Medianet,MASTERCARD,2115,374.37,11.98,16.85,3.74,341.8,SETTLED,0
LIQ-00723,BNK992758,TXN-202408-0230,2024-08-05,2024-08-03,PayPhone,VISA,1268,206.57,7.85,9.3,2.07,187.35,SETTLED,0
LIQ-00724,BNK174039,TXN-202408-0231,2024-08-17,2024-08-16,Medianet,VISA,2488,54.55,1.75,2.45,0.55,49.8,SETTLED,0
LIQ-00725,BNK673170,TXN-202408-0232,2024-08-20,2024-08-18,Medianet,VISA,8441,64.81,2.07,2.92,0.65,59.17,SETTLED,0
LIQ-00726,BNK518383,TXN-202408-0233,2024-08-29,2024-08-26,PayPhone,VISA,3671,463.95,17.63,20.88,4.64,420.8,SETTLED,0
LIQ-00727,BNK372667,TXN-202408-0234,2024-08-06,2024-08-05,Medianet,DINERS,3677,70.61,2.26,3.18,0.71,64.46,SETTLED,0
LIQ-00728,BNK418886,TXN-202408-0235,2024-08-05,2024-08-03,Datafast,MASTERCARD,3169,46.06,1.61,2.07,0.46,41.92,SETTLED,0
LIQ-00729,BNK661097,TXN-202408-0236,2024-09-01,2024-08-29,Datafast,MASTERCARD,5795,168.93,5.91,7.6,1.69,153.73,SETTLED,0
LIQ-00730,BNK244955,TXN-202408-0237,2024-08-10,2024-08-09,PayPhone,VISA,1853,51.27,1.95,2.31,0.51,46.5,SETTLED,0
LIQ-00731,BNK268523,TXN-202408-0238,2024-08-28,2024-08-25,Datafast,MASTERCARD,7116,102.84,3.6,4.63,1.03,93.58,SETTLED,0
LIQ-00732,BNK894645,TXN-202408-0239,2024-08-05,2024-08-04,Datafast,MASTERCARD,1958,10.05,0.35,0.45,0.1,9.15,SETTLED,0
LIQ-00733,BNK226083,TXN-202408-0240,2024-08-22,2024-08-21,Medianet,VISA,8198,14.62,0.47,0.66,0.15,13.34,SETTLED,0
LIQ-00734,BNK573213,TXN-202408-0241,2024-08-17,2024-08-15,Datafast,MASTERCARD,7776,1294.46,45.31,58.25,12.94,1177.96,SETTLED,0
LIQ-00735,BNK473346,TXN-202408-0242,2024-08-14,2024-08-12,Medianet,VISA,5242,317.53,10.16,14.29,3.18,289.9,SETTLED,0
LIQ-00736,BNK647300,TXN-202408-0243,2024-08-26,2024-08-23,PayPhone,VISA,9953,63.92,2.43,2.88,0.64,57.97,SETTLED,0
LIQ-00737,BNK638071,TXN-202408-0244,2024-08-13,2024-08-11,Medianet,VISA,8578,55.97,1.79,2.52,0.56,51.1,SETTLED,0
LIQ-00738,BNK873267,TXN-202408-0245,2024-08-09,2024-08-06,Datafast,VISA,2664,46.38,1.62,2.09,0.46,42.21,SETTLED,0
LIQ-00739,BNK344462,TXN-202408-0246,2024-08-19,2024-08-18,Medianet,AMEX,8803,138.8,4.44,6.25,1.39,126.72,SETTLED,0
LIQ-00740,BNK698828,TXN-202408-0247,2024-08-04,2024-08-01,Datafast,AMEX,9113,10.65,0.37,0.48,0.11,9.69,SETTLED,0
LIQ-00741,BNK561744,TXN-202408-0248,2024-08-08,2024-08-07,Medianet,AMEX,6261,403.06,12.9,18.14,4.03,367.99,SETTLED,0
LIQ-00742,BNK631468,TXN-202408-0249,2024-08-26,2024-08-25,Medianet,MASTERCARD,5267,1680.26,53.77,75.61,16.8,1534.08,SETTLED,0
LIQ-00743,BNK491956,TXN-202408-0250,2024-08-11,2024-08-10,Datafast,VISA,7781,387.96,13.58,17.46,3.88,353.04,SETTLED,0
LIQ-00744,BNK558927,TXN-202408-0251,2024-08-23,2024-08-22,Datafast,MASTERCARD,2734,42.66,1.49,1.92,0.43,38.82,SETTLED,0
LIQ-00745,BNK112094,TXN-202408-0252,2024-08-18,2024-08-17,PayPhone,AMEX,3996,149.65,5.69,6.73,1.5,135.75,SETTLED,0
LIQ-00746,BNK665287,TXN-202408-0253,2024-09-01,2024-08-31,Datafast,VISA,5320,2148.53,75.2,96.68,21.49,1955.16,SETTLED,0
LIQ-00747,BNK280958,TXN-202408-0254,2024-08-17,2024-08-16,Medianet,VISA,1819,21.41,0.69,0.96,0.21,19.56,SETTLED,0
LIQ-00748,BNK164712,TXN-202408-0255,2024-09-01,2024-08-30,Datafast,VISA,7329,20.51,0.72,0.92,0.21,18.66,SETTLED,0
LIQ-00749,BNK951307,TXN-202408-0256,2024-08-23,2024-08-21,Datafast,AMEX,6894,96.76,3.39,4.35,0.97,88.05,SETTLED,0
LIQ-00750,BNK126941,TXN-202408-0257,2024-08-26,2024-08-24,Datafast,DINERS,9873,194.87,6.82,8.77,1.95,177.33,SETTLED,0
LIQ-00751,BNK372106,TXN-202408-0258,2024-08-22,2024-08-19,Medianet,MASTERCARD,4725,33.39,1.07,1.5,0.33,30.49,SETTLED,0
LIQ-00752,BNK666330,TXN-202408-0259,2024-08-11,2024-08-08,PayPhone,VISA,9795,77.95,2.96,3.51,0.78,70.7,SETTLED,0
LIQ-00753,BNK149096,TXN-202408-0260,2024-09-01,2024-08-29,Datafast,AMEX,8220,64.45,2.26,2.9,0.64,58.65,SETTLED,0
LIQ-00754,BNK539130,TXN-202408-0261,2024-08-20,2024-08-17,Datafast,AMEX,3524,22.25,0.78,1.0,0.22,20.25,SETTLED,0
LIQ-00755,BNK597347,TXN-202408-0262,2024-08-28,2024-08-27,Datafast,VISA,8686,50.15,1.76,2.26,0.5,45.63,SETTLED,0
LIQ-00756,BNK435752,TXN-202408-0263,2024-08-24,2024-08-22,Medianet,VISA,3430,13.5,0.43,0.61,0.14,12.32,SETTLED,0
LIQ-00757,BNK596265,TXN-202408-0264,2024-08-09,2024-08-08,Datafast,MASTERCARD,6562,252.58,8.84,11.37,2.53,229.84,SETTLED,0
LIQ-00758,BNK798964,TXN-202408-0265,2024-09-01,2024-08-29,Datafast,MASTERCARD,9286,43.45,1.52,1.96,0.43,39.54,SETTLED,0
LIQ-00759,BNK198248,TXN-202408-0266,2024-08-16,2024-08-13,Datafast,VISA,2050,1791.6,62.71,80.62,17.92,1630.35,SETTLED,0
LIQ-00760,BNK969070,TXN-202408-0267,2024-08-29,2024-08-27,PayPhone,MASTERCARD,3947,385.75,14.66,17.36,3.86,349.87,SETTLED,0
LIQ-00761,BNK983522,TXN-202408-0268,2024-08-17,2024-08-16,PayPhone,VISA,3548,277.99,10.56,12.51,2.78,252.14,SETTLED,0
LIQ-00762,BNK288565,TXN-202408-0269,2024-08-26,2024-08-25,Datafast,VISA,6188,48.7,1.7,2.19,0.49,44.32,SETTLED,0
LIQ-00763,BNK983025,TXN-202408-0270,2024-09-01,2024-08-30,Medianet,MASTERCARD,1657,56.42,1.81,2.54,0.56,51.51,SETTLED,0
LIQ-00764,BNK298091,TXN-202408-0271,2024-08-02,2024-08-01,Medianet,VISA,6623,14.92,0.48,0.67,0.15,13.62,SETTLED,0
LIQ-00765,BNK498720,TXN-202408-0272,2024-08-21,2024-08-20,Medianet,AMEX,7312,427.14,13.67,19.22,4.27,389.98,SETTLED,0
LIQ-00766,BNK690798,TXN-202408-0273,2024-08-21,2024-08-18,Datafast,AMEX,7458,448.66,15.7,20.19,4.49,408.28,SETTLED,0
LIQ-00767,BNK189263,TXN-202408-0274,2024-08-19,2024-08-18,Medianet,VISA,9745,458.83,14.68,20.65,4.59,418.91,SETTLED,0
LIQ-00768,BNK414106,TXN-202408-0275,2024-08-13,2024-08-12,PayPhone,MASTERCARD,5616,299.26,11.37,13.47,2.99,271.43,SETTLED,0
LIQ-00769,BNK724616,TXN-202408-0276,2024-08-27,2024-08-25,Medianet,VISA,5173,1705.31,54.57,76.74,17.05,1556.95,SETTLED,0
LIQ-00770,BNK522816,TXN-202408-0277,2024-08-20,2024-08-19,Datafast,AMEX,9308,2592.98,90.75,116.68,25.93,2359.62,SETTLED,0
LIQ-00771,BNK195948,TXN-202408-0278,2024-08-05,2024-08-03,Datafast,VISA,3415,462.24,16.18,20.8,4.62,420.64,SETTLED,0
LIQ-00772,BNK901751,TXN-202408-0279,2024-08-25,2024-08-24,Medianet,MASTERCARD,5053,5.41,0.17,0.24,0.05,4.95,SETTLED,0
LIQ-00773,BNK779426,TXN-202408-0280,2024-08-25,2024-08-23,Medianet,VISA,8953,54.09,1.73,2.43,0.54,49.39,SETTLED,0
LIQ-00774,BNK800431,TXN-202408-0281,2024-08-12,2024-08-09,Datafast,VISA,5081,48.9,1.71,2.2,0.49,44.5,SETTLED,0
LIQ-00775,BNK188114,TXN-202408-0282,2024-08-26,2024-08-25,Datafast,VISA,4074,56.05,1.96,2.52,0.56,51.01,SETTLED,0
LIQ-00776,BNK265497,TXN-202408-0283,2024-08-20,2024-08-18,Datafast,MASTERCARD,8395,32.77,1.15,1.47,0.33,29.82,SETTLED,0
LIQ-00777,BNK635715,TXN-202408-0284,2024-08-25,2024-08-24,Datafast,VISA,2250,57.91,2.03,2.61,0.58,52.69,SETTLED,0
LIQ-00778,BNK623957,TXN-202408-0285,2024-08-24,2024-08-23,PayPhone,MASTERCARD,4052,267.57,10.17,12.04,2.68,242.68,SETTLED,0
LIQ-00779,BNK807097,TXN-202408-0286,2024-08-23,2024-08-20,Datafast,MASTERCARD,2633,416.36,14.57,18.74,4.16,378.89,SETTLED,0
LIQ-00780,BNK956835,TXN-202408-0287,2024-08-27,2024-08-26,Medianet,VISA,3129,52.69,1.69,2.37,0.53,48.1,SETTLED,0
LIQ-00781,BNK719110,TXN-202408-0288,2024-08-10,2024-08-09,PayPhone,VISA,2385,117.02,4.45,5.27,1.17,106.14,SETTLED,0
LIQ-00782,BNK383551,TXN-202408-0289,2024-08-16,2024-08-13,Datafast,MASTERCARD,2408,470.89,16.48,21.19,4.71,428.51,SETTLED,0
LIQ-00783,BNK929909,TXN-202408-0290,2024-08-26,2024-08-25,Medianet,VISA,1772,643.66,20.6,28.96,6.44,587.66,SETTLED,0
LIQ-00784,BNK273381,TXN-202408-0291,2024-08-29,2024-08-26,Medianet,VISA,2953,54.27,1.74,2.44,0.54,49.55,SETTLED,0
LIQ-00785,BNK729042,TXN-202408-0292,2024-08-11,2024-08-08,Datafast,VISA,9698,296.64,10.38,13.35,2.97,269.94,SETTLED,0
LIQ-00786,BNK802978,TXN-202408-0293,2024-08-07,2024-08-06,Datafast,VISA,8502,5.02,0.18,0.23,0.05,4.56,SETTLED,0
LIQ-00787,BNK544045,TXN-202408-0294,2024-08-20,2024-08-19,PayPhone,MASTERCARD,9413,34.64,1.32,1.56,0.35,31.41,SETTLED,0
LIQ-00788,BNK686876,TXN-202408-0295,2024-08-13,2024-08-10,Medianet,MASTERCARD,1687,11.76,0.38,0.53,0.12,10.73,SETTLED,0
LIQ-00789,BNK629202,TXN-202408-0296,2024-08-10,2024-08-09,PayPhone,AMEX,4861,77.25,2.94,3.48,0.77,70.06,SETTLED,0
LIQ-00790,BNK257744,TXN-202408-0297,2024-08-10,2024-08-09,Medianet,VISA,6679,1937.27,61.99,87.18,19.37,1768.73,SETTLED,0
LIQ-00791,BNK585867,TXN-202408-0298,2024-09-01,2024-08-31,Datafast,VISA,7814,27.07,0.95,1.22,0.27,24.63,SETTLED,0
LIQ-00792,BNK861481,TXN-202408-0299,2024-08-21,2024-08-19,PayPhone,DINERS,1819,421.52,16.02,18.97,4.22,382.31,SETTLED,0
LIQ-00793,BNK888693,TXN-202408-0300,2024-08-27,2024-08-25,Medianet,DINERS,2211,403.39,12.91,18.15,4.03,368.3,SETTLED,0
LIQ-00794,BNK511151,TXN-202408-0301,2024-08-03,2024-08-01,PayPhone,VISA,8445,49.01,1.86,2.21,0.49,44.45,SETTLED,0
LIQ-00795,BNK706701,TXN-202408-0302,2024-08-25,2024-08-22,Datafast,VISA,1810,497.56,17.41,22.39,4.98,452.78,SETTLED,0
LIQ-00796,BNK802835,TXN-202408-0303,2024-08-04,2024-08-01,Datafast,VISA,8941,1791.26,62.69,80.61,17.91,1630.05,SETTLED,0
LIQ-00797,BNK989121,TXN-202408-0304,2024-08-29,2024-08-27,PayPhone,VISA,5773,55.53,2.11,2.5,0.56,50.36,SETTLED,0
LIQ-00798,BNK600313,TXN-202408-0305,2024-09-01,2024-08-29,Datafast,DINERS,1590,31.52,1.1,1.42,0.32,28.68,SETTLED,0
LIQ-00799,BNK796866,TXN-202408-0306,2024-08-19,2024-08-16,Datafast,DINERS,4695,462.17,16.18,20.8,4.62,420.57,SETTLED,0
LIQ-00800,BNK766253,TXN-202408-0307,2024-08-08,2024-08-07,Datafast,MASTERCARD,3474,166.85,5.84,7.51,1.67,151.83,SETTLED,0
LIQ-00801,BNK152455,TXN-202408-0308,2024-08-06,2024-08-03,PayPhone,VISA,6775,130.35,4.95,5.87,1.3,118.23,SETTLED,0
LIQ-00802,BNK380110,TXN-202408-0309,2024-09-01,2024-08-31,PayPhone,VISA,2696,69.28,2.63,3.12,0.69,62.84,SETTLED,0
LIQ-00803,BNK145230,TXN-202408-0310,2024-09-01,2024-08-29,PayPhone,VISA,5125,72.36,2.75,3.26,0.72,65.63,SETTLED,0
LIQ-00804,BNK717445,TXN-202408-0311,2024-08-11,2024-08-09,PayPhone,VISA,6815,2790.02,106.02,125.55,27.9,2530.55,SETTLED,0
LIQ-00805,BNK471868,TXN-202408-0312,2024-08-19,2024-08-16,Datafast,MASTERCARD,3919,64.95,2.27,2.92,0.65,59.11,SETTLED,0
LIQ-00806,BNK340477,TXN-202408-0313,2024-08-16,2024-08-15,Datafast,VISA,6215,405.88,14.21,18.26,4.06,369.35,SETTLED,0
LIQ-00807,BNK848035,TXN-202408-0314,2024-08-09,2024-08-07,Medianet,VISA,2792,84.96,2.72,3.82,0.85,77.55,SETTLED,0
LIQ-00808,BNK223641,TXN-202408-0315,2024-08-20,2024-08-18,Medianet,VISA,9093,189.07,6.05,8.51,1.89,172.62,SETTLED,0
LIQ-00809,BNK371215,TXN-202408-0316,2024-08-18,2024-08-16,Datafast,VISA,2671,233.69,8.18,10.52,2.34,212.65,SETTLED,0
LIQ-00810,BNK928868,TXN-202408-0317,2024-08-11,2024-08-09,Datafast,MASTERCARD,3828,69.07,2.42,3.11,0.69,62.85,SETTLED,0
LIQ-00811,BNK192732,TXN-202408-0318,2024-08-07,2024-08-04,Datafast,VISA,3875,176.0,6.16,7.92,1.76,160.16,SETTLED,0
LIQ-00812,BNK928497,TXN-202408-0319,2024-08-08,2024-08-05,Datafast,VISA,3328,33.57,1.17,1.51,0.34,30.55,SETTLED,0
LIQ-00813,BNK709196,TXN-202408-0320,2024-09-01,2024-08-29,Datafast,AMEX,9064,42.47,1.49,1.91,0.42,38.65,SETTLED,0
LIQ-00814,BNK544095,TXN-202408-0321,2024-08-21,2024-08-18,Medianet,MASTERCARD,7353,206.01,6.59,9.27,2.06,188.09,SETTLED,0
LIQ-00815,BNK217957,TXN-202408-0322,2024-08-11,2024-08-09,Datafast,VISA,5170,21.16,0.74,0.95,0.21,19.26,SETTLED,0
LIQ-00816,BNK471835,TXN-202408-0323,2024-08-15,2024-08-12,PayPhone,VISA,5092,189.1,7.19,8.51,1.89,171.51,SETTLED,0
LIQ-00817,BNK547898,TXN-202408-0324,2024-08-15,2024-08-12,Medianet,AMEX,4609,35.88,1.15,1.61,0.36,32.76,SETTLED,0
LIQ-00818,BNK146159,TXN-202408-0325,2024-08-08,2024-08-06,PayPhone,VISA,8444,352.63,13.4,15.87,3.53,319.83,SETTLED,0
LIQ-00819,BNK618369,TXN-202408-0326,2024-08-30,2024-08-29,Datafast,MASTERCARD,3978,60.24,2.11,2.71,0.6,54.82,SETTLED,0
LIQ-00820,BNK678654,TXN-202408-0327,2024-08-09,2024-08-06,Datafast,VISA,3679,140.84,4.93,6.34,1.41,128.16,SETTLED,0
LIQ-00821,BNK773528,TXN-202408-0328,2024-08-29,2024-08-28,PayPhone,VISA,1351,320.09,12.16,14.4,3.2,290.33,SETTLED,0
LIQ-00822,BNK360163,TXN-202408-0329,2024-08-25,2024-08-23,Datafast,VISA,6909,53.98,1.89,2.43,0.54,49.12,SETTLED,0
LIQ-00823,BNK285628,TXN-202408-0330,2024-09-02,2024-08-31,Medianet,VISA,5739,408.01,13.06,18.36,4.08,372.51,SETTLED,0
LIQ-00824,BNK611187,TXN-202408-0331,2024-08-29,2024-08-28,Medianet,MASTERCARD,3451,17.55,0.56,0.79,0.18,16.02,SETTLED,0
LIQ-00825,BNK397918,TXN-202408-0332,2024-08-25,2024-08-24,Datafast,VISA,3364,60.79,2.13,2.74,0.61,55.31,SETTLED,0
LIQ-00826,BNK806942,TXN-202408-0333,2024-08-19,2024-08-16,Datafast,VISA,2851,75.26,2.63,3.39,0.75,68.48,SETTLED,0
LIQ-00827,BNK947752,TXN-202408-0334,2024-08-06,2024-08-04,Datafast,MASTERCARD,7155,79.7,2.79,3.59,0.8,72.52,SETTLED,0
LIQ-00828,BNK824493,TXN-202408-0335,2024-08-09,2024-08-08,Medianet,VISA,3886,1474.62,47.19,66.36,14.75,1346.32,SETTLED,0
LIQ-00829,BNK680084,TXN-202408-0336,2024-08-07,2024-08-06,Medianet,VISA,7174,44.51,1.42,2.0,0.45,40.64,SETTLED,0
LIQ-00830,BNK685302,TXN-202408-0337,2024-08-18,2024-08-15,Datafast,VISA,6251,2660.6,93.12,119.73,26.61,2421.14,SETTLED,0
LIQ-00831,BNK335018,TXN-202408-0338,2024-08-19,2024-08-18,PayPhone,MASTERCARD,5270,76.14,2.89,3.43,0.76,69.06,SETTLED,0
LIQ-00832,BNK449497,TXN-202408-0339,2024-08-17,2024-08-14,Medianet,VISA,7266,448.46,14.35,20.18,4.48,409.45,SETTLED,0
LIQ-00833,BNK857979,TXN-202408-0340,2024-08-09,2024-08-08,Medianet,MASTERCARD,4151,1704.13,54.53,76.69,17.04,1555.87,SETTLED,0
LIQ-00834,BNK495718,TXN-202408-0341,2024-08-04,2024-08-01,Datafast,VISA,4199,27.77,0.97,1.25,0.28,25.27,SETTLED,0
LIQ-00835,BNK471240,TXN-202408-0342,2024-08-04,2024-08-01,PayPhone,AMEX,1024,40.19,1.53,1.81,0.4,36.45,SETTLED,0
LIQ-00836,BNK212206,TXN-202408-0343,2024-08-16,2024-08-14,PayPhone,DINERS,9840,5.68,0.22,0.26,0.06,5.14,SETTLED,0
LIQ-00837,BNK916872,TXN-202408-0344,2024-09-01,2024-08-29,Medianet,MASTERCARD,4203,19.14,0.61,0.86,0.19,17.46,SETTLED,0
LIQ-00838,BNK582596,TXN-202408-0345,2024-08-29,2024-08-27,Datafast,VISA,4315,351.32,12.3,15.81,3.51,319.7,SETTLED,0
LIQ-00839,BNK709258,TXN-202408-0346,2024-08-29,2024-08-26,Datafast,VISA,5749,296.98,10.39,13.36,2.97,270.26,SETTLED,0
LIQ-00840,BNK936621,TXN-202408-0347,2024-08-28,2024-08-26,PayPhone,MASTERCARD,5823,60.72,2.31,2.73,0.61,55.07,SETTLED,0
LIQ-00841,BNK943906,TXN-202408-0348,2024-08-23,2024-08-21,Datafast,AMEX,5948,26.72,0.94,1.2,0.27,24.31,SETTLED,0
LIQ-00842,BNK790624,TXN-202408-0349,2024-08-02,2024-08-01,Medianet,VISA,8255,158.87,5.08,7.15,1.59,145.05,SETTLED,0
LIQ-00843,BNK802575,TXN-202408-0350,2024-08-10,2024-08-09,Datafast,MASTERCARD,1303,12.67,0.44,0.57,0.13,11.53,SETTLED,0
LIQ-00844,BNK772322,TXN-202408-0351,2024-08-17,2024-08-16,Medianet,MASTERCARD,5992,16.3,0.52,0.73,0.16,14.89,SETTLED,0
LIQ-00845,BNK517499,TXN-202408-0352,2024-08-18,2024-08-15,Datafast,VISA,9228,499.14,17.47,22.46,4.99,454.22,SETTLED,0
LIQ-00846,BNK290552,TXN-202408-0353,2024-08-04,2024-08-02,Medianet,VISA,9496,479.69,15.35,21.59,4.8,437.95,SETTLED,0
LIQ-00847,BNK407075,TXN-202408-0354,2024-08-29,2024-08-27,Medianet,VISA,9177,19.41,0.62,0.87,0.19,17.73,SETTLED,0
LIQ-00848,BNK771087,TXN-202408-0355,2024-08-10,2024-08-08,PayPhone,AMEX,9332,62.61,2.38,2.82,0.63,56.78,SETTLED,0
LIQ-00849,BNK147361,TXN-202408-0356,2024-08-18,2024-08-15,Medianet,VISA,6416,94.07,3.01,4.23,0.94,85.89,SETTLED,0
LIQ-00850,BNK734122,TXN-202408-0357,2024-08-24,2024-08-22,Medianet,MASTERCARD,1192,1682.06,53.83,75.69,16.82,1535.72,SETTLED,0
LIQ-00851,BNK542113,TXN-202408-0358,2024-08-21,2024-08-18,PayPhone,VISA,5439,392.78,14.93,17.68,3.93,356.24,SETTLED,0
LIQ-00852,BNK836111,TXN-202408-0359,2024-08-05,2024-08-02,Datafast,VISA,8612,32.03,1.12,1.44,0.32,29.15,SETTLED,0
LIQ-00853,BNK770725,TXN-202408-0360,2024-08-08,2024-08-06,Datafast,VISA,1340,216.3,7.57,9.73,2.16,196.84,SETTLED,0
LIQ-00854,BNK396788,TXN-202408-0361,2024-08-22,2024-08-19,Medianet,VISA,3723,77.66,2.49,3.49,0.78,70.9,SETTLED,0
LIQ-00855,BNK975651,TXN-202408-0362,2024-08-08,2024-08-06,Datafast,MASTERCARD,1169,11.71,0.41,0.53,0.12,10.65,SETTLED,0
LIQ-00856,BNK739447,TXN-202408-0363,2024-08-22,2024-08-21,Datafast,MASTERCARD,7130,2992.43,104.74,134.66,29.92,2723.11,SETTLED,0
LIQ-00857,BNK494594,TXN-202408-0364,2024-08-07,2024-08-05,Datafast,MASTERCARD,7185,412.42,14.43,18.56,4.12,375.31,SETTLED,0
LIQ-00858,BNK502370,TXN-202408-0365,2024-08-28,2024-08-26,Datafast,DINERS,9314,397.81,13.92,17.9,3.98,362.01,SETTLED,0
LIQ-00859,BNK673359,TXN-202408-0366,2024-08-10,2024-08-09,Medianet,VISA,6723,59.33,1.9,2.67,0.59,54.17,SETTLED,0
LIQ-00860,BNK360733,TXN-202408-0367,2024-08-10,2024-08-07,Datafast,VISA,2169,57.28,2.0,2.58,0.57,52.13,SETTLED,0
LIQ-00861,BNK855346,TXN-202408-0368,2024-08-30,2024-08-27,Datafast,VISA,6131,195.64,6.85,8.8,1.96,178.03,SETTLED,0
LIQ-00862,BNK377695,TXN-202408-0369,2024-08-12,2024-08-10,PayPhone,MASTERCARD,4104,16.63,0.63,0.75,0.17,15.08,SETTLED,0
LIQ-00863,BNK741522,TXN-202408-0370,2024-08-25,2024-08-24,Medianet,VISA,8343,292.5,9.36,13.16,2.93,267.05,SETTLED,0
LIQ-00864,BNK550162,TXN-202408-0371,2024-08-14,2024-08-11,PayPhone,MASTERCARD,9140,51.51,1.96,2.32,0.52,46.71,SETTLED,0
LIQ-00865,BNK126865,TXN-202408-0372,2024-08-24,2024-08-22,Datafast,DINERS,5216,159.75,5.59,7.19,1.6,145.37,SETTLED,0
LIQ-00866,BNK378548,TXN-202408-0373,2024-08-12,2024-08-11,Medianet,VISA,3976,35.74,1.14,1.61,0.36,32.63,SETTLED,0
LIQ-00867,BNK575067,TXN-202408-0374,2024-08-07,2024-08-06,Datafast,MASTERCARD,7508,75.33,2.64,3.39,0.75,68.55,SETTLED,0
LIQ-00868,BNK636556,TXN-202408-0375,2024-08-29,2024-08-27,Datafast,VISA,7998,47.83,1.67,2.15,0.48,43.53,SETTLED,0
LIQ-00869,BNK427568,TXN-202408-0376,2024-08-13,2024-08-12,Medianet,MASTERCARD,4427,187.49,6.0,8.44,1.87,171.18,SETTLED,0
LIQ-00870,BNK259057,TXN-202408-0377,2024-08-17,2024-08-16,Medianet,VISA,3620,1021.85,32.7,45.98,10.22,932.93,SETTLED,0
LIQ-00871,BNK167905,TXN-202408-0378,2024-08-31,2024-08-29,Datafast,MASTERCARD,6186,60.76,2.13,2.73,0.61,55.29,SETTLED,0
LIQ-00872,BNK565511,TXN-202408-0379,2024-08-18,2024-08-17,PayPhone,MASTERCARD,7784,51.27,1.95,2.31,0.51,46.5,SETTLED,0
LIQ-00873,BNK112179,TXN-202408-0380,2024-08-18,2024-08-17,Medianet,AMEX,4820,21.19,0.68,0.95,0.21,19.35,SETTLED,0
LIQ-00874,BNK260378,TXN-202408-0381,2024-08-23,2024-08-22,Datafast,VISA,5391,19.48,0.68,0.88,0.19,17.73,SETTLED,0
LIQ-00875,BNK688076,TXN-202408-0382,2024-08-25,2024-08-24,Medianet,DINERS,4030,314.42,10.06,14.15,3.14,287.07,SETTLED,0
LIQ-00876,BNK454437,TXN-202408-0383,2024-08-15,2024-08-14,Medianet,MASTERCARD,8411,375.07,12.0,16.88,3.75,342.44,SETTLED,0
LIQ-00877,BNK207174,TXN-202408-0384,2024-08-09,2024-08-06,Datafast,VISA,9159,30.31,1.06,1.36,0.3,27.59,SETTLED,0
LIQ-00878,BNK504682,TXN-202408-0385,2024-08-13,2024-08-11,PayPhone,VISA,8768,28.64,1.09,1.29,0.29,25.97,SETTLED,0
LIQ-00879,BNK249253,TXN-202408-0386,2024-08-11,2024-08-08,Datafast,MASTERCARD,6224,215.85,7.55,9.71,2.16,196.43,SETTLED,0
LIQ-00880,BNK267570,TXN-202408-0387,2024-08-14,2024-08-12,Medianet,VISA,3793,392.72,12.57,17.67,3.93,358.55,SETTLED,0
LIQ-00881,BNK472843,TXN-202408-0388,2024-08-21,2024-08-20,Datafast,VISA,3621,492.84,17.25,22.18,4.93,448.48,SETTLED,0
LIQ-00882,BNK708171,TXN-202408-0389,2024-08-09,2024-08-08,Medianet,DINERS,6876,27.53,0.88,1.24,0.28,25.13,SETTLED,0
LIQ-00883,BNK896969,TXN-202408-0390,2024-08-12,2024-08-09,PayPhone,VISA,3516,369.68,14.05,16.64,3.7,335.29,SETTLED,0
LIQ-00884,BNK354969,TXN-202408-0391,2024-08-17,2024-08-15,Medianet,MASTERCARD,1287,119.6,3.83,5.38,1.2,109.19,SETTLED,0
LIQ-00885,BNK965620,TXN-202408-0392,2024-08-11,2024-08-09,Datafast,VISA,7854,184.94,6.47,8.32,1.85,168.3,SETTLED,0
LIQ-00886,BNK760934,TXN-202408-0393,2024-08-26,2024-08-24,Datafast,VISA,2319,2335.66,81.75,105.1,23.36,2125.45,SETTLED,0
LIQ-00887,BNK526383,TXN-202408-0394,2024-08-20,2024-08-19,Medianet,VISA,7543,369.63,11.83,16.63,3.7,337.47,SETTLED,0
LIQ-00888,BNK388586,TXN-202408-0395,2024-08-04,2024-08-03,Medianet,VISA,6722,322.04,10.31,14.49,3.22,294.02,SETTLED,0
LIQ-00889,BNK668977,TXN-202408-0396,2024-08-31,2024-08-30,PayPhone,VISA,9892,262.41,9.97,11.81,2.62,238.01,SETTLED,0
LIQ-00890,BNK673268,TXN-202408-0397,2024-08-04,2024-08-01,PayPhone,VISA,2371,332.97,12.65,14.98,3.33,302.01,SETTLED,0
LIQ-00891,BNK231132,TXN-202408-0398,2024-08-21,2024-08-18,Medianet,VISA,3322,8.09,0.26,0.36,0.08,7.39,SETTLED,0
LIQ-00892,BNK100359,TXN-202408-0399,2024-08-26,2024-08-24,Datafast,MASTERCARD,3192,8.79,0.31,0.4,0.09,7.99,SETTLED,0
LIQ-00893,BNK626943,TXN-202408-0400,2024-08-16,2024-08-14,PayPhone,MASTERCARD,1455,117.83,4.48,5.3,1.18,106.87,SETTLED,0
LIQ-00894,BNK701746,TXN-202408-0401,2024-08-25,2024-08-24,Medianet,VISA,7043,40.69,1.3,1.83,0.41,37.15,SETTLED,0
LIQ-00895,BNK927687,TXN-202408-0402,2024-08-24,2024-08-23,Medianet,VISA,3583,37.59,1.2,1.69,0.38,34.32,SETTLED,0
LIQ-00896,BNK916489,TXN-202408-0403,2024-08-20,2024-08-19,Medianet,VISA,3472,34.65,1.11,1.56,0.35,31.63,SETTLED,0
LIQ-00897,BNK332786,TXN-202408-0404,2024-08-11,2024-08-09,Medianet,DINERS,5683,23.17,0.74,1.04,0.23,21.16,SETTLED,0
LIQ-00898,BNK378835,TXN-202408-0405,2024-08-16,2024-08-14,Datafast,DINERS,2917,55.38,1.94,2.49,0.55,50.4,SETTLED,0
LIQ-00899,BNK660591,TXN-202408-0406,2024-08-11,2024-08-10,Datafast,VISA,2168,90.17,3.16,4.06,0.9,82.05,SETTLED,0
LIQ-00900,BNK519567,TXN-202408-0407,2024-08-07,2024-08-05,PayPhone,MASTERCARD,6285,1605.53,61.01,72.25,16.06,1456.21,SETTLED,0
LIQ-00901,BNK658580,TXN-202408-0408,2024-08-28,2024-08-25,Datafast,AMEX,7725,33.04,1.16,1.49,0.33,30.06,SETTLED,0
LIQ-00902,BNK830530,TXN-202408-0409,2024-08-31,2024-08-30,PayPhone,VISA,4577,76.17,2.89,3.43,0.76,69.09,SETTLED,0
LIQ-00903,BNK626184,TXN-202408-0410,2024-08-06,2024-08-04,PayPhone,AMEX,1688,57.03,2.17,2.57,0.57,51.72,SETTLED,0
LIQ-00904,BNK339025,TXN-202408-0411,2024-08-10,2024-08-07,Datafast,VISA,3484,45.35,1.59,2.04,0.45,41.27,SETTLED,0
LIQ-00905,BNK743909,TXN-202408-0412,2024-08-08,2024-08-05,Medianet,VISA,6205,59.74,1.91,2.69,0.6,54.54,SETTLED,0
LIQ-00906,BNK143083,TXN-202408-0413,2024-08-04,2024-08-02,Medianet,VISA,6174,358.68,11.48,16.14,3.59,327.47,SETTLED,0
LIQ-00907,BNK557082,TXN-202408-0414,2024-08-04,2024-08-02,Datafast,VISA,7590,339.55,11.88,15.28,3.4,308.99,SETTLED,0
LIQ-00908,BNK244136,TXN-202408-0415,2024-08-31,2024-08-28,Medianet,VISA,4810,25.35,0.81,1.14,0.25,23.15,SETTLED,0
LIQ-00909,BNK371090,TXN-202408-0416,2024-08-14,2024-08-13,Datafast,VISA,8141,71.26,2.49,3.21,0.71,64.85,SETTLED,0
LIQ-00910,BNK514385,TXN-202408-0417,2024-08-19,2024-08-16,PayPhone,MASTERCARD,5003,459.63,17.47,20.68,4.6,416.88,SETTLED,0
LIQ-00911,BNK602816,TXN-202408-0418,2024-09-02,2024-08-30,Medianet,VISA,8590,39.35,1.26,1.77,0.39,35.93,SETTLED,0
LIQ-00912,BNK258690,TXN-202408-0419,2024-08-16,2024-08-13,Datafast,VISA,3525,30.02,1.05,1.35,0.3,27.32,SETTLED,0
LIQ-00913,BNK889467,TXN-202408-0420,2024-08-11,2024-08-08,Datafast,VISA,7694,51.89,1.82,2.34,0.52,47.21,SETTLED,0
LIQ-00914,BNK652819,TXN-202408-0421,2024-08-28,2024-08-27,Datafast,VISA,3823,34.04,1.19,1.53,0.34,30.98,SETTLED,0
LIQ-00915,BNK566799,TXN-202408-0422,2024-08-16,2024-08-13,PayPhone,DINERS,5860,30.63,1.16,1.38,0.31,27.78,SETTLED,0
LIQ-00916,BNK731182,TXN-202408-0423,2024-08-31,2024-08-28,Datafast,MASTERCARD,3947,55.85,1.95,2.51,0.56,50.83,SETTLED,0
LIQ-00917,BNK703717,TXN-202408-0424,2024-08-13,2024-08-10,Medianet,VISA,1700,259.12,8.29,11.66,2.59,236.58,SETTLED,0
LIQ-00918,BNK171460,TXN-202408-0425,2024-08-21,2024-08-18,Datafast,MASTERCARD,8069,15.39,0.54,0.69,0.15,14.01,SETTLED,0
LIQ-00919,BNK545555,TXN-202408-0426,2024-08-18,2024-08-17,PayPhone,AMEX,7176,57.89,2.2,2.61,0.58,52.5,SETTLED,0
LIQ-00920,BNK123126,TXN-202408-0427,2024-08-20,2024-08-19,Datafast,AMEX,2245,355.62,12.45,16.0,3.56,323.61,SETTLED,0
LIQ-00921,BNK753513,TXN-202408-0428,2024-08-12,2024-08-11,Datafast,MASTERCARD,6492,795.97,27.86,35.82,7.96,724.33,SETTLED,0
LIQ-00922,BNK973485,TXN-202408-0429,2024-08-16,2024-08-14,Medianet,MASTERCARD,5246,253.9,8.12,11.43,2.54,231.81,SETTLED,0
LIQ-00923,BNK166490,TXN-202408-0430,2024-08-10,2024-08-09,Datafast,DINERS,9427,471.97,16.52,21.24,4.72,429.49,SETTLED,0
LIQ-00924,BNK193513,TXN-202408-0431,2024-08-23,2024-08-20,Medianet,VISA,1443,62.18,1.99,2.8,0.62,56.77,SETTLED,0
LIQ-00925,BNK414467,TXN-202408-0432,2024-08-23,2024-08-22,Datafast,MASTERCARD,6564,22.41,0.78,1.01,0.22,20.4,SETTLED,0
LIQ-00926,BNK177440,TXN-202408-0433,2024-08-22,2024-08-20,Datafast,MASTERCARD,2590,42.67,1.49,1.92,0.43,38.83,SETTLED,0
LIQ-00927,BNK324869,TXN-202408-0434,2024-08-06,2024-08-05,Medianet,VISA,4187,286.41,9.17,12.89,2.86,261.49,SETTLED,0
LIQ-00928,BNK969999,TXN-202408-0435,2024-08-11,2024-08-09,Datafast,VISA,4354,86.31,3.02,3.88,0.86,78.55,SETTLED,0
LIQ-00929,BNK218432,TXN-202408-0436,2024-08-08,2024-08-06,Datafast,MASTERCARD,2752,20.34,0.71,0.92,0.2,18.51,SETTLED,0
LIQ-00930,BNK714987,TXN-202408-0437,2024-08-10,2024-08-08,PayPhone,VISA,4654,39.32,1.49,1.77,0.39,35.67,SETTLED,0
LIQ-00931,BNK893445,TXN-202408-0438,2024-08-13,2024-08-11,Datafast,VISA,9819,239.76,8.39,10.79,2.4,218.18,SETTLED,0
LIQ-00932,BNK859977,TXN-202408-0439,2024-09-01,2024-08-29,Medianet,MASTERCARD,1662,300.6,9.62,13.53,3.01,274.44,SETTLED,0
LIQ-00933,BNK360345,TXN-202408-0440,2024-08-03,2024-08-02,Medianet,MASTERCARD,1714,67.03,2.14,3.02,0.67,61.2,SETTLED,0
LIQ-00934,BNK475125,TXN-202408-0441,2024-08-20,2024-08-17,Medianet,VISA,5466,314.23,10.06,14.14,3.14,286.89,SETTLED,0
LIQ-00935,BNK793298,TXN-202408-0442,2024-08-27,2024-08-25,PayPhone,VISA,9756,71.33,2.71,3.21,0.71,64.7,SETTLED,0
LIQ-00936,BNK892189,TXN-202408-0443,2024-08-18,2024-08-17,Datafast,VISA,4677,102.91,3.6,4.63,1.03,93.65,SETTLED,0
LIQ-00937,BNK728820,TXN-202408-0444,2024-08-09,2024-08-06,Datafast,MASTERCARD,3572,42.55,1.49,1.91,0.43,38.72,SETTLED,0
LIQ-00938,BNK771190,TXN-202408-0445,2024-08-16,2024-08-15,PayPhone,MASTERCARD,2052,36.02,1.37,1.62,0.36,32.67,SETTLED,0
LIQ-00939,BNK954446,TXN-202408-0446,2024-08-16,2024-08-15,Datafast,MASTERCARD,2371,164.81,5.77,7.42,1.65,149.97,SETTLED,0
LIQ-00940,BNK271174,TXN-202408-0447,2024-08-26,2024-08-23,Datafast,MASTERCARD,3896,2491.22,87.19,112.1,24.91,2267.02,SETTLED,0
LIQ-00941,BNK960617,TXN-202408-0448,2024-08-20,2024-08-17,Datafast,VISA,3487,32.22,1.13,1.45,0.32,29.32,SETTLED,0
LIQ-00942,BNK314508,TXN-202408-0449,2024-08-16,2024-08-13,Datafast,MASTERCARD,2546,76.23,2.67,3.43,0.76,69.37,SETTLED,0
LIQ-00943,BNK849453,TXN-202408-0450,2024-08-23,2024-08-22,Datafast,MASTERCARD,3832,1913.73,66.98,86.12,19.14,1741.49,SETTLED,0
LIQ-00944,BNK527168,TXN-202408-0451,2024-08-12,2024-08-10,Datafast,VISA,2249,101.55,3.55,4.57,1.02,92.41,SETTLED,0
LIQ-00945,BNK213204,TXN-202408-0452,2024-08-30,2024-08-29,Medianet,DINERS,7096,18.55,0.59,0.83,0.19,16.94,SETTLED,0
LIQ-00946,BNK343950,TXN-202408-0453,2024-08-18,2024-08-16,PayPhone,VISA,5850,85.13,3.23,3.83,0.85,77.22,SETTLED,0
LIQ-00947,BNK323707,TXN-202408-0454,2024-08-22,2024-08-19,Medianet,VISA,9378,179.91,5.76,8.1,1.8,164.25,SETTLED,0
LIQ-00948,BNK598189,TXN-202408-0455,2024-08-11,2024-08-08,Datafast,VISA,2845,50.01,1.75,2.25,0.5,45.51,SETTLED,0
LIQ-00949,BNK854675,TXN-202408-0456,2024-08-07,2024-08-06,Datafast,MASTERCARD,7102,167.21,5.85,7.52,1.67,152.17,SETTLED,0
LIQ-00950,BNK527433,TXN-202408-0457,2024-08-22,2024-08-19,Datafast,VISA,9819,7.43,0.26,0.33,0.07,6.77,SETTLED,0
LIQ-00951,BNK100445,TXN-202408-0458,2024-08-07,2024-08-06,Datafast,DINERS,3517,36.27,1.27,1.63,0.36,33.01,SETTLED,0
LIQ-00952,BNK458328,TXN-202408-0459,2024-08-29,2024-08-26,Medianet,MASTERCARD,8134,329.89,10.56,14.85,3.3,301.18,SETTLED,0
LIQ-00953,BNK295643,TXN-202408-0460,2024-08-05,2024-08-03,Datafast,VISA,9903,471.22,16.49,21.2,4.71,428.82,SETTLED,0
LIQ-00954,BNK360702,TXN-202408-0461,2024-08-30,2024-08-27,Datafast,AMEX,7834,398.55,13.95,17.93,3.99,362.68,SETTLED,0
LIQ-00955,BNK145918,TXN-202408-0462,2024-08-14,2024-08-11,Datafast,VISA,9778,69.46,2.43,3.13,0.69,63.21,SETTLED,0
LIQ-00956,BNK366875,TXN-202408-0463,2024-08-22,2024-08-19,Datafast,VISA,9183,9.36,0.33,0.42,0.09,8.52,SETTLED,0
LIQ-00957,BNK436821,TXN-202408-0464,2024-08-23,2024-08-20,PayPhone,MASTERCARD,7577,59.31,2.25,2.67,0.59,53.8,SETTLED,0
LIQ-00958,BNK683316,TXN-202408-0465,2024-08-22,2024-08-20,Datafast,MASTERCARD,5881,44.4,1.55,2.0,0.44,40.41,SETTLED,0
LIQ-00959,BNK635868,TXN-202408-0466,2024-08-18,2024-08-16,PayPhone,MASTERCARD,1138,59.69,2.27,2.69,0.6,54.13,SETTLED,0
LIQ-00960,BNK198980,TXN-202408-0467,2024-08-08,2024-08-07,PayPhone,AMEX,2703,26.79,1.02,1.21,0.27,24.29,SETTLED,0
LIQ-00961,BNK520068,TXN-202408-0468,2024-08-10,2024-08-07,Datafast,VISA,2797,389.74,13.64,17.54,3.9,354.66,SETTLED,0
LIQ-00962,BNK448599,TXN-202408-0469,2024-08-22,2024-08-21,PayPhone,VISA,9697,47.03,1.79,2.12,0.47,42.65,SETTLED,0
LIQ-00963,BNK917636,TXN-202408-0470,2024-08-12,2024-08-10,Datafast,VISA,6352,64.26,2.25,2.89,0.64,58.48,SETTLED,0
LIQ-00964,BNK970379,TXN-202408-0471,2024-08-13,2024-08-11,Medianet,VISA,5294,56.44,1.81,2.54,0.56,51.53,SETTLED,0
LIQ-00965,BNK834351,TXN-202408-0472,2024-08-13,2024-08-11,Medianet,MASTERCARD,9802,18.17,0.58,0.82,0.18,16.59,SETTLED,0
LIQ-00966,BNK122996,TXN-202408-0473,2024-08-07,2024-08-05,PayPhone,VISA,1958,7.67,0.29,0.35,0.08,6.95,SETTLED,0
LIQ-00967,BNK273616,TXN-202408-0474,2024-08-17,2024-08-15,Datafast,VISA,7380,456.29,15.97,20.53,4.56,415.23,SETTLED,0
LIQ-00968,BNK477818,TXN-202408-0475,2024-08-24,2024-08-22,PayPhone,VISA,6067,47.37,1.8,2.13,0.47,42.97,SETTLED,0
LIQ-00969,BNK391941,TXN-202408-0476,2024-09-01,2024-08-30,Medianet,VISA,6006,219.32,7.02,9.87,2.19,200.24,SETTLED,0
LIQ-00970,BNK886931,TXN-202408-0477,2024-08-16,2024-08-13,Datafast,VISA,3188,222.44,7.79,10.01,2.22,202.42,SETTLED,0
LIQ-00971,BNK416762,TXN-202408-0478,2024-08-06,2024-08-04,Medianet,VISA,1015,158.7,5.08,7.14,1.59,144.89,SETTLED,0
LIQ-00972,BNK619665,TXN-202408-0479,2024-08-17,2024-08-16,Medianet,VISA,1697,36.04,1.15,1.62,0.36,32.91,SETTLED,0
LIQ-00973,BNK251670,TXN-202408-0480,2024-08-07,2024-08-06,Datafast,AMEX,7361,44.38,1.55,2.0,0.44,40.39,SETTLED,0
LIQ-00974,BNK374918,TXN-202408-0481,2024-08-18,2024-08-17,Datafast,VISA,3910,11.95,0.42,0.54,0.12,10.87,SETTLED,0
LIQ-00975,BNK230620,TXN-202408-0482,2024-08-19,2024-08-16,Medianet,AMEX,9232,30.51,0.98,1.37,0.31,27.85,SETTLED,0
LIQ-00976,BNK746216,TXN-202408-0483,2024-08-07,2024-08-04,PayPhone,VISA,9156,62.71,2.38,2.82,0.63,56.88,SETTLED,0
LIQ-00977,BNK202090,TXN-202408-0484,2024-08-26,2024-08-23,Medianet,VISA,8245,272.93,8.73,12.28,2.73,249.19,SETTLED,0
LIQ-00978,BNK549752,TXN-202408-0485,2024-08-29,2024-08-28,Datafast,VISA,9592,68.61,2.4,3.09,0.69,62.43,SETTLED,0
LIQ-00979,BNK433325,TXN-202408-0486,2024-08-26,2024-08-24,Datafast,AMEX,8871,62.46,2.19,2.81,0.62,56.84,SETTLED,0
LIQ-00980,BNK781874,TXN-202408-0487,2024-08-08,2024-08-07,Datafast,MASTERCARD,5006,168.14,5.88,7.57,1.68,153.01,SETTLED,0
LIQ-00981,BNK133099,TXN-202408-0488,2024-08-10,2024-08-09,Datafast,MASTERCARD,6139,361.87,12.67,16.28,3.62,329.3,SETTLED,0
LIQ-00982,BNK302635,TXN-202408-0489,2024-08-05,2024-08-04,Datafast,VISA,9532,1899.06,66.47,85.46,18.99,1728.14,SETTLED,0
LIQ-00983,BNK830872,TXN-202408-0490,2024-08-28,2024-08-26,Medianet,MASTERCARD,6362,75.75,2.42,3.41,0.76,69.14,SETTLED,0
LIQ-00984,BNK403198,TXN-202408-0491,2024-08-20,2024-08-18,Medianet,VISA,7352,71.92,2.3,3.24,0.72,65.66,SETTLED,0
LIQ-00985,BNK386890,TXN-202408-0492,2024-08-14,2024-08-13,Datafast,VISA,7581,626.14,21.91,28.18,6.26,569.79,SETTLED,0
LIQ-00986,BNK129627,TXN-202408-0493,2024-08-24,2024-08-21,Datafast,VISA,5616,454.34,15.9,20.45,4.54,413.45,SETTLED,0
LIQ-00987,BNK925961,TXN-202408-0494,2024-08-26,2024-08-23,Medianet,MASTERCARD,7542,66.31,2.12,2.98,0.66,60.55,SETTLED,0
LIQ-00988,BNK694772,TXN-202408-0495,2024-08-20,2024-08-19,PayPhone,VISA,6092,2411.07,91.62,108.5,24.11,2186.84,SETTLED,0
LIQ-00989,BNK536617,TXN-202408-0496,2024-08-13,2024-08-10,Datafast,AMEX,2945,120.85,4.23,5.44,1.21,109.97,SETTLED,0
LIQ-00990,BNK521595,TXN-202408-0497,2024-08-08,2024-08-05,Medianet,MASTERCARD,8132,76.06,2.43,3.42,0.76,69.45,SETTLED,0
LIQ-00991,BNK986180,TXN-202408-0498,2024-08-13,2024-08-11,Datafast,VISA,3118,73.79,2.58,3.32,0.74,67.15,SETTLED,0
LIQ-00992,BNK166248,TXN-202408-0499,2024-08-16,2024-08-15,Datafast,VISA,4566,31.36,1.1,1.41,0.31,28.54,SETTLED,0
LIQ-00993,BNK592879,TXN-202408-0500,2024-08-16,2024-08-13,Datafast,VISA,5852,293.34,10.27,13.2,2.93,266.94,SETTLED,0
LIQ-00994,BNK892309,TXN-202409-0001,2024-09-20,2024-09-18,Medianet,VISA,3953,412.82,13.21,18.58,4.13,376.9,SETTLED,0
LIQ-00995,BNK876298,TXN-202409-0002,2024-09-18,2024-09-16,Datafast,VISA,2831,310.14,10.85,13.96,3.1,282.23,SETTLED,0
LIQ-00996,BNK607762,TXN-202409-0003,2024-09-17,2024-09-14,Datafast,VISA,3308,261.08,9.14,11.75,2.61,237.58,SETTLED,0
LIQ-00997,BNK883833,TXN-202409-0004,2024-09-06,2024-09-03,Medianet,MASTERCARD,8145,54.7,1.75,2.46,0.55,49.94,SETTLED,0
LIQ-00998,BNK168507,TXN-202409-0005,2024-09-17,2024-09-15,PayPhone,MASTERCARD,3372,49.41,1.88,2.22,0.49,44.82,SETTLED,0
LIQ-00999,BNK909919,TXN-202409-0006,2024-09-06,2024-09-03,Medianet,AMEX,3933,76.69,2.45,3.45,0.77,70.02,SETTLED,0
LIQ-01000,BNK640842,TXN-202409-0007,2024-09-19,2024-09-16,Datafast,AMEX,2230,239.14,8.37,10.76,2.39,217.62,SETTLED,0
LIQ-01001,BNK232935,TXN-202409-0009,2024-09-12,2024-09-10,PayPhone,MASTERCARD,4167,270.25,10.27,12.16,2.7,245.12,SETTLED,0
LIQ-01002,BNK834207,TXN-202409-0010,2024-09-13,2024-09-10,Medianet,VISA,3998,70.81,2.27,3.19,0.71,64.64,SETTLED,0
LIQ-01003,BNK371258,TXN-202409-0011,2024-09-25,2024-09-23,Medianet,MASTERCARD,1280,2841.69,90.93,127.88,28.42,2594.46,SETTLED,0
LIQ-01004,BNK723427,TXN-202409-0012,2024-09-29,2024-09-28,PayPhone,MASTERCARD,6007,294.38,11.19,13.25,2.94,267.0,SETTLED,0
LIQ-01005,BNK664385,TXN-202409-0013,2024-09-04,2024-09-01,PayPhone,VISA,2047,2919.75,110.95,131.39,29.2,2648.21,SETTLED,0
LIQ-01006,BNK701080,TXN-202409-0014,2024-09-02,2024-09-01,Medianet,DINERS,1745,26.17,0.84,1.18,0.26,23.89,SETTLED,0
LIQ-01007,BNK889586,TXN-202409-0015,2024-09-15,2024-09-13,Datafast,MASTERCARD,5658,378.94,13.26,17.05,3.79,344.84,SETTLED,0
LIQ-01008,BNK673173,TXN-202409-0016,2024-09-20,2024-09-18,Datafast,VISA,3672,15.43,0.54,0.69,0.15,14.05,SETTLED,0
LIQ-01009,BNK761113,TXN-202409-0017,2024-10-01,2024-09-28,PayPhone,VISA,5144,26.64,1.01,1.2,0.27,24.18,SETTLED,0
LIQ-01010,BNK143862,TXN-202409-0018,2024-10-01,2024-09-29,Datafast,VISA,9714,140.48,4.92,6.32,1.4,127.84,SETTLED,0
LIQ-01011,BNK673261,TXN-202409-0019,2024-09-28,2024-09-26,Medianet,DINERS,4554,15.29,0.49,0.69,0.15,13.96,SETTLED,0
LIQ-01012,BNK667323,TXN-202409-0020,2024-09-21,2024-09-20,PayPhone,AMEX,2847,470.73,17.89,21.18,4.71,426.95,SETTLED,0
LIQ-01013,BNK864921,TXN-202409-0021,2024-09-09,2024-09-08,Datafast,VISA,5610,241.58,8.46,10.87,2.42,219.83,SETTLED,0
LIQ-01014,BNK102990,TXN-202409-0022,2024-09-26,2024-09-23,Datafast,VISA,8956,59.82,2.09,2.69,0.6,54.44,SETTLED,0
LIQ-01015,BNK520169,TXN-202409-0023,2024-09-05,2024-09-02,Datafast,DINERS,9373,94.05,3.29,4.23,0.94,85.59,SETTLED,0
LIQ-01016,BNK584153,TXN-202409-0024,2024-09-04,2024-09-03,Datafast,VISA,2833,483.93,16.94,21.78,4.84,440.37,SETTLED,0
LIQ-01017,BNK973807,TXN-202409-0025,2024-09-11,2024-09-09,Medianet,MASTERCARD,2475,395.24,12.65,17.79,3.95,360.85,SETTLED,0
LIQ-01018,BNK677925,TXN-202409-0026,2024-09-24,2024-09-21,Medianet,MASTERCARD,8717,183.0,5.86,8.23,1.83,167.08,SETTLED,0
LIQ-01019,BNK252526,TXN-202409-0027,2024-09-21,2024-09-19,Medianet,MASTERCARD,8315,306.46,9.81,13.79,3.06,279.8,SETTLED,0
LIQ-01020,BNK201605,TXN-202409-0028,2024-09-18,2024-09-15,Medianet,AMEX,3513,5.81,0.19,0.26,0.06,5.3,SETTLED,0
LIQ-01021,BNK384686,TXN-202409-0029,2024-09-28,2024-09-26,PayPhone,MASTERCARD,7656,31.47,1.2,1.42,0.31,28.54,SETTLED,0
LIQ-01022,BNK183487,TXN-202409-0030,2024-09-27,2024-09-24,Datafast,VISA,5549,2373.56,83.07,106.81,23.74,2159.94,SETTLED,0
LIQ-01023,BNK564362,TXN-202409-0031,2024-09-24,2024-09-22,Datafast,MASTERCARD,9631,320.6,11.22,14.43,3.21,291.74,SETTLED,0
LIQ-01024,BNK384027,TXN-202409-0032,2024-09-18,2024-09-17,PayPhone,MASTERCARD,2581,11.19,0.43,0.5,0.11,10.15,SETTLED,0
LIQ-01025,BNK533795,TXN-202409-0033,2024-09-30,2024-09-28,PayPhone,VISA,3635,26.07,0.99,1.17,0.26,23.65,SETTLED,0
LIQ-01026,BNK642084,TXN-202409-0034,2024-09-08,2024-09-05,Datafast,VISA,9416,49.38,1.73,2.22,0.49,44.94,SETTLED,0
LIQ-01027,BNK988973,TXN-202409-0035,2024-09-17,2024-09-16,Datafast,AMEX,4263,57.56,2.01,2.59,0.58,52.38,SETTLED,0
LIQ-01028,BNK209666,TXN-202409-0036,2024-09-08,2024-09-05,Medianet,AMEX,2816,11.33,0.36,0.51,0.11,10.35,SETTLED,0
LIQ-01029,BNK925519,TXN-202409-0037,2024-09-27,2024-09-25,PayPhone,VISA,1326,79.52,3.02,3.58,0.8,72.12,SETTLED,0
LIQ-01030,BNK337475,TXN-202409-0038,2024-09-26,2024-09-24,Datafast,VISA,1934,168.56,5.9,7.59,1.69,153.38,SETTLED,0
LIQ-01031,BNK980525,TXN-202409-0039,2024-09-17,2024-09-15,Datafast,VISA,4593,102.06,3.57,4.59,1.02,92.88,SETTLED,0
LIQ-01032,BNK442305,TXN-202409-0040,2024-09-10,2024-09-08,Datafast,VISA,8077,2806.15,98.22,126.28,28.06,2553.59,SETTLED,0
LIQ-01033,BNK752788,TXN-202409-0041,2024-09-15,2024-09-14,Medianet,VISA,7918,44.78,1.43,2.02,0.45,40.88,SETTLED,0
LIQ-01034,BNK293680,TXN-202409-0042,2024-09-20,2024-09-17,Datafast,MASTERCARD,7714,28.68,1.0,1.29,0.29,26.1,SETTLED,0
LIQ-01035,BNK513683,TXN-202409-0043,2024-09-30,2024-09-28,PayPhone,VISA,1343,31.54,1.2,1.42,0.32,28.6,SETTLED,0
LIQ-01036,BNK757027,TXN-202409-0044,2024-09-27,2024-09-26,Medianet,MASTERCARD,3754,25.27,0.81,1.14,0.25,23.07,SETTLED,0
LIQ-01037,BNK494822,TXN-202409-0045,2024-09-11,2024-09-08,Datafast,MASTERCARD,1034,55.65,1.95,2.5,0.56,50.64,SETTLED,0
LIQ-01038,BNK377900,TXN-202409-0046,2024-09-08,2024-09-06,Medianet,MASTERCARD,2022,55.83,1.79,2.51,0.56,50.97,SETTLED,0
LIQ-01039,BNK672433,TXN-202409-0047,2024-09-07,2024-09-04,Medianet,MASTERCARD,1088,85.02,2.72,3.83,0.85,77.62,SETTLED,0
LIQ-01040,BNK542693,TXN-202409-0048,2024-09-08,2024-09-07,Datafast,VISA,6698,26.25,0.92,1.18,0.26,23.89,SETTLED,0
LIQ-01041,BNK746413,TXN-202409-0049,2024-09-28,2024-09-27,Datafast,VISA,4222,2141.51,74.95,96.37,21.42,1948.77,SETTLED,0
LIQ-01042,BNK795381,TXN-202409-0050,2024-10-01,2024-09-28,PayPhone,MASTERCARD,3642,130.39,4.95,5.87,1.3,118.27,SETTLED,0
LIQ-01043,BNK664557,TXN-202409-0051,2024-09-07,2024-09-06,Datafast,MASTERCARD,9834,317.75,11.12,14.3,3.18,289.15,SETTLED,0
LIQ-01044,BNK747397,TXN-202409-0052,2024-09-23,2024-09-21,Medianet,VISA,6515,75.21,2.41,3.38,0.75,68.67,SETTLED,0
LIQ-01045,BNK943858,TXN-202409-0053,2024-09-27,2024-09-25,PayPhone,VISA,4168,72.75,2.76,3.27,0.73,65.99,SETTLED,0
LIQ-01046,BNK361070,TXN-202409-0054,2024-09-15,2024-09-13,Datafast,MASTERCARD,9912,9.68,0.34,0.44,0.1,8.8,SETTLED,0
LIQ-01047,BNK832829,TXN-202409-0055,2024-09-05,2024-09-03,PayPhone,VISA,7488,154.73,5.88,6.96,1.55,140.34,SETTLED,0
LIQ-01048,BNK710029,TXN-202409-0056,2024-09-05,2024-09-04,PayPhone,VISA,4089,53.41,2.03,2.4,0.53,48.45,SETTLED,0
LIQ-01049,BNK515055,TXN-202409-0057,2024-09-18,2024-09-15,Medianet,VISA,2578,124.62,3.99,5.61,1.25,113.77,SETTLED,0
LIQ-01050,BNK830311,TXN-202409-0058,2024-09-27,2024-09-25,Datafast,VISA,1063,59.57,2.08,2.68,0.6,54.21,SETTLED,0
LIQ-01051,BNK748591,TXN-202409-0059,2024-09-05,2024-09-02,Datafast,VISA,6271,80.36,2.81,3.62,0.8,73.13,SETTLED,0
LIQ-01052,BNK676247,TXN-202409-0060,2024-09-04,2024-09-01,Datafast,VISA,1760,34.35,1.2,1.55,0.34,31.26,SETTLED,0
LIQ-01053,BNK561736,TXN-202409-0061,2024-09-25,2024-09-24,Medianet,MASTERCARD,6351,35.29,1.13,1.59,0.35,32.22,SETTLED,0
LIQ-01054,BNK426752,TXN-202409-0062,2024-09-17,2024-09-16,Medianet,VISA,3940,2544.94,81.44,114.52,25.45,2323.53,SETTLED,0
LIQ-01055,BNK631337,TXN-202409-0063,2024-09-14,2024-09-13,Medianet,DINERS,5426,56.14,1.8,2.53,0.56,51.25,SETTLED,0
LIQ-01056,BNK499677,TXN-202409-0064,2024-09-12,2024-09-11,Medianet,DINERS,5002,45.1,1.44,2.03,0.45,41.18,SETTLED,0
LIQ-01057,BNK694774,TXN-202409-0065,2024-09-19,2024-09-18,PayPhone,MASTERCARD,9674,20.23,0.77,0.91,0.2,18.35,SETTLED,0
LIQ-01058,BNK427523,TXN-202409-0066,2024-09-07,2024-09-04,PayPhone,MASTERCARD,4849,34.26,1.3,1.54,0.34,31.08,SETTLED,0
LIQ-01059,BNK822142,TXN-202409-0067,2024-09-08,2024-09-07,Medianet,VISA,1031,263.95,8.45,11.88,2.64,240.98,SETTLED,0
LIQ-01060,BNK194682,TXN-202409-0068,2024-09-14,2024-09-13,Datafast,VISA,6820,1096.21,38.37,49.33,10.96,997.55,SETTLED,0
LIQ-01061,BNK443226,TXN-202409-0069,2024-09-28,2024-09-26,Medianet,MASTERCARD,3651,77.37,2.48,3.48,0.77,70.64,SETTLED,0
LIQ-01062,BNK456814,TXN-202409-0070,2024-09-25,2024-09-24,PayPhone,VISA,7847,30.33,1.15,1.36,0.3,27.52,SETTLED,0
LIQ-01063,BNK716931,TXN-202409-0071,2024-09-25,2024-09-22,Datafast,VISA,3800,299.71,10.49,13.49,3.0,272.73,SETTLED,0
LIQ-01064,BNK373907,TXN-202409-0072,2024-09-07,2024-09-05,Datafast,MASTERCARD,2023,592.19,20.73,26.65,5.92,538.89,SETTLED,0
LIQ-01065,BNK428786,TXN-202409-0073,2024-09-26,2024-09-23,Medianet,VISA,1977,614.5,19.66,27.65,6.15,561.04,SETTLED,0
LIQ-01066,BNK942613,TXN-202409-0074,2024-09-27,2024-09-26,Datafast,VISA,8390,28.05,0.98,1.26,0.28,25.53,SETTLED,0
LIQ-01067,BNK791962,TXN-202409-0075,2024-09-05,2024-09-04,Datafast,VISA,7522,423.48,14.82,19.06,4.23,385.37,SETTLED,0
LIQ-01068,BNK151695,TXN-202409-0076,2024-09-16,2024-09-14,Datafast,MASTERCARD,9748,65.33,2.29,2.94,0.65,59.45,SETTLED,0
LIQ-01069,BNK216020,TXN-202409-0077,2024-09-25,2024-09-22,PayPhone,DINERS,8081,216.18,8.21,9.73,2.16,196.08,SETTLED,0
LIQ-01070,BNK230145,TXN-202409-0078,2024-09-05,2024-09-02,Medianet,VISA,3687,1033.08,33.06,46.49,10.33,943.2,SETTLED,0
LIQ-01071,BNK743508,TXN-202409-0079,2024-09-09,2024-09-06,Datafast,VISA,8493,61.82,2.16,2.78,0.62,56.26,SETTLED,0
LIQ-01072,BNK241314,TXN-202409-0080,2024-09-06,2024-09-05,Datafast,VISA,8145,48.65,1.7,2.19,0.49,44.27,SETTLED,0
LIQ-01073,BNK857471,TXN-202409-0081,2024-10-01,2024-09-29,Medianet,MASTERCARD,4998,16.83,0.54,0.76,0.17,15.36,SETTLED,0
LIQ-01074,BNK728210,TXN-202409-0082,2024-09-21,2024-09-19,Datafast,VISA,4721,2266.85,79.34,102.01,22.67,2062.83,SETTLED,0
LIQ-01075,BNK812531,TXN-202409-0083,2024-09-08,2024-09-07,Datafast,AMEX,3905,370.79,12.98,16.69,3.71,337.41,SETTLED,0
LIQ-01076,BNK289353,TXN-202409-0084,2024-09-23,2024-09-20,Medianet,MASTERCARD,4388,75.36,2.41,3.39,0.75,68.81,SETTLED,0
LIQ-01077,BNK161434,TXN-202409-0085,2024-09-23,2024-09-21,Datafast,VISA,9218,76.27,2.67,3.43,0.76,69.41,SETTLED,0
LIQ-01078,BNK985856,TXN-202409-0086,2024-09-18,2024-09-17,Datafast,VISA,7313,13.81,0.48,0.62,0.14,12.57,SETTLED,0
LIQ-01079,BNK820846,TXN-202409-0087,2024-09-18,2024-09-15,Medianet,AMEX,4339,1768.85,56.6,79.6,17.69,1614.96,SETTLED,0
LIQ-01080,BNK918986,TXN-202409-0088,2024-09-24,2024-09-22,Medianet,VISA,4514,64.75,2.07,2.91,0.65,59.12,SETTLED,0
LIQ-01081,BNK600964,TXN-202409-0089,2024-09-14,2024-09-12,Datafast,VISA,8924,635.07,22.23,28.58,6.35,577.91,SETTLED,0
LIQ-01082,BNK478867,TXN-202409-0090,2024-09-16,2024-09-15,Datafast,VISA,7676,453.83,15.88,20.42,4.54,412.99,SETTLED,0
LIQ-01083,BNK358365,TXN-202409-0091,2024-09-03,2024-09-01,Datafast,VISA,2364,16.85,0.59,0.76,0.17,15.33,SETTLED,0
LIQ-01084,BNK830847,TXN-202409-0092,2024-09-21,2024-09-19,Medianet,VISA,9284,38.36,1.23,1.73,0.38,35.02,SETTLED,0
LIQ-01085,BNK500021,TXN-202409-0093,2024-09-06,2024-09-04,Datafast,MASTERCARD,6508,176.63,6.18,7.95,1.77,160.73,SETTLED,0
LIQ-01086,BNK828515,TXN-202409-0094,2024-09-30,2024-09-29,Datafast,VISA,2868,20.0,0.7,0.9,0.2,18.2,SETTLED,0
LIQ-01087,BNK146649,TXN-202409-0095,2024-09-10,2024-09-07,Datafast,MASTERCARD,9885,37.69,1.32,1.7,0.38,34.29,SETTLED,0
LIQ-01088,BNK468323,TXN-202409-0096,2024-09-23,2024-09-21,Datafast,VISA,7594,58.99,2.06,2.65,0.59,53.69,SETTLED,0
LIQ-01089,BNK218896,TXN-202409-0097,2024-09-04,2024-09-02,PayPhone,VISA,3900,56.92,2.16,2.56,0.57,51.63,SETTLED,0
LIQ-01090,BNK173802,TXN-202409-0098,2024-09-12,2024-09-11,Datafast,AMEX,7515,17.84,0.62,0.8,0.18,16.24,SETTLED,0
LIQ-01091,BNK597529,TXN-202409-0099,2024-09-21,2024-09-20,PayPhone,MASTERCARD,8452,347.96,17.82,15.66,3.48,311.0,SETTLED,0
LIQ-01092,BNK182424,TXN-202409-0100,2024-09-19,2024-09-17,Medianet,MASTERCARD,2716,35.88,1.15,1.61,0.36,32.76,SETTLED,0
LIQ-01093,BNK543004,TXN-202409-0101,2024-09-04,2024-09-01,PayPhone,VISA,5060,39.71,2.02,1.79,0.4,35.5,SETTLED,0
LIQ-01094,BNK815932,TXN-202409-0102,2024-09-11,2024-09-08,Datafast,AMEX,8111,37.57,1.31,1.69,0.38,34.19,SETTLED,0
LIQ-01095,BNK863570,TXN-202409-0103,2024-09-03,2024-09-02,PayPhone,AMEX,5992,255.46,9.71,11.5,2.55,231.7,SETTLED,0
LIQ-01096,BNK164872,TXN-202409-0104,2024-09-15,2024-09-13,PayPhone,MASTERCARD,2780,36.93,1.4,1.66,0.37,33.5,SETTLED,0
LIQ-01097,BNK338099,TXN-202409-0105,2024-09-06,2024-09-03,PayPhone,MASTERCARD,1013,42.15,1.6,1.9,0.42,38.23,SETTLED,0
LIQ-01098,BNK972964,TXN-202409-0106,2024-09-14,2024-09-12,Medianet,MASTERCARD,2218,21.35,0.68,0.96,0.21,19.5,SETTLED,0
LIQ-01099,BNK724958,TXN-202409-0107,2024-09-09,2024-09-06,Datafast,DINERS,4110,55.18,1.93,2.48,0.55,50.22,SETTLED,0
LIQ-01100,BNK663942,TXN-202409-0108,2024-09-16,2024-09-15,Datafast,MASTERCARD,3540,490.1,17.15,22.05,4.9,446.0,SETTLED,0
LIQ-01101,BNK889269,TXN-202409-0109,2024-09-18,2024-09-15,PayPhone,VISA,9287,235.58,8.95,10.6,2.36,213.67,SETTLED,0
LIQ-01102,BNK908758,TXN-202409-0110,2024-09-14,2024-09-11,Medianet,AMEX,3569,72.01,2.3,3.24,0.72,65.75,SETTLED,0
LIQ-01103,BNK682210,TXN-202409-0111,2024-09-21,2024-09-18,Datafast,VISA,4295,75.96,2.66,3.42,0.76,69.12,SETTLED,0
LIQ-01104,BNK946729,TXN-202409-0112,2024-09-25,2024-09-24,Medianet,MASTERCARD,4696,71.06,2.27,3.2,0.71,64.88,SETTLED,0
LIQ-01105,BNK514067,TXN-202409-0113,2024-09-15,2024-09-13,Medianet,AMEX,3496,8.87,0.28,0.4,0.09,8.1,SETTLED,0
LIQ-01106,BNK317203,TXN-202409-0114,2024-09-24,2024-09-23,Datafast,VISA,2624,53.61,1.88,2.41,0.54,48.78,SETTLED,0
LIQ-01107,BNK541711,TXN-202409-0115,2024-09-19,2024-09-18,Medianet,MASTERCARD,9856,30.12,0.96,1.36,0.3,27.5,SETTLED,0
LIQ-01108,BNK429659,TXN-202409-0116,2024-09-24,2024-09-23,Medianet,MASTERCARD,9324,445.88,14.27,20.06,4.46,407.09,SETTLED,0
LIQ-01109,BNK360626,TXN-202409-0117,2024-09-20,2024-09-17,Medianet,MASTERCARD,4666,72.34,2.31,3.26,0.72,66.05,SETTLED,0
LIQ-01110,BNK530744,TXN-202409-0118,2024-09-20,2024-09-17,Datafast,VISA,6723,38.93,1.36,1.75,0.39,35.43,SETTLED,0
LIQ-01111,BNK843814,TXN-202409-0119,2024-10-01,2024-09-29,PayPhone,VISA,4061,66.9,2.54,3.01,0.67,60.68,SETTLED,0
LIQ-01112,BNK779077,TXN-202409-0120,2024-09-30,2024-09-29,Datafast,VISA,8554,371.15,12.99,16.7,3.71,337.75,SETTLED,0
LIQ-01113,BNK231872,TXN-202409-0121,2024-09-08,2024-09-06,Datafast,AMEX,2037,34.3,1.2,1.54,0.34,31.22,SETTLED,0
LIQ-01114,BNK204866,TXN-202409-0122,2024-09-07,2024-09-05,PayPhone,VISA,9656,13.4,0.51,0.6,0.13,12.16,SETTLED,0
LIQ-01115,BNK639668,TXN-202409-0123,2024-09-17,2024-09-14,Datafast,VISA,8813,556.73,19.49,25.05,5.57,506.62,SETTLED,0
LIQ-01116,BNK707407,TXN-202409-0124,2024-09-22,2024-09-21,Medianet,VISA,6330,38.29,1.23,1.72,0.38,34.96,SETTLED,0
LIQ-01117,BNK372530,TXN-202409-0125,2024-09-20,2024-09-17,Datafast,VISA,1324,177.58,6.22,7.99,1.78,161.59,SETTLED,0
LIQ-01118,BNK443569,TXN-202409-0126,2024-09-19,2024-09-16,Datafast,MASTERCARD,7652,410.47,14.37,18.47,4.1,373.53,SETTLED,0
LIQ-01119,BNK490477,TXN-202409-0127,2024-09-20,2024-09-19,Medianet,MASTERCARD,8901,39.35,1.26,1.77,0.39,35.93,SETTLED,0
LIQ-01120,BNK728614,TXN-202409-0128,2024-09-14,2024-09-12,PayPhone,VISA,9077,175.25,6.66,7.89,1.75,158.95,SETTLED,0
LIQ-01121,BNK158522,TXN-202409-0129,2024-09-09,2024-09-06,Medianet,VISA,7318,39.19,1.25,1.76,0.39,35.79,SETTLED,0
LIQ-01122,BNK497392,TXN-202409-0130,2024-09-30,2024-09-27,PayPhone,MASTERCARD,2556,77.99,2.96,3.51,0.78,70.74,SETTLED,0
LIQ-01123,BNK609092,TXN-202409-0131,2024-09-04,2024-09-02,Medianet,MASTERCARD,1711,22.84,0.73,1.03,0.23,20.85,SETTLED,0
LIQ-01124,BNK108051,TXN-202409-0132,2024-09-24,2024-09-23,Medianet,VISA,7922,20.39,0.65,0.92,0.2,18.62,SETTLED,0
LIQ-01125,BNK151539,TXN-202409-0133,2024-09-09,2024-09-06,Medianet,DINERS,7065,38.63,1.24,1.74,0.39,35.26,SETTLED,0
LIQ-01126,BNK125976,TXN-202409-0134,2024-09-07,2024-09-05,Datafast,DINERS,3736,42.46,1.49,1.91,0.42,38.64,SETTLED,0
LIQ-01127,BNK722977,TXN-202409-0135,2024-09-19,2024-09-17,PayPhone,VISA,1102,1865.36,70.88,83.94,18.65,1691.89,SETTLED,0
LIQ-01128,BNK787932,TXN-202409-0136,2024-09-28,2024-09-25,Medianet,VISA,9818,487.23,15.59,21.93,4.87,444.84,SETTLED,0
LIQ-01129,BNK782966,TXN-202409-0137,2024-09-14,2024-09-11,Medianet,MASTERCARD,9563,467.36,14.96,21.03,4.67,426.7,SETTLED,0
LIQ-01130,BNK700204,TXN-202409-0138,2024-09-06,2024-09-04,Datafast,VISA,2645,55.85,1.95,2.51,0.56,50.83,SETTLED,0
LIQ-01131,BNK415760,TXN-202409-0139,2024-09-12,2024-09-11,Datafast,MASTERCARD,5364,31.8,1.11,1.43,0.32,28.94,SETTLED,0
LIQ-01132,BNK946194,TXN-202409-0140,2024-09-27,2024-09-25,Medianet,VISA,5052,63.6,2.04,2.86,0.64,58.06,SETTLED,0
LIQ-01133,BNK242487,TXN-202409-0141,2024-09-06,2024-09-03,Datafast,VISA,2229,364.37,12.75,16.4,3.64,331.58,SETTLED,0
LIQ-01134,BNK413223,TXN-202409-0142,2024-09-05,2024-09-02,Datafast,VISA,3087,294.85,10.32,13.27,2.95,268.31,SETTLED,0
LIQ-01135,BNK656115,TXN-202409-0143,2024-09-13,2024-09-12,Datafast,VISA,8652,235.24,8.23,10.59,2.35,214.07,SETTLED,0
LIQ-01136,BNK708555,TXN-202409-0144,2024-09-04,2024-09-03,Datafast,VISA,8284,2685.75,94.0,120.86,26.86,2444.03,SETTLED,0
LIQ-01137,BNK362372,TXN-202409-0145,2024-09-11,2024-09-10,Medianet,VISA,7713,2509.21,93.09,112.91,25.09,2278.12,SETTLED,0
LIQ-01138,BNK287619,TXN-202409-0146,2024-09-08,2024-09-05,PayPhone,DINERS,2913,72.23,2.74,3.25,0.72,65.52,SETTLED,0
LIQ-01139,BNK149239,TXN-202409-0147,2024-09-19,2024-09-17,Medianet,VISA,8547,79.13,2.53,3.56,0.79,72.25,SETTLED,0
LIQ-01140,BNK407565,TXN-202409-0148,2024-09-17,2024-09-14,Datafast,DINERS,9243,117.15,4.1,5.27,1.17,106.61,SETTLED,0
LIQ-01141,BNK494616,TXN-202409-0149,2024-09-26,2024-09-25,PayPhone,VISA,2813,378.3,14.38,17.02,3.78,343.12,SETTLED,0
LIQ-01142,BNK493262,TXN-202409-0150,2024-09-29,2024-09-27,Datafast,AMEX,6772,41.79,1.46,1.88,0.42,38.03,SETTLED,0
LIQ-01143,BNK815557,TXN-202409-0151,2024-09-02,2024-09-01,PayPhone,VISA,7864,274.65,10.44,12.36,2.75,249.1,SETTLED,0
LIQ-01144,BNK387280,TXN-202409-0152,2024-09-07,2024-09-04,Datafast,VISA,9736,347.36,12.16,15.63,3.47,316.1,SETTLED,0
LIQ-01145,BNK923674,TXN-202409-0153,2024-09-22,2024-09-21,Medianet,VISA,5046,73.01,2.34,3.29,0.73,66.65,SETTLED,0
LIQ-01146,BNK876533,TXN-202409-0154,2024-09-23,2024-09-20,Datafast,MASTERCARD,9864,77.8,2.72,3.5,0.78,70.8,SETTLED,0
LIQ-01147,BNK683797,TXN-202409-0155,2024-09-24,2024-09-22,Datafast,VISA,5897,24.34,0.85,1.1,0.24,22.15,SETTLED,0
LIQ-01148,BNK743186,TXN-202409-0156,2024-09-03,2024-09-01,PayPhone,AMEX,6733,59.97,2.28,2.7,0.6,54.39,SETTLED,0
LIQ-01149,BNK556034,TXN-202409-0157,2024-09-07,2024-09-05,Datafast,VISA,9150,70.87,2.48,3.19,0.71,64.49,SETTLED,0
LIQ-01150,BNK552292,TXN-202409-0158,2024-09-13,2024-09-12,Datafast,VISA,3919,73.41,2.57,3.3,0.73,66.81,SETTLED,0
LIQ-01151,BNK621670,TXN-202409-0159,2024-09-28,2024-09-25,Datafast,MASTERCARD,1272,1784.67,62.46,80.31,17.85,1624.05,SETTLED,0
LIQ-01152,BNK530398,TXN-202409-0160,2024-09-30,2024-09-28,Datafast,VISA,3468,308.36,10.79,13.88,3.08,280.61,SETTLED,0
LIQ-01153,BNK152431,TXN-202409-0161,2024-09-25,2024-09-23,PayPhone,MASTERCARD,7402,56.41,2.14,2.54,0.56,51.17,SETTLED,0
LIQ-01154,BNK442752,TXN-202409-0162,2024-09-19,2024-09-17,Datafast,MASTERCARD,7174,85.42,2.99,3.84,0.85,77.74,SETTLED,0
LIQ-01155,BNK927513,TXN-202409-0163,2024-09-05,2024-09-04,Datafast,VISA,7039,73.31,2.57,3.3,0.73,66.71,SETTLED,0
LIQ-01156,BNK556973,TXN-202409-0164,2024-09-23,2024-09-20,Datafast,VISA,7541,72.28,2.53,3.25,0.72,65.78,SETTLED,0
LIQ-01157,BNK374864,TXN-202409-0165,2024-09-26,2024-09-25,PayPhone,MASTERCARD,9746,46.33,1.76,2.08,0.46,42.03,SETTLED,0
LIQ-01158,BNK269690,TXN-202409-0166,2024-09-03,2024-09-01,Datafast,AMEX,7299,14.84,0.52,0.67,0.15,13.5,SETTLED,0
LIQ-01159,BNK115052,TXN-202409-0167,2024-09-23,2024-09-20,Datafast,MASTERCARD,3798,38.15,1.34,1.72,0.38,34.71,SETTLED,0
LIQ-01160,BNK960032,TXN-202409-0168,2024-09-28,2024-09-27,Medianet,VISA,6798,92.08,2.95,4.14,0.92,84.07,SETTLED,0
LIQ-01161,BNK928902,TXN-202409-0169,2024-09-06,2024-09-05,Datafast,AMEX,2543,21.99,0.77,0.99,0.22,20.01,SETTLED,0
LIQ-01162,BNK425836,TXN-202409-0170,2024-09-04,2024-09-03,Datafast,VISA,3266,409.29,14.33,18.42,4.09,372.45,SETTLED,0
LIQ-01163,BNK430036,TXN-202409-0171,2024-09-29,2024-09-26,Medianet,MASTERCARD,6303,13.09,0.42,0.59,0.13,11.95,SETTLED,0
LIQ-01164,BNK544167,TXN-202409-0172,2024-09-05,2024-09-03,Medianet,VISA,8343,23.98,0.77,1.08,0.24,21.89,SETTLED,0
LIQ-01165,BNK481878,TXN-202409-0173,2024-09-10,2024-09-07,Medianet,MASTERCARD,4344,466.44,14.93,20.99,4.66,425.86,SETTLED,0
LIQ-01166,BNK613832,TXN-202409-0174,2024-10-01,2024-09-28,PayPhone,VISA,6047,11.81,0.45,0.53,0.12,10.71,SETTLED,0
LIQ-01167,BNK893002,TXN-202409-0175,2024-09-20,2024-09-17,PayPhone,DINERS,9310,17.04,0.65,0.77,0.17,15.45,SETTLED,0
LIQ-01168,BNK564619,TXN-202409-0176,2024-09-26,2024-09-25,Medianet,MASTERCARD,3662,66.47,2.13,2.99,0.66,60.69,SETTLED,0
LIQ-01169,BNK456428,TXN-202409-0177,2024-09-28,2024-09-25,Medianet,MASTERCARD,6626,929.43,29.74,41.82,9.29,848.58,SETTLED,0
LIQ-01170,BNK663628,TXN-202409-0178,2024-10-01,2024-09-28,Datafast,MASTERCARD,6343,2801.19,98.04,126.05,28.01,2549.09,SETTLED,0
LIQ-01171,BNK130601,TXN-202409-0179,2024-09-05,2024-09-04,Datafast,MASTERCARD,4662,55.51,1.94,2.5,0.56,50.51,SETTLED,0
LIQ-01172,BNK698957,TXN-202409-0180,2024-09-15,2024-09-14,PayPhone,DINERS,5470,43.57,1.66,1.96,0.44,39.51,SETTLED,0
LIQ-01173,BNK572510,TXN-202409-0181,2024-09-18,2024-09-16,Medianet,VISA,8129,43.98,1.41,1.98,0.44,40.15,SETTLED,0
LIQ-01174,BNK920528,TXN-202409-0182,2024-09-06,2024-09-04,Medianet,MASTERCARD,1147,29.61,0.95,1.33,0.3,27.03,SETTLED,0
LIQ-01175,BNK423508,TXN-202409-0183,2024-09-16,2024-09-15,Datafast,MASTERCARD,8280,78.21,2.74,3.52,0.78,71.17,SETTLED,0
LIQ-01176,BNK905312,TXN-202409-0184,2024-09-05,2024-09-03,Medianet,VISA,5880,159.29,5.1,7.17,1.59,145.43,SETTLED,0
LIQ-01177,BNK434424,TXN-202409-0185,2024-09-23,2024-09-22,PayPhone,VISA,3236,55.56,2.11,2.5,0.56,50.39,SETTLED,0
LIQ-01178,BNK331454,TXN-202409-0186,2024-09-15,2024-09-13,Datafast,MASTERCARD,1368,130.07,4.55,5.85,1.3,118.37,SETTLED,0
LIQ-01179,BNK301628,TXN-202409-0187,2024-09-07,2024-09-06,Medianet,DINERS,8291,454.82,14.55,20.47,4.55,415.27,SETTLED,0
LIQ-01180,BNK919209,TXN-202409-0188,2024-09-14,2024-09-13,Datafast,VISA,5392,68.3,2.39,3.07,0.68,62.16,SETTLED,0
LIQ-01181,BNK631021,TXN-202409-0189,2024-09-28,2024-09-25,Datafast,VISA,8785,62.36,2.18,2.81,0.62,56.75,SETTLED,0
LIQ-01182,BNK944381,TXN-202409-0190,2024-09-14,2024-09-12,Medianet,MASTERCARD,3338,476.15,15.24,21.43,4.76,434.72,SETTLED,0
LIQ-01183,BNK738174,TXN-202409-0191,2024-09-07,2024-09-05,Medianet,DINERS,7750,1778.54,56.91,80.03,17.79,1623.81,SETTLED,0
LIQ-01184,BNK130294,TXN-202409-0192,2024-09-06,2024-09-05,Datafast,VISA,7931,52.13,1.82,2.35,0.52,47.44,SETTLED,0
LIQ-01185,BNK545803,TXN-202409-0193,2024-09-08,2024-09-06,Datafast,VISA,5989,55.86,1.96,2.51,0.56,50.83,SETTLED,0
LIQ-01186,BNK237212,TXN-202409-0194,2024-09-26,2024-09-25,Medianet,VISA,2031,51.74,1.66,2.33,0.52,47.23,SETTLED,0
LIQ-01187,BNK354297,TXN-202409-0195,2024-09-13,2024-09-10,Medianet,MASTERCARD,8174,39.95,1.28,1.8,0.4,36.47,SETTLED,0
LIQ-01188,BNK998668,TXN-202409-0196,2024-09-21,2024-09-18,Datafast,MASTERCARD,7493,65.71,2.3,2.96,0.66,59.79,SETTLED,0
LIQ-01189,BNK920228,TXN-202409-0197,2024-09-06,2024-09-04,Datafast,MASTERCARD,8936,2700.31,94.51,121.51,27.0,2457.29,SETTLED,0
LIQ-01190,BNK487479,TXN-202409-0198,2024-09-09,2024-09-06,Datafast,AMEX,1353,7.7,0.27,0.35,0.08,7.0,SETTLED,0
LIQ-01191,BNK370625,TXN-202409-0199,2024-09-15,2024-09-14,Medianet,MASTERCARD,1063,148.94,4.77,6.7,1.49,135.98,SETTLED,0
LIQ-01192,BNK937738,TXN-202409-0200,2024-09-19,2024-09-16,Datafast,VISA,8492,318.92,11.16,14.35,3.19,290.22,SETTLED,0
LIQ-01193,BNK524082,TXN-202409-0201,2024-09-09,2024-09-06,Medianet,MASTERCARD,6029,47.17,1.51,2.12,0.47,43.07,SETTLED,0
LIQ-01194,BNK499780,TXN-202409-0202,2024-09-24,2024-09-22,Datafast,VISA,9159,238.68,8.35,10.74,2.39,217.2,SETTLED,0
LIQ-01195,BNK921327,TXN-202409-0203,2024-09-07,2024-09-05,Medianet,VISA,5176,49.28,1.58,2.22,0.49,44.99,SETTLED,0
LIQ-01196,BNK237160,TXN-202409-0204,2024-09-13,2024-09-11,Datafast,MASTERCARD,6766,71.85,2.51,3.23,0.72,65.39,SETTLED,0
LIQ-01197,BNK995786,TXN-202409-0205,2024-09-23,2024-09-22,Datafast,VISA,5656,31.35,1.1,1.41,0.31,28.53,SETTLED,0
LIQ-01198,BNK764307,TXN-202409-0206,2024-09-05,2024-09-03,Datafast,MASTERCARD,7645,462.36,16.18,20.81,4.62,420.75,SETTLED,0
LIQ-01199,BNK293279,TXN-202409-0207,2024-09-24,2024-09-22,Datafast,VISA,5518,7.8,0.27,0.35,0.08,7.1,SETTLED,0
LIQ-01200,BNK907848,TXN-202409-0208,2024-09-20,2024-09-19,Medianet,AMEX,2233,57.2,1.83,2.57,0.57,52.23,SETTLED,0
LIQ-01201,BNK539074,TXN-202409-0209,2024-09-28,2024-09-26,PayPhone,VISA,9340,47.94,1.82,2.16,0.48,43.48,SETTLED,0
LIQ-01202,BNK452853,TXN-202409-0210,2024-09-28,2024-09-25,Datafast,MASTERCARD,4170,42.71,1.49,1.92,0.43,38.87,SETTLED,0
LIQ-01203,BNK834630,TXN-202409-0211,2024-09-19,2024-09-16,Datafast,MASTERCARD,9258,37.7,1.32,1.7,0.38,34.3,SETTLED,0
LIQ-01204,BNK403238,TXN-202409-0212,2024-09-12,2024-09-10,PayPhone,MASTERCARD,5952,305.05,11.59,13.73,3.05,276.68,SETTLED,0
LIQ-01205,BNK156824,TXN-202409-0213,2024-09-25,2024-09-24,Datafast,DINERS,2843,21.94,0.77,0.99,0.22,19.96,SETTLED,0
LIQ-01206,BNK213664,TXN-202409-0214,2024-09-22,2024-09-19,Medianet,MASTERCARD,7733,194.81,6.23,8.77,1.95,177.86,SETTLED,0
LIQ-01207,BNK515750,TXN-202409-0215,2024-09-13,2024-09-10,Datafast,VISA,8570,353.65,12.38,15.91,3.54,321.82,SETTLED,0
LIQ-01208,BNK763354,TXN-202409-0216,2024-09-15,2024-09-13,PayPhone,VISA,4973,20.01,0.76,0.9,0.2,18.15,SETTLED,0
LIQ-01209,BNK450226,TXN-202409-0217,2024-09-04,2024-09-01,Medianet,VISA,5734,155.85,4.99,7.01,1.56,142.29,SETTLED,0
LIQ-01210,BNK732973,TXN-202409-0218,2024-09-30,2024-09-27,Medianet,AMEX,8509,169.44,5.42,7.62,1.69,154.71,SETTLED,0
LIQ-01211,BNK737786,TXN-202409-0219,2024-09-30,2024-09-28,PayPhone,VISA,9503,419.75,15.95,18.89,4.2,380.71,SETTLED,0
LIQ-01212,BNK463880,TXN-202409-0220,2024-09-16,2024-09-15,PayPhone,MASTERCARD,6625,20.05,0.76,0.9,0.2,18.19,SETTLED,0
LIQ-01213,BNK340021,TXN-202409-0221,2024-09-16,2024-09-14,Datafast,MASTERCARD,4379,434.53,15.21,19.55,4.35,395.42,SETTLED,0
LIQ-01214,BNK156307,TXN-202409-0222,2024-09-11,2024-09-09,PayPhone,AMEX,7531,435.31,16.54,19.59,4.35,394.83,SETTLED,0
LIQ-01215,BNK109600,TXN-202409-0223,2024-09-05,2024-09-04,Medianet,VISA,9788,250.46,8.01,11.27,2.5,228.68,SETTLED,0
LIQ-01216,BNK828542,TXN-202409-0224,2024-09-20,2024-09-18,Datafast,VISA,9736,274.95,9.62,12.37,2.75,250.21,SETTLED,0
LIQ-01217,BNK808069,TXN-202409-0225,2024-09-03,2024-09-01,Datafast,AMEX,2750,25.45,0.89,1.15,0.25,23.16,SETTLED,0
LIQ-01218,BNK546164,TXN-202409-0226,2024-09-05,2024-09-02,Medianet,VISA,7239,350.6,13.29,15.78,3.51,318.02,SETTLED,0
LIQ-01219,BNK268049,TXN-202409-0227,2024-09-22,2024-09-20,Datafast,VISA,5799,115.25,4.03,5.19,1.15,104.88,SETTLED,0
LIQ-01220,BNK997135,TXN-202409-0228,2024-09-23,2024-09-22,PayPhone,AMEX,9744,32.26,1.23,1.45,0.32,29.26,SETTLED,0
LIQ-01221,BNK295809,TXN-202409-0230,2024-09-28,2024-09-25,Medianet,VISA,1458,323.78,10.36,14.57,3.24,295.61,SETTLED,0
LIQ-01222,BNK224166,TXN-202409-0231,2024-09-28,2024-09-26,Datafast,AMEX,5345,14.17,0.5,0.64,0.14,12.89,SETTLED,0
LIQ-01223,BNK283404,TXN-202409-0232,2024-09-10,2024-09-08,Datafast,MASTERCARD,5751,61.13,2.14,2.75,0.61,55.63,SETTLED,0
LIQ-01224,BNK259546,TXN-202409-0233,2024-09-16,2024-09-14,Datafast,VISA,6177,25.59,0.9,1.15,0.26,23.28,SETTLED,0
LIQ-01225,BNK408399,TXN-202409-0234,2024-09-06,2024-09-04,PayPhone,VISA,1161,57.47,2.18,2.59,0.57,52.13,SETTLED,0
LIQ-01226,BNK289838,TXN-202409-0235,2024-09-27,2024-09-26,Medianet,VISA,3730,25.83,0.83,1.16,0.26,23.58,SETTLED,0
LIQ-01227,BNK899053,TXN-202409-0236,2024-10-02,2024-09-29,Datafast,MASTERCARD,9433,88.85,3.11,4.0,0.89,80.85,SETTLED,0
LIQ-01228,BNK936964,TXN-202409-0237,2024-10-03,2024-09-30,Datafast,MASTERCARD,7463,102.96,3.6,4.63,1.03,93.7,SETTLED,0
LIQ-01229,BNK573879,TXN-202409-0238,2024-09-15,2024-09-12,Datafast,MASTERCARD,1162,76.89,2.69,3.46,0.77,69.97,SETTLED,0
LIQ-01230,BNK548981,TXN-202409-0239,2024-10-02,2024-09-30,Datafast,AMEX,6352,243.16,8.51,10.94,2.43,221.28,SETTLED,0
LIQ-01231,BNK601601,TXN-202409-0240,2024-09-26,2024-09-25,PayPhone,AMEX,3800,75.22,2.86,3.38,0.75,68.23,SETTLED,0
LIQ-01232,BNK827658,TXN-202409-0241,2024-09-14,2024-09-11,Datafast,AMEX,2937,37.91,1.33,1.71,0.38,34.49,SETTLED,0
LIQ-01233,BNK788541,TXN-202409-0242,2024-09-18,2024-09-16,Datafast,VISA,1514,425.74,14.9,19.16,4.26,387.42,SETTLED,0
LIQ-01234,BNK596970,TXN-202409-0243,2024-10-01,2024-09-30,Medianet,DINERS,3687,36.68,1.17,1.65,0.37,33.49,SETTLED,0
LIQ-01235,BNK425704,TXN-202409-0244,2024-09-23,2024-09-20,PayPhone,MASTERCARD,7528,31.39,1.19,1.41,0.31,28.48,SETTLED,0
LIQ-01236,BNK520726,TXN-202409-0245,2024-09-05,2024-09-02,PayPhone,MASTERCARD,3286,7.05,0.27,0.32,0.07,6.39,SETTLED,0
LIQ-01237,BNK240862,TXN-202409-0246,2024-09-14,2024-09-13,Medianet,MASTERCARD,8515,137.16,4.39,6.17,1.37,125.23,SETTLED,0
LIQ-01238,BNK900911,TXN-202409-0247,2024-09-20,2024-09-17,Medianet,VISA,1640,16.84,0.54,0.76,0.17,15.37,SETTLED,0
LIQ-01239,BNK431355,TXN-202409-0248,2024-09-24,2024-09-22,PayPhone,AMEX,7499,435.72,16.56,19.61,4.36,395.19,SETTLED,0
LIQ-01240,BNK743063,TXN-202409-0249,2024-09-10,2024-09-09,Medianet,VISA,7557,60.14,1.92,2.71,0.6,54.91,SETTLED,0
LIQ-01241,BNK170603,TXN-202409-0250,2024-09-16,2024-09-14,Medianet,AMEX,5749,163.44,5.23,7.35,1.63,149.23,SETTLED,0
LIQ-01242,BNK509095,TXN-202409-0251,2024-09-09,2024-09-08,Datafast,AMEX,2002,2710.85,94.88,121.99,27.11,2466.87,SETTLED,0
LIQ-01243,BNK129096,TXN-202409-0252,2024-10-01,2024-09-30,PayPhone,DINERS,1296,343.18,13.04,15.44,3.43,311.27,SETTLED,0
LIQ-01244,BNK208691,TXN-202409-0253,2024-09-16,2024-09-13,PayPhone,VISA,9918,150.88,5.73,6.79,1.51,136.85,SETTLED,0
LIQ-01245,BNK182905,TXN-202409-0254,2024-09-20,2024-09-19,Datafast,VISA,3935,32.59,1.14,1.47,0.33,29.65,SETTLED,0
LIQ-01246,BNK285469,TXN-202409-0255,2024-09-30,2024-09-27,Datafast,MASTERCARD,5432,469.88,16.45,21.14,4.7,427.59,SETTLED,0
LIQ-01247,BNK394577,TXN-202409-0256,2024-09-29,2024-09-27,Datafast,VISA,9759,75.95,2.66,3.42,0.76,69.11,SETTLED,0
LIQ-01248,BNK843588,TXN-202409-0257,2024-09-21,2024-09-20,Datafast,VISA,5139,69.23,2.42,3.12,0.69,63.0,SETTLED,0
LIQ-01249,BNK204768,TXN-202409-0258,2024-09-15,2024-09-14,PayPhone,VISA,6874,255.7,9.72,11.51,2.56,231.91,SETTLED,0
LIQ-01250,BNK196783,TXN-202409-0259,2024-09-10,2024-09-08,Datafast,DINERS,9521,38.82,1.36,1.75,0.39,35.32,SETTLED,0
LIQ-01251,BNK490604,TXN-202409-0260,2024-09-30,2024-09-28,Medianet,MASTERCARD,2710,40.17,1.29,1.81,0.4,36.67,SETTLED,0
LIQ-01252,BNK993163,TXN-202409-0261,2024-09-17,2024-09-14,PayPhone,VISA,4628,33.76,1.28,1.52,0.34,30.62,SETTLED,0
LIQ-01253,BNK627811,TXN-202409-0262,2024-10-01,2024-09-30,Medianet,VISA,1008,101.89,3.26,4.59,1.02,93.02,SETTLED,0
LIQ-01254,BNK954888,TXN-202409-0263,2024-09-29,2024-09-26,Datafast,VISA,9841,361.73,12.66,16.28,3.62,329.17,SETTLED,0
LIQ-01255,BNK363403,TXN-202409-0264,2024-09-15,2024-09-13,Medianet,AMEX,4112,42.84,1.37,1.93,0.43,39.11,SETTLED,0
LIQ-01256,BNK659319,TXN-202409-0265,2024-09-05,2024-09-02,PayPhone,MASTERCARD,1674,71.92,2.73,3.24,0.72,65.23,SETTLED,0
LIQ-01257,BNK935591,TXN-202409-0266,2024-09-16,2024-09-15,Datafast,VISA,6404,30.44,1.36,1.37,0.3,27.41,SETTLED,0
LIQ-01258,BNK642186,TXN-202409-0267,2024-09-12,2024-09-11,Datafast,MASTERCARD,8904,24.53,0.86,1.1,0.25,22.32,SETTLED,0
LIQ-01259,BNK770478,TXN-202409-0268,2024-09-14,2024-09-12,PayPhone,VISA,5999,1202.5,45.7,54.11,12.03,1090.66,SETTLED,0
LIQ-01260,BNK507104,TXN-202409-0269,2024-09-12,2024-09-09,Datafast,AMEX,9861,399.86,14.0,17.99,4.0,363.87,SETTLED,0
LIQ-01261,BNK162881,TXN-202409-0270,2024-09-26,2024-09-25,Datafast,AMEX,4882,79.59,2.79,3.58,0.8,72.42,SETTLED,0
LIQ-01262,BNK106416,TXN-202409-0271,2024-09-08,2024-09-07,Medianet,DINERS,8761,264.8,10.64,11.92,2.65,239.59,SETTLED,0
LIQ-01263,BNK897434,TXN-202409-0272,2024-09-17,2024-09-15,Datafast,VISA,5291,17.27,0.6,0.78,0.17,15.72,SETTLED,0
LIQ-01264,BNK662928,TXN-202409-0273,2024-09-26,2024-09-23,Datafast,AMEX,2736,38.11,1.33,1.71,0.38,34.69,SETTLED,0
LIQ-01265,BNK115743,TXN-202409-0274,2024-09-06,2024-09-04,Datafast,VISA,6695,444.09,15.54,19.98,4.44,404.13,SETTLED,0
LIQ-01266,BNK213610,TXN-202409-0275,2024-09-19,2024-09-17,Datafast,AMEX,7815,17.62,0.62,0.79,0.18,16.03,SETTLED,0
LIQ-01267,BNK597638,TXN-202409-0276,2024-09-04,2024-09-01,Medianet,MASTERCARD,4875,79.85,2.56,3.59,0.8,72.9,SETTLED,0
LIQ-01268,BNK717411,TXN-202409-0277,2024-09-19,2024-09-16,Medianet,VISA,1238,1115.39,35.69,50.19,11.15,1018.36,SETTLED,0
LIQ-01269,BNK641348,TXN-202409-0278,2024-09-06,2024-09-04,Datafast,VISA,3447,78.6,2.75,3.54,0.79,71.52,SETTLED,0
LIQ-01270,BNK515320,TXN-202409-0279,2024-09-02,2024-09-01,Datafast,DINERS,8324,29.27,1.02,1.32,0.29,26.64,SETTLED,0
LIQ-01271,BNK604575,TXN-202409-0280,2024-09-12,2024-09-09,Datafast,MASTERCARD,7071,52.13,1.82,2.35,0.52,47.44,SETTLED,0
LIQ-01272,BNK845502,TXN-202409-0281,2024-09-17,2024-09-15,Medianet,VISA,1208,51.68,1.65,2.33,0.52,47.18,SETTLED,0
LIQ-01273,BNK618556,TXN-202409-0282,2024-09-06,2024-09-05,PayPhone,DINERS,1774,2492.58,94.72,112.17,24.93,2260.76,SETTLED,0
LIQ-01274,BNK685975,TXN-202409-0283,2024-09-25,2024-09-24,PayPhone,AMEX,1010,64.86,2.46,2.92,0.65,58.83,SETTLED,0
LIQ-01275,BNK234062,TXN-202409-0285,2024-09-13,2024-09-10,Datafast,AMEX,4487,63.46,2.22,2.86,0.63,57.75,SETTLED,0
LIQ-01276,BNK305399,TXN-202409-0286,2024-09-17,2024-09-14,Medianet,MASTERCARD,1752,41.81,1.34,1.88,0.42,38.17,SETTLED,0
LIQ-01277,BNK182976,TXN-202409-0287,2024-09-23,2024-09-22,PayPhone,VISA,6651,135.14,5.14,6.08,1.35,122.57,SETTLED,0
LIQ-01278,BNK281287,TXN-202409-0288,2024-09-18,2024-09-16,PayPhone,MASTERCARD,7395,71.41,2.71,3.21,0.71,64.78,SETTLED,0
LIQ-01279,BNK705908,TXN-202409-0289,2024-09-21,2024-09-20,Medianet,VISA,7607,420.62,13.46,18.93,4.21,384.02,SETTLED,0
LIQ-01280,BNK724452,TXN-202409-0290,2024-09-18,2024-09-15,Datafast,VISA,2668,30.63,1.07,1.38,0.31,27.87,SETTLED,0
LIQ-01281,BNK475772,TXN-202409-0291,2024-09-24,2024-09-21,Datafast,MASTERCARD,6830,42.15,1.48,1.9,0.42,38.35,SETTLED,0
LIQ-01282,BNK565660,TXN-202409-0292,2024-09-18,2024-09-16,Medianet,VISA,4330,73.04,2.34,3.29,0.73,66.68,SETTLED,0
LIQ-01283,BNK923754,TXN-202409-0293,2024-09-19,2024-09-17,Datafast,VISA,1283,2603.84,91.13,117.17,26.04,2369.5,SETTLED,0
LIQ-01284,BNK114281,TXN-202409-0294,2024-09-07,2024-09-04,Datafast,VISA,6856,8.38,0.29,0.38,0.08,7.63,SETTLED,0
LIQ-01285,BNK940867,TXN-202409-0295,2024-09-11,2024-09-09,Datafast,VISA,7347,318.76,11.16,14.34,3.19,290.07,SETTLED,0
LIQ-01286,BNK386467,TXN-202409-0296,2024-09-24,2024-09-22,Datafast,VISA,5796,13.55,0.47,0.61,0.14,12.34,SETTLED,0
LIQ-01287,BNK567785,TXN-202409-0297,2024-10-02,2024-09-29,Datafast,VISA,2590,11.25,0.39,0.51,0.11,10.24,SETTLED,0
LIQ-01288,BNK241463,TXN-202409-0298,2024-09-22,2024-09-20,Datafast,MASTERCARD,5277,55.27,1.93,2.49,0.55,50.3,SETTLED,0
LIQ-01289,BNK853169,TXN-202409-0299,2024-09-06,2024-09-03,Datafast,AMEX,4138,168.65,5.9,7.59,1.69,153.47,SETTLED,0
LIQ-01290,BNK528394,TXN-202409-0300,2024-09-02,2024-09-01,PayPhone,VISA,8180,262.2,9.96,11.8,2.62,237.82,SETTLED,0
LIQ-01291,BNK931026,TXN-202409-0301,2024-09-16,2024-09-13,Datafast,VISA,9869,273.27,9.56,12.3,2.73,248.68,SETTLED,0
LIQ-01292,BNK375903,TXN-202409-0302,2024-09-22,2024-09-20,PayPhone,MASTERCARD,5820,51.39,1.95,2.31,0.51,46.62,SETTLED,0
LIQ-01293,BNK994164,TXN-202409-0303,2024-09-04,2024-09-03,Medianet,DINERS,8077,417.95,13.37,18.81,4.18,381.59,SETTLED,0
LIQ-01294,BNK272081,TXN-202409-0304,2024-09-08,2024-09-07,Datafast,VISA,8353,372.33,13.03,16.75,3.72,338.83,SETTLED,0
LIQ-01295,BNK769614,TXN-202409-0305,2024-09-24,2024-09-21,Datafast,MASTERCARD,1848,263.03,9.21,11.84,2.63,239.35,SETTLED,0
LIQ-01296,BNK951432,TXN-202409-0306,2024-09-02,2024-09-01,Datafast,VISA,9235,40.55,1.42,1.82,0.41,36.9,SETTLED,0
LIQ-01297,BNK545632,TXN-202409-0307,2024-09-17,2024-09-16,Datafast,VISA,8861,484.82,16.97,21.82,4.85,441.18,SETTLED,0
LIQ-01298,BNK179838,TXN-202409-0308,2024-09-29,2024-09-27,PayPhone,MASTERCARD,1319,47.71,1.81,2.15,0.48,43.27,SETTLED,0
LIQ-01299,BNK254428,TXN-202409-0309,2024-09-16,2024-09-14,Datafast,VISA,2938,379.5,13.28,17.08,3.79,345.35,SETTLED,0
LIQ-01300,BNK865929,TXN-202409-0310,2024-09-18,2024-09-16,Medianet,MASTERCARD,9696,202.13,6.47,9.1,2.02,184.54,SETTLED,0
LIQ-01301,BNK216295,TXN-202409-0311,2024-09-29,2024-09-27,Datafast,MASTERCARD,8734,365.04,12.78,16.43,3.65,332.18,SETTLED,0
LIQ-01302,BNK272620,TXN-202409-0312,2024-09-19,2024-09-18,Datafast,VISA,3654,48.23,1.69,2.17,0.48,43.89,SETTLED,0
LIQ-01303,BNK156068,TXN-202409-0313,2024-09-23,2024-09-20,Datafast,MASTERCARD,7790,129.12,4.52,5.81,1.29,117.5,SETTLED,0
LIQ-01304,BNK313795,TXN-202409-0314,2024-09-09,2024-09-07,Datafast,MASTERCARD,1572,26.6,0.93,1.2,0.27,24.2,SETTLED,0
LIQ-01305,BNK654447,TXN-202409-0315,2024-09-14,2024-09-11,Datafast,VISA,1511,73.18,2.56,3.29,0.73,66.6,SETTLED,0
LIQ-01306,BNK363432,TXN-202409-0316,2024-09-27,2024-09-24,PayPhone,MASTERCARD,2851,71.24,2.71,3.21,0.71,64.61,SETTLED,0
LIQ-01307,BNK339922,TXN-202409-0317,2024-09-14,2024-09-12,Datafast,VISA,4343,2131.25,74.59,95.91,21.31,1939.44,SETTLED,0
LIQ-01308,BNK871139,TXN-202409-0318,2024-09-25,2024-09-24,Medianet,AMEX,8007,198.63,6.36,8.94,1.99,181.34,SETTLED,0
LIQ-01309,BNK896626,TXN-202409-0319,2024-09-06,2024-09-04,Medianet,VISA,7100,50.43,1.61,2.27,0.5,46.05,SETTLED,0
LIQ-01310,BNK601976,TXN-202409-0320,2024-09-03,2024-09-01,PayPhone,VISA,3013,46.76,1.78,2.1,0.47,42.41,SETTLED,0
LIQ-01311,BNK458770,TXN-202409-0321,2024-10-02,2024-09-29,PayPhone,VISA,1779,67.1,2.55,3.02,0.67,60.86,SETTLED,0
LIQ-01312,BNK339050,TXN-202409-0322,2024-09-07,2024-09-04,Datafast,VISA,4783,51.32,1.8,2.31,0.51,46.7,SETTLED,0
LIQ-01313,BNK550975,TXN-202409-0323,2024-09-05,2024-09-02,Datafast,VISA,5446,31.64,1.11,1.42,0.32,28.79,SETTLED,0
LIQ-01314,BNK462512,TXN-202409-0324,2024-09-23,2024-09-22,Datafast,VISA,5843,296.46,10.38,13.34,2.96,269.78,SETTLED,0
LIQ-01315,BNK830264,TXN-202409-0325,2024-09-28,2024-09-27,Medianet,DINERS,5964,39.29,1.26,1.77,0.39,35.87,SETTLED,0
LIQ-01316,BNK717340,TXN-202409-0326,2024-09-07,2024-09-04,PayPhone,MASTERCARD,5129,440.52,16.74,19.82,4.41,399.55,SETTLED,0
LIQ-01317,BNK864932,TXN-202409-0327,2024-10-02,2024-09-30,Datafast,VISA,3154,445.77,15.6,20.06,4.46,405.65,SETTLED,0
LIQ-01318,BNK504613,TXN-202409-0328,2024-09-25,2024-09-24,Datafast,VISA,1708,42.94,1.5,1.93,0.43,39.08,SETTLED,0
LIQ-01319,BNK889115,TXN-202409-0329,2024-09-09,2024-09-07,Datafast,VISA,7445,131.65,4.61,5.92,1.32,119.8,SETTLED,0
LIQ-01320,BNK658146,TXN-202409-0330,2024-09-18,2024-09-16,PayPhone,MASTERCARD,8929,67.61,2.57,3.04,0.68,61.32,SETTLED,0
LIQ-01321,BNK150429,TXN-202409-0331,2024-09-16,2024-09-14,Datafast,VISA,5493,58.64,2.05,2.64,0.59,53.36,SETTLED,0
LIQ-01322,BNK583607,TXN-202409-0332,2024-09-27,2024-09-26,Medianet,VISA,6618,302.45,9.68,13.61,3.02,276.14,SETTLED,0
LIQ-01323,BNK681023,TXN-202409-0333,2024-10-01,2024-09-28,Datafast,VISA,7913,2745.16,96.08,123.53,27.45,2498.1,SETTLED,0
LIQ-01324,BNK467373,TXN-202409-0334,2024-09-04,2024-09-01,Medianet,VISA,7567,15.92,0.51,0.72,0.16,14.53,SETTLED,0
LIQ-01325,BNK958784,TXN-202409-0335,2024-09-26,2024-09-25,PayPhone,DINERS,7131,28.61,1.09,1.29,0.29,25.94,SETTLED,0
LIQ-01326,BNK766430,TXN-202409-0336,2024-09-08,2024-09-05,Datafast,VISA,3700,74.19,2.6,3.34,0.74,67.51,SETTLED,0
LIQ-01327,BNK277003,TXN-202409-0337,2024-09-19,2024-09-17,Datafast,MASTERCARD,5929,357.35,12.51,16.08,3.57,325.19,SETTLED,0
LIQ-01328,BNK486395,TXN-202409-0338,2024-09-27,2024-09-24,Datafast,AMEX,1632,446.89,15.64,20.11,4.47,406.67,SETTLED,0
LIQ-01329,BNK377586,TXN-202409-0339,2024-09-21,2024-09-20,Datafast,VISA,7190,458.09,16.03,20.61,4.58,416.87,SETTLED,0
LIQ-01330,BNK639026,TXN-202409-0340,2024-09-29,2024-09-26,Medianet,VISA,3322,45.83,1.47,2.06,0.46,41.84,SETTLED,0
LIQ-01331,BNK283320,TXN-202409-0341,2024-09-14,2024-09-13,Medianet,MASTERCARD,3065,408.26,13.06,18.37,4.08,372.75,SETTLED,0
LIQ-01332,BNK424809,TXN-202409-0342,2024-09-27,2024-09-24,PayPhone,VISA,2914,34.25,1.3,1.54,0.34,31.07,SETTLED,0
LIQ-01333,BNK234130,TXN-202409-0343,2024-09-20,2024-09-17,PayPhone,MASTERCARD,6301,21.03,0.8,0.95,0.21,19.07,SETTLED,0
LIQ-01334,BNK229400,TXN-202409-0344,2024-10-02,2024-09-29,Datafast,VISA,6639,89.84,3.14,4.04,0.9,81.76,SETTLED,0
LIQ-01335,BNK804380,TXN-202409-0345,2024-09-18,2024-09-17,Medianet,VISA,8146,385.13,12.32,17.33,3.85,351.63,SETTLED,0
LIQ-01336,BNK684572,TXN-202409-0346,2024-09-05,2024-09-04,Medianet,AMEX,8826,43.06,1.38,1.94,0.43,39.31,SETTLED,0
LIQ-01337,BNK828462,TXN-202409-0347,2024-09-03,2024-09-01,Medianet,DINERS,3243,47.93,1.53,2.16,0.48,43.76,SETTLED,0
LIQ-01338,BNK887667,TXN-202409-0348,2024-09-26,2024-09-23,Datafast,VISA,6167,324.27,11.35,14.59,3.24,295.09,SETTLED,0
LIQ-01339,BNK343857,TXN-202409-0349,2024-09-25,2024-09-22,Medianet,AMEX,7970,27.44,0.88,1.23,0.27,25.06,SETTLED,0
LIQ-01340,BNK627918,TXN-202409-0350,2024-09-06,2024-09-04,Medianet,VISA,3920,60.31,1.93,2.71,0.6,55.07,SETTLED,0
LIQ-01341,BNK440052,TXN-202409-0351,2024-09-08,2024-09-05,Medianet,VISA,4018,270.81,8.67,12.19,2.71,247.24,SETTLED,0
LIQ-01342,BNK365518,TXN-202409-0352,2024-09-07,2024-09-05,Datafast,VISA,3962,36.87,1.29,1.66,0.37,33.55,SETTLED,0
LIQ-01343,BNK479615,TXN-202409-0353,2024-09-21,2024-09-18,Datafast,VISA,3046,249.16,12.06,11.21,2.49,223.4,SETTLED,0
LIQ-01344,BNK935626,TXN-202409-0354,2024-09-18,2024-09-15,Medianet,AMEX,1129,347.31,11.11,15.63,3.47,317.1,SETTLED,0
LIQ-01345,BNK888971,TXN-202409-0355,2024-09-08,2024-09-05,PayPhone,VISA,6435,2559.53,97.26,115.18,25.6,2321.49,SETTLED,0
LIQ-01346,BNK381390,TXN-202409-0356,2024-10-01,2024-09-28,Datafast,MASTERCARD,4865,57.84,2.02,2.6,0.58,52.64,SETTLED,0
LIQ-01347,BNK149439,TXN-202409-0357,2024-09-20,2024-09-18,Datafast,VISA,4530,60.99,2.13,2.74,0.61,55.51,SETTLED,0
LIQ-01348,BNK132962,TXN-202409-0358,2024-09-15,2024-09-12,PayPhone,VISA,5831,126.34,4.8,5.69,1.26,114.59,SETTLED,0
LIQ-01349,BNK808649,TXN-202409-0359,2024-09-14,2024-09-12,Datafast,MASTERCARD,8202,27.87,0.98,1.25,0.28,25.36,SETTLED,0
LIQ-01350,BNK550087,TXN-202409-0360,2024-09-15,2024-09-14,Datafast,VISA,1481,63.78,2.23,2.87,0.64,58.05,SETTLED,0
LIQ-01351,BNK366825,TXN-202409-0361,2024-09-26,2024-09-24,PayPhone,VISA,5237,18.73,0.71,0.84,0.19,16.99,SETTLED,0
LIQ-01352,BNK420343,TXN-202409-0362,2024-09-19,2024-09-16,Datafast,MASTERCARD,9174,8.35,0.29,0.38,0.08,7.6,SETTLED,0
LIQ-01353,BNK784532,TXN-202409-0363,2024-09-30,2024-09-27,Datafast,VISA,6034,33.3,1.17,1.5,0.33,30.3,SETTLED,0
LIQ-01354,BNK485275,TXN-202409-0364,2024-09-27,2024-09-25,PayPhone,VISA,8870,52.73,2.0,2.37,0.53,47.83,SETTLED,0
LIQ-01355,BNK399061,TXN-202409-0365,2024-09-23,2024-09-20,Medianet,VISA,7370,117.51,3.76,5.29,1.18,107.29,SETTLED,0
LIQ-01356,BNK783888,TXN-202409-0366,2024-09-05,2024-09-02,Medianet,VISA,5973,1347.49,43.12,60.64,13.47,1230.26,SETTLED,0
LIQ-01357,BNK589919,TXN-202409-0367,2024-09-24,2024-09-23,PayPhone,MASTERCARD,9866,443.7,16.86,19.97,4.44,402.43,SETTLED,0
LIQ-01358,BNK454984,TXN-202409-0368,2024-09-07,2024-09-04,Medianet,MASTERCARD,5727,315.64,10.1,14.2,3.16,288.18,SETTLED,0
LIQ-01359,BNK875702,TXN-202409-0369,2024-09-05,2024-09-02,Medianet,VISA,6335,322.28,10.31,14.5,3.22,294.25,SETTLED,0
LIQ-01360,BNK252716,TXN-202409-0370,2024-09-25,2024-09-22,Medianet,MASTERCARD,7100,6.4,0.2,0.29,0.06,5.85,SETTLED,0
LIQ-01361,BNK306369,TXN-202409-0371,2024-09-26,2024-09-23,Datafast,VISA,4650,183.02,6.41,8.24,1.83,166.54,SETTLED,0
LIQ-01362,BNK986581,TXN-202409-0372,2024-09-04,2024-09-02,Datafast,AMEX,8161,248.76,8.71,11.19,2.49,226.37,SETTLED,0
LIQ-01363,BNK180429,TXN-202409-0373,2024-10-01,2024-09-28,PayPhone,VISA,6345,36.12,1.37,1.63,0.36,32.76,SETTLED,0
LIQ-01364,BNK216815,TXN-202409-0374,2024-09-08,2024-09-06,Datafast,VISA,3797,12.45,0.44,0.56,0.12,11.33,SETTLED,0
LIQ-01365,BNK246741,TXN-202409-0375,2024-09-17,2024-09-14,Datafast,VISA,2579,28.01,0.98,1.26,0.28,25.49,SETTLED,0
LIQ-01366,BNK302950,TXN-202409-0376,2024-09-04,2024-09-02,Datafast,MASTERCARD,4797,7.04,0.25,0.32,0.07,6.4,SETTLED,0
LIQ-01367,BNK261652,TXN-202409-0377,2024-09-14,2024-09-13,Datafast,VISA,9755,29.32,1.03,1.32,0.29,26.68,SETTLED,0
LIQ-01368,BNK847556,TXN-202409-0378,2024-09-20,2024-09-17,Datafast,VISA,4690,179.33,6.28,8.07,1.79,163.19,SETTLED,0
LIQ-01369,BNK569184,TXN-202409-0379,2024-09-15,2024-09-14,Datafast,VISA,6120,39.86,1.4,1.79,0.4,36.27,SETTLED,0
LIQ-01370,BNK399332,TXN-202409-0380,2024-09-12,2024-09-09,Datafast,VISA,1100,71.46,2.5,3.22,0.71,65.03,SETTLED,0
LIQ-01371,BNK907142,TXN-202409-0381,2024-09-27,2024-09-26,PayPhone,MASTERCARD,9013,46.6,1.77,2.1,0.47,42.26,SETTLED,0
LIQ-01372,BNK663365,TXN-202409-0382,2024-09-08,2024-09-07,Datafast,VISA,2340,52.68,1.84,2.37,0.53,47.94,SETTLED,0
LIQ-01373,BNK744640,TXN-202409-0383,2024-09-17,2024-09-14,Datafast,DINERS,3247,305.76,10.7,13.76,3.06,278.24,SETTLED,0
LIQ-01374,BNK902527,TXN-202409-0384,2024-09-13,2024-09-10,Datafast,VISA,5709,67.2,2.35,3.02,0.67,61.16,SETTLED,0
LIQ-01375,BNK872254,TXN-202409-0385,2024-09-22,2024-09-20,PayPhone,VISA,6456,1705.47,64.81,76.75,17.05,1546.86,SETTLED,0
LIQ-01376,BNK866479,TXN-202409-0386,2024-09-22,2024-09-19,PayPhone,VISA,6696,52.42,1.99,2.36,0.52,47.55,SETTLED,0
LIQ-01377,BNK615116,TXN-202409-0387,2024-09-05,2024-09-03,Datafast,VISA,4574,10.25,0.36,0.46,0.1,9.33,SETTLED,0
LIQ-01378,BNK815309,TXN-202409-0388,2024-10-01,2024-09-29,Medianet,AMEX,2665,499.5,15.98,22.48,5.0,456.04,SETTLED,0
LIQ-01379,BNK750945,TXN-202409-0389,2024-09-14,2024-09-11,Datafast,MASTERCARD,3723,451.25,15.79,20.31,4.51,410.64,SETTLED,0
LIQ-01380,BNK869067,TXN-202409-0390,2024-09-13,2024-09-11,Datafast,MASTERCARD,1923,23.44,0.82,1.05,0.23,21.34,SETTLED,0
LIQ-01381,BNK955217,TXN-202409-0391,2024-09-08,2024-09-05,Datafast,DINERS,1054,73.55,2.57,3.31,0.74,66.93,SETTLED,0
LIQ-01382,BNK188989,TXN-202409-0392,2024-09-08,2024-09-06,PayPhone,MASTERCARD,5081,5.72,0.22,0.26,0.06,5.18,SETTLED,0
LIQ-01383,BNK572645,TXN-202409-0393,2024-09-06,2024-09-03,Medianet,MASTERCARD,7461,34.46,1.1,1.55,0.34,31.47,SETTLED,0
LIQ-01384,BNK559683,TXN-202409-0394,2024-09-18,2024-09-15,Medianet,MASTERCARD,3092,422.74,13.53,19.02,4.23,385.96,SETTLED,0
LIQ-01385,BNK911129,TXN-202409-0395,2024-09-14,2024-09-13,Datafast,DINERS,4028,50.1,2.09,2.25,0.5,45.27,SETTLED,0
LIQ-01386,BNK517484,TXN-202409-0396,2024-09-13,2024-09-12,PayPhone,AMEX,2497,811.91,30.85,36.54,8.12,736.4,SETTLED,0
LIQ-01387,BNK901276,TXN-202409-0397,2024-10-03,2024-09-30,Datafast,VISA,2113,26.09,0.91,1.17,0.26,23.75,SETTLED,0
LIQ-01388,BNK316300,TXN-202409-0398,2024-09-24,2024-09-23,Datafast,VISA,8738,207.33,7.26,9.33,2.07,188.67,SETTLED,0
LIQ-01389,BNK354695,TXN-202409-0399,2024-10-02,2024-09-29,Datafast,VISA,4880,26.06,0.91,1.17,0.26,23.72,SETTLED,0
LIQ-01390,BNK796776,TXN-202409-0400,2024-09-14,2024-09-13,Medianet,VISA,3345,66.58,2.13,3.0,0.67,60.78,SETTLED,0
LIQ-01391,BNK407725,TXN-202409-0401,2024-09-25,2024-09-22,PayPhone,MASTERCARD,8590,46.38,1.76,2.09,0.46,42.07,SETTLED,0
LIQ-01392,BNK776399,TXN-202409-0402,2024-09-08,2024-09-05,Medianet,MASTERCARD,9104,107.45,3.44,4.84,1.07,98.1,SETTLED,0
LIQ-01393,BNK772677,TXN-202409-0403,2024-09-20,2024-09-17,Datafast,VISA,3573,175.75,6.15,7.91,1.76,159.93,SETTLED,0
LIQ-01394,BNK811477,TXN-202409-0404,2024-09-26,2024-09-23,Medianet,VISA,7973,496.62,15.89,22.35,4.97,453.41,SETTLED,0
LIQ-01395,BNK878317,TXN-202409-0405,2024-09-17,2024-09-14,Medianet,VISA,5435,270.65,8.66,12.18,2.71,247.1,SETTLED,0
LIQ-01396,BNK274438,TXN-202409-0406,2024-09-30,2024-09-28,Medianet,MASTERCARD,9782,215.66,6.9,9.7,2.16,196.9,SETTLED,0
LIQ-01397,BNK613052,TXN-202409-0407,2024-09-26,2024-09-25,Datafast,MASTERCARD,9938,32.11,1.12,1.44,0.32,29.23,SETTLED,0
LIQ-01398,BNK277965,TXN-202409-0408,2024-09-17,2024-09-15,PayPhone,VISA,5036,36.5,1.39,1.64,0.36,33.11,SETTLED,0
LIQ-01399,BNK132196,TXN-202409-0409,2024-09-04,2024-09-01,Datafast,VISA,6677,47.89,1.68,2.16,0.48,43.57,SETTLED,0
LIQ-01400,BNK300936,TXN-202409-0410,2024-09-08,2024-09-07,Datafast,MASTERCARD,6259,2792.49,97.74,125.66,27.92,2541.17,SETTLED,0
LIQ-01401,BNK973048,TXN-202409-0411,2024-09-15,2024-09-14,Datafast,VISA,6263,91.71,3.21,4.13,0.92,83.45,SETTLED,0
LIQ-01402,BNK682052,TXN-202409-0412,2024-09-06,2024-09-04,Medianet,MASTERCARD,6320,23.78,0.76,1.07,0.24,21.71,SETTLED,0
LIQ-01403,BNK665073,TXN-202409-0413,2024-09-27,2024-09-26,Datafast,VISA,3801,30.02,1.05,1.35,0.3,27.32,SETTLED,0
LIQ-01404,BNK497941,TXN-202409-0414,2024-09-23,2024-09-21,PayPhone,MASTERCARD,3964,400.92,15.23,18.04,4.01,363.64,SETTLED,0
LIQ-01405,BNK818361,TXN-202409-0415,2024-09-14,2024-09-11,Medianet,VISA,6001,7.5,0.24,0.34,0.07,6.85,SETTLED,0
LIQ-01406,BNK277960,TXN-202409-0416,2024-09-13,2024-09-10,Datafast,VISA,3790,1604.8,56.17,72.22,16.05,1460.36,SETTLED,0
LIQ-01407,BNK959462,TXN-202409-0417,2024-09-12,2024-09-10,Medianet,VISA,6673,314.89,10.08,14.17,3.15,287.49,SETTLED,0
LIQ-01408,BNK176311,TXN-202409-0418,2024-09-29,2024-09-26,Datafast,MASTERCARD,3292,69.84,2.44,3.14,0.7,63.56,SETTLED,0
LIQ-01409,BNK597793,TXN-202409-0419,2024-09-23,2024-09-20,Medianet,VISA,6122,37.11,1.19,1.67,0.37,33.88,SETTLED,0
LIQ-01410,BNK470808,TXN-202409-0420,2024-09-19,2024-09-17,Datafast,MASTERCARD,2661,90.91,3.18,4.09,0.91,82.73,SETTLED,0
LIQ-01411,BNK848910,TXN-202409-0421,2024-09-20,2024-09-19,Medianet,VISA,7653,58.5,1.87,2.63,0.58,53.42,SETTLED,0
LIQ-01412,BNK113228,TXN-202409-0422,2024-09-19,2024-09-16,PayPhone,VISA,2894,31.65,1.2,1.42,0.32,28.71,SETTLED,0
LIQ-01413,BNK786874,TXN-202409-0423,2024-09-07,2024-09-05,Medianet,VISA,9230,8.31,0.27,0.37,0.08,7.59,SETTLED,0
LIQ-01414,BNK669273,TXN-202409-0424,2024-09-22,2024-09-19,Medianet,MASTERCARD,6368,230.25,7.37,10.36,2.3,210.22,SETTLED,0
LIQ-01415,BNK163730,TXN-202409-0425,2024-09-13,2024-09-12,Medianet,VISA,9015,30.72,0.98,1.38,0.31,28.05,SETTLED,0
LIQ-01416,BNK940115,TXN-202409-0426,2024-09-30,2024-09-27,Medianet,MASTERCARD,7033,22.8,0.73,1.03,0.23,20.81,SETTLED,0
LIQ-01417,BNK987928,TXN-202409-0427,2024-10-01,2024-09-30,PayPhone,VISA,2376,20.03,0.76,0.9,0.2,18.17,SETTLED,0
LIQ-01418,BNK170539,TXN-202409-0428,2024-09-18,2024-09-15,Medianet,VISA,8350,371.81,11.9,16.73,3.72,339.46,SETTLED,0
LIQ-01419,BNK736213,TXN-202409-0429,2024-09-12,2024-09-10,Medianet,AMEX,2090,220.98,7.07,9.94,2.21,201.76,SETTLED,0
LIQ-01420,BNK922123,TXN-202409-0430,2024-09-17,2024-09-16,Datafast,VISA,1896,462.43,16.19,20.81,4.62,420.81,SETTLED,0
LIQ-01421,BNK505824,TXN-202409-0431,2024-09-08,2024-09-07,PayPhone,MASTERCARD,6504,275.95,10.49,12.42,2.76,250.28,SETTLED,0
LIQ-01422,BNK358933,TXN-202409-0432,2024-09-14,2024-09-13,Datafast,MASTERCARD,1855,419.05,14.67,18.86,4.19,381.33,SETTLED,0
LIQ-01423,BNK966859,TXN-202409-0433,2024-09-13,2024-09-12,Datafast,AMEX,9668,5.74,0.2,0.26,0.06,5.22,SETTLED,0
LIQ-01424,BNK143728,TXN-202409-0434,2024-10-02,2024-09-30,Medianet,VISA,1772,52.35,1.68,2.36,0.52,47.79,SETTLED,0
LIQ-01425,BNK367313,TXN-202409-0435,2024-10-01,2024-09-29,Datafast,VISA,6951,18.06,0.63,0.81,0.18,16.44,SETTLED,0
LIQ-01426,BNK444930,TXN-202409-0436,2024-09-02,2024-09-01,Medianet,VISA,6054,154.99,4.96,6.97,1.55,141.51,SETTLED,0
LIQ-01427,BNK849478,TXN-202409-0437,2024-09-16,2024-09-13,PayPhone,AMEX,2519,55.81,2.49,2.51,0.56,50.25,SETTLED,0
LIQ-01428,BNK766204,TXN-202409-0438,2024-09-10,2024-09-08,Medianet,VISA,5232,1262.68,40.41,56.82,12.63,1152.82,SETTLED,0
LIQ-01429,BNK303803,TXN-202409-0439,2024-09-22,2024-09-20,PayPhone,MASTERCARD,8343,2942.75,111.82,132.42,29.43,2669.08,SETTLED,0
LIQ-01430,BNK134812,TXN-202409-0440,2024-09-27,2024-09-26,PayPhone,VISA,8440,74.31,2.82,3.34,0.74,67.41,SETTLED,0
LIQ-01431,BNK505393,TXN-202409-0441,2024-09-22,2024-09-21,Datafast,VISA,6034,49.97,1.75,2.25,0.5,45.47,SETTLED,0
LIQ-01432,BNK738457,TXN-202409-0442,2024-09-11,2024-09-10,PayPhone,MASTERCARD,5411,438.86,16.68,19.75,4.39,398.05,SETTLED,0
LIQ-01433,BNK931338,TXN-202409-0443,2024-10-01,2024-09-28,Datafast,VISA,8726,446.6,15.63,20.1,4.47,406.4,SETTLED,0
LIQ-01434,BNK340694,TXN-202409-0444,2024-09-19,2024-09-16,PayPhone,AMEX,4773,11.11,0.42,0.5,0.11,10.08,SETTLED,0
LIQ-01435,BNK440786,TXN-202409-0445,2024-09-28,2024-09-25,Medianet,VISA,6998,71.18,2.28,3.2,0.71,64.99,SETTLED,0
LIQ-01436,BNK854121,TXN-202409-0446,2024-09-20,2024-09-17,Datafast,MASTERCARD,4519,58.44,2.05,2.63,0.58,53.18,SETTLED,0
LIQ-01437,BNK671808,TXN-202409-0447,2024-09-24,2024-09-21,Datafast,DINERS,6842,48.59,1.7,2.19,0.49,44.21,SETTLED,0
LIQ-01438,BNK627477,TXN-202409-0448,2024-09-10,2024-09-08,Medianet,VISA,3312,269.87,8.64,12.14,2.7,246.39,SETTLED,0
LIQ-01439,BNK970049,TXN-202409-0449,2024-09-29,2024-09-27,Datafast,VISA,5875,16.79,0.59,0.76,0.17,15.27,SETTLED,0
LIQ-01440,BNK251861,TXN-202409-0450,2024-09-19,2024-09-17,Datafast,VISA,8182,203.92,7.14,9.18,2.04,185.56,SETTLED,0
LIQ-01441,BNK379723,TXN-202409-0451,2024-09-17,2024-09-15,Datafast,VISA,9665,30.23,1.06,1.36,0.3,27.51,SETTLED,0
LIQ-01442,BNK754446,TXN-202409-0452,2024-09-02,2024-09-01,Datafast,VISA,5846,25.48,0.89,1.15,0.25,23.19,SETTLED,0
LIQ-01443,BNK340582,TXN-202409-0453,2024-09-13,2024-09-10,Datafast,VISA,2837,72.61,2.54,3.27,0.73,66.07,SETTLED,0
LIQ-01444,BNK447103,TXN-202409-0454,2024-09-05,2024-09-04,Medianet,MASTERCARD,8557,469.17,15.01,21.11,4.69,428.36,SETTLED,0
LIQ-01445,BNK988951,TXN-202409-0455,2024-09-13,2024-09-11,Datafast,VISA,2951,19.75,0.69,0.89,0.2,17.97,SETTLED,0
LIQ-01446,BNK340667,TXN-202409-0456,2024-09-26,2024-09-23,Datafast,AMEX,6839,195.28,6.83,8.79,1.95,177.71,SETTLED,0
LIQ-01447,BNK420427,TXN-202409-0457,2024-10-02,2024-09-30,PayPhone,DINERS,5919,390.72,14.85,17.58,3.91,354.38,SETTLED,0
LIQ-01448,BNK112389,TXN-202409-0458,2024-09-15,2024-09-13,Datafast,VISA,8527,408.91,14.31,18.4,4.09,372.11,SETTLED,0
LIQ-01449,BNK137501,TXN-202409-0459,2024-09-26,2024-09-25,PayPhone,MASTERCARD,4267,54.06,2.05,2.43,0.54,49.04,SETTLED,0
LIQ-01450,BNK999508,TXN-202409-0460,2024-09-11,2024-09-08,PayPhone,VISA,5259,168.15,6.39,7.57,1.68,152.51,SETTLED,0
LIQ-01451,BNK834008,TXN-202409-0461,2024-09-12,2024-09-11,Medianet,MASTERCARD,5741,66.08,2.11,2.97,0.66,60.34,SETTLED,0
LIQ-01452,BNK926109,TXN-202409-0462,2024-09-09,2024-09-07,Datafast,VISA,4328,373.14,13.06,16.79,3.73,339.56,SETTLED,0
LIQ-01453,BNK765184,TXN-202409-0463,2024-09-07,2024-09-05,Datafast,MASTERCARD,1600,48.31,1.69,2.17,0.48,43.97,SETTLED,0
LIQ-01454,BNK876267,TXN-202409-0464,2024-09-12,2024-09-11,PayPhone,VISA,6461,430.41,16.36,19.37,4.3,390.38,SETTLED,0
LIQ-01455,BNK208880,TXN-202409-0465,2024-09-20,2024-09-18,Datafast,MASTERCARD,4790,63.4,2.22,2.85,0.63,57.7,SETTLED,0
LIQ-01456,BNK639704,TXN-202409-0466,2024-09-07,2024-09-05,Datafast,VISA,9000,467.3,16.36,21.03,4.67,425.24,SETTLED,0
LIQ-01457,BNK172481,TXN-202409-0467,2024-09-15,2024-09-13,Medianet,MASTERCARD,9364,1934.7,61.91,87.06,19.35,1766.38,SETTLED,0
LIQ-01458,BNK849894,TXN-202409-0468,2024-09-06,2024-09-04,Datafast,VISA,9754,19.13,0.67,0.86,0.19,17.41,SETTLED,0
LIQ-01459,BNK515591,TXN-202409-0469,2024-09-07,2024-09-04,Medianet,VISA,1496,119.16,3.81,5.36,1.19,108.8,SETTLED,0
LIQ-01460,BNK561941,TXN-202409-0470,2024-09-07,2024-09-06,Medianet,VISA,4641,285.22,9.13,12.83,2.85,260.41,SETTLED,0
LIQ-01461,BNK597203,TXN-202409-0471,2024-09-25,2024-09-22,Datafast,DINERS,4198,22.48,0.79,1.01,0.22,20.46,SETTLED,0
LIQ-01462,BNK629694,TXN-202409-0472,2024-09-30,2024-09-28,Datafast,VISA,3044,17.89,0.63,0.81,0.18,16.27,SETTLED,0
LIQ-01463,BNK400527,TXN-202409-0473,2024-09-25,2024-09-24,Datafast,DINERS,9681,36.38,1.27,1.64,0.36,33.11,SETTLED,0
LIQ-01464,BNK639165,TXN-202409-0474,2024-09-12,2024-09-10,Datafast,AMEX,4567,70.28,2.46,3.16,0.7,63.96,SETTLED,0
LIQ-01465,BNK170213,TXN-202409-0475,2024-09-13,2024-09-10,PayPhone,MASTERCARD,7902,48.13,1.83,2.17,0.48,43.65,SETTLED,0
LIQ-01466,BNK983488,TXN-202409-0476,2024-09-07,2024-09-05,Datafast,MASTERCARD,2362,20.13,0.7,0.91,0.2,18.32,SETTLED,0
LIQ-01467,BNK545628,TXN-202409-0477,2024-10-03,2024-09-30,Datafast,VISA,2124,300.86,10.53,13.54,3.01,273.78,SETTLED,0
LIQ-01468,BNK462115,TXN-202409-0478,2024-09-13,2024-09-10,PayPhone,VISA,4293,389.66,14.81,17.53,3.9,353.42,SETTLED,0
LIQ-01469,BNK280617,TXN-202409-0479,2024-09-12,2024-09-10,PayPhone,VISA,4926,378.89,14.4,17.05,3.79,343.65,SETTLED,0
LIQ-01470,BNK392399,TXN-202409-0480,2024-10-02,2024-09-29,Medianet,AMEX,9538,23.69,0.76,1.07,0.24,21.62,SETTLED,0
LIQ-01471,BNK366445,TXN-202409-0481,2024-09-20,2024-09-19,Medianet,VISA,3985,958.61,30.68,43.14,9.59,875.2,SETTLED,0
LIQ-01472,BNK366750,TXN-202409-0482,2024-09-12,2024-09-09,Datafast,DINERS,7997,70.29,2.46,3.16,0.7,63.97,SETTLED,0
LIQ-01473,BNK802573,TXN-202409-0483,2024-09-30,2024-09-29,Medianet,MASTERCARD,1613,59.49,1.9,2.68,0.59,54.32,SETTLED,0
LIQ-01474,BNK476925,TXN-202409-0484,2024-09-13,2024-09-12,PayPhone,VISA,9404,130.92,4.97,5.89,1.31,118.75,SETTLED,0
LIQ-01475,BNK374362,TXN-202409-0485,2024-09-08,2024-09-06,Medianet,MASTERCARD,8773,252.24,8.07,11.35,2.52,230.3,SETTLED,0
LIQ-01476,BNK374609,TXN-202409-0486,2024-09-25,2024-09-22,Datafast,VISA,9290,52.91,1.85,2.38,0.53,48.15,SETTLED,0
LIQ-01477,BNK548263,TXN-202409-0487,2024-09-03,2024-09-02,Datafast,VISA,9764,19.58,0.69,0.88,0.2,17.81,SETTLED,0
LIQ-01478,BNK156085,TXN-202409-0488,2024-09-17,2024-09-15,Datafast,MASTERCARD,3868,55.27,1.93,2.49,0.55,50.3,SETTLED,0
LIQ-01479,BNK965968,TXN-202409-0489,2024-09-16,2024-09-15,Datafast,VISA,2119,379.7,13.29,17.09,3.8,345.52,SETTLED,0
LIQ-01480,BNK657566,TXN-202409-0490,2024-09-21,2024-09-20,Datafast,VISA,6777,67.89,2.38,3.06,0.68,61.77,SETTLED,0
LIQ-01481,BNK320479,TXN-202409-0491,2024-09-23,2024-09-22,Datafast,VISA,3852,150.75,5.28,6.78,1.51,137.18,SETTLED,0
LIQ-01482,BNK959254,TXN-202409-0492,2024-09-05,2024-09-02,Medianet,VISA,8862,21.25,0.68,0.96,0.21,19.4,SETTLED,0
LIQ-01483,BNK661072,TXN-202409-0494,2024-09-16,2024-09-15,Medianet,MASTERCARD,9901,56.78,1.82,2.56,0.57,51.83,SETTLED,0
LIQ-01484,BNK479198,TXN-202409-0495,2024-09-10,2024-09-08,Medianet,VISA,8785,20.13,0.64,0.91,0.2,18.38,SETTLED,0
LIQ-01485,BNK821875,TXN-202409-0496,2024-09-03,2024-09-01,PayPhone,VISA,4216,7.1,0.27,0.32,0.07,6.44,SETTLED,0
LIQ-01486,BNK169161,TXN-202409-0497,2024-09-07,2024-09-04,PayPhone,MASTERCARD,1157,76.91,2.92,3.46,0.77,69.76,SETTLED,0
LIQ-01487,BNK598190,TXN-202409-0498,2024-09-13,2024-09-11,Datafast,VISA,5673,13.08,0.46,0.59,0.13,11.9,SETTLED,0
LIQ-01488,BNK732047,TXN-202409-0499,2024-09-15,2024-09-14,Medianet,VISA,8123,45.63,1.46,2.05,0.46,41.66,SETTLED,0
LIQ-01489,BNK749635,TXN-202409-0500,2024-09-23,2024-09-21,Datafast,VISA,4013,6.12,0.21,0.28,0.06,5.57,SETTLED,0
LIQ-01490,BNK328005,TXN-202410-0001,2024-10-12,2024-10-09,Datafast,VISA,6176,54.35,1.9,2.45,0.54,49.46,SETTLED,0
LIQ-01491,BNK572211,TXN-202410-0002,2024-10-28,2024-10-25,Medianet,VISA,2025,252.66,8.09,11.37,2.53,230.67,SETTLED,0
LIQ-01492,BNK838802,TXN-202410-0003,2024-11-02,2024-10-30,Datafast,DINERS,6135,412.33,14.43,18.55,4.12,375.23,SETTLED,0
LIQ-01493,BNK922375,TXN-202410-0004,2024-10-25,2024-10-23,Datafast,DINERS,3974,492.19,17.23,22.15,4.92,447.89,SETTLED,0
LIQ-01494,BNK679307,TXN-202410-0005,2024-10-24,2024-10-21,Medianet,DINERS,3002,219.46,7.02,9.88,2.19,200.37,SETTLED,0
LIQ-01495,BNK212358,TXN-202410-0006,2024-10-23,2024-10-20,Datafast,AMEX,8293,30.13,1.05,1.36,0.3,27.42,SETTLED,0
LIQ-01496,BNK116325,TXN-202410-0007,2024-10-24,2024-10-23,Datafast,MASTERCARD,6009,291.44,10.2,13.11,2.91,265.22,SETTLED,0
LIQ-01497,BNK772962,TXN-202410-0008,2024-10-26,2024-10-24,Datafast,MASTERCARD,7694,209.72,7.34,9.44,2.1,190.84,SETTLED,0
LIQ-01498,BNK819575,TXN-202410-0009,2024-10-11,2024-10-10,Medianet,MASTERCARD,6352,33.09,1.35,1.49,0.33,29.92,SETTLED,0
LIQ-01499,BNK782529,TXN-202410-0010,2024-10-22,2024-10-20,Datafast,VISA,4484,74.26,2.6,3.34,0.74,67.58,SETTLED,0
LIQ-01500,BNK892358,TXN-202410-0011,2024-10-26,2024-10-25,Medianet,VISA,6364,53.27,1.7,2.4,0.53,48.64,SETTLED,0
LIQ-01501,BNK939335,TXN-202410-0012,2024-10-02,2024-10-01,Medianet,DINERS,4709,201.15,6.44,9.05,2.01,183.65,SETTLED,0
LIQ-01502,BNK861294,TXN-202410-0013,2024-11-02,2024-10-30,PayPhone,VISA,8907,45.45,1.73,2.05,0.45,41.22,SETTLED,0
LIQ-01503,BNK802040,TXN-202410-0014,2024-10-30,2024-10-28,PayPhone,AMEX,9386,173.43,6.59,7.8,1.73,157.31,SETTLED,0
LIQ-01504,BNK436067,TXN-202410-0015,2024-10-17,2024-10-16,Medianet,VISA,1819,107.14,3.43,4.82,1.07,97.82,SETTLED,0
LIQ-01505,BNK352626,TXN-202410-0016,2024-10-06,2024-10-05,PayPhone,VISA,2663,2845.69,108.14,128.06,28.46,2581.03,SETTLED,0
LIQ-01506,BNK774915,TXN-202410-0017,2024-10-18,2024-10-17,Datafast,MASTERCARD,9386,165.84,5.8,7.46,1.66,150.92,SETTLED,0
LIQ-01507,BNK724695,TXN-202410-0018,2024-10-15,2024-10-14,Datafast,VISA,2759,19.82,0.69,0.89,0.2,18.04,SETTLED,0
LIQ-01508,BNK229323,TXN-202410-0019,2024-10-09,2024-10-07,Medianet,VISA,6836,486.44,15.57,21.89,4.86,444.12,SETTLED,0
LIQ-01509,BNK254228,TXN-202410-0020,2024-10-14,2024-10-13,PayPhone,VISA,7960,1398.95,53.16,62.95,13.99,1268.85,SETTLED,0
LIQ-01510,BNK662698,TXN-202410-0021,2024-10-07,2024-10-05,Datafast,VISA,8837,262.04,11.9,11.79,2.62,235.73,SETTLED,0
LIQ-01511,BNK578667,TXN-202410-0022,2024-11-01,2024-10-30,Datafast,VISA,4080,398.72,13.96,17.94,3.99,362.83,SETTLED,0
LIQ-01512,BNK626740,TXN-202410-0023,2024-10-17,2024-10-15,Medianet,VISA,5792,188.06,6.02,8.46,1.88,171.7,SETTLED,0
LIQ-01513,BNK637387,TXN-202410-0024,2024-10-08,2024-10-05,Datafast,VISA,5574,110.21,3.86,4.96,1.1,100.29,SETTLED,0
LIQ-01514,BNK793182,TXN-202410-0025,2024-10-20,2024-10-17,Datafast,VISA,7250,5.96,0.21,0.27,0.06,5.42,SETTLED,0
LIQ-01515,BNK367865,TXN-202410-0026,2024-10-26,2024-10-24,Medianet,VISA,9135,2850.71,91.22,128.28,28.51,2602.71,SETTLED,0
LIQ-01516,BNK665042,TXN-202410-0027,2024-10-30,2024-10-29,Datafast,VISA,2435,678.09,23.73,30.51,6.78,617.07,SETTLED,0
LIQ-01517,BNK871061,TXN-202410-0028,2024-10-27,2024-10-25,PayPhone,VISA,8851,905.91,34.42,40.77,9.06,821.66,SETTLED,0
LIQ-01518,BNK504746,TXN-202410-0029,2024-10-25,2024-10-23,PayPhone,MASTERCARD,8253,226.4,8.6,10.19,2.26,205.35,SETTLED,0
LIQ-01519,BNK942955,TXN-202410-0030,2024-10-17,2024-10-14,Medianet,VISA,7207,33.9,1.08,1.53,0.34,30.95,SETTLED,0
LIQ-01520,BNK752317,TXN-202410-0031,2024-10-26,2024-10-23,Datafast,VISA,3663,1403.54,49.12,63.16,14.04,1277.22,SETTLED,0
LIQ-01521,BNK695484,TXN-202410-0032,2024-11-03,2024-10-31,Datafast,MASTERCARD,7512,50.41,1.76,2.27,0.5,45.88,SETTLED,0
LIQ-01522,BNK707418,TXN-202410-0033,2024-10-07,2024-10-06,Datafast,VISA,2069,358.29,12.54,16.12,3.58,326.05,SETTLED,0
LIQ-01523,BNK546258,TXN-202410-0034,2024-10-26,2024-10-23,Datafast,VISA,6085,241.43,8.45,10.86,2.41,219.71,SETTLED,0
LIQ-01524,BNK714807,TXN-202410-0035,2024-10-08,2024-10-06,PayPhone,VISA,4677,2690.02,102.22,121.05,26.9,2439.85,SETTLED,0
LIQ-01525,BNK653327,TXN-202410-0036,2024-10-16,2024-10-13,Datafast,VISA,4439,2146.22,75.12,96.58,21.46,1953.06,SETTLED,0
LIQ-01526,BNK639484,TXN-202410-0037,2024-10-04,2024-10-03,Datafast,VISA,7488,385.61,13.5,17.35,3.86,350.9,SETTLED,0
LIQ-01527,BNK914126,TXN-202410-0038,2024-10-25,2024-10-24,Medianet,MASTERCARD,3237,15.7,0.5,0.71,0.16,14.33,SETTLED,0
LIQ-01528,BNK262533,TXN-202410-0039,2024-10-29,2024-10-27,PayPhone,VISA,5209,79.03,3.0,3.56,0.79,71.68,SETTLED,0
LIQ-01529,BNK901462,TXN-202410-0040,2024-10-23,2024-10-21,Datafast,VISA,7161,300.48,10.52,13.52,3.0,273.44,SETTLED,0
LIQ-01530,BNK824146,TXN-202410-0041,2024-10-09,2024-10-07,Medianet,VISA,8045,57.8,1.85,2.6,0.58,52.77,SETTLED,0
LIQ-01531,BNK727940,TXN-202410-0042,2024-10-07,2024-10-06,Datafast,DINERS,5292,66.08,2.31,2.97,0.66,60.14,SETTLED,0
LIQ-01532,BNK163880,TXN-202410-0043,2024-10-31,2024-10-29,Datafast,VISA,6594,188.93,6.61,8.5,1.89,171.93,SETTLED,0
LIQ-01533,BNK420942,TXN-202410-0044,2024-10-05,2024-10-03,Datafast,AMEX,1862,52.73,1.85,2.37,0.53,47.98,SETTLED,0
LIQ-01534,BNK429779,TXN-202410-0045,2024-10-10,2024-10-08,Datafast,VISA,1475,7.22,0.25,0.32,0.07,6.58,SETTLED,0
LIQ-01535,BNK604617,TXN-202410-0046,2024-11-01,2024-10-31,Datafast,MASTERCARD,1605,24.96,0.87,1.12,0.25,22.72,SETTLED,0
LIQ-01536,BNK706889,TXN-202410-0047,2024-10-27,2024-10-26,Medianet,MASTERCARD,2837,20.83,0.67,0.94,0.21,19.01,SETTLED,0
LIQ-01537,BNK837230,TXN-202410-0048,2024-10-18,2024-10-16,Datafast,MASTERCARD,1790,1164.59,40.76,52.41,11.65,1059.77,SETTLED,0
LIQ-01538,BNK239297,TXN-202410-0049,2024-10-13,2024-10-11,Medianet,MASTERCARD,9720,56.14,1.8,2.53,0.56,51.25,SETTLED,0
LIQ-01539,BNK978193,TXN-202410-0050,2024-10-04,2024-10-02,PayPhone,DINERS,6575,238.94,9.08,10.75,2.39,216.72,SETTLED,0
LIQ-01540,BNK602625,TXN-202410-0051,2024-10-16,2024-10-13,PayPhone,AMEX,8859,70.29,2.67,3.16,0.7,63.76,SETTLED,0
LIQ-01541,BNK209737,TXN-202410-0052,2024-10-19,2024-10-17,PayPhone,DINERS,4733,14.22,0.54,0.64,0.14,12.9,SETTLED,0
LIQ-01542,BNK387562,TXN-202410-0053,2024-10-25,2024-10-22,PayPhone,MASTERCARD,1277,38.89,1.48,1.75,0.39,35.27,SETTLED,0
LIQ-01543,BNK980537,TXN-202410-0054,2024-10-23,2024-10-21,PayPhone,MASTERCARD,9704,81.31,3.09,3.66,0.81,73.75,SETTLED,0
LIQ-01544,BNK571244,TXN-202410-0055,2024-10-14,2024-10-11,Datafast,VISA,4833,65.57,2.29,2.95,0.66,59.67,SETTLED,0
LIQ-01545,BNK814105,TXN-202410-0056,2024-10-05,2024-10-03,Datafast,MASTERCARD,6576,50.94,1.78,2.29,0.51,46.36,SETTLED,0
LIQ-01546,BNK244210,TXN-202410-0057,2024-10-31,2024-10-28,Datafast,DINERS,3682,2967.18,103.85,133.52,29.67,2700.14,SETTLED,0
LIQ-01547,BNK366121,TXN-202410-0058,2024-10-08,2024-10-05,PayPhone,MASTERCARD,2559,19.63,0.75,0.88,0.2,17.8,SETTLED,0
LIQ-01548,BNK495147,TXN-202410-0059,2024-10-17,2024-10-16,PayPhone,MASTERCARD,2392,93.33,3.55,4.2,0.93,84.64,SETTLED,0
LIQ-01549,BNK343847,TXN-202410-0060,2024-10-08,2024-10-06,Datafast,MASTERCARD,9852,70.61,2.47,3.18,0.71,64.25,SETTLED,0
LIQ-01550,BNK138198,TXN-202410-0061,2024-10-09,2024-10-06,PayPhone,VISA,7710,23.25,0.88,1.05,0.23,21.09,SETTLED,0
LIQ-01551,BNK949581,TXN-202410-0062,2024-11-01,2024-10-30,Medianet,VISA,9553,573.05,18.34,25.79,5.73,523.19,SETTLED,0
LIQ-01552,BNK193891,TXN-202410-0063,2024-10-19,2024-10-16,PayPhone,MASTERCARD,5759,24.32,0.92,1.09,0.24,22.07,SETTLED,0
LIQ-01553,BNK864306,TXN-202410-0064,2024-10-06,2024-10-03,Datafast,VISA,5710,59.41,2.08,2.67,0.59,54.07,SETTLED,0
LIQ-01554,BNK727276,TXN-202410-0065,2024-10-06,2024-10-03,Datafast,VISA,3788,468.02,16.38,21.06,4.68,425.9,SETTLED,0
LIQ-01555,BNK666699,TXN-202410-0066,2024-10-24,2024-10-21,Datafast,AMEX,5830,384.51,13.46,17.3,3.85,349.9,SETTLED,0
LIQ-01556,BNK884019,TXN-202410-0067,2024-10-10,2024-10-09,Medianet,DINERS,7387,22.5,0.72,1.01,0.23,20.54,SETTLED,0
LIQ-01557,BNK499862,TXN-202410-0068,2024-10-10,2024-10-07,Datafast,VISA,5537,49.42,1.73,2.22,0.49,44.98,SETTLED,0
LIQ-01558,BNK844984,TXN-202410-0069,2024-10-16,2024-10-13,PayPhone,MASTERCARD,9431,28.5,1.08,1.28,0.29,25.85,SETTLED,0
LIQ-01559,BNK364905,TXN-202410-0070,2024-10-15,2024-10-13,Medianet,VISA,9465,159.74,5.11,7.19,1.6,145.84,SETTLED,0
LIQ-01560,BNK283531,TXN-202410-0071,2024-10-20,2024-10-17,Datafast,VISA,5874,414.56,14.51,18.66,4.15,377.24,SETTLED,0
LIQ-01561,BNK380808,TXN-202410-0072,2024-10-17,2024-10-15,Medianet,VISA,8500,45.37,1.45,2.04,0.45,41.43,SETTLED,0
LIQ-01562,BNK238622,TXN-202410-0073,2024-10-16,2024-10-15,Datafast,DINERS,7073,289.93,10.15,13.05,2.9,263.83,SETTLED,0
LIQ-01563,BNK313631,TXN-202410-0074,2024-10-24,2024-10-23,Medianet,VISA,8176,416.54,13.33,18.74,4.17,380.3,SETTLED,0
LIQ-01564,BNK972039,TXN-202410-0075,2024-10-31,2024-10-28,Medianet,VISA,3796,808.66,25.88,36.39,8.09,738.3,SETTLED,0
LIQ-01565,BNK683791,TXN-202410-0076,2024-11-02,2024-10-31,Medianet,MASTERCARD,7077,26.86,0.86,1.21,0.27,24.52,SETTLED,0
LIQ-01566,BNK780208,TXN-202410-0077,2024-10-31,2024-10-28,Datafast,AMEX,9032,58.76,2.06,2.64,0.59,53.47,SETTLED,0
LIQ-01567,BNK337380,TXN-202410-0078,2024-10-26,2024-10-25,PayPhone,VISA,6383,467.73,17.77,21.05,4.68,424.23,SETTLED,0
LIQ-01568,BNK721168,TXN-202410-0079,2024-10-31,2024-10-30,PayPhone,MASTERCARD,6710,66.13,2.51,2.98,0.66,59.98,SETTLED,0
LIQ-01569,BNK571366,TXN-202410-0080,2024-10-14,2024-10-12,PayPhone,MASTERCARD,9518,55.84,2.12,2.51,0.56,50.65,SETTLED,0
LIQ-01570,BNK270639,TXN-202410-0081,2024-10-10,2024-10-07,Datafast,MASTERCARD,3071,57.23,2.0,2.58,0.57,52.08,SETTLED,0
LIQ-01571,BNK646794,TXN-202410-0082,2024-10-20,2024-10-19,PayPhone,VISA,9492,61.42,2.33,2.76,0.61,55.72,SETTLED,0
LIQ-01572,BNK346903,TXN-202410-0083,2024-10-07,2024-10-05,PayPhone,MASTERCARD,2821,17.28,0.66,0.78,0.17,15.67,SETTLED,0
LIQ-01573,BNK349841,TXN-202410-0084,2024-10-25,2024-10-24,Medianet,VISA,1841,21.36,0.68,0.96,0.21,19.51,SETTLED,0
LIQ-01574,BNK695604,TXN-202410-0085,2024-10-23,2024-10-22,Medianet,VISA,3935,321.79,10.3,14.48,3.22,293.79,SETTLED,0
LIQ-01575,BNK930837,TXN-202410-0086,2024-10-03,2024-10-02,Datafast,DINERS,3350,150.65,5.27,6.78,1.51,137.09,SETTLED,0
LIQ-01576,BNK208216,TXN-202410-0087,2024-10-20,2024-10-17,Datafast,VISA,2170,793.37,27.77,35.7,7.93,721.97,SETTLED,0
LIQ-01577,BNK258280,TXN-202410-0088,2024-10-09,2024-10-08,Datafast,VISA,8227,59.19,2.07,2.66,0.59,53.87,SETTLED,0
LIQ-01578,BNK218205,TXN-202410-0089,2024-10-09,2024-10-06,Datafast,VISA,8581,49.71,1.74,2.24,0.5,45.23,SETTLED,0
LIQ-01579,BNK777454,TXN-202410-0090,2024-10-05,2024-10-03,Medianet,MASTERCARD,9827,2176.84,69.66,97.96,21.77,1987.45,SETTLED,0
LIQ-01580,BNK791568,TXN-202410-0091,2024-10-13,2024-10-12,PayPhone,MASTERCARD,2212,53.99,2.05,2.43,0.54,48.97,SETTLED,0
LIQ-01581,BNK676408,TXN-202410-0092,2024-10-18,2024-10-17,Datafast,VISA,3255,55.16,1.93,2.48,0.55,50.2,SETTLED,0
LIQ-01582,BNK624255,TXN-202410-0093,2024-10-25,2024-10-24,Datafast,MASTERCARD,5902,194.96,6.82,8.77,1.95,177.42,SETTLED,0
LIQ-01583,BNK131544,TXN-202410-0094,2024-10-16,2024-10-14,Medianet,VISA,9664,53.34,1.71,2.4,0.53,48.7,SETTLED,0
LIQ-01584,BNK510933,TXN-202410-0095,2024-10-29,2024-10-26,Medianet,VISA,9854,73.17,2.34,3.29,0.73,66.81,SETTLED,0
LIQ-01585,BNK956593,TXN-202410-0096,2024-10-21,2024-10-18,Datafast,AMEX,4072,46.7,1.63,2.1,0.47,42.5,SETTLED,0
LIQ-01586,BNK264748,TXN-202410-0097,2024-10-29,2024-10-26,Datafast,MASTERCARD,8403,379.77,16.18,17.09,3.8,342.7,SETTLED,0
LIQ-01587,BNK694103,TXN-202410-0098,2024-10-09,2024-10-06,Datafast,MASTERCARD,2342,2744.01,96.04,123.48,27.44,2497.05,SETTLED,0
LIQ-01588,BNK320295,TXN-202410-0099,2024-10-03,2024-10-02,Medianet,VISA,8571,28.57,0.91,1.29,0.29,26.08,SETTLED,0
LIQ-01589,BNK280777,TXN-202410-0100,2024-10-26,2024-10-25,Medianet,MASTERCARD,1235,24.26,0.78,1.09,0.24,22.15,SETTLED,0
LIQ-01590,BNK642198,TXN-202410-0101,2024-10-08,2024-10-06,Datafast,VISA,6376,77.47,2.71,3.49,0.77,70.5,SETTLED,0
LIQ-01591,BNK639685,TXN-202410-0102,2024-11-03,2024-10-31,PayPhone,MASTERCARD,9669,8.46,0.32,0.38,0.08,7.68,SETTLED,0
LIQ-01592,BNK151774,TXN-202410-0103,2024-10-19,2024-10-16,PayPhone,VISA,5902,15.49,0.59,0.7,0.15,14.05,SETTLED,0
LIQ-01593,BNK846261,TXN-202410-0104,2024-10-18,2024-10-17,Datafast,AMEX,5303,2015.43,70.54,90.69,20.15,1834.05,SETTLED,0
LIQ-01594,BNK706154,TXN-202410-0105,2024-10-07,2024-10-05,Medianet,MASTERCARD,6385,7.76,0.25,0.35,0.08,7.08,SETTLED,0
LIQ-01595,BNK684104,TXN-202410-0106,2024-10-21,2024-10-19,PayPhone,VISA,2620,46.41,1.76,2.09,0.46,42.1,SETTLED,0
LIQ-01596,BNK322393,TXN-202410-0107,2024-10-11,2024-10-09,Datafast,MASTERCARD,5356,46.24,1.62,2.08,0.46,42.08,SETTLED,0
LIQ-01597,BNK275933,TXN-202410-0108,2024-10-24,2024-10-22,Medianet,VISA,4376,75.86,3.16,3.41,0.76,68.53,SETTLED,0
LIQ-01598,BNK252783,TXN-202410-0109,2024-10-12,2024-10-09,PayPhone,VISA,7970,52.22,1.98,2.35,0.52,47.37,SETTLED,0
LIQ-01599,BNK227010,TXN-202410-0110,2024-10-30,2024-10-27,Medianet,VISA,9132,54.3,1.74,2.44,0.54,49.58,SETTLED,0
LIQ-01600,BNK146957,TXN-202410-0111,2024-10-16,2024-10-14,Medianet,VISA,3619,79.43,2.54,3.57,0.79,72.53,SETTLED,0
LIQ-01601,BNK955862,TXN-202410-0112,2024-10-07,2024-10-04,Datafast,MASTERCARD,9570,14.35,0.5,0.65,0.14,13.06,SETTLED,0
LIQ-01602,BNK222655,TXN-202410-0113,2024-10-13,2024-10-11,Medianet,VISA,7409,232.38,7.44,10.46,2.32,212.16,SETTLED,0
LIQ-01603,BNK115626,TXN-202410-0114,2024-10-10,2024-10-08,Datafast,MASTERCARD,9574,12.35,0.43,0.56,0.12,11.24,SETTLED,0
LIQ-01604,BNK294106,TXN-202410-0115,2024-10-31,2024-10-29,PayPhone,MASTERCARD,2717,44.49,1.69,2.0,0.44,40.36,SETTLED,0
LIQ-01605,BNK341192,TXN-202410-0116,2024-10-21,2024-10-19,Medianet,AMEX,2359,31.17,1.0,1.4,0.31,28.46,SETTLED,0
LIQ-01606,BNK284265,TXN-202410-0117,2024-11-02,2024-10-31,Medianet,MASTERCARD,3985,151.71,4.85,6.83,1.52,138.51,SETTLED,0
LIQ-01607,BNK102215,TXN-202410-0118,2024-10-21,2024-10-18,Datafast,AMEX,4565,411.27,14.39,18.51,4.11,374.26,SETTLED,0
LIQ-01608,BNK117068,TXN-202410-0119,2024-10-25,2024-10-22,PayPhone,VISA,1486,188.81,7.17,8.5,1.89,171.25,SETTLED,0
LIQ-01609,BNK166092,TXN-202410-0120,2024-10-10,2024-10-09,Medianet,MASTERCARD,4439,47.57,1.52,2.14,0.48,43.43,SETTLED,0
LIQ-01610,BNK825263,TXN-202410-0121,2024-10-25,2024-10-22,PayPhone,MASTERCARD,9653,63.31,2.41,2.85,0.63,57.42,SETTLED,0
LIQ-01611,BNK647379,TXN-202410-0122,2024-10-18,2024-10-15,Datafast,VISA,9237,31.55,1.1,1.42,0.32,28.71,SETTLED,0
LIQ-01612,BNK504687,TXN-202410-0123,2024-10-31,2024-10-30,Datafast,DINERS,6598,58.89,2.06,2.65,0.59,53.59,SETTLED,0
LIQ-01613,BNK583717,TXN-202410-0124,2024-10-12,2024-10-11,Datafast,AMEX,8117,1516.29,53.07,68.23,15.16,1379.83,SETTLED,0
LIQ-01614,BNK555051,TXN-202410-0125,2024-10-20,2024-10-19,Medianet,VISA,9787,12.02,0.38,0.54,0.12,10.98,SETTLED,0
LIQ-01615,BNK497832,TXN-202410-0126,2024-10-03,2024-10-01,Datafast,VISA,2869,2520.87,88.23,113.44,25.21,2293.99,SETTLED,0
LIQ-01616,BNK220181,TXN-202410-0127,2024-10-25,2024-10-22,Medianet,DINERS,2342,42.34,1.35,1.91,0.42,38.66,SETTLED,0
LIQ-01617,BNK147510,TXN-202410-0128,2024-11-02,2024-10-30,PayPhone,MASTERCARD,5026,51.22,1.95,2.3,0.51,46.46,SETTLED,0
LIQ-01618,BNK131248,TXN-202410-0129,2024-10-27,2024-10-24,Datafast,VISA,9055,30.88,1.08,1.39,0.31,28.1,SETTLED,0
LIQ-01619,BNK632596,TXN-202410-0130,2024-10-21,2024-10-20,PayPhone,AMEX,9827,301.81,11.47,13.58,3.02,273.74,SETTLED,0
LIQ-01620,BNK982140,TXN-202410-0131,2024-10-18,2024-10-17,Medianet,DINERS,2307,450.41,14.41,20.27,4.5,411.23,SETTLED,0
LIQ-01621,BNK762048,TXN-202410-0132,2024-10-04,2024-10-02,Datafast,VISA,5507,31.5,1.1,1.42,0.32,28.66,SETTLED,0
LIQ-01622,BNK725859,TXN-202410-0133,2024-10-23,2024-10-22,Datafast,VISA,6514,1344.9,47.07,60.52,13.45,1223.86,SETTLED,0
LIQ-01623,BNK804090,TXN-202410-0134,2024-10-18,2024-10-16,PayPhone,AMEX,1186,201.83,7.67,9.08,2.02,183.06,SETTLED,0
LIQ-01624,BNK685219,TXN-202410-0135,2024-11-01,2024-10-30,Datafast,VISA,1371,245.32,8.59,11.04,2.45,223.24,SETTLED,0
LIQ-01625,BNK940997,TXN-202410-0136,2024-11-01,2024-10-30,PayPhone,DINERS,3734,72.01,2.74,3.24,0.72,65.31,SETTLED,0
LIQ-01626,BNK809608,TXN-202410-0138,2024-10-15,2024-10-13,Datafast,VISA,2726,59.18,2.07,2.66,0.59,53.86,SETTLED,0
LIQ-01627,BNK604204,TXN-202410-0139,2024-10-30,2024-10-29,Datafast,VISA,8295,44.68,1.56,2.01,0.45,40.66,SETTLED,0
LIQ-01628,BNK849591,TXN-202410-0140,2024-10-10,2024-10-09,Datafast,AMEX,8667,62.71,2.19,2.82,0.63,57.07,SETTLED,0
LIQ-01629,BNK504995,TXN-202410-0141,2024-10-20,2024-10-18,Datafast,VISA,1769,71.91,2.52,3.24,0.72,65.43,SETTLED,0
LIQ-01630,BNK227614,TXN-202410-0142,2024-10-15,2024-10-12,Datafast,VISA,7068,147.97,5.18,6.66,1.48,134.65,SETTLED,0
LIQ-01631,BNK111748,TXN-202410-0143,2024-10-09,2024-10-07,Datafast,VISA,6171,163.36,5.72,7.35,1.63,148.66,SETTLED,0
LIQ-01632,BNK674348,TXN-202410-0144,2024-10-09,2024-10-06,Datafast,VISA,3421,458.42,16.04,20.63,4.58,417.17,SETTLED,0
LIQ-01633,BNK187672,TXN-202410-0145,2024-10-16,2024-10-14,Datafast,VISA,7966,191.64,6.71,8.62,1.92,174.39,SETTLED,0
LIQ-01634,BNK957556,TXN-202410-0146,2024-10-27,2024-10-25,Medianet,MASTERCARD,7929,216.45,6.93,9.74,2.16,197.62,SETTLED,0
LIQ-01635,BNK409824,TXN-202410-0147,2024-10-05,2024-10-04,Medianet,DINERS,4403,243.32,7.79,10.95,2.43,222.15,SETTLED,0
LIQ-01636,BNK298548,TXN-202410-0148,2024-10-23,2024-10-22,Medianet,VISA,4621,6.02,0.19,0.27,0.06,5.5,SETTLED,0
LIQ-01637,BNK490774,TXN-202410-0149,2024-10-03,2024-10-01,Datafast,AMEX,7122,49.78,1.74,2.24,0.5,45.3,SETTLED,0
LIQ-01638,BNK502355,TXN-202410-0150,2024-10-21,2024-10-20,Datafast,VISA,2465,37.17,1.3,1.67,0.37,33.83,SETTLED,0
LIQ-01639,BNK935567,TXN-202410-0151,2024-10-12,2024-10-09,Medianet,VISA,6129,13.63,0.44,0.61,0.14,12.44,SETTLED,0
LIQ-01640,BNK197455,TXN-202410-0152,2024-10-27,2024-10-26,Datafast,AMEX,9267,57.98,2.03,2.61,0.58,52.76,SETTLED,0
LIQ-01641,BNK402790,TXN-202410-0153,2024-10-22,2024-10-19,Medianet,MASTERCARD,9822,79.44,2.54,3.57,0.79,72.54,SETTLED,0
LIQ-01642,BNK164709,TXN-202410-0154,2024-10-08,2024-10-07,Medianet,VISA,1338,7.88,0.25,0.35,0.08,7.2,SETTLED,0
LIQ-01643,BNK859699,TXN-202410-0155,2024-10-17,2024-10-14,Datafast,MASTERCARD,8613,8.82,0.31,0.4,0.09,8.02,SETTLED,0
LIQ-01644,BNK346658,TXN-202410-0156,2024-10-17,2024-10-16,Datafast,MASTERCARD,1194,30.21,1.06,1.36,0.3,27.49,SETTLED,0
LIQ-01645,BNK679896,TXN-202410-0157,2024-10-11,2024-10-09,Medianet,MASTERCARD,6216,25.19,0.81,1.13,0.25,23.0,SETTLED,0
LIQ-01646,BNK403419,TXN-202410-0158,2024-10-02,2024-10-01,Medianet,VISA,4197,156.34,5.0,7.04,1.56,142.74,SETTLED,0
LIQ-01647,BNK434836,TXN-202410-0159,2024-10-21,2024-10-20,Medianet,VISA,3073,26.01,0.83,1.17,0.26,23.75,SETTLED,0
LIQ-01648,BNK781444,TXN-202410-0160,2024-10-05,2024-10-04,Datafast,VISA,7464,30.07,1.05,1.35,0.3,27.37,SETTLED,0
LIQ-01649,BNK355819,TXN-202410-0161,2024-10-15,2024-10-12,Medianet,MASTERCARD,1327,134.73,4.31,6.06,1.35,123.01,SETTLED,0
LIQ-01650,BNK772297,TXN-202410-0162,2024-10-11,2024-10-08,PayPhone,MASTERCARD,2991,333.98,12.69,15.03,3.34,302.92,SETTLED,0
LIQ-01651,BNK189183,TXN-202410-0163,2024-10-24,2024-10-21,Datafast,MASTERCARD,2996,12.98,0.45,0.58,0.13,11.82,SETTLED,0
LIQ-01652,BNK718274,TXN-202410-0164,2024-10-28,2024-10-27,Medianet,VISA,4950,2710.1,86.72,121.95,27.1,2474.33,SETTLED,0
LIQ-01653,BNK635124,TXN-202410-0165,2024-10-22,2024-10-20,Datafast,VISA,2307,75.64,2.65,3.4,0.76,68.83,SETTLED,0
LIQ-01654,BNK891797,TXN-202410-0166,2024-10-06,2024-10-05,Datafast,VISA,1170,304.09,10.64,13.68,3.04,276.73,SETTLED,0
LIQ-01655,BNK149665,TXN-202410-0167,2024-10-28,2024-10-25,Datafast,VISA,5073,454.47,15.91,20.45,4.54,413.57,SETTLED,0
LIQ-01656,BNK924357,TXN-202410-0168,2024-11-01,2024-10-30,PayPhone,AMEX,9726,58.8,2.23,2.65,0.59,53.33,SETTLED,0
LIQ-01657,BNK606030,TXN-202410-0169,2024-10-02,2024-10-01,Datafast,VISA,3058,1759.67,61.59,79.19,17.6,1601.29,SETTLED,0
LIQ-01658,BNK389788,TXN-202410-0170,2024-10-20,2024-10-19,Medianet,MASTERCARD,8771,8.41,0.27,0.38,0.08,7.68,SETTLED,0
LIQ-01659,BNK541597,TXN-202410-0171,2024-10-25,2024-10-22,Medianet,MASTERCARD,6036,246.95,7.9,11.11,2.47,225.47,SETTLED,0
LIQ-01660,BNK921075,TXN-202410-0172,2024-10-16,2024-10-13,PayPhone,DINERS,3202,61.3,2.33,2.76,0.61,55.6,SETTLED,0
LIQ-01661,BNK887559,TXN-202410-0173,2024-10-09,2024-10-06,Medianet,VISA,6163,18.8,0.6,0.85,0.19,17.16,SETTLED,0
LIQ-01662,BNK903664,TXN-202410-0174,2024-10-18,2024-10-15,Datafast,MASTERCARD,6727,412.07,14.42,18.54,4.12,374.99,SETTLED,0
LIQ-01663,BNK997806,TXN-202410-0175,2024-10-25,2024-10-23,Medianet,MASTERCARD,2986,21.53,0.69,0.97,0.22,19.64,SETTLED,0
LIQ-01664,BNK677064,TXN-202410-0176,2024-10-05,2024-10-02,Medianet,VISA,4987,22.87,0.73,1.03,0.23,20.88,SETTLED,0
LIQ-01665,BNK772676,TXN-202410-0177,2024-10-27,2024-10-26,Datafast,AMEX,7989,1176.09,41.16,52.92,11.76,1070.25,SETTLED,0
LIQ-01666,BNK244968,TXN-202410-0178,2024-10-04,2024-10-01,Medianet,VISA,1692,304.53,9.74,13.7,3.05,278.04,SETTLED,0
LIQ-01667,BNK304459,TXN-202410-0179,2024-10-26,2024-10-23,Datafast,MASTERCARD,1967,11.24,0.39,0.51,0.11,10.23,SETTLED,0
LIQ-01668,BNK430156,TXN-202410-0180,2024-10-05,2024-10-02,Datafast,VISA,9701,203.86,7.14,9.17,2.04,185.51,SETTLED,0
LIQ-01669,BNK424356,TXN-202410-0181,2024-10-08,2024-10-06,PayPhone,AMEX,6375,77.39,2.94,3.48,0.77,70.2,SETTLED,0
LIQ-01670,BNK528519,TXN-202410-0182,2024-10-28,2024-10-25,PayPhone,MASTERCARD,9765,2445.46,92.93,110.05,24.45,2218.03,SETTLED,0
LIQ-01671,BNK717298,TXN-202410-0183,2024-10-31,2024-10-28,Datafast,MASTERCARD,2655,54.04,1.89,2.43,0.54,49.18,SETTLED,0
LIQ-01672,BNK431761,TXN-202410-0184,2024-10-10,2024-10-09,Medianet,MASTERCARD,9229,172.67,5.53,7.77,1.73,157.64,SETTLED,0
LIQ-01673,BNK972475,TXN-202410-0185,2024-10-11,2024-10-08,Medianet,AMEX,3015,145.37,4.65,6.54,1.45,132.73,SETTLED,0
LIQ-01674,BNK809132,TXN-202410-0186,2024-10-08,2024-10-06,Medianet,VISA,1699,734.23,23.5,33.04,7.34,670.35,SETTLED,0
LIQ-01675,BNK928485,TXN-202410-0187,2024-10-25,2024-10-24,Datafast,AMEX,5643,41.79,1.46,1.88,0.42,38.03,SETTLED,0
LIQ-01676,BNK202401,TXN-202410-0188,2024-10-16,2024-10-13,Medianet,VISA,6369,18.33,0.59,0.82,0.18,16.74,SETTLED,0
LIQ-01677,BNK136563,TXN-202410-0189,2024-11-02,2024-10-30,Medianet,VISA,1999,23.39,0.75,1.05,0.23,21.36,SETTLED,0
LIQ-01678,BNK103827,TXN-202410-0190,2024-10-27,2024-10-26,PayPhone,VISA,3222,59.51,2.26,2.68,0.6,53.97,SETTLED,0
LIQ-01679,BNK308200,TXN-202410-0191,2024-10-28,2024-10-25,Medianet,VISA,5904,66.99,2.14,3.01,0.67,61.17,SETTLED,0
LIQ-01680,BNK868957,TXN-202410-0192,2024-11-03,2024-10-31,PayPhone,VISA,4476,192.42,7.31,8.66,1.92,174.53,SETTLED,0
LIQ-01681,BNK910648,TXN-202410-0193,2024-10-21,2024-10-18,Medianet,MASTERCARD,8553,64.37,2.06,2.9,0.64,58.77,SETTLED,0
LIQ-01682,BNK117722,TXN-202410-0194,2024-10-28,2024-10-25,PayPhone,AMEX,4384,15.44,0.59,0.69,0.15,14.01,SETTLED,0
LIQ-01683,BNK579245,TXN-202410-0195,2024-10-09,2024-10-08,PayPhone,AMEX,7561,40.92,1.55,1.84,0.41,37.12,SETTLED,0
LIQ-01684,BNK975876,TXN-202410-0196,2024-10-03,2024-10-02,Medianet,VISA,2141,6.59,0.21,0.3,0.07,6.0,SETTLED,0
LIQ-01685,BNK888106,TXN-202410-0197,2024-10-02,2024-10-01,Medianet,VISA,6623,254.42,8.14,11.45,2.54,232.29,SETTLED,0
LIQ-01686,BNK523915,TXN-202410-0198,2024-10-11,2024-10-08,Datafast,VISA,9698,54.15,1.9,2.44,0.54,49.27,SETTLED,0
LIQ-01687,BNK291238,TXN-202410-0199,2024-10-07,2024-10-06,Datafast,AMEX,9129,127.21,4.45,5.72,1.27,115.77,SETTLED,0
LIQ-01688,BNK103678,TXN-202410-0200,2024-10-12,2024-10-11,Datafast,DINERS,4369,10.72,0.38,0.48,0.11,9.75,SETTLED,0
LIQ-01689,BNK488034,TXN-202410-0201,2024-10-06,2024-10-05,Datafast,DINERS,7211,8.25,0.29,0.37,0.08,7.51,SETTLED,0
LIQ-01690,BNK957074,TXN-202410-0202,2024-11-01,2024-10-29,Datafast,VISA,7587,36.89,1.29,1.66,0.37,33.57,SETTLED,0
LIQ-01691,BNK955197,TXN-202410-0203,2024-10-11,2024-10-09,Medianet,MASTERCARD,3291,70.66,2.26,3.18,0.71,64.51,SETTLED,0
LIQ-01692,BNK392497,TXN-202410-0204,2024-10-04,2024-10-03,Medianet,DINERS,8206,378.75,12.12,17.04,3.79,345.8,SETTLED,0
LIQ-01693,BNK445426,TXN-202410-0205,2024-10-07,2024-10-05,PayPhone,DINERS,2292,141.57,5.38,6.37,1.42,128.4,SETTLED,0
LIQ-01694,BNK878247,TXN-202410-0206,2024-10-07,2024-10-04,Datafast,MASTERCARD,4555,2536.62,88.78,114.15,25.37,2308.32,SETTLED,0
LIQ-01695,BNK716904,TXN-202410-0207,2024-10-06,2024-10-05,Datafast,MASTERCARD,6712,29.23,1.02,1.32,0.29,26.6,SETTLED,0
LIQ-01696,BNK497608,TXN-202410-0208,2024-10-17,2024-10-14,Medianet,VISA,9350,41.1,1.32,1.85,0.41,37.52,SETTLED,0
LIQ-01697,BNK558788,TXN-202410-0209,2024-10-10,2024-10-08,Medianet,VISA,7569,354.66,11.35,15.96,3.55,323.8,SETTLED,0
LIQ-01698,BNK974607,TXN-202410-0210,2024-10-28,2024-10-27,Datafast,VISA,5019,44.94,1.57,2.02,0.45,40.9,SETTLED,0
LIQ-01699,BNK178153,TXN-202410-0211,2024-10-26,2024-10-23,Datafast,MASTERCARD,4424,48.34,1.69,2.18,0.48,43.99,SETTLED,0
LIQ-01700,BNK447505,TXN-202410-0212,2024-10-29,2024-10-28,Datafast,VISA,6787,20.25,0.71,0.91,0.2,18.43,SETTLED,0
LIQ-01701,BNK120494,TXN-202410-0213,2024-11-01,2024-10-30,Datafast,VISA,4964,13.26,0.46,0.6,0.13,12.07,SETTLED,0
LIQ-01702,BNK822502,TXN-202410-0214,2024-10-16,2024-10-15,Datafast,AMEX,1988,138.53,4.85,6.23,1.39,126.06,SETTLED,0
LIQ-01703,BNK148315,TXN-202410-0215,2024-10-08,2024-10-07,PayPhone,MASTERCARD,1116,1552.69,59.0,69.87,15.53,1408.29,SETTLED,0
LIQ-01704,BNK557086,TXN-202410-0216,2024-10-16,2024-10-13,Datafast,VISA,6470,2259.91,79.1,101.7,22.6,2056.51,SETTLED,0
LIQ-01705,BNK553876,TXN-202410-0217,2024-10-25,2024-10-22,Datafast,DINERS,9921,57.61,2.02,2.59,0.58,52.42,SETTLED,0
LIQ-01706,BNK800912,TXN-202410-0218,2024-10-13,2024-10-12,Datafast,AMEX,6271,92.68,3.24,4.17,0.93,84.34,SETTLED,0
LIQ-01707,BNK508875,TXN-202410-0219,2024-10-06,2024-10-05,Datafast,VISA,8048,421.76,14.76,18.98,4.22,383.8,SETTLED,0
LIQ-01708,BNK542584,TXN-202410-0220,2024-10-18,2024-10-16,Datafast,VISA,2480,76.16,2.67,3.43,0.76,69.3,SETTLED,0
LIQ-01709,BNK381723,TXN-202410-0221,2024-10-05,2024-10-04,Medianet,VISA,7008,85.55,2.74,3.85,0.86,78.1,SETTLED,0
LIQ-01710,BNK196497,TXN-202410-0222,2024-10-07,2024-10-06,Datafast,MASTERCARD,5782,152.9,5.35,6.88,1.53,139.14,SETTLED,0
LIQ-01711,BNK177411,TXN-202410-0223,2024-10-25,2024-10-23,Datafast,VISA,8378,1635.74,57.25,73.61,16.36,1488.52,SETTLED,0
LIQ-01712,BNK113675,TXN-202410-0224,2024-10-08,2024-10-06,PayPhone,MASTERCARD,5035,257.94,9.8,11.61,2.58,233.95,SETTLED,0
LIQ-01713,BNK778748,TXN-202410-0225,2024-10-09,2024-10-07,PayPhone,MASTERCARD,2408,812.83,30.89,36.58,8.13,737.23,SETTLED,0
LIQ-01714,BNK512077,TXN-202410-0226,2024-10-21,2024-10-18,Medianet,VISA,6477,60.95,1.95,2.74,0.61,55.65,SETTLED,0
LIQ-01715,BNK488988,TXN-202410-0227,2024-10-23,2024-10-21,PayPhone,AMEX,7321,28.49,1.08,1.28,0.28,25.85,SETTLED,0
LIQ-01716,BNK413619,TXN-202410-0229,2024-10-02,2024-10-01,Datafast,VISA,7153,435.58,15.25,19.6,4.36,396.37,SETTLED,0
LIQ-01717,BNK190745,TXN-202410-0230,2024-10-27,2024-10-25,Datafast,MASTERCARD,4922,49.78,1.74,2.24,0.5,45.3,SETTLED,0
LIQ-01718,BNK843397,TXN-202410-0231,2024-10-06,2024-10-03,Datafast,VISA,8984,1100.84,38.53,49.54,11.01,1001.76,SETTLED,0
LIQ-01719,BNK194682,TXN-202410-0232,2024-10-12,2024-10-11,Medianet,MASTERCARD,4046,99.19,3.17,4.46,0.99,90.57,SETTLED,0
LIQ-01720,BNK838281,TXN-202410-0234,2024-10-26,2024-10-23,Datafast,MASTERCARD,6850,489.02,17.12,22.01,4.89,445.0,SETTLED,0
LIQ-01721,BNK981562,TXN-202410-0235,2024-10-27,2024-10-26,Datafast,VISA,6680,122.42,4.28,5.51,1.22,111.42,SETTLED,0
LIQ-01722,BNK335715,TXN-202410-0236,2024-10-04,2024-10-02,Datafast,MASTERCARD,2895,70.16,2.46,3.16,0.7,63.84,SETTLED,0
LIQ-01723,BNK395900,TXN-202410-0237,2024-11-03,2024-10-31,Datafast,MASTERCARD,2659,51.95,1.82,2.34,0.52,47.27,SETTLED,0
LIQ-01724,BNK101662,TXN-202410-0238,2024-10-24,2024-10-23,Datafast,VISA,7223,139.16,4.87,6.26,1.39,126.64,SETTLED,0
LIQ-01725,BNK947000,TXN-202410-0239,2024-10-19,2024-10-17,PayPhone,MASTERCARD,5754,2021.85,76.83,90.98,20.22,1833.82,SETTLED,0
LIQ-01726,BNK568735,TXN-202410-0240,2024-11-02,2024-10-31,Datafast,VISA,5032,51.76,1.81,2.33,0.52,47.1,SETTLED,0
LIQ-01727,BNK667965,TXN-202410-0241,2024-10-23,2024-10-20,Datafast,MASTERCARD,7437,180.43,6.32,8.12,1.8,164.19,SETTLED,0
LIQ-01728,BNK439666,TXN-202410-0242,2024-10-27,2024-10-26,Datafast,VISA,1697,288.96,10.11,13.0,2.89,262.96,SETTLED,0
LIQ-01729,BNK205456,TXN-202410-0243,2024-10-27,2024-10-26,Datafast,AMEX,3195,77.67,2.72,3.5,0.78,70.67,SETTLED,0
LIQ-01730,BNK518196,TXN-202410-0244,2024-10-05,2024-10-03,Datafast,VISA,9324,27.17,0.95,1.22,0.27,24.73,SETTLED,0
LIQ-01731,BNK743949,TXN-202410-0245,2024-10-17,2024-10-15,Medianet,VISA,4931,58.3,1.87,2.62,0.58,53.23,SETTLED,0
LIQ-01732,BNK957677,TXN-202410-0246,2024-10-31,2024-10-30,PayPhone,DINERS,8725,265.66,10.1,11.95,2.66,240.95,SETTLED,0
LIQ-01733,BNK720213,TXN-202410-0247,2024-10-12,2024-10-10,PayPhone,DINERS,8965,32.26,1.23,1.45,0.32,29.26,SETTLED,0
LIQ-01734,BNK381924,TXN-202410-0248,2024-10-20,2024-10-17,Datafast,MASTERCARD,3977,265.15,9.28,11.93,2.65,241.29,SETTLED,0
LIQ-01735,BNK909947,TXN-202410-0249,2024-10-12,2024-10-09,PayPhone,VISA,8486,292.5,11.12,13.16,2.93,265.29,SETTLED,0
LIQ-01736,BNK748663,TXN-202410-0250,2024-10-26,2024-10-23,Datafast,DINERS,1461,64.29,2.25,2.89,0.64,58.51,SETTLED,0
LIQ-01737,BNK592236,TXN-202410-0251,2024-10-14,2024-10-13,Datafast,AMEX,3595,16.87,0.59,0.76,0.17,15.35,SETTLED,0
LIQ-01738,BNK143995,TXN-202410-0252,2024-10-18,2024-10-15,Datafast,AMEX,9924,226.55,7.93,10.19,2.27,206.16,SETTLED,0
LIQ-01739,BNK648187,TXN-202410-0253,2024-10-06,2024-10-04,Medianet,AMEX,7911,18.52,0.59,0.83,0.19,16.91,SETTLED,0
LIQ-01740,BNK745058,TXN-202410-0254,2024-10-22,2024-10-20,Medianet,VISA,7196,28.8,0.92,1.3,0.29,26.29,SETTLED,0
LIQ-01741,BNK115775,TXN-202410-0255,2024-10-19,2024-10-18,Datafast,MASTERCARD,7715,39.09,1.37,1.76,0.39,35.57,SETTLED,0
LIQ-01742,BNK485125,TXN-202410-0256,2024-10-22,2024-10-20,PayPhone,VISA,1076,47.62,1.81,2.14,0.48,43.19,SETTLED,0
LIQ-01743,BNK910555,TXN-202410-0257,2024-10-08,2024-10-07,Datafast,AMEX,6621,491.0,17.19,22.09,4.91,446.81,SETTLED,0
LIQ-01744,BNK688982,TXN-202410-0258,2024-10-12,2024-10-09,Datafast,VISA,5085,257.63,9.02,11.59,2.58,234.44,SETTLED,0
LIQ-01745,BNK897136,TXN-202410-0259,2024-10-31,2024-10-28,Datafast,VISA,5833,11.13,0.39,0.5,0.11,10.13,SETTLED,0
LIQ-01746,BNK304102,TXN-202410-0260,2024-10-07,2024-10-06,Datafast,VISA,3901,71.98,2.52,3.24,0.72,65.5,SETTLED,0
LIQ-01747,BNK550779,TXN-202410-0261,2024-10-07,2024-10-06,Datafast,AMEX,9539,61.49,2.15,2.77,0.61,55.96,SETTLED,0
LIQ-01748,BNK540077,TXN-202410-0262,2024-10-09,2024-10-06,Datafast,VISA,2346,56.66,1.98,2.55,0.57,51.56,SETTLED,0
LIQ-01749,BNK674865,TXN-202410-0263,2024-10-21,2024-10-18,Datafast,AMEX,7188,425.67,14.9,19.16,4.26,387.35,SETTLED,0
LIQ-01750,BNK312129,TXN-202410-0264,2024-10-25,2024-10-22,Datafast,MASTERCARD,5176,140.74,4.93,6.33,1.41,128.07,SETTLED,0
LIQ-01751,BNK408492,TXN-202410-0265,2024-10-16,2024-10-15,Medianet,MASTERCARD,5201,16.29,0.52,0.73,0.16,14.88,SETTLED,0
LIQ-01752,BNK680870,TXN-202410-0266,2024-10-12,2024-10-09,Datafast,VISA,2125,363.06,12.71,16.34,3.63,330.38,SETTLED,0
LIQ-01753,BNK247667,TXN-202410-0267,2024-10-23,2024-10-21,Medianet,DINERS,7753,2643.17,84.58,118.94,26.43,2413.22,SETTLED,0
LIQ-01754,BNK496278,TXN-202410-0268,2024-10-09,2024-10-07,Medianet,MASTERCARD,2254,60.93,1.95,2.74,0.61,55.63,SETTLED,0
LIQ-01755,BNK660249,TXN-202410-0269,2024-10-08,2024-10-07,Medianet,MASTERCARD,1572,170.78,5.46,7.69,1.71,155.92,SETTLED,0
LIQ-01756,BNK860863,TXN-202410-0270,2024-10-03,2024-10-01,PayPhone,MASTERCARD,2717,66.03,2.51,2.97,0.66,59.89,SETTLED,0
LIQ-01757,BNK695033,TXN-202410-0271,2024-10-23,2024-10-21,PayPhone,MASTERCARD,8566,373.71,14.2,16.82,3.74,338.95,SETTLED,0
LIQ-01758,BNK692027,TXN-202410-0272,2024-10-27,2024-10-25,Datafast,VISA,6297,258.86,9.06,11.65,2.59,235.56,SETTLED,0
LIQ-01759,BNK752036,TXN-202410-0273,2024-10-21,2024-10-20,Datafast,VISA,4354,18.27,0.64,0.82,0.18,16.63,SETTLED,0
LIQ-01760,BNK524942,TXN-202410-0274,2024-10-17,2024-10-14,Medianet,VISA,6484,369.19,11.81,16.61,3.69,337.08,SETTLED,0
LIQ-01761,BNK267044,TXN-202410-0275,2024-10-04,2024-10-03,Datafast,MASTERCARD,9772,2642.49,92.49,118.91,26.42,2404.67,SETTLED,0
LIQ-01762,BNK507281,TXN-202410-0276,2024-10-27,2024-10-24,Datafast,VISA,5908,759.19,26.57,34.16,7.59,690.87,SETTLED,0
LIQ-01763,BNK736415,TXN-202410-0277,2024-10-05,2024-10-02,PayPhone,VISA,7710,48.59,1.85,2.19,0.49,44.06,SETTLED,0
LIQ-01764,BNK581415,TXN-202410-0278,2024-10-14,2024-10-13,Datafast,VISA,5351,39.1,1.37,1.76,0.39,35.58,SETTLED,0
LIQ-01765,BNK923039,TXN-202410-0279,2024-11-01,2024-10-30,Datafast,VISA,1702,77.57,2.71,3.49,0.78,70.59,SETTLED,0
LIQ-01766,BNK116175,TXN-202410-0280,2024-10-03,2024-10-01,Datafast,AMEX,7116,391.28,13.69,17.61,3.91,356.07,SETTLED,0
LIQ-01767,BNK653600,TXN-202410-0281,2024-10-12,2024-10-10,Medianet,MASTERCARD,3038,54.4,1.74,2.45,0.54,49.67,SETTLED,0
LIQ-01768,BNK345450,TXN-202410-0282,2024-10-02,2024-10-01,Medianet,VISA,1613,581.69,18.61,26.18,5.82,531.08,SETTLED,0
LIQ-01769,BNK666163,TXN-202410-0283,2024-10-13,2024-10-11,Medianet,AMEX,4095,60.59,1.94,2.73,0.61,55.31,SETTLED,0
LIQ-01770,BNK554504,TXN-202410-0284,2024-10-14,2024-10-13,Datafast,MASTERCARD,9959,46.68,1.63,2.1,0.47,42.48,SETTLED,0
LIQ-01771,BNK685136,TXN-202410-0285,2024-10-15,2024-10-14,Medianet,VISA,1020,74.9,2.4,3.37,0.75,68.38,SETTLED,0
LIQ-01772,BNK682400,TXN-202410-0286,2024-10-14,2024-10-11,PayPhone,VISA,3217,249.31,10.75,11.22,2.49,224.85,SETTLED,0
LIQ-01773,BNK645300,TXN-202410-0287,2024-10-07,2024-10-04,Datafast,VISA,9034,133.06,4.66,5.99,1.33,121.08,SETTLED,0
LIQ-01774,BNK766138,TXN-202410-0288,2024-10-30,2024-10-27,Medianet,VISA,4506,465.0,14.88,20.93,4.65,424.54,SETTLED,0
LIQ-01775,BNK693234,TXN-202410-0289,2024-10-04,2024-10-01,Datafast,VISA,1135,6.92,0.24,0.31,0.07,6.3,SETTLED,0
LIQ-01776,BNK224060,TXN-202410-0290,2024-10-06,2024-10-03,Medianet,VISA,5326,308.34,9.87,13.88,3.08,281.51,SETTLED,0
LIQ-01777,BNK595429,TXN-202410-0291,2024-10-23,2024-10-21,Datafast,MASTERCARD,3338,39.03,1.37,1.76,0.39,35.51,SETTLED,0
LIQ-01778,BNK654842,TXN-202410-0292,2024-10-28,2024-10-27,Datafast,MASTERCARD,8972,19.54,0.68,0.88,0.2,17.78,SETTLED,0
LIQ-01779,BNK815263,TXN-202410-0293,2024-10-04,2024-10-02,Medianet,AMEX,7876,24.54,0.79,1.1,0.25,22.4,SETTLED,0
LIQ-01780,BNK792492,TXN-202410-0294,2024-10-29,2024-10-28,Datafast,VISA,4416,78.86,2.76,3.55,0.79,71.76,SETTLED,0
LIQ-01781,BNK771968,TXN-202410-0295,2024-10-10,2024-10-09,Datafast,DINERS,7917,15.64,0.55,0.7,0.16,14.23,SETTLED,0
LIQ-01782,BNK608868,TXN-202410-0296,2024-10-14,2024-10-13,Datafast,VISA,3200,67.87,2.38,3.05,0.68,61.76,SETTLED,0
LIQ-01783,BNK919555,TXN-202410-0297,2024-10-04,2024-10-03,Datafast,VISA,9341,76.94,2.69,3.46,0.77,70.02,SETTLED,0
LIQ-01784,BNK744208,TXN-202410-0298,2024-10-27,2024-10-26,Medianet,VISA,2678,73.12,2.34,3.29,0.73,66.76,SETTLED,0
LIQ-01785,BNK176176,TXN-202410-0299,2024-10-21,2024-10-20,Datafast,VISA,5313,47.55,1.66,2.14,0.48,43.27,SETTLED,0
LIQ-01786,BNK481770,TXN-202410-0300,2024-10-23,2024-10-20,Datafast,VISA,5246,79.62,2.79,3.58,0.8,72.45,SETTLED,0
LIQ-01787,BNK132122,TXN-202410-0301,2024-10-21,2024-10-20,Datafast,MASTERCARD,5433,14.12,0.49,0.64,0.14,12.85,SETTLED,0
LIQ-01788,BNK489017,TXN-202410-0302,2024-10-13,2024-10-12,Medianet,MASTERCARD,8426,170.85,5.47,7.69,1.71,155.98,SETTLED,0
LIQ-01789,BNK941850,TXN-202410-0303,2024-10-24,2024-10-23,PayPhone,VISA,2901,11.26,0.43,0.51,0.11,10.21,SETTLED,0
LIQ-01790,BNK720087,TXN-202410-0304,2024-10-21,2024-10-18,Datafast,VISA,9664,1371.38,48.0,61.71,13.71,1247.96,SETTLED,0
LIQ-01791,BNK549581,TXN-202410-0305,2024-10-14,2024-10-13,Datafast,MASTERCARD,4766,43.45,1.52,1.96,0.43,39.54,SETTLED,0
LIQ-01792,BNK289383,TXN-202410-0306,2024-11-02,2024-10-31,Datafast,VISA,6193,381.31,13.35,17.16,3.81,346.99,SETTLED,0
LIQ-01793,BNK480655,TXN-202410-0307,2024-10-10,2024-10-07,Datafast,MASTERCARD,4463,149.57,5.23,6.73,1.5,136.11,SETTLED,0
LIQ-01794,BNK575565,TXN-202410-0308,2024-10-29,2024-10-27,Datafast,AMEX,1354,61.03,2.14,2.75,0.61,55.53,SETTLED,0
LIQ-01795,BNK984885,TXN-202410-0309,2024-10-15,2024-10-12,Medianet,MASTERCARD,7746,47.54,1.52,2.14,0.48,43.4,SETTLED,0
LIQ-01796,BNK181300,TXN-202410-0310,2024-10-12,2024-10-09,PayPhone,VISA,1735,482.4,18.33,21.71,4.82,437.54,SETTLED,0
LIQ-01797,BNK697006,TXN-202410-0311,2024-10-19,2024-10-17,Datafast,MASTERCARD,7854,479.16,16.77,21.56,4.79,436.04,SETTLED,0
LIQ-01798,BNK576547,TXN-202410-0312,2024-10-08,2024-10-06,Datafast,VISA,9114,260.34,9.11,11.72,2.6,236.91,SETTLED,0
LIQ-01799,BNK495370,TXN-202410-0313,2024-10-12,2024-10-11,Datafast,VISA,7588,15.88,0.56,0.71,0.16,14.45,SETTLED,0
LIQ-01800,BNK124509,TXN-202410-0314,2024-10-21,2024-10-19,Datafast,MASTERCARD,5261,169.78,5.94,7.64,1.7,154.5,SETTLED,0
LIQ-01801,BNK826886,TXN-202410-0315,2024-10-18,2024-10-17,PayPhone,MASTERCARD,1058,50.14,1.91,2.26,0.5,45.47,SETTLED,0
LIQ-01802,BNK723589,TXN-202410-0316,2024-10-31,2024-10-28,Datafast,VISA,3845,451.01,15.79,20.3,4.51,410.41,SETTLED,0
LIQ-01803,BNK348247,TXN-202410-0317,2024-10-13,2024-10-11,Datafast,AMEX,3836,61.72,2.16,2.78,0.62,56.16,SETTLED,0
LIQ-01804,BNK232649,TXN-202410-0318,2024-10-11,2024-10-09,Datafast,VISA,9284,8.51,0.3,0.38,0.09,7.74,SETTLED,0
LIQ-01805,BNK123359,TXN-202410-0319,2024-10-11,2024-10-08,Datafast,VISA,9791,328.29,11.49,14.77,3.28,298.75,SETTLED,0
LIQ-01806,BNK191200,TXN-202410-0320,2024-10-03,2024-10-01,Datafast,VISA,5558,321.82,11.26,14.48,3.22,292.86,SETTLED,0
LIQ-01807,BNK239147,TXN-202410-0321,2024-11-02,2024-10-30,Datafast,AMEX,9341,72.19,2.53,3.25,0.72,65.69,SETTLED,0
LIQ-01808,BNK552578,TXN-202410-0322,2024-10-28,2024-10-26,Datafast,MASTERCARD,8443,12.13,0.42,0.55,0.12,11.04,SETTLED,0
LIQ-01809,BNK835620,TXN-202410-0323,2024-10-20,2024-10-18,Medianet,VISA,5417,248.14,7.94,11.17,2.48,226.55,SETTLED,0
LIQ-01810,BNK901112,TXN-202410-0324,2024-10-19,2024-10-16,Datafast,VISA,6241,78.8,2.76,3.55,0.79,71.7,SETTLED,0
LIQ-01811,BNK475921,TXN-202410-0325,2024-10-02,2024-10-01,PayPhone,VISA,6744,51.35,1.95,2.31,0.51,46.58,SETTLED,0
LIQ-01812,BNK576632,TXN-202410-0326,2024-10-26,2024-10-23,Datafast,VISA,2833,29.21,1.02,1.31,0.29,26.59,SETTLED,0
LIQ-01813,BNK990524,TXN-202410-0327,2024-10-15,2024-10-12,Datafast,VISA,4885,72.67,2.54,3.27,0.73,66.13,SETTLED,0
LIQ-01814,BNK761714,TXN-202410-0328,2024-10-27,2024-10-26,PayPhone,DINERS,6384,189.07,7.18,8.51,1.89,171.49,SETTLED,0
LIQ-01815,BNK647332,TXN-202410-0329,2024-10-22,2024-10-20,Datafast,DINERS,9808,29.7,1.04,1.34,0.3,27.02,SETTLED,0
LIQ-01816,BNK705355,TXN-202410-0330,2024-10-07,2024-10-05,Datafast,VISA,8433,39.55,1.38,1.78,0.4,35.99,SETTLED,0
LIQ-01817,BNK686225,TXN-202410-0331,2024-10-17,2024-10-14,PayPhone,MASTERCARD,3224,485.65,18.45,21.85,4.86,440.49,SETTLED,0
LIQ-01818,BNK971405,TXN-202410-0332,2024-10-24,2024-10-22,Datafast,VISA,9043,48.34,1.69,2.18,0.48,43.99,SETTLED,0
LIQ-01819,BNK295844,TXN-202410-0333,2024-10-11,2024-10-09,PayPhone,VISA,3019,174.85,6.64,7.87,1.75,158.59,SETTLED,0
LIQ-01820,BNK498606,TXN-202410-0334,2024-10-24,2024-10-21,Medianet,VISA,8430,181.8,5.82,8.18,1.82,165.98,SETTLED,0
LIQ-01821,BNK115406,TXN-202410-0335,2024-10-08,2024-10-07,PayPhone,MASTERCARD,5356,42.1,1.6,1.89,0.42,38.19,SETTLED,0
LIQ-01822,BNK417430,TXN-202410-0336,2024-10-12,2024-10-11,Medianet,VISA,4220,41.57,1.33,1.87,0.42,37.95,SETTLED,0
LIQ-01823,BNK182480,TXN-202410-0337,2024-11-02,2024-10-31,PayPhone,MASTERCARD,1348,28.5,1.08,1.28,0.29,25.85,SETTLED,0
LIQ-01824,BNK680172,TXN-202410-0338,2024-10-06,2024-10-05,Medianet,MASTERCARD,7960,124.38,3.98,5.6,1.24,113.56,SETTLED,0
LIQ-01825,BNK996302,TXN-202410-0339,2024-10-09,2024-10-07,PayPhone,VISA,2963,51.54,1.96,2.32,0.52,46.74,SETTLED,0
LIQ-01826,BNK106128,TXN-202410-0340,2024-10-31,2024-10-28,Datafast,VISA,2731,28.04,0.98,1.26,0.28,25.52,SETTLED,0
LIQ-01827,BNK898021,TXN-202410-0341,2024-10-09,2024-10-08,Medianet,VISA,7287,392.91,12.57,17.68,3.93,358.73,SETTLED,0
LIQ-01828,BNK699407,TXN-202410-0342,2024-10-17,2024-10-15,PayPhone,VISA,5439,54.64,2.08,2.46,0.55,49.55,SETTLED,0
LIQ-01829,BNK486446,TXN-202410-0343,2024-10-07,2024-10-05,Datafast,DINERS,1575,37.36,1.31,1.68,0.37,34.0,SETTLED,0
LIQ-01830,BNK245961,TXN-202410-0344,2024-10-05,2024-10-04,Medianet,MASTERCARD,4327,25.44,0.81,1.14,0.25,23.24,SETTLED,0
LIQ-01831,BNK176377,TXN-202410-0345,2024-10-14,2024-10-13,Medianet,MASTERCARD,5998,27.05,0.87,1.22,0.27,24.69,SETTLED,0
LIQ-01832,BNK922046,TXN-202410-0346,2024-10-23,2024-10-22,Medianet,MASTERCARD,4412,37.52,1.2,1.69,0.38,34.25,SETTLED,0
LIQ-01833,BNK583378,TXN-202410-0347,2024-10-05,2024-10-02,Medianet,DINERS,9255,8.99,0.29,0.4,0.09,8.21,SETTLED,0
LIQ-01834,BNK478752,TXN-202410-0348,2024-10-23,2024-10-20,Datafast,VISA,9564,21.98,0.77,0.99,0.22,20.0,SETTLED,0
LIQ-01835,BNK451917,TXN-202410-0349,2024-11-01,2024-10-29,Medianet,VISA,2065,60.04,1.92,2.7,0.6,54.82,SETTLED,0
LIQ-01836,BNK635294,TXN-202410-0350,2024-10-13,2024-10-10,Datafast,VISA,9310,226.01,7.91,10.17,2.26,205.67,SETTLED,0
LIQ-01837,BNK429624,TXN-202410-0351,2024-10-26,2024-10-23,Medianet,MASTERCARD,9084,42.74,1.37,1.92,0.43,39.02,SETTLED,0
LIQ-01838,BNK223499,TXN-202410-0352,2024-10-14,2024-10-11,Datafast,VISA,4367,1096.55,38.38,49.34,10.97,997.86,SETTLED,0
LIQ-01839,BNK582943,TXN-202410-0353,2024-10-04,2024-10-01,Datafast,VISA,9984,139.57,4.88,6.28,1.4,127.01,SETTLED,0
LIQ-01840,BNK610297,TXN-202410-0354,2024-10-04,2024-10-03,Datafast,VISA,8698,24.79,0.87,1.12,0.25,22.55,SETTLED,0
LIQ-01841,BNK579113,TXN-202410-0355,2024-10-20,2024-10-19,Medianet,AMEX,8261,487.21,15.59,21.92,4.87,444.83,SETTLED,0
LIQ-01842,BNK404912,TXN-202410-0356,2024-10-22,2024-10-19,Datafast,VISA,6884,66.42,2.32,2.99,0.66,60.45,SETTLED,0
LIQ-01843,BNK840364,TXN-202410-0357,2024-10-06,2024-10-05,PayPhone,AMEX,9388,17.55,0.67,0.79,0.18,15.91,SETTLED,0
LIQ-01844,BNK194594,TXN-202410-0358,2024-10-15,2024-10-12,Datafast,AMEX,4644,41.8,1.46,1.88,0.42,38.04,SETTLED,0
LIQ-01845,BNK803556,TXN-202410-0359,2024-10-14,2024-10-12,Datafast,VISA,4834,6.02,0.21,0.27,0.06,5.48,SETTLED,0
LIQ-01846,BNK884285,TXN-202410-0360,2024-11-01,2024-10-29,Medianet,AMEX,4513,439.92,14.08,19.8,4.4,401.64,SETTLED,0
LIQ-01847,BNK244671,TXN-202410-0361,2024-10-07,2024-10-05,Datafast,VISA,7630,52.99,1.85,2.38,0.53,48.23,SETTLED,0
LIQ-01848,BNK611996,TXN-202410-0362,2024-10-11,2024-10-08,PayPhone,MASTERCARD,5652,42.34,1.61,1.91,0.42,38.41,SETTLED,0
LIQ-01849,BNK411215,TXN-202410-0363,2024-10-09,2024-10-07,Medianet,DINERS,8780,60.83,1.95,2.74,0.61,55.53,SETTLED,0
LIQ-01850,BNK503803,TXN-202410-0364,2024-10-31,2024-10-29,Medianet,DINERS,8364,365.1,11.68,16.43,3.65,333.35,SETTLED,0
LIQ-01851,BNK731371,TXN-202410-0365,2024-10-14,2024-10-12,PayPhone,AMEX,1228,73.27,2.78,3.3,0.73,66.46,SETTLED,0
LIQ-01852,BNK293858,TXN-202410-0366,2024-10-05,2024-10-02,Datafast,VISA,5113,1273.31,44.57,57.3,12.73,1158.71,SETTLED,0
LIQ-01853,BNK922144,TXN-202410-0367,2024-10-18,2024-10-15,Medianet,VISA,2544,262.05,8.39,11.79,2.62,239.25,SETTLED,0
LIQ-01854,BNK178253,TXN-202410-0368,2024-10-19,2024-10-16,PayPhone,MASTERCARD,4810,77.71,2.95,3.5,0.78,70.48,SETTLED,0
LIQ-01855,BNK201263,TXN-202410-0369,2024-10-21,2024-10-18,Datafast,MASTERCARD,1138,26.73,0.94,1.2,0.27,24.32,SETTLED,0
LIQ-01856,BNK668129,TXN-202410-0370,2024-10-16,2024-10-15,Datafast,VISA,1204,27.1,0.95,1.22,0.27,24.66,SETTLED,0
LIQ-01857,BNK805664,TXN-202410-0371,2024-10-03,2024-10-01,Datafast,AMEX,2846,41.63,1.46,1.87,0.42,37.88,SETTLED,0
LIQ-01858,BNK935961,TXN-202410-0372,2024-10-31,2024-10-29,Datafast,AMEX,6719,15.33,0.54,0.69,0.15,13.95,SETTLED,0
LIQ-01859,BNK975336,TXN-202410-0373,2024-11-01,2024-10-31,Medianet,MASTERCARD,4162,1901.87,60.86,85.58,19.02,1736.41,SETTLED,0
LIQ-01860,BNK776311,TXN-202410-0374,2024-10-31,2024-10-30,Medianet,VISA,9399,261.46,8.37,11.77,2.61,238.71,SETTLED,0
LIQ-01861,BNK678211,TXN-202410-0375,2024-10-25,2024-10-22,Datafast,VISA,7867,1121.82,39.26,50.48,11.22,1020.86,SETTLED,0
LIQ-01862,BNK251680,TXN-202410-0376,2024-11-01,2024-10-30,Datafast,VISA,1379,2732.58,95.64,122.97,27.33,2486.64,SETTLED,0
LIQ-01863,BNK393948,TXN-202410-0377,2024-10-29,2024-10-26,Medianet,VISA,4052,70.69,2.26,3.18,0.71,64.54,SETTLED,0
LIQ-01864,BNK196366,TXN-202410-0378,2024-10-09,2024-10-07,Datafast,MASTERCARD,9928,36.22,1.27,1.63,0.36,32.96,SETTLED,0
LIQ-01865,BNK738112,TXN-202410-0379,2024-10-08,2024-10-06,Datafast,VISA,3092,1652.89,57.85,74.38,16.53,1504.13,SETTLED,0
LIQ-01866,BNK847393,TXN-202410-0380,2024-10-25,2024-10-23,Medianet,AMEX,7486,44.49,1.42,2.0,0.44,40.63,SETTLED,0
LIQ-01867,BNK720988,TXN-202410-0381,2024-10-17,2024-10-15,Medianet,MASTERCARD,3183,31.56,1.01,1.42,0.32,28.81,SETTLED,0
LIQ-01868,BNK522379,TXN-202410-0382,2024-10-27,2024-10-25,PayPhone,VISA,6712,566.06,21.51,25.47,5.66,513.42,SETTLED,0
LIQ-01869,BNK244463,TXN-202410-0383,2024-10-22,2024-10-19,Datafast,VISA,5333,2466.58,86.33,111.0,24.67,2244.58,SETTLED,0
LIQ-01870,BNK556909,TXN-202410-0384,2024-10-04,2024-10-02,Datafast,MASTERCARD,3733,448.68,15.7,20.19,4.49,408.3,SETTLED,0
LIQ-01871,BNK379205,TXN-202410-0385,2024-10-19,2024-10-17,Datafast,MASTERCARD,1647,62.22,2.18,2.8,0.62,56.62,SETTLED,0
LIQ-01872,BNK285625,TXN-202410-0386,2024-10-06,2024-10-04,PayPhone,VISA,5292,78.96,3.0,3.55,0.79,71.62,SETTLED,0
LIQ-01873,BNK270623,TXN-202410-0387,2024-10-29,2024-10-28,Medianet,AMEX,2111,370.05,11.84,16.65,3.7,337.86,SETTLED,0
LIQ-01874,BNK247758,TXN-202410-0388,2024-10-24,2024-10-23,Datafast,MASTERCARD,3791,58.77,2.06,2.64,0.59,53.48,SETTLED,0
LIQ-01875,BNK732457,TXN-202410-0389,2024-11-01,2024-10-29,Medianet,MASTERCARD,4811,841.01,26.91,37.85,8.41,767.84,SETTLED,0
LIQ-01876,BNK600724,TXN-202410-0390,2024-10-31,2024-10-30,Medianet,VISA,2392,382.04,12.23,17.19,3.82,348.8,SETTLED,0
LIQ-01877,BNK450504,TXN-202410-0391,2024-10-08,2024-10-05,PayPhone,MASTERCARD,1570,10.04,0.38,0.45,0.1,9.11,SETTLED,0
LIQ-01878,BNK637108,TXN-202410-0392,2024-10-04,2024-10-01,PayPhone,MASTERCARD,6834,12.77,0.49,0.57,0.13,11.58,SETTLED,0
LIQ-01879,BNK716179,TXN-202410-0393,2024-10-07,2024-10-06,Datafast,VISA,8376,35.34,1.24,1.59,0.35,32.16,SETTLED,0
LIQ-01880,BNK178064,TXN-202410-0394,2024-10-31,2024-10-28,PayPhone,MASTERCARD,8566,366.15,13.91,16.48,3.66,332.1,SETTLED,0
LIQ-01881,BNK571103,TXN-202410-0395,2024-10-30,2024-10-27,Medianet,VISA,3194,157.62,5.04,7.09,1.58,143.91,SETTLED,0
LIQ-01882,BNK155988,TXN-202410-0396,2024-10-18,2024-10-16,Medianet,VISA,1119,309.61,9.91,13.93,3.1,282.67,SETTLED,0
LIQ-01883,BNK950565,TXN-202410-0397,2024-10-24,2024-10-22,Datafast,MASTERCARD,5399,1732.41,60.63,77.96,17.32,1576.5,SETTLED,0
LIQ-01884,BNK841482,TXN-202410-0398,2024-10-15,2024-10-14,Datafast,MASTERCARD,5579,36.27,1.27,1.63,0.36,33.01,SETTLED,0
LIQ-01885,BNK377174,TXN-202410-0399,2024-10-11,2024-10-10,Datafast,VISA,2086,84.63,2.96,3.81,0.85,77.01,SETTLED,0
LIQ-01886,BNK856029,TXN-202410-0400,2024-11-01,2024-10-30,Medianet,AMEX,1322,97.91,3.13,4.41,0.98,89.39,SETTLED,0
LIQ-01887,BNK866940,TXN-202410-0401,2024-10-08,2024-10-06,PayPhone,VISA,1927,196.3,7.46,8.83,1.96,178.05,SETTLED,0
LIQ-01888,BNK484241,TXN-202410-0402,2024-10-19,2024-10-17,Medianet,AMEX,9105,72.69,2.33,3.27,0.73,66.36,SETTLED,0
LIQ-01889,BNK379341,TXN-202410-0403,2024-10-21,2024-10-19,Medianet,VISA,5458,54.2,1.73,2.44,0.54,49.51,SETTLED,0
LIQ-01890,BNK238297,TXN-202410-0404,2024-10-24,2024-10-22,Datafast,AMEX,2633,63.87,2.24,2.87,0.64,58.12,SETTLED,0
LIQ-01891,BNK210347,TXN-202410-0405,2024-11-02,2024-10-31,PayPhone,VISA,4524,283.17,10.76,12.74,2.83,256.84,SETTLED,0
LIQ-01892,BNK963300,TXN-202410-0406,2024-10-25,2024-10-22,Medianet,VISA,3614,292.93,9.37,13.18,2.93,267.45,SETTLED,0
LIQ-01893,BNK680441,TXN-202410-0407,2024-10-22,2024-10-19,Datafast,MASTERCARD,5435,323.9,11.34,14.58,3.24,294.74,SETTLED,0
LIQ-01894,BNK463448,TXN-202410-0408,2024-10-09,2024-10-08,PayPhone,VISA,7082,59.97,2.28,2.7,0.6,54.39,SETTLED,0
LIQ-01895,BNK814096,TXN-202410-0409,2024-10-11,2024-10-08,Medianet,VISA,4935,215.94,6.91,9.72,2.16,197.15,SETTLED,0
LIQ-01896,BNK407912,TXN-202410-0410,2024-10-15,2024-10-13,Medianet,VISA,2233,385.83,12.35,17.36,3.86,352.26,SETTLED,0
LIQ-01897,BNK490959,TXN-202410-0411,2024-10-25,2024-10-24,PayPhone,VISA,1974,7.81,0.3,0.35,0.08,7.08,SETTLED,0
LIQ-01898,BNK609719,TXN-202410-0412,2024-10-08,2024-10-06,Datafast,VISA,8908,92.37,3.23,4.16,0.92,84.06,SETTLED,0
LIQ-01899,BNK973924,TXN-202410-0413,2024-10-19,2024-10-18,Datafast,VISA,6071,52.8,1.85,2.38,0.53,48.04,SETTLED,0
LIQ-01900,BNK975569,TXN-202410-0414,2024-10-25,2024-10-24,Datafast,VISA,2618,174.71,6.11,7.86,1.75,158.99,SETTLED,0
LIQ-01901,BNK147575,TXN-202410-0415,2024-10-04,2024-10-01,Datafast,MASTERCARD,3366,116.13,4.06,5.23,1.16,105.68,SETTLED,0
LIQ-01902,BNK434454,TXN-202410-0416,2024-10-03,2024-10-01,PayPhone,VISA,3362,15.54,0.59,0.7,0.16,14.09,SETTLED,0
LIQ-01903,BNK556253,TXN-202410-0417,2024-10-25,2024-10-22,Medianet,MASTERCARD,5539,223.1,7.14,10.04,2.23,203.69,SETTLED,0
LIQ-01904,BNK917367,TXN-202410-0418,2024-10-10,2024-10-07,PayPhone,MASTERCARD,9912,19.26,0.73,0.87,0.19,17.47,SETTLED,0
LIQ-01905,BNK630367,TXN-202410-0419,2024-10-29,2024-10-28,PayPhone,MASTERCARD,8628,72.48,2.75,3.26,0.72,65.75,SETTLED,0
LIQ-01906,BNK232559,TXN-202410-0420,2024-10-20,2024-10-19,PayPhone,VISA,1461,447.07,16.99,20.12,4.47,405.49,SETTLED,0
LIQ-01907,BNK103026,TXN-202410-0421,2024-10-05,2024-10-02,Datafast,MASTERCARD,8776,42.4,1.48,1.91,0.42,38.59,SETTLED,0
LIQ-01908,BNK985964,TXN-202410-0422,2024-10-29,2024-10-27,Medianet,VISA,3474,201.76,6.46,9.08,2.02,184.2,SETTLED,0
LIQ-01909,BNK706053,TXN-202410-0423,2024-10-11,2024-10-10,Datafast,VISA,7386,146.3,5.12,6.58,1.46,133.14,SETTLED,0
LIQ-01910,BNK248411,TXN-202410-0424,2024-10-12,2024-10-10,Medianet,VISA,5190,50.84,1.63,2.29,0.51,46.41,SETTLED,0
LIQ-01911,BNK232465,TXN-202410-0425,2024-11-01,2024-10-30,Medianet,MASTERCARD,7666,324.76,10.39,14.61,3.25,296.51,SETTLED,0
LIQ-01912,BNK985589,TXN-202410-0426,2024-10-30,2024-10-29,Medianet,VISA,4353,20.04,0.64,0.9,0.2,18.3,SETTLED,0
LIQ-01913,BNK485004,TXN-202410-0427,2024-10-23,2024-10-22,Datafast,MASTERCARD,4003,468.15,16.39,21.07,4.68,426.01,SETTLED,0
LIQ-01914,BNK621084,TXN-202410-0428,2024-10-24,2024-10-23,Datafast,VISA,3907,2760.81,96.63,124.24,27.61,2512.33,SETTLED,0
LIQ-01915,BNK970847,TXN-202410-0429,2024-10-31,2024-10-30,Datafast,VISA,7114,60.45,2.12,2.72,0.6,55.01,SETTLED,0
LIQ-01916,BNK100063,TXN-202410-0430,2024-10-05,2024-10-04,PayPhone,VISA,2280,59.25,2.25,2.67,0.59,53.74,SETTLED,0
LIQ-01917,BNK844810,TXN-202410-0431,2024-10-27,2024-10-26,Datafast,VISA,9126,40.82,1.43,1.84,0.41,37.14,SETTLED,0
LIQ-01918,BNK702430,TXN-202410-0432,2024-10-21,2024-10-18,Datafast,VISA,5891,420.77,14.73,18.93,4.21,382.9,SETTLED,0
LIQ-01919,BNK118939,TXN-202410-0433,2024-10-04,2024-10-02,PayPhone,MASTERCARD,3361,312.05,11.86,14.04,3.12,283.03,SETTLED,0
LIQ-01920,BNK869987,TXN-202410-0434,2024-10-06,2024-10-05,Medianet,MASTERCARD,4039,37.01,1.18,1.67,0.37,33.79,SETTLED,0
LIQ-01921,BNK152199,TXN-202410-0435,2024-10-09,2024-10-07,Datafast,AMEX,5745,1419.27,49.67,63.87,14.19,1291.54,SETTLED,0
LIQ-01922,BNK166447,TXN-202410-0436,2024-10-10,2024-10-08,Datafast,VISA,1229,49.15,1.72,2.21,0.49,44.73,SETTLED,0
LIQ-01923,BNK762824,TXN-202410-0437,2024-10-27,2024-10-26,Medianet,AMEX,5342,318.58,10.19,14.34,3.19,290.86,SETTLED,0
LIQ-01924,BNK518694,TXN-202410-0438,2024-10-16,2024-10-15,PayPhone,VISA,4505,9.25,0.35,0.42,0.09,8.39,SETTLED,0
LIQ-01925,BNK330222,TXN-202410-0439,2024-10-11,2024-10-10,Datafast,VISA,3824,453.98,15.89,20.43,4.54,413.12,SETTLED,0
LIQ-01926,BNK838330,TXN-202410-0440,2024-10-12,2024-10-09,Medianet,VISA,7868,10.76,0.34,0.48,0.11,9.83,SETTLED,0
LIQ-01927,BNK458792,TXN-202410-0441,2024-10-29,2024-10-28,Datafast,MASTERCARD,2633,457.01,16.0,20.57,4.57,415.87,SETTLED,0
LIQ-01928,BNK529925,TXN-202410-0442,2024-10-31,2024-10-28,Datafast,VISA,2767,46.36,1.62,2.09,0.46,42.19,SETTLED,0
LIQ-01929,BNK388472,TXN-202410-0443,2024-10-05,2024-10-04,Datafast,AMEX,9742,45.61,1.6,2.05,0.46,41.5,SETTLED,0
LIQ-01930,BNK155407,TXN-202410-0444,2024-10-04,2024-10-03,Datafast,VISA,1845,1715.52,60.04,77.2,17.16,1561.12,SETTLED,0
LIQ-01931,BNK581671,TXN-202410-0445,2024-10-19,2024-10-18,PayPhone,AMEX,1580,27.87,1.06,1.25,0.28,25.28,SETTLED,0
LIQ-01932,BNK280016,TXN-202410-0446,2024-10-11,2024-10-08,Datafast,MASTERCARD,4152,95.06,3.33,4.28,0.95,86.5,SETTLED,0
LIQ-01933,BNK321534,TXN-202410-0447,2024-10-28,2024-10-27,Datafast,MASTERCARD,6004,553.22,19.36,24.89,5.53,503.44,SETTLED,0
LIQ-01934,BNK967466,TXN-202410-0448,2024-10-04,2024-10-02,Datafast,MASTERCARD,7268,77.38,2.71,3.48,0.77,70.42,SETTLED,0
LIQ-01935,BNK242619,TXN-202410-0449,2024-10-16,2024-10-15,PayPhone,VISA,9615,33.69,1.28,1.52,0.34,30.55,SETTLED,0
LIQ-01936,BNK391971,TXN-202410-0450,2024-10-24,2024-10-22,Datafast,VISA,8071,303.65,10.63,13.66,3.04,276.32,SETTLED,0
LIQ-01937,BNK988792,TXN-202410-0451,2024-10-27,2024-10-25,Datafast,MASTERCARD,2625,2775.14,97.13,124.88,27.75,2525.38,SETTLED,0
LIQ-01938,BNK592833,TXN-202410-0452,2024-10-26,2024-10-25,PayPhone,AMEX,7250,328.2,12.47,14.77,3.28,297.68,SETTLED,0
LIQ-01939,BNK286253,TXN-202410-0453,2024-10-27,2024-10-24,Datafast,AMEX,4524,37.07,1.3,1.67,0.37,33.73,SETTLED,0
LIQ-01940,BNK627537,TXN-202410-0454,2024-11-02,2024-10-30,Medianet,AMEX,1823,480.04,15.36,21.6,4.8,438.28,SETTLED,0
LIQ-01941,BNK270870,TXN-202410-0455,2024-10-27,2024-10-24,Datafast,DINERS,8780,36.79,1.29,1.66,0.37,33.47,SETTLED,0
LIQ-01942,BNK687192,TXN-202410-0456,2024-10-31,2024-10-30,Medianet,VISA,1196,1668.33,53.39,75.07,16.68,1523.19,SETTLED,0
LIQ-01943,BNK740707,TXN-202410-0457,2024-10-04,2024-10-03,Datafast,VISA,3446,479.41,16.78,21.57,4.79,436.27,SETTLED,0
LIQ-01944,BNK444036,TXN-202410-0458,2024-10-11,2024-10-09,Medianet,VISA,9948,96.21,4.07,4.33,0.96,86.85,SETTLED,0
LIQ-01945,BNK856148,TXN-202410-0459,2024-10-02,2024-10-01,Datafast,VISA,7543,404.06,14.14,18.18,4.04,367.7,SETTLED,0
LIQ-01946,BNK925803,TXN-202410-0460,2024-10-17,2024-10-15,Datafast,MASTERCARD,8350,435.99,15.26,19.62,4.36,396.75,SETTLED,0
LIQ-01947,BNK393599,TXN-202410-0461,2024-10-24,2024-10-21,Datafast,VISA,3782,31.9,1.12,1.44,0.32,29.02,SETTLED,0
LIQ-01948,BNK105302,TXN-202410-0462,2024-10-23,2024-10-20,Datafast,VISA,1918,1191.11,41.69,53.6,11.91,1083.91,SETTLED,0
LIQ-01949,BNK161248,TXN-202410-0463,2024-10-11,2024-10-09,Datafast,VISA,3481,62.45,2.19,2.81,0.62,56.83,SETTLED,0
LIQ-01950,BNK193280,TXN-202410-0464,2024-10-23,2024-10-20,PayPhone,VISA,1575,141.7,5.38,6.38,1.42,128.52,SETTLED,0
LIQ-01951,BNK609057,TXN-202410-0465,2024-10-30,2024-10-28,Datafast,VISA,1520,56.33,1.97,2.53,0.56,51.27,SETTLED,0
LIQ-01952,BNK645438,TXN-202410-0466,2024-10-25,2024-10-23,Medianet,VISA,6492,105.54,3.38,4.75,1.06,96.35,SETTLED,0
LIQ-01953,BNK783618,TXN-202410-0467,2024-10-21,2024-10-18,PayPhone,VISA,4873,436.75,16.6,19.65,4.37,396.13,SETTLED,0
LIQ-01954,BNK956505,TXN-202410-0468,2024-10-07,2024-10-04,Datafast,VISA,7404,43.02,1.51,1.94,0.43,39.14,SETTLED,0
LIQ-01955,BNK641809,TXN-202410-0469,2024-10-24,2024-10-22,Datafast,VISA,7784,428.24,14.99,19.27,4.28,389.7,SETTLED,0
LIQ-01956,BNK291646,TXN-202410-0470,2024-10-22,2024-10-20,Datafast,VISA,3220,6.85,0.24,0.31,0.07,6.23,SETTLED,0
LIQ-01957,BNK268734,TXN-202410-0471,2024-10-13,2024-10-10,Datafast,VISA,2148,277.69,9.72,12.5,2.78,252.69,SETTLED,0
LIQ-01958,BNK822308,TXN-202410-0472,2024-10-20,2024-10-19,Datafast,VISA,6904,16.25,0.57,0.73,0.16,14.79,SETTLED,0
LIQ-01959,BNK374535,TXN-202410-0473,2024-10-27,2024-10-24,Datafast,VISA,4220,58.68,2.05,2.64,0.59,53.4,SETTLED,0
LIQ-01960,BNK851909,TXN-202410-0474,2024-10-20,2024-10-19,Medianet,MASTERCARD,7705,1447.1,46.31,65.12,14.47,1321.2,SETTLED,0
LIQ-01961,BNK574610,TXN-202410-0475,2024-11-01,2024-10-31,Medianet,VISA,9908,352.67,11.29,15.87,3.53,321.98,SETTLED,0
LIQ-01962,BNK352046,TXN-202410-0476,2024-10-24,2024-10-21,PayPhone,DINERS,1510,499.08,18.97,22.46,4.99,452.66,SETTLED,0
LIQ-01963,BNK194465,TXN-202410-0477,2024-10-27,2024-10-26,Medianet,MASTERCARD,1163,70.89,2.27,3.19,0.71,64.72,SETTLED,0
LIQ-01964,BNK242868,TXN-202410-0478,2024-10-10,2024-10-07,Medianet,MASTERCARD,6553,28.77,0.92,1.29,0.29,26.27,SETTLED,0
LIQ-01965,BNK540071,TXN-202410-0479,2024-10-13,2024-10-12,Datafast,VISA,8616,62.57,2.19,2.82,0.63,56.93,SETTLED,0
LIQ-01966,BNK176009,TXN-202410-0480,2024-10-26,2024-10-24,Datafast,MASTERCARD,8795,23.08,0.81,1.04,0.23,21.0,SETTLED,0
LIQ-01967,BNK508405,TXN-202410-0481,2024-10-23,2024-10-21,Datafast,VISA,6128,73.6,2.58,3.31,0.74,66.97,SETTLED,0
LIQ-01968,BNK668585,TXN-202410-0482,2024-10-28,2024-10-27,Medianet,VISA,1491,47.7,1.53,2.15,0.48,43.54,SETTLED,0
LIQ-01969,BNK933451,TXN-202410-0483,2024-10-23,2024-10-22,PayPhone,VISA,1981,2185.26,83.04,98.34,21.85,1982.03,SETTLED,0
LIQ-01970,BNK909950,TXN-202410-0484,2024-10-16,2024-10-14,Medianet,MASTERCARD,2569,13.85,0.44,0.62,0.14,12.65,SETTLED,0
LIQ-01971,BNK491267,TXN-202410-0485,2024-10-08,2024-10-07,Medianet,VISA,9108,71.11,2.28,3.2,0.71,64.92,SETTLED,0
LIQ-01972,BNK106550,TXN-202410-0486,2024-10-21,2024-10-18,PayPhone,VISA,4987,24.75,0.94,1.11,0.25,22.45,SETTLED,0
LIQ-01973,BNK604858,TXN-202410-0487,2024-10-15,2024-10-14,PayPhone,MASTERCARD,3237,7.56,0.29,0.34,0.08,6.85,SETTLED,0
LIQ-01974,BNK169112,TXN-202410-0488,2024-11-01,2024-10-30,Medianet,DINERS,6464,70.02,2.24,3.15,0.7,63.93,SETTLED,0
LIQ-01975,BNK161779,TXN-202410-0489,2024-10-25,2024-10-23,PayPhone,VISA,1201,46.77,1.78,2.1,0.47,42.42,SETTLED,0
LIQ-01976,BNK924496,TXN-202410-0490,2024-10-21,2024-10-20,Datafast,AMEX,1425,328.42,11.49,14.78,3.28,298.87,SETTLED,0
LIQ-01977,BNK468503,TXN-202410-0491,2024-10-17,2024-10-15,PayPhone,VISA,8559,229.08,8.71,10.31,2.29,207.77,SETTLED,0
LIQ-01978,BNK689780,TXN-202410-0492,2024-10-24,2024-10-23,Medianet,MASTERCARD,4542,61.82,1.98,2.78,0.62,56.44,SETTLED,0
LIQ-01979,BNK772640,TXN-202410-0493,2024-10-18,2024-10-17,Medianet,MASTERCARD,8560,424.44,13.58,19.1,4.24,387.52,SETTLED,0
LIQ-01980,BNK831921,TXN-202410-0494,2024-10-17,2024-10-15,Datafast,VISA,2465,363.04,12.71,16.34,3.63,330.36,SETTLED,0
LIQ-01981,BNK889638,TXN-202410-0495,2024-10-26,2024-10-25,Datafast,VISA,4104,197.31,6.91,8.88,1.97,179.55,SETTLED,0
LIQ-01982,BNK161867,TXN-202410-0496,2024-10-20,2024-10-17,Datafast,VISA,1567,43.83,1.53,1.97,0.44,39.89,SETTLED,0
LIQ-01983,BNK195909,TXN-202410-0497,2024-10-26,2024-10-25,Medianet,DINERS,8396,33.81,1.08,1.52,0.34,30.87,SETTLED,0
LIQ-01984,BNK221811,TXN-202410-0498,2024-10-25,2024-10-24,PayPhone,VISA,3812,2705.96,102.83,121.77,27.06,2454.3,SETTLED,0
LIQ-01985,BNK702261,TXN-202410-0499,2024-10-14,2024-10-12,Datafast,VISA,3625,212.03,7.42,9.54,2.12,192.95,SETTLED,0
LIQ-01986,BNK489862,TXN-202410-0500,2024-10-08,2024-10-06,Datafast,VISA,2532,21.77,0.76,0.98,0.22,19.81,SETTLED,0
LIQ-01987,BNK101075,TXN-202411-0001,2024-11-11,2024-11-08,PayPhone,VISA,2788,124.57,4.73,5.61,1.25,112.98,SETTLED,0
LIQ-01988,BNK740070,TXN-202411-0002,2024-11-07,2024-11-06,Datafast,VISA,4345,293.65,10.28,13.21,2.94,267.22,SETTLED,0
LIQ-01989,BNK286646,TXN-202411-0003,2024-11-08,2024-11-07,Medianet,VISA,9856,305.92,9.79,13.77,3.06,279.3,SETTLED,0
LIQ-01990,BNK984830,TXN-202411-0004,2024-11-21,2024-11-19,Datafast,AMEX,7236,26.14,0.91,1.18,0.26,23.79,SETTLED,0
LIQ-01991,BNK586352,TXN-202411-0005,2024-11-07,2024-11-04,Medianet,MASTERCARD,1675,203.88,6.52,9.17,2.04,186.15,SETTLED,0
LIQ-01992,BNK946475,TXN-202411-0006,2024-11-10,2024-11-09,Medianet,AMEX,9344,37.42,1.2,1.68,0.37,34.17,SETTLED,0
LIQ-01993,BNK214512,TXN-202411-0007,2024-11-13,2024-11-12,PayPhone,DINERS,8743,128.91,4.9,5.8,1.29,116.92,SETTLED,0
LIQ-01994,BNK955933,TXN-202411-0008,2024-11-13,2024-11-11,Medianet,VISA,2238,16.75,0.54,0.75,0.17,15.29,SETTLED,0
LIQ-01995,BNK788848,TXN-202411-0009,2024-11-25,2024-11-23,Datafast,MASTERCARD,7387,111.12,3.89,5.0,1.11,101.12,SETTLED,0
LIQ-01996,BNK190359,TXN-202411-0010,2024-11-19,2024-11-17,PayPhone,VISA,9120,57.88,2.2,2.6,0.58,52.5,SETTLED,0
LIQ-01997,BNK430284,TXN-202411-0011,2024-11-24,2024-11-21,Datafast,MASTERCARD,3335,342.95,12.0,15.43,3.43,312.09,SETTLED,0
LIQ-01998,BNK294961,TXN-202411-0012,2024-11-23,2024-11-22,Datafast,VISA,4041,75.74,2.65,3.41,0.76,68.92,SETTLED,0
LIQ-01999,BNK548165,TXN-202411-0013,2024-11-11,2024-11-10,Datafast,VISA,2965,388.1,13.58,17.46,3.88,353.18,SETTLED,0
LIQ-02000,BNK184799,TXN-202411-0014,2024-11-25,2024-11-24,Datafast,AMEX,1408,2642.89,92.5,118.93,26.43,2405.03,SETTLED,0
LIQ-02001,BNK883843,TXN-202411-0015,2024-11-07,2024-11-06,Datafast,VISA,5159,167.59,5.87,7.54,1.68,152.5,SETTLED,0
LIQ-02002,BNK145738,TXN-202411-0016,2024-11-23,2024-11-21,Datafast,VISA,6180,48.79,1.71,2.2,0.49,44.39,SETTLED,0
LIQ-02003,BNK880002,TXN-202411-0017,2024-11-10,2024-11-08,Datafast,MASTERCARD,5576,27.51,0.96,1.24,0.28,25.03,SETTLED,0
LIQ-02004,BNK480347,TXN-202411-0018,2024-11-20,2024-11-18,Medianet,VISA,7676,331.09,10.59,14.9,3.31,302.29,SETTLED,0
LIQ-02005,BNK338459,TXN-202411-0019,2024-11-27,2024-11-25,Datafast,VISA,2832,2742.05,95.97,123.39,27.42,2495.27,SETTLED,0
LIQ-02006,BNK956624,TXN-202411-0020,2024-11-08,2024-11-06,Datafast,VISA,9126,36.86,1.29,1.66,0.37,33.54,SETTLED,0
LIQ-02007,BNK932511,TXN-202411-0021,2024-11-07,2024-11-05,PayPhone,MASTERCARD,2817,34.86,1.55,1.57,0.35,31.39,SETTLED,0
LIQ-02008,BNK561990,TXN-202411-0022,2024-11-03,2024-11-01,PayPhone,AMEX,3739,368.63,14.01,16.59,3.69,334.34,SETTLED,0
LIQ-02009,BNK155826,TXN-202411-0023,2024-11-20,2024-11-18,Datafast,VISA,9964,251.78,8.81,11.33,2.52,229.12,SETTLED,0
LIQ-02010,BNK960687,TXN-202411-0024,2024-11-15,2024-11-13,Datafast,VISA,2120,38.15,1.34,1.72,0.38,34.71,SETTLED,0
LIQ-02011,BNK697176,TXN-202411-0025,2024-11-28,2024-11-27,PayPhone,VISA,8765,222.73,8.46,10.02,2.23,202.02,SETTLED,0
LIQ-02012,BNK242778,TXN-202411-0026,2024-11-10,2024-11-07,Datafast,VISA,1103,149.94,5.25,6.75,1.5,136.44,SETTLED,0
LIQ-02013,BNK309305,TXN-202411-0027,2024-11-19,2024-11-18,Datafast,DINERS,8451,134.27,4.7,6.04,1.34,122.19,SETTLED,0
LIQ-02014,BNK145980,TXN-202411-0028,2024-11-13,2024-11-11,PayPhone,VISA,5207,63.53,2.83,2.86,0.64,57.2,SETTLED,0
LIQ-02015,BNK134422,TXN-202411-0029,2024-11-15,2024-11-12,Medianet,MASTERCARD,6019,297.83,9.53,13.4,2.98,271.92,SETTLED,0
LIQ-02016,BNK584835,TXN-202411-0030,2024-11-10,2024-11-08,Datafast,VISA,5012,69.48,2.43,3.13,0.69,63.23,SETTLED,0
LIQ-02017,BNK174323,TXN-202411-0031,2024-11-25,2024-11-24,PayPhone,AMEX,7669,21.17,0.8,0.95,0.21,19.21,SETTLED,0
LIQ-02018,BNK948992,TXN-202411-0032,2024-11-07,2024-11-04,PayPhone,VISA,1881,75.53,2.87,3.4,0.76,68.5,SETTLED,0
LIQ-02019,BNK551084,TXN-202411-0033,2024-11-11,2024-11-08,Datafast,VISA,3370,27.61,0.97,1.24,0.28,25.12,SETTLED,0
LIQ-02020,BNK722485,TXN-202411-0034,2024-11-28,2024-11-26,Medianet,VISA,4695,14.27,0.46,0.64,0.14,13.03,SETTLED,0
LIQ-02021,BNK429158,TXN-202411-0035,2024-11-04,2024-11-03,Medianet,VISA,5940,193.4,6.19,8.7,1.93,176.58,SETTLED,0
LIQ-02022,BNK813540,TXN-202411-0036,2024-11-04,2024-11-01,Datafast,MASTERCARD,5802,254.46,8.91,11.45,2.54,231.56,SETTLED,0
LIQ-02023,BNK115420,TXN-202411-0037,2024-11-28,2024-11-26,PayPhone,MASTERCARD,3158,60.19,2.29,2.71,0.6,54.59,SETTLED,0
LIQ-02024,BNK104827,TXN-202411-0038,2024-11-20,2024-11-17,Datafast,MASTERCARD,4009,29.28,1.02,1.32,0.29,26.65,SETTLED,0
LIQ-02025,BNK607371,TXN-202411-0039,2024-11-24,2024-11-21,Datafast,VISA,6907,24.82,0.87,1.12,0.25,22.58,SETTLED,0
LIQ-02026,BNK368881,TXN-202411-0040,2024-11-20,2024-11-18,Datafast,VISA,3362,77.52,2.71,3.49,0.78,70.54,SETTLED,0
LIQ-02027,BNK834696,TXN-202411-0041,2024-11-03,2024-11-01,Datafast,AMEX,2521,23.35,0.82,1.05,0.23,21.25,SETTLED,0
LIQ-02028,BNK970294,TXN-202411-0042,2024-11-16,2024-11-15,Medianet,DINERS,7509,380.12,12.16,17.11,3.8,347.05,SETTLED,0
LIQ-02029,BNK785397,TXN-202411-0043,2024-11-19,2024-11-16,Medianet,VISA,1252,267.78,8.57,12.05,2.68,244.48,SETTLED,0
LIQ-02030,BNK190831,TXN-202411-0044,2024-11-04,2024-11-03,Datafast,VISA,3360,52.24,1.83,2.35,0.52,47.54,SETTLED,0
LIQ-02031,BNK628671,TXN-202411-0045,2024-11-04,2024-11-03,Medianet,VISA,6608,1983.52,63.47,89.26,19.84,1810.95,SETTLED,0
LIQ-02032,BNK701885,TXN-202411-0046,2024-11-26,2024-11-25,Datafast,AMEX,3966,67.97,2.38,3.06,0.68,61.85,SETTLED,0
LIQ-02033,BNK923349,TXN-202411-0047,2024-11-28,2024-11-27,Datafast,VISA,4517,60.54,2.12,2.72,0.61,55.09,SETTLED,0
LIQ-02034,BNK427426,TXN-202411-0048,2024-11-12,2024-11-09,Datafast,MASTERCARD,5421,446.0,15.61,20.07,4.46,405.86,SETTLED,0
LIQ-02035,BNK689063,TXN-202411-0049,2024-11-22,2024-11-21,Datafast,MASTERCARD,2348,42.49,1.96,1.91,0.42,38.2,SETTLED,0
LIQ-02036,BNK845932,TXN-202411-0051,2024-11-02,2024-11-01,PayPhone,VISA,3325,14.55,0.55,0.65,0.15,13.2,SETTLED,0
LIQ-02037,BNK443124,TXN-202411-0052,2024-11-05,2024-11-04,Medianet,VISA,1278,70.23,2.25,3.16,0.7,64.12,SETTLED,0
LIQ-02038,BNK833087,TXN-202411-0053,2024-11-08,2024-11-05,PayPhone,VISA,5449,300.33,11.41,13.51,3.0,272.41,SETTLED,0
LIQ-02039,BNK407270,TXN-202411-0054,2024-11-13,2024-11-10,PayPhone,VISA,5998,13.82,0.53,0.62,0.14,12.53,SETTLED,0
LIQ-02040,BNK338030,TXN-202411-0055,2024-11-15,2024-11-12,PayPhone,MASTERCARD,8308,51.13,1.94,2.3,0.51,46.38,SETTLED,0
LIQ-02041,BNK950110,TXN-202411-0056,2024-11-23,2024-11-20,Medianet,VISA,8773,20.33,0.65,0.91,0.2,18.57,SETTLED,0
LIQ-02042,BNK777233,TXN-202411-0057,2024-11-14,2024-11-11,Datafast,MASTERCARD,3953,20.8,0.73,0.94,0.21,18.92,SETTLED,0
LIQ-02043,BNK247691,TXN-202411-0058,2024-11-29,2024-11-27,Medianet,AMEX,7157,44.33,1.42,1.99,0.44,40.48,SETTLED,0
LIQ-02044,BNK936185,TXN-202411-0059,2024-11-03,2024-11-01,Datafast,VISA,1370,10.03,0.35,0.45,0.1,9.13,SETTLED,0
LIQ-02045,BNK695053,TXN-202411-0060,2024-11-05,2024-11-04,Medianet,VISA,4411,39.39,1.26,1.77,0.39,35.97,SETTLED,0
LIQ-02046,BNK647254,TXN-202411-0061,2024-11-30,2024-11-29,Medianet,MASTERCARD,3992,52.73,1.69,2.37,0.53,48.14,SETTLED,0
LIQ-02047,BNK591074,TXN-202411-0062,2024-12-02,2024-11-30,Datafast,VISA,7892,26.31,0.92,1.18,0.26,23.95,SETTLED,0
LIQ-02048,BNK533276,TXN-202411-0063,2024-11-12,2024-11-09,Medianet,VISA,6785,249.37,7.98,11.22,2.49,227.68,SETTLED,0
LIQ-02049,BNK721908,TXN-202411-0064,2024-11-25,2024-11-24,Medianet,MASTERCARD,6174,16.43,0.53,0.74,0.16,15.0,SETTLED,0
LIQ-02050,BNK682308,TXN-202411-0065,2024-11-22,2024-11-19,Datafast,VISA,2546,64.77,2.27,2.91,0.65,58.94,SETTLED,0
LIQ-02051,BNK700922,TXN-202411-0066,2024-11-12,2024-11-09,Medianet,VISA,4680,328.71,10.52,14.79,3.29,300.11,SETTLED,0
LIQ-02052,BNK323701,TXN-202411-0067,2024-11-27,2024-11-26,PayPhone,MASTERCARD,3138,17.61,0.67,0.79,0.18,15.97,SETTLED,0
LIQ-02053,BNK999115,TXN-202411-0068,2024-11-08,2024-11-06,PayPhone,VISA,8705,141.53,5.38,6.37,1.42,128.36,SETTLED,0
LIQ-02054,BNK532144,TXN-202411-0069,2024-11-19,2024-11-17,PayPhone,VISA,7700,101.92,3.87,4.59,1.02,92.44,SETTLED,0
LIQ-02055,BNK461353,TXN-202411-0070,2024-11-11,2024-11-08,Datafast,VISA,2292,62.0,2.17,2.79,0.62,56.42,SETTLED,0
LIQ-02056,BNK237893,TXN-202411-0071,2024-11-30,2024-11-27,Datafast,MASTERCARD,8628,229.1,8.02,10.31,2.29,208.48,SETTLED,0
LIQ-02057,BNK724089,TXN-202411-0072,2024-11-09,2024-11-06,Datafast,VISA,5916,169.84,5.94,7.64,1.7,154.56,SETTLED,0
LIQ-02058,BNK369579,TXN-202411-0073,2024-11-19,2024-11-16,PayPhone,MASTERCARD,1394,315.4,11.99,14.19,3.15,286.07,SETTLED,0
LIQ-02059,BNK392582,TXN-202411-0074,2024-11-13,2024-11-12,Medianet,MASTERCARD,3194,262.87,8.41,11.83,2.63,240.0,SETTLED,0
LIQ-02060,BNK595155,TXN-202411-0075,2024-11-26,2024-11-24,Datafast,VISA,5429,55.25,1.93,2.49,0.55,50.28,SETTLED,0
LIQ-02061,BNK903199,TXN-202411-0076,2024-11-15,2024-11-13,Datafast,MASTERCARD,6651,2848.52,99.7,128.18,28.49,2592.15,SETTLED,0
LIQ-02062,BNK221180,TXN-202411-0077,2024-11-18,2024-11-17,Datafast,MASTERCARD,6883,38.16,1.34,1.72,0.38,34.72,SETTLED,0
LIQ-02063,BNK533501,TXN-202411-0078,2024-11-12,2024-11-09,Datafast,VISA,9848,32.67,1.14,1.47,0.33,29.73,SETTLED,0
LIQ-02064,BNK976958,TXN-202411-0079,2024-11-18,2024-11-16,PayPhone,MASTERCARD,6746,25.62,0.97,1.15,0.26,23.24,SETTLED,0
LIQ-02065,BNK868294,TXN-202411-0080,2024-11-20,2024-11-19,Datafast,MASTERCARD,2834,51.9,1.82,2.34,0.52,47.22,SETTLED,0
LIQ-02066,BNK192369,TXN-202411-0081,2024-11-17,2024-11-16,PayPhone,DINERS,7263,2080.6,79.06,93.63,20.81,1887.1,SETTLED,0
LIQ-02067,BNK754736,TXN-202411-0082,2024-11-04,2024-11-02,Datafast,AMEX,1607,419.12,14.67,18.86,4.19,381.4,SETTLED,0
LIQ-02068,BNK931553,TXN-202411-0083,2024-11-29,2024-11-28,Datafast,AMEX,3153,60.21,2.11,2.71,0.6,54.79,SETTLED,0
LIQ-02069,BNK855971,TXN-202411-0084,2024-11-24,2024-11-23,Datafast,AMEX,2732,38.25,1.34,1.72,0.38,34.81,SETTLED,0
LIQ-02070,BNK639671,TXN-202411-0085,2024-11-24,2024-11-21,Datafast,AMEX,2741,68.94,2.41,3.1,0.69,62.74,SETTLED,0
LIQ-02071,BNK248112,TXN-202411-0086,2024-12-02,2024-11-29,Medianet,VISA,2809,457.86,14.65,20.6,4.58,418.03,SETTLED,0
LIQ-02072,BNK597166,TXN-202411-0087,2024-11-04,2024-11-01,Datafast,DINERS,6237,233.83,8.18,10.52,2.34,212.79,SETTLED,0
LIQ-02073,BNK312005,TXN-202411-0088,2024-11-30,2024-11-27,Datafast,AMEX,9798,107.28,5.16,4.83,1.07,96.22,SETTLED,0
LIQ-02074,BNK943866,TXN-202411-0089,2024-11-21,2024-11-20,Datafast,VISA,2489,8.34,0.29,0.38,0.08,7.59,SETTLED,0
LIQ-02075,BNK425954,TXN-202411-0090,2024-11-03,2024-11-01,Medianet,VISA,3797,433.69,13.88,19.52,4.34,395.95,SETTLED,0
LIQ-02076,BNK950328,TXN-202411-0091,2024-11-24,2024-11-23,Datafast,VISA,8042,47.61,1.67,2.14,0.48,43.32,SETTLED,0
LIQ-02077,BNK664574,TXN-202411-0092,2024-11-25,2024-11-24,Medianet,VISA,9855,11.79,0.38,0.53,0.12,10.76,SETTLED,0
LIQ-02078,BNK186656,TXN-202411-0093,2024-11-27,2024-11-26,Datafast,MASTERCARD,7629,2416.81,84.59,108.76,24.17,2199.29,SETTLED,0
LIQ-02079,BNK323574,TXN-202411-0094,2024-11-10,2024-11-08,Datafast,VISA,5678,59.32,2.08,2.67,0.59,53.98,SETTLED,0
LIQ-02080,BNK907940,TXN-202411-0095,2024-11-28,2024-11-25,PayPhone,MASTERCARD,9779,977.72,37.15,44.0,9.78,886.79,SETTLED,0
LIQ-02081,BNK860587,TXN-202411-0096,2024-11-08,2024-11-05,Datafast,VISA,7776,154.76,5.42,6.96,1.55,140.83,SETTLED,0
LIQ-02082,BNK911017,TXN-202411-0097,2024-11-08,2024-11-06,Datafast,VISA,5182,71.27,2.49,3.21,0.71,64.86,SETTLED,0
LIQ-02083,BNK174158,TXN-202411-0098,2024-11-14,2024-11-12,Datafast,VISA,8847,31.64,1.11,1.42,0.32,28.79,SETTLED,0
LIQ-02084,BNK137247,TXN-202411-0099,2024-11-07,2024-11-06,Medianet,MASTERCARD,8011,368.56,11.79,16.59,3.69,336.49,SETTLED,0
LIQ-02085,BNK370340,TXN-202411-0100,2024-11-25,2024-11-23,PayPhone,MASTERCARD,9416,47.65,1.81,2.14,0.48,43.22,SETTLED,0
LIQ-02086,BNK448431,TXN-202411-0101,2024-11-26,2024-11-23,Datafast,AMEX,7902,167.13,5.85,7.52,1.67,152.09,SETTLED,0
LIQ-02087,BNK147609,TXN-202411-0102,2024-11-09,2024-11-07,Medianet,MASTERCARD,3079,43.5,1.39,1.96,0.43,39.72,SETTLED,0
LIQ-02088,BNK261196,TXN-202411-0103,2024-11-22,2024-11-21,Datafast,VISA,4504,1792.57,62.74,80.67,17.93,1631.23,SETTLED,0
LIQ-02089,BNK468883,TXN-202411-0104,2024-11-25,2024-11-22,Datafast,VISA,8595,47.28,1.65,2.13,0.47,43.03,SETTLED,0
LIQ-02090,BNK912314,TXN-202411-0105,2024-11-30,2024-11-29,PayPhone,VISA,7215,31.92,1.21,1.44,0.32,28.95,SETTLED,0
LIQ-02091,BNK688754,TXN-202411-0106,2024-11-08,2024-11-06,Datafast,VISA,1963,72.72,2.55,3.27,0.73,66.17,SETTLED,0
LIQ-02092,BNK796241,TXN-202411-0107,2024-11-29,2024-11-26,Datafast,VISA,1158,6.63,0.23,0.3,0.07,6.03,SETTLED,0
LIQ-02093,BNK740442,TXN-202411-0108,2024-11-28,2024-11-27,Datafast,MASTERCARD,9195,34.95,1.22,1.57,0.35,31.81,SETTLED,0
LIQ-02094,BNK522871,TXN-202411-0109,2024-11-11,2024-11-10,Datafast,VISA,9610,55.89,1.96,2.52,0.56,50.85,SETTLED,0
LIQ-02095,BNK332552,TXN-202411-0110,2024-11-18,2024-11-17,PayPhone,AMEX,5411,458.36,17.42,20.63,4.58,415.73,SETTLED,0
LIQ-02096,BNK817857,TXN-202411-0111,2024-11-02,2024-11-01,Datafast,MASTERCARD,6111,1501.88,52.57,67.58,15.02,1366.71,SETTLED,0
LIQ-02097,BNK292073,TXN-202411-0112,2024-11-18,2024-11-17,Medianet,DINERS,8474,485.4,15.53,21.84,4.85,443.18,SETTLED,0
LIQ-02098,BNK172058,TXN-202411-0113,2024-11-27,2024-11-26,PayPhone,MASTERCARD,5240,54.76,2.08,2.46,0.55,49.67,SETTLED,0
LIQ-02099,BNK591018,TXN-202411-0114,2024-11-17,2024-11-15,PayPhone,VISA,1387,416.63,15.83,18.75,4.17,377.88,SETTLED,0
LIQ-02100,BNK411185,TXN-202411-0115,2024-11-12,2024-11-10,Datafast,VISA,9375,71.22,2.49,3.2,0.71,64.82,SETTLED,0
LIQ-02101,BNK323698,TXN-202411-0116,2024-11-09,2024-11-08,Datafast,VISA,4780,11.76,0.41,0.53,0.12,10.7,SETTLED,0
LIQ-02102,BNK921739,TXN-202411-0117,2024-11-13,2024-11-12,Medianet,AMEX,8181,40.8,1.31,1.84,0.41,37.24,SETTLED,0
LIQ-02103,BNK929075,TXN-202411-0118,2024-11-24,2024-11-22,Datafast,MASTERCARD,2451,463.39,16.22,20.85,4.63,421.69,SETTLED,0
LIQ-02104,BNK863753,TXN-202411-0119,2024-11-07,2024-11-05,PayPhone,MASTERCARD,2794,120.25,4.57,5.41,1.2,109.07,SETTLED,0
LIQ-02105,BNK477427,TXN-202411-0120,2024-11-30,2024-11-27,Medianet,VISA,1532,457.17,14.63,20.57,4.57,417.4,SETTLED,0
LIQ-02106,BNK559119,TXN-202411-0121,2024-11-19,2024-11-16,Medianet,VISA,9039,10.37,0.33,0.47,0.1,9.47,SETTLED,0
LIQ-02107,BNK368470,TXN-202411-0122,2024-11-26,2024-11-25,Medianet,MASTERCARD,5777,50.64,1.62,2.28,0.51,46.23,SETTLED,0
LIQ-02108,BNK649472,TXN-202411-0123,2024-11-27,2024-11-25,Datafast,VISA,3140,336.44,11.78,15.14,3.36,306.16,SETTLED,0
LIQ-02109,BNK901050,TXN-202411-0124,2024-11-09,2024-11-07,PayPhone,MASTERCARD,2404,19.1,0.73,0.86,0.19,17.32,SETTLED,0
LIQ-02110,BNK963876,TXN-202411-0125,2024-11-12,2024-11-10,Datafast,VISA,8162,258.8,9.06,11.65,2.59,235.5,SETTLED,0
LIQ-02111,BNK353709,TXN-202411-0126,2024-11-15,2024-11-14,Datafast,AMEX,5927,76.89,2.69,3.46,0.77,69.97,SETTLED,0
LIQ-02112,BNK453784,TXN-202411-0127,2024-11-05,2024-11-03,Datafast,MASTERCARD,1714,275.27,9.63,12.39,2.75,250.5,SETTLED,0
LIQ-02113,BNK258737,TXN-202411-0128,2024-11-02,2024-11-01,Medianet,VISA,1824,417.49,13.36,18.79,4.17,381.17,SETTLED,0
LIQ-02114,BNK541111,TXN-202411-0129,2024-11-19,2024-11-16,Datafast,MASTERCARD,7613,39.1,1.37,1.76,0.39,35.58,SETTLED,0
LIQ-02115,BNK655682,TXN-202411-0130,2024-11-12,2024-11-09,PayPhone,VISA,9668,207.24,7.88,9.33,2.07,187.96,SETTLED,0
LIQ-02116,BNK163413,TXN-202411-0131,2024-11-14,2024-11-12,Medianet,MASTERCARD,4303,269.11,8.61,12.11,2.69,245.7,SETTLED,0
LIQ-02117,BNK525335,TXN-202411-0132,2024-11-08,2024-11-06,Medianet,AMEX,7439,779.18,24.93,35.06,7.79,711.4,SETTLED,0
LIQ-02118,BNK386270,TXN-202411-0133,2024-11-14,2024-11-11,Medianet,VISA,3094,143.16,4.58,6.44,1.43,130.71,SETTLED,0
LIQ-02119,BNK672176,TXN-202411-0134,2024-11-17,2024-11-15,Medianet,VISA,4233,385.6,12.34,17.35,3.86,352.05,SETTLED,0
LIQ-02120,BNK556572,TXN-202411-0135,2024-11-13,2024-11-12,Datafast,VISA,6341,41.72,1.46,1.88,0.42,37.96,SETTLED,0
LIQ-02121,BNK140808,TXN-202411-0136,2024-11-11,2024-11-10,PayPhone,MASTERCARD,4775,30.31,1.15,1.36,0.3,27.5,SETTLED,0
LIQ-02122,BNK881537,TXN-202411-0137,2024-11-13,2024-11-11,Medianet,VISA,5564,6.31,0.2,0.28,0.06,5.77,SETTLED,0
LIQ-02123,BNK550118,TXN-202411-0138,2024-11-26,2024-11-24,Medianet,MASTERCARD,9852,7.75,0.25,0.35,0.08,7.07,SETTLED,0
LIQ-02124,BNK569557,TXN-202411-0139,2024-11-23,2024-11-21,Datafast,VISA,5407,59.51,2.08,2.68,0.6,54.15,SETTLED,0
LIQ-02125,BNK303168,TXN-202411-0140,2024-11-11,2024-11-08,Datafast,VISA,9353,2222.48,77.79,100.01,22.22,2022.46,SETTLED,0
LIQ-02126,BNK716862,TXN-202411-0141,2024-11-03,2024-11-02,PayPhone,MASTERCARD,8160,29.49,1.12,1.33,0.29,26.75,SETTLED,0
LIQ-02127,BNK674571,TXN-202411-0142,2024-11-20,2024-11-17,Medianet,MASTERCARD,5430,122.47,3.92,5.51,1.22,111.82,SETTLED,0
LIQ-02128,BNK329668,TXN-202411-0143,2024-11-02,2024-11-01,Datafast,DINERS,8357,257.46,9.01,11.59,2.57,234.29,SETTLED,0
LIQ-02129,BNK852613,TXN-202411-0144,2024-11-29,2024-11-27,PayPhone,VISA,1640,450.83,17.13,20.29,4.51,408.9,SETTLED,0
LIQ-02130,BNK363581,TXN-202411-0145,2024-11-23,2024-11-20,PayPhone,MASTERCARD,9260,497.87,18.92,22.4,4.98,451.57,SETTLED,0
LIQ-02131,BNK414127,TXN-202411-0146,2024-11-21,2024-11-19,Medianet,MASTERCARD,3584,100.51,3.22,4.52,1.01,91.76,SETTLED,0
LIQ-02132,BNK668267,TXN-202411-0147,2024-11-08,2024-11-06,Datafast,DINERS,2921,56.66,1.98,2.55,0.57,51.56,SETTLED,0
LIQ-02133,BNK627832,TXN-202411-0148,2024-11-12,2024-11-10,Medianet,VISA,4670,18.59,0.59,0.84,0.19,16.97,SETTLED,0
LIQ-02134,BNK304715,TXN-202411-0149,2024-11-11,2024-11-09,Datafast,VISA,9647,356.03,12.46,16.02,3.56,323.99,SETTLED,0
LIQ-02135,BNK673741,TXN-202411-0150,2024-11-09,2024-11-08,Datafast,MASTERCARD,7721,120.8,4.23,5.44,1.21,109.92,SETTLED,0
LIQ-02136,BNK418389,TXN-202411-0151,2024-11-22,2024-11-20,Medianet,VISA,6219,385.83,12.35,17.36,3.86,352.25,SETTLED,0
LIQ-02137,BNK285468,TXN-202411-0152,2024-12-03,2024-11-30,Medianet,MASTERCARD,5494,34.18,1.09,1.54,0.34,31.21,SETTLED,0
LIQ-02138,BNK433362,TXN-202411-0153,2024-11-18,2024-11-15,Datafast,VISA,8072,38.33,1.34,1.72,0.38,34.89,SETTLED,0
LIQ-02139,BNK939072,TXN-202411-0155,2024-11-13,2024-11-12,Medianet,MASTERCARD,4071,41.49,1.33,1.87,0.41,37.88,SETTLED,0
LIQ-02140,BNK338919,TXN-202411-0156,2024-11-13,2024-11-11,Datafast,DINERS,3425,26.89,0.94,1.21,0.27,24.47,SETTLED,0
LIQ-02141,BNK501211,TXN-202411-0157,2024-11-15,2024-11-12,Medianet,VISA,1159,150.03,6.5,6.75,1.5,135.28,SETTLED,0
LIQ-02142,BNK936547,TXN-202411-0158,2024-11-21,2024-11-18,Datafast,DINERS,3755,78.0,2.73,3.51,0.78,70.98,SETTLED,0
LIQ-02143,BNK761255,TXN-202411-0159,2024-11-21,2024-11-20,Datafast,VISA,2080,829.24,29.02,37.32,8.29,754.61,SETTLED,0
LIQ-02144,BNK991090,TXN-202411-0160,2024-11-07,2024-11-06,Datafast,VISA,3727,1926.86,67.44,86.71,19.27,1753.44,SETTLED,0
LIQ-02145,BNK412386,TXN-202411-0161,2024-11-13,2024-11-12,Medianet,DINERS,4265,1875.18,60.01,84.38,18.75,1712.04,SETTLED,0
LIQ-02146,BNK525608,TXN-202411-0162,2024-11-07,2024-11-04,Datafast,MASTERCARD,9055,32.24,1.13,1.45,0.32,29.34,SETTLED,0
LIQ-02147,BNK244598,TXN-202411-0163,2024-11-21,2024-11-18,PayPhone,DINERS,3431,213.47,8.11,9.61,2.13,193.62,SETTLED,0
LIQ-02148,BNK666432,TXN-202411-0164,2024-11-29,2024-11-27,Datafast,AMEX,1238,39.79,1.39,1.79,0.4,36.21,SETTLED,0
LIQ-02149,BNK149736,TXN-202411-0165,2024-11-29,2024-11-27,Datafast,AMEX,6886,5.25,0.18,0.24,0.05,4.78,SETTLED,0
LIQ-02150,BNK446919,TXN-202411-0166,2024-11-22,2024-11-19,Medianet,MASTERCARD,6387,121.3,3.88,5.46,1.21,110.75,SETTLED,0
LIQ-02151,BNK450216,TXN-202411-0167,2024-11-09,2024-11-08,Datafast,VISA,1024,7.18,0.25,0.32,0.07,6.54,SETTLED,0
LIQ-02152,BNK155651,TXN-202411-0168,2024-11-15,2024-11-14,Medianet,MASTERCARD,4410,47.79,1.53,2.15,0.48,43.63,SETTLED,0
LIQ-02153,BNK567157,TXN-202411-0169,2024-11-05,2024-11-03,Datafast,VISA,4568,278.2,9.74,12.52,2.78,253.16,SETTLED,0
LIQ-02154,BNK955957,TXN-202411-0170,2024-11-18,2024-11-17,Datafast,MASTERCARD,1032,243.52,8.52,10.96,2.44,221.6,SETTLED,0
LIQ-02155,BNK565917,TXN-202411-0171,2024-11-08,2024-11-06,PayPhone,VISA,1998,70.6,2.68,3.18,0.71,64.03,SETTLED,0
LIQ-02156,BNK390141,TXN-202411-0173,2024-11-09,2024-11-08,Datafast,VISA,1337,50.24,1.76,2.26,0.5,45.72,SETTLED,0
LIQ-02157,BNK838918,TXN-202411-0174,2024-11-12,2024-11-11,PayPhone,MASTERCARD,1297,50.3,1.91,2.26,0.5,45.63,SETTLED,0
LIQ-02158,BNK152555,TXN-202411-0175,2024-11-25,2024-11-22,Datafast,MASTERCARD,9987,61.15,2.14,2.75,0.61,55.65,SETTLED,0
LIQ-02159,BNK512586,TXN-202411-0176,2024-11-28,2024-11-26,Datafast,MASTERCARD,9503,33.9,1.19,1.53,0.34,30.84,SETTLED,0
LIQ-02160,BNK477598,TXN-202411-0177,2024-11-23,2024-11-20,PayPhone,AMEX,7175,58.68,2.23,2.64,0.59,53.22,SETTLED,0
LIQ-02161,BNK570795,TXN-202411-0178,2024-11-04,2024-11-02,PayPhone,MASTERCARD,5074,67.08,3.11,3.02,0.67,60.28,SETTLED,0
LIQ-02162,BNK749985,TXN-202411-0179,2024-11-16,2024-11-13,PayPhone,AMEX,5779,96.76,3.68,4.35,0.97,87.76,SETTLED,0
LIQ-02163,BNK451863,TXN-202411-0180,2024-11-05,2024-11-04,PayPhone,MASTERCARD,7607,64.06,2.43,2.88,0.64,58.11,SETTLED,0
LIQ-02164,BNK469559,TXN-202411-0181,2024-11-25,2024-11-24,PayPhone,MASTERCARD,8429,412.48,15.67,18.56,4.12,374.13,SETTLED,0
LIQ-02165,BNK183950,TXN-202411-0182,2024-11-17,2024-11-16,Datafast,MASTERCARD,4920,23.23,0.81,1.05,0.23,21.14,SETTLED,0
LIQ-02166,BNK481914,TXN-202411-0183,2024-11-25,2024-11-23,Datafast,VISA,2822,272.46,9.54,12.26,2.72,247.94,SETTLED,0
LIQ-02167,BNK516353,TXN-202411-0184,2024-11-13,2024-11-11,Medianet,MASTERCARD,1079,56.69,1.81,2.55,0.57,51.76,SETTLED,0
LIQ-02168,BNK267201,TXN-202411-0185,2024-11-08,2024-11-05,Medianet,MASTERCARD,1055,399.76,12.79,17.99,4.0,364.98,SETTLED,0
LIQ-02169,BNK315996,TXN-202411-0186,2024-11-12,2024-11-10,Datafast,VISA,9456,32.2,1.13,1.45,0.32,29.3,SETTLED,0
LIQ-02170,BNK691995,TXN-202411-0187,2024-11-18,2024-11-15,PayPhone,VISA,9537,279.62,10.63,12.58,2.8,253.61,SETTLED,0
LIQ-02171,BNK291650,TXN-202411-0188,2024-11-12,2024-11-10,Datafast,MASTERCARD,2474,141.54,4.95,6.37,1.42,128.8,SETTLED,0
LIQ-02172,BNK864607,TXN-202411-0189,2024-11-08,2024-11-05,Datafast,VISA,2987,324.96,11.37,14.62,3.25,295.72,SETTLED,0
LIQ-02173,BNK964710,TXN-202411-0190,2024-11-19,2024-11-17,Datafast,VISA,5130,70.27,2.46,3.16,0.7,63.95,SETTLED,0
LIQ-02174,BNK110205,TXN-202411-0191,2024-11-22,2024-11-19,Datafast,AMEX,2951,2109.63,73.84,94.93,21.1,1919.76,SETTLED,0
LIQ-02175,BNK722924,TXN-202411-0192,2024-11-09,2024-11-06,Datafast,VISA,7655,283.8,9.93,12.77,2.84,258.26,SETTLED,0
LIQ-02176,BNK135666,TXN-202411-0193,2024-11-05,2024-11-03,Datafast,VISA,1043,55.16,1.93,2.48,0.55,50.2,SETTLED,0
LIQ-02177,BNK667114,TXN-202411-0194,2024-11-25,2024-11-24,Datafast,VISA,1379,50.65,1.77,2.28,0.51,46.09,SETTLED,0
LIQ-02178,BNK449497,TXN-202411-0195,2024-12-01,2024-11-30,Medianet,VISA,2512,73.45,2.35,3.31,0.73,67.06,SETTLED,0
LIQ-02179,BNK902852,TXN-202411-0196,2024-11-11,2024-11-08,PayPhone,AMEX,7299,300.13,11.4,13.51,3.0,272.22,SETTLED,0
LIQ-02180,BNK440317,TXN-202411-0197,2024-11-14,2024-11-11,Datafast,MASTERCARD,3494,12.41,0.43,0.56,0.12,11.3,SETTLED,0
LIQ-02181,BNK212344,TXN-202411-0198,2024-11-29,2024-11-28,Datafast,MASTERCARD,4851,60.59,2.12,2.73,0.61,55.13,SETTLED,0
LIQ-02182,BNK144569,TXN-202411-0199,2024-11-12,2024-11-09,PayPhone,VISA,3275,184.15,7.0,8.29,1.84,167.02,SETTLED,0
LIQ-02183,BNK617351,TXN-202411-0200,2024-11-25,2024-11-23,Datafast,DINERS,9101,175.9,6.16,7.92,1.76,160.06,SETTLED,0
LIQ-02184,BNK759495,TXN-202411-0201,2024-11-25,2024-11-24,Datafast,DINERS,4302,25.81,0.9,1.16,0.26,23.49,SETTLED,0
LIQ-02185,BNK833832,TXN-202411-0202,2024-11-11,2024-11-10,Medianet,AMEX,8483,831.37,26.6,37.41,8.31,759.05,SETTLED,0
LIQ-02186,BNK424506,TXN-202411-0203,2024-11-07,2024-11-04,Datafast,VISA,9715,280.46,9.82,12.62,2.8,255.22,SETTLED,0
LIQ-02187,BNK866110,TXN-202411-0204,2024-11-17,2024-11-16,PayPhone,VISA,8533,110.68,4.21,4.98,1.11,100.38,SETTLED,0
LIQ-02188,BNK128894,TXN-202411-0205,2024-11-22,2024-11-20,Datafast,VISA,1732,49.2,1.72,2.21,0.49,44.78,SETTLED,0
LIQ-02189,BNK798438,TXN-202411-0206,2024-11-26,2024-11-24,Datafast,VISA,7360,72.87,2.55,3.28,0.73,66.31,SETTLED,0
LIQ-02190,BNK729238,TXN-202411-0207,2024-11-16,2024-11-15,Medianet,VISA,1145,338.05,10.82,15.21,3.38,308.64,SETTLED,0
LIQ-02191,BNK206657,TXN-202411-0208,2024-11-14,2024-11-11,Datafast,VISA,9876,52.33,1.83,2.35,0.52,47.63,SETTLED,0
LIQ-02192,BNK344916,TXN-202411-0209,2024-11-19,2024-11-18,Datafast,VISA,6518,190.96,6.68,8.59,1.91,173.78,SETTLED,0
LIQ-02193,BNK204574,TXN-202411-0210,2024-11-05,2024-11-04,Datafast,MASTERCARD,5918,51.94,1.82,2.34,0.52,47.28,SETTLED,0
LIQ-02194,BNK187382,TXN-202411-0211,2024-11-07,2024-11-06,Datafast,VISA,9901,1676.27,58.67,75.43,16.76,1525.41,SETTLED,0
LIQ-02195,BNK204980,TXN-202411-0212,2024-11-17,2024-11-15,Datafast,VISA,2346,74.4,2.6,3.35,0.74,67.71,SETTLED,0
LIQ-02196,BNK585175,TXN-202411-0213,2024-11-26,2024-11-25,Medianet,MASTERCARD,9972,63.41,2.03,2.85,0.63,57.9,SETTLED,0
LIQ-02197,BNK916745,TXN-202411-0214,2024-11-07,2024-11-04,Datafast,MASTERCARD,7967,44.78,1.57,2.02,0.45,40.74,SETTLED,0
LIQ-02198,BNK632163,TXN-202411-0215,2024-11-07,2024-11-06,Datafast,MASTERCARD,8864,144.93,5.07,6.52,1.45,131.89,SETTLED,0
LIQ-02199,BNK506742,TXN-202411-0216,2024-11-08,2024-11-06,Medianet,MASTERCARD,5227,336.25,10.76,15.13,3.36,307.0,SETTLED,0
LIQ-02200,BNK199357,TXN-202411-0217,2024-11-28,2024-11-25,PayPhone,DINERS,7365,411.27,15.63,18.51,4.11,373.02,SETTLED,0
LIQ-02201,BNK730222,TXN-202411-0218,2024-11-12,2024-11-10,Datafast,DINERS,5013,69.22,2.42,3.11,0.69,63.0,SETTLED,0
LIQ-02202,BNK820034,TXN-202411-0219,2024-11-17,2024-11-15,Datafast,VISA,1665,60.89,2.13,2.74,0.61,55.41,SETTLED,0
LIQ-02203,BNK120024,TXN-202411-0220,2024-11-14,2024-11-13,Datafast,VISA,1830,62.17,2.18,2.8,0.62,56.57,SETTLED,0
LIQ-02204,BNK249237,TXN-202411-0221,2024-11-27,2024-11-25,PayPhone,VISA,1377,489.49,18.6,22.03,4.89,443.97,SETTLED,0
LIQ-02205,BNK444492,TXN-202411-0222,2024-11-12,2024-11-10,Datafast,MASTERCARD,9438,58.75,2.06,2.64,0.59,53.46,SETTLED,0
LIQ-02206,BNK944566,TXN-202411-0223,2024-11-25,2024-11-24,Datafast,VISA,5543,46.86,1.64,2.11,0.47,42.64,SETTLED,0
LIQ-02207,BNK409258,TXN-202411-0224,2024-11-04,2024-11-03,Medianet,MASTERCARD,4590,25.55,0.82,1.15,0.26,23.32,SETTLED,0
LIQ-02208,BNK838364,TXN-202411-0225,2024-11-05,2024-11-02,Datafast,MASTERCARD,5080,1982.35,69.38,89.21,19.82,1803.94,SETTLED,0
LIQ-02209,BNK566810,TXN-202411-0226,2024-11-23,2024-11-20,Datafast,DINERS,8119,184.94,6.47,8.32,1.85,168.3,SETTLED,0
LIQ-02210,BNK815104,TXN-202411-0227,2024-11-14,2024-11-12,Datafast,VISA,2945,195.94,6.86,8.82,1.96,178.3,SETTLED,0
LIQ-02211,BNK507964,TXN-202411-0228,2024-11-14,2024-11-11,PayPhone,VISA,2585,61.24,2.33,2.76,0.61,55.54,SETTLED,0
LIQ-02212,BNK156605,TXN-202411-0229,2024-11-10,2024-11-07,Datafast,VISA,5002,27.41,0.96,1.23,0.27,24.95,SETTLED,0
LIQ-02213,BNK820096,TXN-202411-0230,2024-11-12,2024-11-09,Datafast,VISA,8301,400.37,14.01,18.02,4.0,364.34,SETTLED,0
LIQ-02214,BNK836831,TXN-202411-0231,2024-11-06,2024-11-03,Medianet,VISA,2351,62.91,2.01,2.83,0.63,57.44,SETTLED,0
LIQ-02215,BNK285752,TXN-202411-0232,2024-11-18,2024-11-15,Medianet,VISA,2574,460.14,14.72,20.71,4.6,420.11,SETTLED,0
LIQ-02216,BNK276360,TXN-202411-0233,2024-11-12,2024-11-11,PayPhone,VISA,9575,39.56,1.5,1.78,0.4,35.88,SETTLED,0
LIQ-02217,BNK764635,TXN-202411-0234,2024-11-02,2024-11-01,Medianet,MASTERCARD,2395,61.07,1.95,2.75,0.61,55.76,SETTLED,0
LIQ-02218,BNK124948,TXN-202411-0235,2024-11-05,2024-11-02,Datafast,VISA,6215,41.48,1.45,1.87,0.41,37.75,SETTLED,0
LIQ-02219,BNK525850,TXN-202411-0236,2024-11-05,2024-11-02,Datafast,DINERS,2514,47.43,1.66,2.13,0.47,43.17,SETTLED,0
LIQ-02220,BNK851919,TXN-202411-0237,2024-11-14,2024-11-11,PayPhone,VISA,7051,26.2,1.0,1.18,0.26,23.76,SETTLED,0
LIQ-02221,BNK751147,TXN-202411-0238,2024-11-07,2024-11-04,Datafast,VISA,5245,46.87,1.64,2.11,0.47,42.65,SETTLED,0
LIQ-02222,BNK488968,TXN-202411-0239,2024-11-18,2024-11-15,Datafast,MASTERCARD,6402,321.05,11.24,14.45,3.21,292.15,SETTLED,0
LIQ-02223,BNK345165,TXN-202411-0240,2024-11-29,2024-11-27,Medianet,VISA,9212,56.3,1.8,2.53,0.56,51.41,SETTLED,0
LIQ-02224,BNK430434,TXN-202411-0241,2024-11-12,2024-11-11,Datafast,AMEX,3318,880.51,30.82,39.62,8.81,801.26,SETTLED,0
LIQ-02225,BNK957287,TXN-202411-0242,2024-11-26,2024-11-24,Datafast,MASTERCARD,6063,63.58,2.23,2.86,0.64,57.85,SETTLED,0
LIQ-02226,BNK381070,TXN-202411-0243,2024-11-14,2024-11-13,PayPhone,VISA,3458,51.78,1.97,2.33,0.52,46.96,SETTLED,0
LIQ-02227,BNK832569,TXN-202411-0244,2024-11-22,2024-11-19,Datafast,VISA,1297,69.17,2.42,3.11,0.69,62.97,SETTLED,0
LIQ-02228,BNK187197,TXN-202411-0245,2024-11-30,2024-11-27,Medianet,MASTERCARD,4098,164.14,5.25,7.39,1.64,149.86,SETTLED,0
LIQ-02229,BNK815745,TXN-202411-0246,2024-11-08,2024-11-07,PayPhone,AMEX,5256,322.28,12.25,14.5,3.22,292.31,SETTLED,0
LIQ-02230,BNK285730,TXN-202411-0247,2024-11-29,2024-11-28,Datafast,VISA,1197,50.14,1.75,2.26,0.5,45.63,SETTLED,0
LIQ-02231,BNK100681,TXN-202411-0248,2024-11-12,2024-11-11,Medianet,MASTERCARD,2120,1318.65,42.2,59.34,13.19,1203.92,SETTLED,0
LIQ-02232,BNK186709,TXN-202411-0249,2024-11-09,2024-11-08,Medianet,VISA,6947,79.33,2.54,3.57,0.79,72.43,SETTLED,0
LIQ-02233,BNK799254,TXN-202411-0250,2024-11-06,2024-11-04,Medianet,VISA,4333,476.64,15.25,21.45,4.77,435.17,SETTLED,0
LIQ-02234,BNK241802,TXN-202411-0251,2024-11-04,2024-11-02,Datafast,AMEX,6307,167.61,5.87,7.54,1.68,152.52,SETTLED,0
LIQ-02235,BNK291093,TXN-202411-0252,2024-11-05,2024-11-04,Datafast,VISA,4918,327.89,11.48,14.76,3.28,298.37,SETTLED,0
LIQ-02236,BNK559000,TXN-202411-0253,2024-11-07,2024-11-06,PayPhone,MASTERCARD,5550,296.93,11.28,13.36,2.97,269.32,SETTLED,0
LIQ-02237,BNK428987,TXN-202411-0254,2024-11-13,2024-11-11,Datafast,VISA,7764,394.87,13.82,17.77,3.95,359.33,SETTLED,0
LIQ-02238,BNK923062,TXN-202411-0255,2024-11-12,2024-11-09,Datafast,DINERS,7735,231.14,8.09,10.4,2.31,210.34,SETTLED,0
LIQ-02239,BNK932450,TXN-202411-0256,2024-11-14,2024-11-13,Datafast,VISA,1491,65.26,2.28,2.94,0.65,59.39,SETTLED,0
LIQ-02240,BNK693378,TXN-202411-0257,2024-12-01,2024-11-28,Datafast,DINERS,8315,262.34,9.18,11.81,2.62,238.73,SETTLED,0
LIQ-02241,BNK474702,TXN-202411-0258,2024-11-15,2024-11-13,Datafast,DINERS,6269,53.27,1.86,2.4,0.53,48.48,SETTLED,0
LIQ-02242,BNK162412,TXN-202411-0259,2024-11-03,2024-11-02,Datafast,DINERS,7145,456.88,15.99,20.56,4.57,415.76,SETTLED,0
LIQ-02243,BNK111089,TXN-202411-0260,2024-11-08,2024-11-05,PayPhone,VISA,5102,43.9,1.67,1.98,0.44,39.81,SETTLED,0
LIQ-02244,BNK265579,TXN-202411-0261,2024-11-27,2024-11-24,Datafast,VISA,5642,168.13,5.88,7.57,1.68,153.0,SETTLED,0
LIQ-02245,BNK537970,TXN-202411-0262,2024-11-09,2024-11-06,Datafast,MASTERCARD,5478,256.08,8.96,11.52,2.56,233.04,SETTLED,0
LIQ-02246,BNK896442,TXN-202411-0263,2024-11-30,2024-11-29,PayPhone,MASTERCARD,7626,156.28,5.94,7.03,1.56,141.75,SETTLED,0
LIQ-02247,BNK951921,TXN-202411-0264,2024-11-14,2024-11-12,Medianet,VISA,8076,35.27,1.13,1.59,0.35,32.2,SETTLED,0
LIQ-02248,BNK833621,TXN-202411-0265,2024-11-17,2024-11-16,Medianet,VISA,8235,7.14,0.23,0.32,0.07,6.52,SETTLED,0
LIQ-02249,BNK153240,TXN-202411-0266,2024-11-28,2024-11-25,Medianet,VISA,3429,45.46,1.45,2.05,0.45,41.51,SETTLED,0
LIQ-02250,BNK182774,TXN-202411-0267,2024-11-09,2024-11-08,Medianet,VISA,1879,31.15,1.0,1.4,0.31,28.44,SETTLED,0
LIQ-02251,BNK435027,TXN-202411-0268,2024-11-17,2024-11-14,Datafast,VISA,2564,1661.08,58.14,74.75,16.61,1511.58,SETTLED,0
LIQ-02252,BNK216385,TXN-202411-0269,2024-11-18,2024-11-16,Datafast,AMEX,1959,80.3,2.81,3.61,0.8,73.08,SETTLED,0
LIQ-02253,BNK453643,TXN-202411-0270,2024-11-23,2024-11-20,PayPhone,VISA,3260,45.5,1.73,2.05,0.46,41.26,SETTLED,0
LIQ-02254,BNK325023,TXN-202411-0271,2024-11-08,2024-11-07,Medianet,VISA,5374,437.83,14.01,19.7,4.38,399.74,SETTLED,0
LIQ-02255,BNK854423,TXN-202411-0272,2024-11-06,2024-11-03,Datafast,VISA,1262,1063.88,37.24,47.87,10.64,968.13,SETTLED,0
LIQ-02256,BNK291986,TXN-202411-0273,2024-11-10,2024-11-08,Datafast,VISA,3281,124.2,4.35,5.59,1.24,113.02,SETTLED,0
LIQ-02257,BNK463881,TXN-202411-0274,2024-11-25,2024-11-22,Datafast,MASTERCARD,9832,78.05,2.73,3.51,0.78,71.03,SETTLED,0
LIQ-02258,BNK936708,TXN-202411-0275,2024-11-07,2024-11-05,Medianet,MASTERCARD,2500,399.16,12.77,17.96,3.99,364.44,SETTLED,0
LIQ-02259,BNK786477,TXN-202411-0276,2024-11-05,2024-11-02,Datafast,MASTERCARD,9306,472.54,16.54,21.26,4.73,430.01,SETTLED,0
LIQ-02260,BNK819727,TXN-202411-0277,2024-11-07,2024-11-06,PayPhone,VISA,3493,19.84,0.75,0.89,0.2,18.0,SETTLED,0
LIQ-02261,BNK819735,TXN-202411-0278,2024-11-12,2024-11-11,Datafast,VISA,3257,147.99,5.18,6.66,1.48,134.67,SETTLED,0
LIQ-02262,BNK716772,TXN-202411-0279,2024-11-30,2024-11-27,Medianet,VISA,4645,52.15,1.67,2.35,0.52,47.61,SETTLED,0
LIQ-02263,BNK372241,TXN-202411-0280,2024-11-16,2024-11-15,Datafast,DINERS,9410,24.71,0.86,1.11,0.25,22.49,SETTLED,0
LIQ-02264,BNK561535,TXN-202411-0281,2024-11-30,2024-11-29,Medianet,MASTERCARD,8319,30.3,0.97,1.36,0.3,27.67,SETTLED,0
LIQ-02265,BNK764499,TXN-202411-0282,2024-11-23,2024-11-22,Datafast,AMEX,5734,46.17,1.62,2.08,0.46,42.01,SETTLED,0
LIQ-02266,BNK747637,TXN-202411-0283,2024-11-14,2024-11-12,Medianet,VISA,1018,9.73,0.31,0.44,0.1,8.88,SETTLED,0
LIQ-02267,BNK456289,TXN-202411-0284,2024-11-16,2024-11-15,Medianet,DINERS,3445,22.03,0.7,0.99,0.22,20.12,SETTLED,0
LIQ-02268,BNK133544,TXN-202411-0285,2024-11-17,2024-11-15,Datafast,MASTERCARD,7407,31.07,1.09,1.4,0.31,28.27,SETTLED,0
LIQ-02269,BNK559340,TXN-202411-0286,2024-11-08,2024-11-06,Medianet,DINERS,3305,2929.2,93.73,131.81,29.29,2674.37,SETTLED,0
LIQ-02270,BNK396243,TXN-202411-0288,2024-11-26,2024-11-25,Medianet,VISA,1551,300.74,9.62,13.53,3.01,274.58,SETTLED,0
LIQ-02271,BNK145954,TXN-202411-0289,2024-11-19,2024-11-18,Medianet,MASTERCARD,9697,44.99,1.44,2.02,0.45,41.08,SETTLED,0
LIQ-02272,BNK975302,TXN-202411-0290,2024-11-23,2024-11-22,Medianet,DINERS,6679,16.91,0.54,0.76,0.17,15.44,SETTLED,0
LIQ-02273,BNK616227,TXN-202411-0291,2024-11-24,2024-11-23,Medianet,AMEX,9205,74.8,2.39,3.37,0.75,68.29,SETTLED,0
LIQ-02274,BNK204745,TXN-202411-0292,2024-11-04,2024-11-02,Medianet,DINERS,2147,20.16,0.65,0.91,0.2,18.4,SETTLED,0
LIQ-02275,BNK902144,TXN-202411-0293,2024-11-17,2024-11-15,Datafast,AMEX,9140,2734.36,95.7,123.05,27.34,2488.27,SETTLED,0
LIQ-02276,BNK564458,TXN-202411-0294,2024-11-21,2024-11-18,Datafast,DINERS,5293,23.85,0.83,1.07,0.24,21.71,SETTLED,0
LIQ-02277,BNK838390,TXN-202411-0295,2024-11-04,2024-11-02,Datafast,DINERS,6320,482.9,16.9,21.73,4.83,439.44,SETTLED,0
LIQ-02278,BNK300553,TXN-202411-0296,2024-11-10,2024-11-08,Datafast,VISA,3227,77.91,2.73,3.51,0.78,70.89,SETTLED,0
LIQ-02279,BNK985548,TXN-202411-0297,2024-11-29,2024-11-27,Medianet,MASTERCARD,8660,19.5,0.62,0.88,0.2,17.8,SETTLED,0
LIQ-02280,BNK235408,TXN-202411-0298,2024-11-07,2024-11-04,Datafast,DINERS,4725,71.95,2.52,3.24,0.72,65.47,SETTLED,0
LIQ-02281,BNK586220,TXN-202411-0299,2024-11-24,2024-11-22,Medianet,DINERS,6873,38.25,1.22,1.72,0.38,34.93,SETTLED,0
LIQ-02282,BNK723861,TXN-202411-0300,2024-11-07,2024-11-04,Medianet,VISA,4156,28.34,0.91,1.28,0.28,25.87,SETTLED,0
LIQ-02283,BNK677497,TXN-202411-0301,2024-11-21,2024-11-18,Medianet,VISA,7743,66.67,2.13,3.0,0.67,60.87,SETTLED,0
LIQ-02284,BNK151922,TXN-202411-0302,2024-11-26,2024-11-24,Medianet,VISA,6104,396.79,12.7,17.86,3.97,362.26,SETTLED,0
LIQ-02285,BNK471054,TXN-202411-0303,2024-11-10,2024-11-09,PayPhone,DINERS,3617,67.85,2.58,3.05,0.68,61.54,SETTLED,0
LIQ-02286,BNK842703,TXN-202411-0304,2024-11-30,2024-11-28,Medianet,VISA,4641,58.23,1.86,2.62,0.58,53.16,SETTLED,0
LIQ-02287,BNK879263,TXN-202411-0305,2024-11-23,2024-11-20,Medianet,VISA,6643,79.82,2.55,3.59,0.8,72.9,SETTLED,0
LIQ-02288,BNK718541,TXN-202411-0306,2024-11-25,2024-11-23,PayPhone,VISA,8445,287.7,10.93,12.95,2.88,260.94,SETTLED,0
LIQ-02289,BNK806815,TXN-202411-0307,2024-11-27,2024-11-24,Datafast,MASTERCARD,1285,197.69,6.92,8.9,1.98,179.89,SETTLED,0
LIQ-02290,BNK483943,TXN-202411-0308,2024-11-29,2024-11-27,Datafast,VISA,1137,36.47,1.28,1.64,0.36,33.19,SETTLED,0
LIQ-02291,BNK775192,TXN-202411-0309,2024-11-11,2024-11-08,PayPhone,VISA,5827,65.45,2.49,2.95,0.65,59.36,SETTLED,0
LIQ-02292,BNK129412,TXN-202411-0310,2024-11-28,2024-11-25,Datafast,MASTERCARD,2428,123.67,4.33,5.57,1.24,112.53,SETTLED,0
LIQ-02293,BNK341801,TXN-202411-0311,2024-12-01,2024-11-28,Datafast,MASTERCARD,3612,334.78,11.72,15.07,3.35,304.64,SETTLED,0
LIQ-02294,BNK798799,TXN-202411-0312,2024-11-07,2024-11-04,Datafast,MASTERCARD,2551,413.31,14.47,18.6,4.13,376.11,SETTLED,0
LIQ-02295,BNK887476,TXN-202411-0313,2024-11-26,2024-11-23,Datafast,DINERS,3285,48.51,1.7,2.18,0.49,44.14,SETTLED,0
LIQ-02296,BNK969514,TXN-202411-0314,2024-11-28,2024-11-26,Datafast,VISA,6439,225.87,7.91,10.16,2.26,205.54,SETTLED,0
LIQ-02297,BNK168957,TXN-202411-0315,2024-11-30,2024-11-27,PayPhone,MASTERCARD,2756,75.51,2.87,3.4,0.76,68.48,SETTLED,0
LIQ-02298,BNK150483,TXN-202411-0316,2024-11-07,2024-11-06,Medianet,VISA,9994,1040.1,33.28,46.8,10.4,949.62,SETTLED,0
LIQ-02299,BNK110195,TXN-202411-0317,2024-11-04,2024-11-01,Medianet,VISA,2903,35.91,1.15,1.62,0.36,32.78,SETTLED,0
LIQ-02300,BNK511744,TXN-202411-0318,2024-11-13,2024-11-12,Datafast,AMEX,7859,56.23,1.97,2.53,0.56,51.17,SETTLED,0
LIQ-02301,BNK401828,TXN-202411-0319,2024-11-23,2024-11-21,Datafast,MASTERCARD,2137,57.43,2.01,2.58,0.57,52.27,SETTLED,0
LIQ-02302,BNK810450,TXN-202411-0320,2024-11-23,2024-11-21,Medianet,VISA,3894,442.66,14.17,19.92,4.43,404.14,SETTLED,0
LIQ-02303,BNK752256,TXN-202411-0321,2024-11-17,2024-11-16,Medianet,MASTERCARD,6363,152.26,4.87,6.85,1.52,139.02,SETTLED,0
LIQ-02304,BNK326735,TXN-202411-0322,2024-11-10,2024-11-08,Datafast,MASTERCARD,6668,431.22,15.09,19.4,4.31,392.42,SETTLED,0
LIQ-02305,BNK418832,TXN-202411-0323,2024-11-14,2024-11-11,PayPhone,VISA,1293,348.57,13.25,15.69,3.49,316.14,SETTLED,0
LIQ-02306,BNK910403,TXN-202411-0324,2024-11-25,2024-11-23,Datafast,VISA,5699,24.85,0.87,1.12,0.25,22.61,SETTLED,0
LIQ-02307,BNK856408,TXN-202411-0325,2024-11-08,2024-11-06,Datafast,AMEX,7513,397.0,13.9,17.86,3.97,361.27,SETTLED,0
LIQ-02308,BNK112797,TXN-202411-0326,2024-11-24,2024-11-21,Datafast,VISA,2874,42.96,1.5,1.93,0.43,39.1,SETTLED,0
LIQ-02309,BNK313137,TXN-202411-0327,2024-11-04,2024-11-03,Datafast,MASTERCARD,1519,51.39,1.8,2.31,0.51,46.77,SETTLED,0
LIQ-02310,BNK823548,TXN-202411-0328,2024-11-30,2024-11-28,Datafast,MASTERCARD,1996,2157.98,75.53,97.11,21.58,1963.76,SETTLED,0
LIQ-02311,BNK707102,TXN-202411-0329,2024-11-14,2024-11-13,Datafast,VISA,8612,14.98,0.52,0.67,0.15,13.64,SETTLED,0
LIQ-02312,BNK224274,TXN-202411-0330,2024-11-23,2024-11-20,PayPhone,MASTERCARD,3832,415.36,15.78,18.69,4.15,376.74,SETTLED,0
LIQ-02313,BNK103150,TXN-202411-0331,2024-11-11,2024-11-08,PayPhone,VISA,4589,66.96,2.54,3.01,0.67,60.74,SETTLED,0
LIQ-02314,BNK390910,TXN-202411-0332,2024-11-24,2024-11-23,Datafast,DINERS,1907,21.84,0.76,0.98,0.22,19.88,SETTLED,0
LIQ-02315,BNK465124,TXN-202411-0333,2024-11-03,2024-11-01,Datafast,VISA,5333,170.71,5.97,7.68,1.71,155.35,SETTLED,0
LIQ-02316,BNK232179,TXN-202411-0334,2024-11-17,2024-11-14,Datafast,VISA,7987,431.93,15.12,19.44,4.32,393.05,SETTLED,0
LIQ-02317,BNK132959,TXN-202411-0335,2024-11-21,2024-11-19,Medianet,MASTERCARD,7691,68.59,2.19,3.09,0.69,62.62,SETTLED,0
LIQ-02318,BNK324933,TXN-202411-0336,2024-11-25,2024-11-23,Medianet,AMEX,1385,2366.98,75.74,106.51,23.67,2161.06,SETTLED,0
LIQ-02319,BNK549218,TXN-202411-0337,2024-12-01,2024-11-30,PayPhone,VISA,1881,72.5,2.75,3.26,0.72,65.77,SETTLED,0
LIQ-02320,BNK147822,TXN-202411-0338,2024-12-01,2024-11-28,Datafast,VISA,2396,836.23,29.27,37.63,8.36,760.97,SETTLED,0
LIQ-02321,BNK631085,TXN-202411-0339,2024-11-29,2024-11-26,Datafast,MASTERCARD,3093,78.58,2.75,3.54,0.79,71.5,SETTLED,0
LIQ-02322,BNK741282,TXN-202411-0340,2024-11-11,2024-11-08,Medianet,MASTERCARD,4969,66.97,2.14,3.01,0.67,61.15,SETTLED,0
LIQ-02323,BNK832671,TXN-202411-0341,2024-11-10,2024-11-08,Datafast,MASTERCARD,9558,2552.69,89.34,114.87,25.53,2322.95,SETTLED,0
LIQ-02324,BNK897250,TXN-202411-0342,2024-11-21,2024-11-19,Datafast,AMEX,3348,37.84,1.32,1.7,0.38,34.44,SETTLED,0
LIQ-02325,BNK398017,TXN-202411-0343,2024-11-22,2024-11-21,Datafast,DINERS,8508,38.64,1.35,1.74,0.39,35.16,SETTLED,0
LIQ-02326,BNK167538,TXN-202411-0344,2024-11-13,2024-11-12,PayPhone,VISA,2419,106.79,4.06,4.81,1.07,96.85,SETTLED,0
LIQ-02327,BNK175506,TXN-202411-0345,2024-11-04,2024-11-01,PayPhone,VISA,1485,72.24,2.75,3.25,0.72,65.5,SETTLED,0
LIQ-02328,BNK669126,TXN-202411-0346,2024-11-14,2024-11-13,Medianet,VISA,2470,136.01,4.35,6.12,1.36,124.18,SETTLED,0
LIQ-02329,BNK414459,TXN-202411-0347,2024-11-11,2024-11-08,Medianet,VISA,3879,207.96,6.65,9.36,2.08,189.87,SETTLED,0
LIQ-02330,BNK757311,TXN-202411-0348,2024-11-25,2024-11-22,Medianet,MASTERCARD,4285,62.47,2.0,2.81,0.62,57.04,SETTLED,0
LIQ-02331,BNK743228,TXN-202411-0349,2024-11-15,2024-11-12,Datafast,VISA,3083,379.09,13.27,17.06,3.79,344.97,SETTLED,0
LIQ-02332,BNK198351,TXN-202411-0350,2024-11-25,2024-11-24,Datafast,DINERS,7999,302.5,10.59,13.61,3.02,275.28,SETTLED,0
LIQ-02333,BNK332135,TXN-202411-0351,2024-11-07,2024-11-06,Medianet,VISA,2124,398.7,12.76,17.94,3.99,364.01,SETTLED,0
LIQ-02334,BNK785707,TXN-202411-0352,2024-11-06,2024-11-04,Datafast,DINERS,6748,219.35,7.68,9.87,2.19,199.61,SETTLED,0
LIQ-02335,BNK453171,TXN-202411-0353,2024-11-25,2024-11-23,Medianet,DINERS,2467,35.57,1.14,1.6,0.36,32.47,SETTLED,0
LIQ-02336,BNK745266,TXN-202411-0354,2024-11-25,2024-11-23,Datafast,VISA,3049,31.64,1.56,1.42,0.32,28.34,SETTLED,0
LIQ-02337,BNK746551,TXN-202411-0355,2024-11-10,2024-11-08,PayPhone,VISA,1481,35.11,1.33,1.58,0.35,31.85,SETTLED,0
LIQ-02338,BNK282727,TXN-202411-0356,2024-11-19,2024-11-17,PayPhone,MASTERCARD,5333,61.39,2.33,2.76,0.61,55.69,SETTLED,0
LIQ-02339,BNK671938,TXN-202411-0357,2024-11-13,2024-11-12,Datafast,MASTERCARD,9722,647.87,22.68,29.15,6.48,589.56,SETTLED,0
LIQ-02340,BNK476621,TXN-202411-0358,2024-11-15,2024-11-13,Datafast,DINERS,7131,5.35,0.19,0.24,0.05,4.87,SETTLED,0
LIQ-02341,BNK462920,TXN-202411-0359,2024-11-07,2024-11-06,Datafast,AMEX,1188,440.93,15.43,19.84,4.41,401.25,SETTLED,0
LIQ-02342,BNK896881,TXN-202411-0360,2024-11-07,2024-11-04,Medianet,VISA,9155,78.18,2.5,3.52,0.78,71.38,SETTLED,0
LIQ-02343,BNK886476,TXN-202411-0361,2024-11-24,2024-11-23,PayPhone,MASTERCARD,8035,454.4,17.27,20.45,4.54,412.14,SETTLED,0
LIQ-02344,BNK355465,TXN-202411-0362,2024-12-03,2024-11-30,Medianet,AMEX,8130,51.66,1.65,2.32,0.52,47.17,SETTLED,0
LIQ-02345,BNK491957,TXN-202411-0363,2024-12-02,2024-11-30,PayPhone,MASTERCARD,6326,75.07,2.85,3.38,0.75,68.09,SETTLED,0
LIQ-02346,BNK819349,TXN-202411-0364,2024-11-06,2024-11-04,Datafast,MASTERCARD,4676,150.3,5.26,6.76,1.5,136.78,SETTLED,0
LIQ-02347,BNK694628,TXN-202411-0365,2024-11-18,2024-11-15,Datafast,VISA,5236,221.71,7.76,9.98,2.22,201.75,SETTLED,0
LIQ-02348,BNK457006,TXN-202411-0366,2024-11-19,2024-11-18,Medianet,VISA,6112,13.73,0.44,0.62,0.14,12.53,SETTLED,0
LIQ-02349,BNK253624,TXN-202411-0367,2024-11-09,2024-11-07,Datafast,VISA,7255,66.32,2.32,2.98,0.66,60.36,SETTLED,0
LIQ-02350,BNK147924,TXN-202411-0368,2024-11-30,2024-11-27,Datafast,VISA,1753,1701.06,59.54,76.55,17.01,1547.96,SETTLED,0
LIQ-02351,BNK478898,TXN-202411-0369,2024-11-25,2024-11-22,Medianet,AMEX,6004,43.99,1.41,1.98,0.44,40.16,SETTLED,0
LIQ-02352,BNK506766,TXN-202411-0370,2024-11-16,2024-11-13,Datafast,MASTERCARD,3911,303.41,10.62,13.65,3.03,276.11,SETTLED,0
LIQ-02353,BNK174094,TXN-202411-0371,2024-11-13,2024-11-10,Medianet,VISA,3364,62.26,1.99,2.8,0.62,56.85,SETTLED,0
LIQ-02354,BNK134873,TXN-202411-0372,2024-11-06,2024-11-04,Datafast,VISA,8205,6.79,0.24,0.31,0.07,6.17,SETTLED,0
LIQ-02355,BNK162206,TXN-202411-0373,2024-11-27,2024-11-25,Medianet,MASTERCARD,7864,79.42,2.54,3.57,0.79,72.52,SETTLED,0
LIQ-02356,BNK527354,TXN-202411-0374,2024-11-05,2024-11-03,Medianet,MASTERCARD,4584,8.12,0.26,0.37,0.08,7.41,SETTLED,0
LIQ-02357,BNK610544,TXN-202411-0375,2024-11-14,2024-11-11,PayPhone,MASTERCARD,5912,152.81,5.81,6.88,1.53,138.59,SETTLED,0
LIQ-02358,BNK697053,TXN-202411-0376,2024-11-15,2024-11-12,Datafast,VISA,7272,1462.25,51.18,65.8,14.62,1330.65,SETTLED,0
LIQ-02359,BNK705666,TXN-202411-0377,2024-11-18,2024-11-17,Datafast,AMEX,1412,390.19,13.66,17.56,3.9,355.07,SETTLED,0
LIQ-02360,BNK113682,TXN-202411-0378,2024-11-16,2024-11-15,Medianet,MASTERCARD,2754,21.09,0.67,0.95,0.21,19.26,SETTLED,0
LIQ-02361,BNK775414,TXN-202411-0379,2024-11-10,2024-11-07,PayPhone,MASTERCARD,2443,20.27,0.77,0.91,0.2,18.39,SETTLED,0
LIQ-02362,BNK120155,TXN-202411-0380,2024-11-24,2024-11-23,Medianet,VISA,6454,1015.07,32.48,45.68,10.15,926.76,SETTLED,0
LIQ-02363,BNK517106,TXN-202411-0381,2024-11-29,2024-11-27,PayPhone,VISA,4876,66.02,2.51,2.97,0.66,59.88,SETTLED,0
LIQ-02364,BNK698939,TXN-202411-0382,2024-11-29,2024-11-27,PayPhone,DINERS,1112,236.15,8.97,10.63,2.36,214.19,SETTLED,0
LIQ-02365,BNK549286,TXN-202411-0383,2024-12-01,2024-11-29,Datafast,VISA,6995,55.14,1.93,2.48,0.55,50.18,SETTLED,0
LIQ-02366,BNK964286,TXN-202411-0384,2024-12-02,2024-11-29,Medianet,MASTERCARD,9179,1274.35,40.78,57.35,12.74,1163.48,SETTLED,0
LIQ-02367,BNK674093,TXN-202411-0385,2024-11-16,2024-11-14,Medianet,VISA,4358,254.67,8.15,11.46,2.55,232.51,SETTLED,0
LIQ-02368,BNK161645,TXN-202411-0386,2024-11-21,2024-11-20,Datafast,AMEX,6064,285.05,9.98,12.83,2.85,259.37,SETTLED,0
LIQ-02369,BNK177267,TXN-202411-0387,2024-11-25,2024-11-22,Medianet,VISA,9057,268.63,8.6,12.09,2.69,245.25,SETTLED,0
LIQ-02370,BNK673293,TXN-202411-0388,2024-11-17,2024-11-16,Datafast,MASTERCARD,3439,72.67,2.54,3.27,0.73,66.13,SETTLED,0
LIQ-02371,BNK505649,TXN-202411-0389,2024-11-25,2024-11-22,Datafast,VISA,5251,1141.25,39.94,51.36,11.41,1038.54,SETTLED,0
LIQ-02372,BNK851964,TXN-202411-0390,2024-11-21,2024-11-19,PayPhone,VISA,4848,26.35,1.0,1.19,0.26,23.9,SETTLED,0
LIQ-02373,BNK560568,TXN-202411-0391,2024-11-06,2024-11-03,Datafast,VISA,6729,451.29,15.8,20.31,4.51,410.67,SETTLED,0
LIQ-02374,BNK600695,TXN-202411-0392,2024-11-17,2024-11-16,PayPhone,VISA,7911,7.68,0.29,0.35,0.08,6.96,SETTLED,0
LIQ-02375,BNK375532,TXN-202411-0393,2024-11-24,2024-11-23,Datafast,VISA,2361,11.27,0.39,0.51,0.11,10.26,SETTLED,0
LIQ-02376,BNK146230,TXN-202411-0394,2024-11-21,2024-11-20,Datafast,MASTERCARD,9047,15.71,0.55,0.71,0.16,14.29,SETTLED,0
LIQ-02377,BNK916100,TXN-202411-0395,2024-11-26,2024-11-24,Medianet,MASTERCARD,7714,2421.37,77.48,108.96,24.21,2210.72,SETTLED,0
LIQ-02378,BNK829234,TXN-202411-0396,2024-11-10,2024-11-09,Datafast,VISA,9761,69.46,2.43,3.13,0.69,63.21,SETTLED,0
LIQ-02379,BNK353373,TXN-202411-0397,2024-11-07,2024-11-05,Datafast,VISA,3770,244.35,8.55,11.0,2.44,222.36,SETTLED,0
LIQ-02380,BNK602249,TXN-202411-0398,2024-11-26,2024-11-24,Medianet,VISA,3673,221.07,7.07,9.95,2.21,201.84,SETTLED,0
LIQ-02381,BNK625288,TXN-202411-0399,2024-11-13,2024-11-10,Datafast,VISA,6207,332.7,11.64,14.97,3.33,302.75,SETTLED,0
LIQ-02382,BNK380028,TXN-202411-0400,2024-11-05,2024-11-03,Datafast,MASTERCARD,2663,13.35,0.47,0.6,0.13,12.15,SETTLED,0
LIQ-02383,BNK828118,TXN-202411-0401,2024-11-13,2024-11-11,Medianet,VISA,3067,384.11,12.29,17.28,3.84,350.7,SETTLED,0
LIQ-02384,BNK813260,TXN-202411-0402,2024-11-04,2024-11-01,Datafast,AMEX,8517,82.48,2.89,3.71,0.82,75.06,SETTLED,0
LIQ-02385,BNK231393,TXN-202411-0403,2024-11-28,2024-11-25,Datafast,VISA,4002,439.94,15.4,19.8,4.4,400.34,SETTLED,0
LIQ-02386,BNK851468,TXN-202411-0404,2024-11-19,2024-11-16,Datafast,MASTERCARD,7459,66.8,2.34,3.01,0.67,60.78,SETTLED,0
LIQ-02387,BNK328384,TXN-202411-0405,2024-11-25,2024-11-24,Medianet,VISA,8422,268.86,8.6,12.1,2.69,245.47,SETTLED,0
LIQ-02388,BNK794379,TXN-202411-0407,2024-11-07,2024-11-05,PayPhone,VISA,1062,32.01,1.22,1.44,0.32,29.03,SETTLED,0
LIQ-02389,BNK303261,TXN-202411-0408,2024-11-30,2024-11-29,Medianet,VISA,9345,2997.85,95.93,134.9,29.98,2737.04,SETTLED,0
LIQ-02390,BNK697977,TXN-202411-0409,2024-11-17,2024-11-15,Datafast,VISA,7422,140.47,4.92,6.32,1.4,127.83,SETTLED,0
LIQ-02391,BNK989484,TXN-202411-0410,2024-11-30,2024-11-27,Medianet,MASTERCARD,7853,35.17,1.13,1.58,0.35,32.11,SETTLED,0
LIQ-02392,BNK403013,TXN-202411-0411,2024-11-26,2024-11-24,Datafast,DINERS,7347,36.33,1.27,1.63,0.36,33.07,SETTLED,0
LIQ-02393,BNK421657,TXN-202411-0412,2024-11-14,2024-11-13,Datafast,VISA,6752,29.45,1.03,1.33,0.29,26.8,SETTLED,0
LIQ-02394,BNK709278,TXN-202411-0413,2024-11-10,2024-11-07,Medianet,VISA,7556,19.32,0.62,0.87,0.19,17.64,SETTLED,0
LIQ-02395,BNK832838,TXN-202411-0414,2024-11-27,2024-11-25,Medianet,MASTERCARD,3500,1870.51,59.86,84.17,18.71,1707.77,SETTLED,0
LIQ-02396,BNK493183,TXN-202411-0415,2024-11-21,2024-11-18,Datafast,VISA,3130,40.27,1.41,1.81,0.4,36.65,SETTLED,0
LIQ-02397,BNK335959,TXN-202411-0416,2024-11-15,2024-11-14,Datafast,AMEX,5522,2675.28,93.63,120.39,26.75,2434.51,SETTLED,0
LIQ-02398,BNK121507,TXN-202411-0417,2024-12-03,2024-11-30,Datafast,VISA,2254,357.05,12.5,16.07,3.57,324.91,SETTLED,0
LIQ-02399,BNK102914,TXN-202411-0418,2024-11-22,2024-11-19,Datafast,DINERS,8240,20.48,0.72,0.92,0.2,18.64,SETTLED,0
LIQ-02400,BNK511702,TXN-202411-0419,2024-11-23,2024-11-21,Datafast,DINERS,7697,403.08,14.11,18.14,4.03,366.8,SETTLED,0
LIQ-02401,BNK614616,TXN-202411-0420,2024-11-11,2024-11-08,Medianet,AMEX,9942,28.74,0.92,1.29,0.29,26.24,SETTLED,0
LIQ-02402,BNK580747,TXN-202411-0421,2024-11-23,2024-11-20,Datafast,DINERS,8241,74.98,2.62,3.37,0.75,68.24,SETTLED,0
LIQ-02403,BNK495288,TXN-202411-0422,2024-11-04,2024-11-03,Medianet,AMEX,9366,410.52,13.14,18.47,4.11,374.8,SETTLED,0
LIQ-02404,BNK895620,TXN-202411-0423,2024-11-13,2024-11-11,Datafast,AMEX,5416,68.95,2.41,3.1,0.69,62.75,SETTLED,0
LIQ-02405,BNK989261,TXN-202411-0424,2024-11-15,2024-11-12,Datafast,VISA,5807,68.05,2.38,3.06,0.68,61.93,SETTLED,0
LIQ-02406,BNK987631,TXN-202411-0425,2024-11-24,2024-11-23,PayPhone,MASTERCARD,8754,279.54,10.62,12.58,2.8,253.54,SETTLED,0
LIQ-02407,BNK264810,TXN-202411-0426,2024-11-06,2024-11-05,Datafast,VISA,8652,458.34,16.04,20.63,4.58,417.11,SETTLED,0
LIQ-02408,BNK450407,TXN-202411-0427,2024-11-21,2024-11-18,Datafast,MASTERCARD,2319,146.48,5.13,6.59,1.46,133.3,SETTLED,0
LIQ-02409,BNK444029,TXN-202411-0428,2024-11-07,2024-11-04,Datafast,DINERS,3615,459.53,16.08,20.68,4.6,418.17,SETTLED,0
LIQ-02410,BNK108440,TXN-202411-0429,2024-12-01,2024-11-29,PayPhone,AMEX,1984,7.95,0.3,0.36,0.08,7.21,SETTLED,0
LIQ-02411,BNK328554,TXN-202411-0430,2024-11-29,2024-11-27,Datafast,VISA,4402,326.19,11.42,14.68,3.26,296.83,SETTLED,0
LIQ-02412,BNK268485,TXN-202411-0431,2024-11-19,2024-11-16,PayPhone,MASTERCARD,6924,72.05,2.74,3.24,0.72,65.35,SETTLED,0
LIQ-02413,BNK763626,TXN-202411-0432,2024-11-04,2024-11-03,Medianet,AMEX,1246,2716.23,86.92,122.23,27.16,2479.92,SETTLED,0
LIQ-02414,BNK464840,TXN-202411-0433,2024-12-03,2024-11-30,Datafast,VISA,1598,16.21,0.57,0.73,0.16,14.75,SETTLED,0
LIQ-02415,BNK968684,TXN-202411-0434,2024-11-27,2024-11-26,Datafast,MASTERCARD,7763,64.46,2.26,2.9,0.64,58.66,SETTLED,0
LIQ-02416,BNK111591,TXN-202411-0435,2024-11-21,2024-11-19,Datafast,DINERS,2783,51.64,1.81,2.32,0.52,46.99,SETTLED,0
LIQ-02417,BNK176418,TXN-202411-0436,2024-11-18,2024-11-17,PayPhone,VISA,9360,43.51,1.65,1.96,0.44,39.46,SETTLED,0
LIQ-02418,BNK617189,TXN-202411-0437,2024-11-12,2024-11-10,Datafast,AMEX,5969,22.91,0.8,1.03,0.23,20.85,SETTLED,0
LIQ-02419,BNK322839,TXN-202411-0438,2024-11-28,2024-11-25,Datafast,VISA,9201,61.25,2.14,2.76,0.61,55.74,SETTLED,0
LIQ-02420,BNK497916,TXN-202411-0439,2024-12-03,2024-11-30,Datafast,VISA,8919,134.87,4.72,6.07,1.35,122.73,SETTLED,0
LIQ-02421,BNK428312,TXN-202411-0440,2024-11-18,2024-11-16,Datafast,MASTERCARD,5937,19.97,0.7,0.9,0.2,18.17,SETTLED,0
LIQ-02422,BNK367495,TXN-202411-0441,2024-11-15,2024-11-12,Datafast,MASTERCARD,3385,33.14,1.16,1.49,0.33,30.16,SETTLED,0
LIQ-02423,BNK236323,TXN-202411-0442,2024-11-15,2024-11-12,PayPhone,MASTERCARD,3057,30.66,1.17,1.38,0.31,27.8,SETTLED,0
LIQ-02424,BNK510164,TXN-202411-0443,2024-11-18,2024-11-15,Datafast,VISA,4855,11.25,0.39,0.51,0.11,10.24,SETTLED,0
LIQ-02425,BNK292565,TXN-202411-0444,2024-11-05,2024-11-04,Datafast,MASTERCARD,6131,43.16,1.51,1.94,0.43,39.28,SETTLED,0
LIQ-02426,BNK399755,TXN-202411-0445,2024-11-13,2024-11-12,PayPhone,AMEX,5454,10.58,0.4,0.48,0.11,9.59,SETTLED,0
LIQ-02427,BNK210905,TXN-202411-0446,2024-11-04,2024-11-01,Datafast,AMEX,4432,442.75,15.5,19.92,4.43,402.9,SETTLED,0
LIQ-02428,BNK581693,TXN-202411-0447,2024-11-08,2024-11-05,Datafast,AMEX,6039,339.33,11.88,15.27,3.39,308.79,SETTLED,0
LIQ-02429,BNK663335,TXN-202411-0448,2024-11-29,2024-11-26,Medianet,AMEX,1878,70.51,2.26,3.17,0.71,64.37,SETTLED,0
LIQ-02430,BNK367146,TXN-202411-0449,2024-11-25,2024-11-24,Datafast,VISA,6033,163.8,5.73,7.37,1.64,149.06,SETTLED,0
LIQ-02431,BNK292697,TXN-202411-0450,2024-11-23,2024-11-22,Datafast,MASTERCARD,7869,37.47,1.31,1.69,0.37,34.1,SETTLED,0
LIQ-02432,BNK710389,TXN-202411-0451,2024-11-09,2024-11-07,Datafast,MASTERCARD,7199,51.91,1.82,2.34,0.52,47.23,SETTLED,0
LIQ-02433,BNK164118,TXN-202411-0452,2024-11-18,2024-11-16,PayPhone,MASTERCARD,9973,57.97,2.2,2.61,0.58,52.58,SETTLED,0
LIQ-02434,BNK758229,TXN-202411-0453,2024-11-18,2024-11-17,Medianet,MASTERCARD,3496,265.86,8.51,11.96,2.66,242.73,SETTLED,0
LIQ-02435,BNK295842,TXN-202411-0454,2024-11-20,2024-11-19,Datafast,DINERS,2809,70.86,2.48,3.19,0.71,64.48,SETTLED,0
LIQ-02436,BNK793624,TXN-202411-0455,2024-11-12,2024-11-11,Medianet,MASTERCARD,3470,19.03,0.61,0.86,0.19,17.37,SETTLED,0
LIQ-02437,BNK700500,TXN-202411-0456,2024-11-20,2024-11-17,Datafast,MASTERCARD,2423,332.65,11.64,14.97,3.33,302.71,SETTLED,0
LIQ-02438,BNK836578,TXN-202411-0457,2024-11-18,2024-11-17,Datafast,VISA,6509,388.89,13.61,17.5,3.89,353.89,SETTLED,0
LIQ-02439,BNK916943,TXN-202411-0458,2024-11-04,2024-11-03,Medianet,DINERS,8091,61.57,1.97,2.77,0.62,56.21,SETTLED,0
LIQ-02440,BNK256711,TXN-202411-0459,2024-11-29,2024-11-27,Datafast,VISA,5141,340.34,11.91,15.32,3.4,309.71,SETTLED,0
LIQ-02441,BNK329465,TXN-202411-0460,2024-11-27,2024-11-24,Datafast,MASTERCARD,6837,85.04,2.98,3.83,0.85,77.38,SETTLED,0
LIQ-02442,BNK927616,TXN-202411-0461,2024-11-25,2024-11-22,Datafast,MASTERCARD,3680,1403.7,49.13,63.17,14.04,1277.36,SETTLED,0
LIQ-02443,BNK332073,TXN-202411-0462,2024-11-17,2024-11-15,Medianet,VISA,6847,67.98,2.18,3.06,0.68,62.06,SETTLED,0
LIQ-02444,BNK422662,TXN-202411-0463,2024-11-14,2024-11-11,Medianet,VISA,5207,62.26,1.99,2.8,0.62,56.85,SETTLED,0
LIQ-02445,BNK447110,TXN-202411-0464,2024-11-14,2024-11-12,PayPhone,VISA,3819,97.93,3.72,4.41,0.98,88.82,SETTLED,0
LIQ-02446,BNK997593,TXN-202411-0465,2024-11-15,2024-11-13,Datafast,VISA,1281,2616.2,91.57,117.73,26.16,2380.74,SETTLED,0
LIQ-02447,BNK199875,TXN-202411-0466,2024-11-15,2024-11-13,PayPhone,VISA,7548,60.34,2.29,2.72,0.6,54.73,SETTLED,0
LIQ-02448,BNK173131,TXN-202411-0467,2024-12-01,2024-11-28,PayPhone,AMEX,5528,240.21,9.13,10.81,2.4,217.87,SETTLED,0
LIQ-02449,BNK115973,TXN-202411-0468,2024-11-30,2024-11-29,Datafast,VISA,5637,66.31,2.32,2.98,0.66,60.35,SETTLED,0
LIQ-02450,BNK873040,TXN-202411-0469,2024-11-17,2024-11-16,Datafast,DINERS,2440,6.23,0.22,0.28,0.06,5.67,SETTLED,0
LIQ-02451,BNK925706,TXN-202411-0470,2024-11-30,2024-11-27,Datafast,VISA,3027,16.87,0.59,0.76,0.17,15.35,SETTLED,0
LIQ-02452,BNK133500,TXN-202411-0471,2024-11-15,2024-11-14,Datafast,VISA,2656,289.64,10.14,13.03,2.9,263.57,SETTLED,0
LIQ-02453,BNK699070,TXN-202411-0472,2024-11-14,2024-11-11,Datafast,MASTERCARD,9078,12.95,0.45,0.58,0.13,11.79,SETTLED,0
LIQ-02454,BNK141768,TXN-202411-0473,2024-11-27,2024-11-26,Datafast,VISA,4204,75.75,2.65,3.41,0.76,68.93,SETTLED,0
LIQ-02455,BNK774392,TXN-202411-0474,2024-11-23,2024-11-21,Datafast,VISA,9957,16.9,0.59,0.76,0.17,15.38,SETTLED,0
LIQ-02456,BNK542242,TXN-202411-0475,2024-11-12,2024-11-10,Medianet,VISA,2315,14.71,0.47,0.66,0.15,13.43,SETTLED,0
LIQ-02457,BNK979682,TXN-202411-0476,2024-11-17,2024-11-16,Medianet,AMEX,9703,235.22,7.53,10.58,2.35,214.76,SETTLED,0
LIQ-02458,BNK809641,TXN-202411-0477,2024-11-24,2024-11-23,Datafast,VISA,3404,75.84,2.65,3.41,0.76,69.02,SETTLED,0
LIQ-02459,BNK148648,TXN-202411-0478,2024-11-18,2024-11-16,PayPhone,AMEX,8595,458.77,17.43,20.64,4.59,416.1,SETTLED,0
LIQ-02460,BNK473470,TXN-202411-0479,2024-11-07,2024-11-05,Medianet,MASTERCARD,5080,19.58,0.63,0.88,0.2,17.87,SETTLED,0
LIQ-02461,BNK356151,TXN-202411-0480,2024-11-21,2024-11-20,Medianet,MASTERCARD,1041,2270.26,72.65,102.16,22.7,2072.75,SETTLED,0
LIQ-02462,BNK105891,TXN-202411-0481,2024-11-14,2024-11-11,PayPhone,VISA,8029,454.03,17.25,20.43,4.54,411.81,SETTLED,0
LIQ-02463,BNK768159,TXN-202411-0482,2024-11-19,2024-11-17,PayPhone,VISA,4825,29.12,1.11,1.31,0.29,26.41,SETTLED,0
LIQ-02464,BNK901432,TXN-202411-0483,2024-11-05,2024-11-03,Datafast,AMEX,6025,2319.57,81.18,104.38,23.2,2110.81,SETTLED,0
LIQ-02465,BNK667294,TXN-202411-0484,2024-11-13,2024-11-12,Datafast,VISA,4692,379.0,13.27,17.05,3.79,344.89,SETTLED,0
LIQ-02466,BNK682783,TXN-202411-0485,2024-11-22,2024-11-20,Datafast,VISA,6527,31.71,1.11,1.43,0.32,28.85,SETTLED,0
LIQ-02467,BNK534115,TXN-202411-0486,2024-11-14,2024-11-11,Medianet,MASTERCARD,5710,1711.74,54.78,77.03,17.12,1562.81,SETTLED,0
LIQ-02468,BNK635231,TXN-202411-0487,2024-12-03,2024-11-30,PayPhone,VISA,9199,159.04,6.04,7.16,1.59,144.25,SETTLED,0
LIQ-02469,BNK365580,TXN-202411-0488,2024-11-20,2024-11-17,Medianet,VISA,9236,71.36,2.28,3.21,0.71,65.16,SETTLED,0
LIQ-02470,BNK354778,TXN-202411-0489,2024-11-03,2024-11-01,Datafast,MASTERCARD,3928,66.39,2.32,2.99,0.66,60.44,SETTLED,0
LIQ-02471,BNK114621,TXN-202411-0490,2024-11-27,2024-11-25,Datafast,VISA,2061,53.87,1.89,2.42,0.54,49.02,SETTLED,0
LIQ-02472,BNK258824,TXN-202411-0491,2024-11-23,2024-11-21,Datafast,VISA,9654,869.04,30.42,39.11,8.69,790.82,SETTLED,0
LIQ-02473,BNK222314,TXN-202411-0492,2024-11-11,2024-11-09,Medianet,MASTERCARD,9467,125.25,4.01,5.64,1.25,114.35,SETTLED,0
LIQ-02474,BNK192679,TXN-202411-0493,2024-11-07,2024-11-05,Datafast,MASTERCARD,5542,17.22,0.6,0.77,0.17,15.68,SETTLED,0
LIQ-02475,BNK502680,TXN-202411-0494,2024-11-13,2024-11-12,PayPhone,VISA,7877,312.08,11.86,14.04,3.12,283.06,SETTLED,0
LIQ-02476,BNK511652,TXN-202411-0495,2024-11-23,2024-11-21,Datafast,MASTERCARD,9795,344.13,12.04,15.49,3.44,313.16,SETTLED,0
LIQ-02477,BNK565643,TXN-202411-0496,2024-11-12,2024-11-10,Datafast,VISA,1380,94.5,3.31,4.25,0.95,85.99,SETTLED,0
LIQ-02478,BNK330628,TXN-202411-0497,2024-11-26,2024-11-23,Medianet,MASTERCARD,7638,103.46,3.31,4.66,1.03,94.46,SETTLED,0
LIQ-02479,BNK933175,TXN-202411-0498,2024-11-18,2024-11-17,Datafast,VISA,7638,16.37,0.57,0.74,0.16,14.9,SETTLED,0
LIQ-02480,BNK242691,TXN-202411-0499,2024-11-12,2024-11-11,PayPhone,VISA,5254,488.37,18.56,21.98,4.88,442.95,SETTLED,0
LIQ-02481,BNK746202,TXN-202411-0500,2024-11-19,2024-11-17,Datafast,MASTERCARD,1299,45.88,1.61,2.06,0.46,41.75,SETTLED,0
LIQ-02482,BNK106810,TXN-202412-0001,2024-12-28,2024-12-27,Medianet,VISA,6690,66.71,2.13,3.0,0.67,60.91,SETTLED,0
LIQ-02483,BNK395268,TXN-202412-0002,2024-12-09,2024-12-08,Datafast,VISA,2611,1151.89,40.32,51.84,11.52,1048.21,SETTLED,0
LIQ-02484,BNK811289,TXN-202412-0003,2024-12-10,2024-12-08,Medianet,MASTERCARD,2650,68.22,2.18,3.07,0.68,62.29,SETTLED,0
LIQ-02485,BNK450760,TXN-202412-0004,2024-12-29,2024-12-28,Datafast,VISA,1716,16.45,0.58,0.74,0.16,14.97,SETTLED,0
LIQ-02486,BNK578715,TXN-202412-0005,2024-12-04,2024-12-01,Medianet,VISA,3977,361.51,11.57,16.27,3.62,330.05,SETTLED,0
LIQ-02487,BNK450311,TXN-202412-0006,2024-12-19,2024-12-18,Medianet,VISA,2492,372.79,11.93,16.78,3.73,340.35,SETTLED,0
LIQ-02488,BNK890874,TXN-202412-0007,2024-12-03,2024-12-01,Datafast,MASTERCARD,3637,48.71,1.7,2.19,0.49,44.33,SETTLED,0
LIQ-02489,BNK689900,TXN-202412-0008,2024-12-08,2024-12-06,Medianet,MASTERCARD,7079,72.39,2.32,3.26,0.72,66.09,SETTLED,0
LIQ-02490,BNK683515,TXN-202412-0009,2024-12-12,2024-12-10,Datafast,MASTERCARD,6095,2360.63,82.62,106.23,23.61,2148.17,SETTLED,0
LIQ-02491,BNK928327,TXN-202412-0010,2024-12-22,2024-12-20,Medianet,MASTERCARD,4212,20.12,0.64,0.91,0.2,18.37,SETTLED,0
LIQ-02492,BNK669408,TXN-202412-0011,2024-12-12,2024-12-10,Datafast,VISA,5570,13.94,0.49,0.63,0.14,12.68,SETTLED,0
LIQ-02493,BNK573062,TXN-202412-0012,2024-12-14,2024-12-13,Datafast,MASTERCARD,2347,294.96,10.32,13.27,2.95,268.42,SETTLED,0
LIQ-02494,BNK438981,TXN-202412-0013,2024-12-29,2024-12-28,Datafast,VISA,4055,391.98,13.72,17.64,3.92,356.7,SETTLED,0
LIQ-02495,BNK998849,TXN-202412-0014,2024-12-23,2024-12-22,Datafast,MASTERCARD,5049,429.83,15.04,19.34,4.3,391.15,SETTLED,0
LIQ-02496,BNK693067,TXN-202412-0015,2024-12-22,2024-12-21,PayPhone,AMEX,1480,9.08,0.35,0.41,0.09,8.23,SETTLED,0
LIQ-02497,BNK295106,TXN-202412-0016,2024-12-11,2024-12-10,Medianet,AMEX,2940,43.33,1.39,1.95,0.43,39.56,SETTLED,0
LIQ-02498,BNK191988,TXN-202412-0017,2024-12-26,2024-12-24,Datafast,VISA,7577,42.47,1.49,1.91,0.42,38.65,SETTLED,0
LIQ-02499,BNK279298,TXN-202412-0018,2025-01-01,2024-12-30,Medianet,VISA,1834,61.54,1.97,2.77,0.62,56.18,SETTLED,0
LIQ-02500,BNK722245,TXN-202412-0019,2025-01-01,2024-12-31,Datafast,MASTERCARD,6094,360.15,12.61,16.21,3.6,327.73,SETTLED,0
LIQ-02501,BNK872744,TXN-202412-0020,2024-12-03,2024-12-02,Datafast,VISA,9648,7.34,0.26,0.33,0.07,6.68,SETTLED,0
LIQ-02502,BNK722431,TXN-202412-0021,2024-12-20,2024-12-19,PayPhone,DINERS,7944,33.61,1.28,1.51,0.34,30.48,SETTLED,0
LIQ-02503,BNK908521,TXN-202412-0022,2024-12-26,2024-12-24,Datafast,VISA,1068,487.79,17.07,21.95,4.88,443.89,SETTLED,0
LIQ-02504,BNK544069,TXN-202412-0023,2024-12-30,2024-12-29,Datafast,VISA,4927,62.78,2.2,2.83,0.63,57.12,SETTLED,0
LIQ-02505,BNK426825,TXN-202412-0024,2024-12-27,2024-12-26,Datafast,VISA,9137,2718.4,95.14,122.33,27.18,2473.75,SETTLED,0
LIQ-02506,BNK275622,TXN-202412-0025,2024-12-31,2024-12-29,Datafast,MASTERCARD,3331,2481.91,86.87,111.69,24.82,2258.53,SETTLED,0
LIQ-02507,BNK514440,TXN-202412-0026,2025-01-01,2024-12-29,Datafast,VISA,2646,271.2,9.49,12.2,2.71,246.8,SETTLED,0
LIQ-02508,BNK148681,TXN-202412-0027,2024-12-06,2024-12-03,Medianet,VISA,9277,47.24,1.51,2.13,0.47,43.13,SETTLED,0
LIQ-02509,BNK342163,TXN-202412-0028,2024-12-04,2024-12-02,Medianet,VISA,7308,33.31,1.07,1.5,0.33,30.41,SETTLED,0
LIQ-02510,BNK984121,TXN-202412-0029,2024-12-30,2024-12-29,Datafast,VISA,1866,6.0,0.21,0.27,0.06,5.46,SETTLED,0
LIQ-02511,BNK351940,TXN-202412-0030,2024-12-26,2024-12-24,Medianet,DINERS,1957,378.16,12.1,17.02,3.78,345.26,SETTLED,0
LIQ-02512,BNK539437,TXN-202412-0031,2024-12-08,2024-12-07,Datafast,VISA,4319,484.54,16.96,21.8,4.85,440.93,SETTLED,0
LIQ-02513,BNK803632,TXN-202412-0032,2024-12-21,2024-12-19,Medianet,AMEX,3673,610.31,19.53,27.46,6.1,557.22,SETTLED,0
LIQ-02514,BNK943167,TXN-202412-0033,2024-12-25,2024-12-24,Medianet,MASTERCARD,2023,380.54,12.18,17.12,3.81,347.43,SETTLED,0
LIQ-02515,BNK287884,TXN-202412-0034,2024-12-19,2024-12-18,Datafast,VISA,4303,66.55,2.33,2.99,0.67,60.56,SETTLED,0
LIQ-02516,BNK936071,TXN-202412-0035,2024-12-14,2024-12-11,Datafast,AMEX,2720,307.12,10.75,13.82,3.07,279.48,SETTLED,0
LIQ-02517,BNK108882,TXN-202412-0036,2024-12-14,2024-12-12,Medianet,VISA,8319,236.29,7.56,10.63,2.36,215.74,SETTLED,0
LIQ-02518,BNK827937,TXN-202412-0037,2024-12-16,2024-12-14,Datafast,MASTERCARD,1810,363.8,12.73,16.37,3.64,331.06,SETTLED,0
LIQ-02519,BNK248337,TXN-202412-0038,2025-01-01,2024-12-30,PayPhone,VISA,2313,15.32,0.58,0.69,0.15,13.9,SETTLED,0
LIQ-02520,BNK579800,TXN-202412-0039,2024-12-30,2024-12-29,Medianet,VISA,2465,56.03,1.79,2.52,0.56,51.16,SETTLED,0
LIQ-02521,BNK488019,TXN-202412-0040,2024-12-14,2024-12-11,Datafast,AMEX,5522,862.63,30.19,38.82,8.63,784.99,SETTLED,0
LIQ-02522,BNK470905,TXN-202412-0041,2024-12-28,2024-12-27,Medianet,MASTERCARD,1531,320.95,10.27,14.44,3.21,293.03,SETTLED,0
LIQ-02523,BNK645952,TXN-202412-0042,2024-12-20,2024-12-17,PayPhone,VISA,1216,449.9,17.1,20.25,4.5,408.05,SETTLED,0
LIQ-02524,BNK295599,TXN-202412-0043,2024-12-23,2024-12-22,Datafast,VISA,4438,75.09,2.63,3.38,0.75,68.33,SETTLED,0
LIQ-02525,BNK181513,TXN-202412-0044,2024-12-14,2024-12-11,Medianet,MASTERCARD,5879,285.46,9.13,12.85,2.85,260.63,SETTLED,0
LIQ-02526,BNK368261,TXN-202412-0045,2024-12-29,2024-12-27,PayPhone,VISA,8779,1807.8,68.7,81.35,18.08,1639.67,SETTLED,0
LIQ-02527,BNK584383,TXN-202412-0046,2024-12-05,2024-12-04,Datafast,VISA,2913,61.37,2.15,2.76,0.61,55.85,SETTLED,0
LIQ-02528,BNK585875,TXN-202412-0047,2024-12-10,2024-12-07,Medianet,VISA,4943,456.0,14.59,20.52,4.56,416.33,SETTLED,0
LIQ-02529,BNK125862,TXN-202412-0048,2024-12-06,2024-12-05,Datafast,MASTERCARD,2752,13.09,0.46,0.59,0.13,11.91,SETTLED,0
LIQ-02530,BNK828658,TXN-202412-0049,2024-12-10,2024-12-07,Medianet,VISA,9132,207.2,6.63,9.32,2.07,189.18,SETTLED,0
LIQ-02531,BNK724781,TXN-202412-0050,2024-12-11,2024-12-10,Medianet,DINERS,2620,6.22,0.2,0.28,0.06,5.68,SETTLED,0
LIQ-02532,BNK232206,TXN-202412-0051,2024-12-16,2024-12-15,Datafast,AMEX,8645,108.15,3.79,4.87,1.08,98.41,SETTLED,0
LIQ-02533,BNK101150,TXN-202412-0052,2024-12-12,2024-12-10,Datafast,VISA,7798,57.34,2.01,2.58,0.57,52.18,SETTLED,0
LIQ-02534,BNK566529,TXN-202412-0053,2024-12-19,2024-12-16,Datafast,VISA,1746,49.23,1.72,2.22,0.49,44.8,SETTLED,0
LIQ-02535,BNK220098,TXN-202412-0054,2024-12-13,2024-12-11,Medianet,VISA,2719,7.36,0.24,0.33,0.07,6.72,SETTLED,0
LIQ-02536,BNK195246,TXN-202412-0055,2024-12-19,2024-12-18,Datafast,MASTERCARD,7356,241.18,8.44,10.85,2.41,219.48,SETTLED,0
LIQ-02537,BNK940069,TXN-202412-0056,2024-12-24,2024-12-22,Datafast,MASTERCARD,3549,478.63,16.75,21.54,4.79,435.55,SETTLED,0
LIQ-02538,BNK460974,TXN-202412-0057,2024-12-05,2024-12-03,PayPhone,VISA,6812,2397.62,91.11,107.89,23.98,2174.64,SETTLED,0
LIQ-02539,BNK982747,TXN-202412-0058,2024-12-22,2024-12-21,Datafast,VISA,1834,67.3,2.36,3.03,0.67,61.24,SETTLED,0
LIQ-02540,BNK269976,TXN-202412-0059,2024-12-04,2024-12-02,Datafast,MASTERCARD,9312,78.8,2.76,3.55,0.79,71.7,SETTLED,0
LIQ-02541,BNK336610,TXN-202412-0060,2024-12-15,2024-12-14,Datafast,MASTERCARD,5233,170.95,5.98,7.69,1.71,155.57,SETTLED,0
LIQ-02542,BNK848362,TXN-202412-0061,2025-01-02,2024-12-30,Datafast,VISA,2614,407.95,14.28,18.36,4.08,371.23,SETTLED,0
LIQ-02543,BNK888460,TXN-202412-0062,2024-12-16,2024-12-13,Datafast,MASTERCARD,5667,57.28,2.0,2.58,0.57,52.13,SETTLED,0
LIQ-02544,BNK677483,TXN-202412-0063,2024-12-17,2024-12-16,Medianet,VISA,8645,373.25,11.94,16.8,3.73,340.78,SETTLED,0
LIQ-02545,BNK106416,TXN-202412-0064,2024-12-13,2024-12-11,PayPhone,VISA,9583,26.77,1.02,1.2,0.27,24.28,SETTLED,0
LIQ-02546,BNK289721,TXN-202412-0065,2024-12-17,2024-12-16,Datafast,VISA,6384,163.63,5.73,7.36,1.64,148.9,SETTLED,0
LIQ-02547,BNK298228,TXN-202412-0066,2024-12-27,2024-12-25,Datafast,MASTERCARD,6974,460.27,16.11,20.71,4.6,418.85,SETTLED,0
LIQ-02548,BNK552407,TXN-202412-0067,2024-12-30,2024-12-28,Datafast,VISA,1154,56.23,1.97,2.53,0.56,51.17,SETTLED,0
LIQ-02549,BNK834447,TXN-202412-0068,2024-12-05,2024-12-04,Datafast,VISA,2973,462.9,16.2,20.83,4.63,421.24,SETTLED,0
LIQ-02550,BNK276421,TXN-202412-0069,2024-12-17,2024-12-15,Datafast,MASTERCARD,2262,1906.93,66.74,85.81,19.07,1735.31,SETTLED,0
LIQ-02551,BNK203782,TXN-202412-0070,2024-12-25,2024-12-23,Datafast,MASTERCARD,4375,44.39,1.55,2.0,0.44,40.4,SETTLED,0
LIQ-02552,BNK778465,TXN-202412-0071,2024-12-21,2024-12-18,Medianet,VISA,8168,25.92,0.83,1.17,0.26,23.66,SETTLED,0
LIQ-02553,BNK933892,TXN-202412-0072,2024-12-14,2024-12-12,Datafast,VISA,6582,76.15,2.67,3.43,0.76,69.29,SETTLED,0
LIQ-02554,BNK737528,TXN-202412-0073,2024-12-05,2024-12-04,Datafast,AMEX,4661,2688.83,94.11,121.0,26.89,2446.83,SETTLED,0
LIQ-02555,BNK860801,TXN-202412-0074,2024-12-20,2024-12-18,Datafast,MASTERCARD,6532,267.36,9.36,12.03,2.67,243.3,SETTLED,0
LIQ-02556,BNK792325,TXN-202412-0075,2024-12-21,2024-12-19,Medianet,VISA,9685,2140.66,68.5,96.33,21.41,1954.42,SETTLED,0
LIQ-02557,BNK279219,TXN-202412-0076,2024-12-27,2024-12-24,Datafast,VISA,3713,27.53,0.96,1.24,0.28,25.05,SETTLED,0
LIQ-02558,BNK170805,TXN-202412-0077,2024-12-20,2024-12-17,Datafast,VISA,2955,5.91,0.21,0.27,0.06,5.37,SETTLED,0
LIQ-02559,BNK469698,TXN-202412-0078,2024-12-12,2024-12-11,Datafast,MASTERCARD,1370,65.86,2.31,2.96,0.66,59.93,SETTLED,0
LIQ-02560,BNK649907,TXN-202412-0079,2024-12-17,2024-12-16,PayPhone,AMEX,8742,40.61,1.54,1.83,0.41,36.83,SETTLED,0
LIQ-02561,BNK923841,TXN-202412-0080,2024-12-27,2024-12-26,Datafast,VISA,3727,307.39,10.76,13.83,3.07,279.73,SETTLED,0
LIQ-02562,BNK230540,TXN-202412-0081,2024-12-05,2024-12-03,Datafast,VISA,9658,69.59,2.44,3.13,0.7,63.32,SETTLED,0
LIQ-02563,BNK647622,TXN-202412-0082,2024-12-27,2024-12-25,Medianet,DINERS,8268,183.77,5.88,8.27,1.84,167.78,SETTLED,0
LIQ-02564,BNK700677,TXN-202412-0083,2024-12-04,2024-12-02,PayPhone,VISA,9562,24.69,0.94,1.11,0.25,22.39,SETTLED,0
LIQ-02565,BNK612578,TXN-202412-0084,2024-12-26,2024-12-24,Datafast,VISA,1056,19.45,0.68,0.88,0.19,17.7,SETTLED,0
LIQ-02566,BNK857899,TXN-202412-0085,2024-12-07,2024-12-05,Datafast,MASTERCARD,8727,394.42,13.8,17.75,3.94,358.93,SETTLED,0
LIQ-02567,BNK104483,TXN-202412-0086,2024-12-28,2024-12-25,Medianet,MASTERCARD,3254,351.34,11.24,15.81,3.51,320.78,SETTLED,0
LIQ-02568,BNK819737,TXN-202412-0087,2024-12-17,2024-12-14,Datafast,MASTERCARD,8667,62.98,2.2,2.83,0.63,57.32,SETTLED,0
LIQ-02569,BNK483822,TXN-202412-0088,2024-12-08,2024-12-05,Datafast,VISA,1921,71.87,2.52,3.23,0.72,65.4,SETTLED,0
LIQ-02570,BNK693015,TXN-202412-0089,2025-01-01,2024-12-30,Datafast,VISA,4714,53.76,1.88,2.42,0.54,48.92,SETTLED,0
LIQ-02571,BNK199051,TXN-202412-0090,2025-01-02,2024-12-31,Datafast,MASTERCARD,8666,28.11,0.98,1.26,0.28,25.59,SETTLED,0
LIQ-02572,BNK554803,TXN-202412-0091,2024-12-26,2024-12-23,Medianet,VISA,2834,369.15,11.81,16.61,3.69,337.04,SETTLED,0
LIQ-02573,BNK211585,TXN-202412-0092,2024-12-18,2024-12-16,PayPhone,MASTERCARD,7807,321.08,12.2,14.45,3.21,291.22,SETTLED,0
LIQ-02574,BNK910342,TXN-202412-0093,2024-12-22,2024-12-21,Datafast,VISA,2733,43.77,1.53,1.97,0.44,39.83,SETTLED,0
LIQ-02575,BNK217508,TXN-202412-0094,2024-12-18,2024-12-17,Datafast,VISA,7991,26.67,0.93,1.2,0.27,24.27,SETTLED,0
LIQ-02576,BNK627573,TXN-202412-0095,2024-12-14,2024-12-12,Datafast,AMEX,1450,1915.04,67.03,86.18,19.15,1742.68,SETTLED,0
LIQ-02577,BNK557735,TXN-202412-0096,2024-12-22,2024-12-20,Datafast,VISA,9388,196.98,6.89,8.86,1.97,179.26,SETTLED,0
LIQ-02578,BNK321706,TXN-202412-0097,2024-12-29,2024-12-26,Medianet,VISA,2819,410.5,13.14,18.47,4.11,374.78,SETTLED,0
LIQ-02579,BNK661544,TXN-202412-0098,2024-12-12,2024-12-11,Datafast,MASTERCARD,8700,45.71,1.6,2.06,0.46,41.59,SETTLED,0
LIQ-02580,BNK489470,TXN-202412-0099,2024-12-31,2024-12-29,Medianet,MASTERCARD,3533,59.34,1.9,2.67,0.59,54.18,SETTLED,0
LIQ-02581,BNK448458,TXN-202412-0100,2024-12-09,2024-12-06,Medianet,VISA,3126,428.76,13.72,19.29,4.29,391.46,SETTLED,0
LIQ-02582,BNK676966,TXN-202412-0101,2025-01-02,2024-12-30,PayPhone,VISA,4322,58.78,2.23,2.65,0.59,53.31,SETTLED,0
LIQ-02583,BNK677347,TXN-202412-0102,2024-12-06,2024-12-04,Datafast,VISA,7294,10.4,0.36,0.47,0.1,9.47,SETTLED,0
LIQ-02584,BNK185514,TXN-202412-0103,2025-01-01,2024-12-30,PayPhone,DINERS,5117,19.17,0.73,0.86,0.19,17.39,SETTLED,0
LIQ-02585,BNK865806,TXN-202412-0104,2024-12-12,2024-12-09,PayPhone,VISA,8882,1958.96,74.44,88.15,19.59,1776.78,SETTLED,0
LIQ-02586,BNK717130,TXN-202412-0105,2024-12-19,2024-12-16,Medianet,VISA,9034,37.08,1.19,1.67,0.37,33.85,SETTLED,0
LIQ-02587,BNK428149,TXN-202412-0106,2024-12-06,2024-12-04,Datafast,VISA,2976,15.48,0.54,0.7,0.15,14.09,SETTLED,0
LIQ-02588,BNK696613,TXN-202412-0107,2024-12-07,2024-12-04,Medianet,DINERS,9773,10.27,0.33,0.46,0.1,9.38,SETTLED,0
LIQ-02589,BNK886038,TXN-202412-0108,2024-12-15,2024-12-14,Medianet,VISA,4243,60.73,1.94,2.73,0.61,55.45,SETTLED,0
LIQ-02590,BNK586277,TXN-202412-0109,2024-12-23,2024-12-20,Datafast,MASTERCARD,8948,13.36,0.47,0.6,0.13,12.16,SETTLED,0
LIQ-02591,BNK823797,TXN-202412-0110,2024-12-21,2024-12-19,Datafast,VISA,6551,51.37,1.8,2.31,0.51,46.75,SETTLED,0
LIQ-02592,BNK593297,TXN-202412-0111,2024-12-21,2024-12-19,PayPhone,VISA,4714,6.72,0.26,0.3,0.07,6.09,SETTLED,0
LIQ-02593,BNK275614,TXN-202412-0112,2024-12-21,2024-12-18,Medianet,VISA,1660,1458.18,46.66,65.62,14.58,1331.32,SETTLED,0
LIQ-02594,BNK838174,TXN-202412-0113,2024-12-11,2024-12-09,Datafast,VISA,8330,337.94,14.73,15.21,3.38,304.62,SETTLED,0
LIQ-02595,BNK824284,TXN-202412-0114,2024-12-21,2024-12-20,Datafast,VISA,7868,23.15,0.81,1.04,0.23,21.07,SETTLED,0
LIQ-02596,BNK198772,TXN-202412-0115,2024-12-24,2024-12-22,PayPhone,AMEX,2737,5.24,0.2,0.24,0.05,4.76,SETTLED,0
LIQ-02597,BNK500262,TXN-202412-0116,2024-12-09,2024-12-08,Datafast,AMEX,1114,267.39,9.36,12.03,2.67,243.33,SETTLED,0
LIQ-02598,BNK683021,TXN-202412-0118,2024-12-10,2024-12-07,PayPhone,MASTERCARD,3982,62.38,2.37,2.81,0.62,56.58,SETTLED,0
LIQ-02599,BNK641866,TXN-202412-0119,2024-12-19,2024-12-16,Datafast,MASTERCARD,5698,29.16,1.02,1.31,0.29,26.54,SETTLED,0
LIQ-02600,BNK146616,TXN-202412-0120,2024-12-24,2024-12-23,Medianet,AMEX,9962,236.64,7.57,10.65,2.37,216.05,SETTLED,0
LIQ-02601,BNK843261,TXN-202412-0121,2024-12-08,2024-12-07,Medianet,MASTERCARD,1244,64.11,2.05,2.88,0.64,58.54,SETTLED,0
LIQ-02602,BNK152789,TXN-202412-0122,2024-12-10,2024-12-08,Datafast,VISA,9995,26.8,0.94,1.21,0.27,24.38,SETTLED,0
LIQ-02603,BNK886864,TXN-202412-0123,2024-12-11,2024-12-08,Medianet,VISA,7002,75.14,2.4,3.38,0.75,68.61,SETTLED,0
LIQ-02604,BNK910682,TXN-202412-0124,2024-12-14,2024-12-12,Medianet,VISA,6765,243.33,7.79,10.95,2.43,222.16,SETTLED,0
LIQ-02605,BNK456169,TXN-202412-0125,2024-12-05,2024-12-03,Datafast,VISA,8627,461.86,16.17,20.78,4.62,420.29,SETTLED,0
LIQ-02606,BNK347813,TXN-202412-0126,2024-12-17,2024-12-16,Datafast,VISA,9200,79.78,2.79,3.59,0.8,72.6,SETTLED,0
LIQ-02607,BNK602005,TXN-202412-0127,2024-12-27,2024-12-26,Datafast,AMEX,1515,331.62,11.61,14.92,3.32,301.77,SETTLED,0
LIQ-02608,BNK660965,TXN-202412-0128,2024-12-06,2024-12-03,PayPhone,DINERS,1241,62.05,2.36,2.79,0.62,56.28,SETTLED,0
LIQ-02609,BNK902777,TXN-202412-0129,2024-12-06,2024-12-03,PayPhone,VISA,3780,101.03,3.84,4.55,1.01,91.64,SETTLED,0
LIQ-02610,BNK947559,TXN-202412-0130,2024-12-10,2024-12-09,PayPhone,VISA,5208,69.39,2.64,3.12,0.69,62.92,SETTLED,0
LIQ-02611,BNK833336,TXN-202412-0131,2024-12-06,2024-12-03,Datafast,VISA,5803,22.39,0.78,1.01,0.22,20.38,SETTLED,0
LIQ-02612,BNK733207,TXN-202412-0132,2025-01-03,2024-12-31,Datafast,MASTERCARD,4181,480.61,16.82,21.63,4.81,437.35,SETTLED,0
LIQ-02613,BNK999762,TXN-202412-0133,2024-12-09,2024-12-08,Datafast,MASTERCARD,3211,2737.31,95.81,123.18,27.37,2490.95,SETTLED,0
LIQ-02614,BNK326437,TXN-202412-0134,2024-12-06,2024-12-04,PayPhone,VISA,4494,108.3,4.12,4.87,1.08,98.23,SETTLED,0
LIQ-02615,BNK170431,TXN-202412-0135,2024-12-27,2024-12-25,PayPhone,VISA,7475,39.69,1.51,1.79,0.4,35.99,SETTLED,0
LIQ-02616,BNK674083,TXN-202412-0136,2024-12-03,2024-12-01,Medianet,VISA,4051,1114.12,35.65,50.14,11.14,1017.19,SETTLED,0
LIQ-02617,BNK493674,TXN-202412-0137,2024-12-18,2024-12-17,PayPhone,MASTERCARD,3658,6.55,0.25,0.29,0.07,5.94,SETTLED,0
LIQ-02618,BNK738222,TXN-202412-0138,2024-12-11,2024-12-08,Datafast,VISA,2991,68.49,2.4,3.08,0.68,62.33,SETTLED,0
LIQ-02619,BNK262081,TXN-202412-0139,2024-12-09,2024-12-06,PayPhone,MASTERCARD,7401,23.43,0.89,1.05,0.23,21.26,SETTLED,0
LIQ-02620,BNK633222,TXN-202412-0140,2024-12-05,2024-12-03,Datafast,VISA,1623,396.9,13.89,17.86,3.97,361.18,SETTLED,0
LIQ-02621,BNK710150,TXN-202412-0141,2024-12-27,2024-12-25,Datafast,VISA,7298,41.75,1.46,1.88,0.42,37.99,SETTLED,0
LIQ-02622,BNK602888,TXN-202412-0142,2024-12-24,2024-12-21,Medianet,MASTERCARD,7265,275.98,8.83,12.42,2.76,251.97,SETTLED,0
LIQ-02623,BNK280751,TXN-202412-0143,2024-12-27,2024-12-25,Datafast,MASTERCARD,6773,394.72,13.82,17.76,3.95,359.19,SETTLED,0
LIQ-02624,BNK942746,TXN-202412-0144,2024-12-27,2024-12-26,Medianet,VISA,8469,42.48,1.36,1.91,0.42,38.79,SETTLED,0
LIQ-02625,BNK633792,TXN-202412-0145,2024-12-22,2024-12-20,Datafast,MASTERCARD,5252,27.38,0.96,1.23,0.27,24.92,SETTLED,0
LIQ-02626,BNK389523,TXN-202412-0146,2024-12-26,2024-12-25,Datafast,VISA,7527,41.54,1.45,1.87,0.42,37.8,SETTLED,0
LIQ-02627,BNK447811,TXN-202412-0147,2024-12-22,2024-12-19,Datafast,MASTERCARD,8735,268.97,9.41,12.1,2.69,244.77,SETTLED,0
LIQ-02628,BNK426098,TXN-202412-0148,2024-12-30,2024-12-29,Datafast,MASTERCARD,1326,15.67,0.55,0.71,0.16,14.25,SETTLED,0
LIQ-02629,BNK156015,TXN-202412-0149,2024-12-13,2024-12-12,PayPhone,VISA,7372,58.47,2.57,2.63,0.58,52.69,SETTLED,0
LIQ-02630,BNK789288,TXN-202412-0150,2025-01-01,2024-12-29,Datafast,VISA,8249,76.08,2.66,3.42,0.76,69.24,SETTLED,0
LIQ-02631,BNK200636,TXN-202412-0151,2024-12-16,2024-12-13,PayPhone,VISA,6841,39.88,1.52,1.79,0.4,36.17,SETTLED,0
LIQ-02632,BNK638877,TXN-202412-0152,2024-12-20,2024-12-18,PayPhone,VISA,2086,66.58,2.53,3.0,0.67,60.38,SETTLED,0
LIQ-02633,BNK244810,TXN-202412-0153,2024-12-12,2024-12-11,Datafast,DINERS,8158,108.46,3.8,4.88,1.08,98.7,SETTLED,0
LIQ-02634,BNK276288,TXN-202412-0154,2024-12-27,2024-12-24,Datafast,MASTERCARD,2939,12.6,0.44,0.57,0.13,11.46,SETTLED,0
LIQ-02635,BNK857472,TXN-202412-0155,2024-12-13,2024-12-12,Medianet,VISA,5028,52.3,1.67,2.35,0.52,47.77,SETTLED,0
LIQ-02636,BNK890618,TXN-202412-0156,2024-12-13,2024-12-11,Datafast,VISA,6974,225.71,7.9,10.16,2.26,205.39,SETTLED,0
LIQ-02637,BNK599931,TXN-202412-0157,2024-12-27,2024-12-25,Datafast,AMEX,3327,451.08,15.79,20.3,4.51,410.48,SETTLED,0
LIQ-02638,BNK270407,TXN-202412-0158,2024-12-27,2024-12-24,Datafast,MASTERCARD,2465,310.16,10.86,13.96,3.1,282.24,SETTLED,0
LIQ-02639,BNK101278,TXN-202412-0159,2024-12-14,2024-12-11,Medianet,DINERS,6273,66.85,2.14,3.01,0.67,61.03,SETTLED,0
LIQ-02640,BNK156596,TXN-202412-0160,2024-12-26,2024-12-25,Medianet,MASTERCARD,1899,140.46,4.49,6.32,1.4,128.25,SETTLED,0
LIQ-02641,BNK286260,TXN-202412-0161,2024-12-11,2024-12-10,Datafast,VISA,2891,8.14,0.28,0.37,0.08,7.41,SETTLED,0
LIQ-02642,BNK677974,TXN-202412-0162,2024-12-28,2024-12-27,PayPhone,VISA,7661,255.39,9.7,11.49,2.55,231.65,SETTLED,0
LIQ-02643,BNK324134,TXN-202412-0163,2024-12-04,2024-12-03,Datafast,MASTERCARD,5885,1026.54,35.93,46.19,10.27,934.15,SETTLED,0
LIQ-02644,BNK744918,TXN-202412-0165,2024-12-31,2024-12-29,PayPhone,VISA,3378,39.47,1.5,1.78,0.39,35.8,SETTLED,0
LIQ-02645,BNK408853,TXN-202412-0166,2024-12-12,2024-12-09,Medianet,DINERS,7363,481.38,15.4,21.66,4.81,439.51,SETTLED,0
LIQ-02646,BNK662723,TXN-202412-0167,2024-12-24,2024-12-22,Medianet,AMEX,2191,218.85,7.0,9.85,2.19,199.81,SETTLED,0
LIQ-02647,BNK233652,TXN-202412-0168,2024-12-24,2024-12-22,Medianet,MASTERCARD,1072,327.71,10.49,14.75,3.28,299.19,SETTLED,0
LIQ-02648,BNK755645,TXN-202412-0169,2024-12-16,2024-12-14,PayPhone,MASTERCARD,8869,66.12,2.51,2.98,0.66,59.97,SETTLED,0
LIQ-02649,BNK979422,TXN-202412-0170,2024-12-14,2024-12-13,Datafast,DINERS,1158,77.96,2.73,3.51,0.78,70.94,SETTLED,0
LIQ-02650,BNK339744,TXN-202412-0171,2024-12-08,2024-12-05,PayPhone,VISA,4564,124.73,4.74,5.61,1.25,113.13,SETTLED,0
LIQ-02651,BNK241841,TXN-202412-0172,2024-12-30,2024-12-29,Datafast,MASTERCARD,4237,184.47,6.46,8.3,1.84,167.87,SETTLED,0
LIQ-02652,BNK794666,TXN-202412-0173,2024-12-15,2024-12-13,PayPhone,MASTERCARD,6963,35.95,1.37,1.62,0.36,32.6,SETTLED,0
LIQ-02653,BNK263040,TXN-202412-0174,2025-01-03,2024-12-31,Medianet,VISA,1760,51.73,1.66,2.33,0.52,47.22,SETTLED,0
LIQ-02654,BNK162033,TXN-202412-0175,2024-12-29,2024-12-27,Datafast,VISA,9563,262.96,9.2,11.83,2.63,239.3,SETTLED,0
LIQ-02655,BNK364201,TXN-202412-0176,2024-12-06,2024-12-04,Datafast,VISA,5227,75.32,2.64,3.39,0.75,68.54,SETTLED,0
LIQ-02656,BNK192988,TXN-202412-0177,2024-12-20,2024-12-19,Datafast,AMEX,3564,76.87,2.69,3.46,0.77,69.95,SETTLED,0
LIQ-02657,BNK390900,TXN-202412-0178,2024-12-08,2024-12-06,Datafast,AMEX,5621,50.79,1.78,2.29,0.51,46.21,SETTLED,0
LIQ-02658,BNK392284,TXN-202412-0179,2024-12-04,2024-12-03,Datafast,VISA,4471,11.22,0.39,0.5,0.11,10.22,SETTLED,0
LIQ-02659,BNK610944,TXN-202412-0180,2024-12-06,2024-12-03,Medianet,VISA,2843,41.95,1.34,1.89,0.42,38.3,SETTLED,0
LIQ-02660,BNK392302,TXN-202412-0181,2024-12-07,2024-12-05,Medianet,DINERS,9817,18.32,0.59,0.82,0.18,16.73,SETTLED,0
LIQ-02661,BNK786642,TXN-202412-0182,2024-12-15,2024-12-12,PayPhone,VISA,4639,427.24,16.24,19.23,4.27,387.5,SETTLED,0
LIQ-02662,BNK321692,TXN-202412-0183,2024-12-05,2024-12-02,Medianet,VISA,3243,218.66,7.0,9.84,2.19,199.63,SETTLED,0
LIQ-02663,BNK866658,TXN-202412-0184,2024-12-27,2024-12-26,Datafast,VISA,5727,74.19,2.6,3.34,0.74,67.51,SETTLED,0
LIQ-02664,BNK238075,TXN-202412-0185,2024-12-13,2024-12-10,PayPhone,AMEX,9877,25.05,0.95,1.13,0.25,22.72,SETTLED,0
LIQ-02665,BNK885704,TXN-202412-0186,2024-12-18,2024-12-15,PayPhone,VISA,5797,138.22,5.25,6.22,1.38,125.37,SETTLED,0
LIQ-02666,BNK650398,TXN-202412-0187,2024-12-19,2024-12-16,PayPhone,VISA,9247,296.25,11.26,13.33,2.96,268.7,SETTLED,0
LIQ-02667,BNK884096,TXN-202412-0188,2024-12-09,2024-12-06,Datafast,VISA,2080,30.4,1.06,1.37,0.3,27.67,SETTLED,0
LIQ-02668,BNK215035,TXN-202412-0189,2024-12-24,2024-12-21,Datafast,VISA,4610,1266.0,44.31,56.97,12.66,1152.06,SETTLED,0
LIQ-02669,BNK169246,TXN-202412-0190,2024-12-30,2024-12-28,PayPhone,VISA,1386,2485.64,94.45,111.85,24.86,2254.48,SETTLED,0
LIQ-02670,BNK541933,TXN-202412-0191,2024-12-03,2024-12-02,Medianet,VISA,1167,57.74,1.85,2.6,0.58,52.71,SETTLED,0
LIQ-02671,BNK477384,TXN-202412-0192,2024-12-06,2024-12-05,Datafast,AMEX,5938,79.87,2.8,3.59,0.8,72.68,SETTLED,0
LIQ-02672,BNK705316,TXN-202412-0193,2024-12-11,2024-12-08,Medianet,VISA,2755,29.0,0.93,1.3,0.29,26.48,SETTLED,0
LIQ-02673,BNK731707,TXN-202412-0194,2024-12-25,2024-12-22,Datafast,VISA,7964,2170.67,75.97,97.68,21.71,1975.31,SETTLED,0
LIQ-02674,BNK845055,TXN-202412-0195,2024-12-22,2024-12-21,Medianet,VISA,2222,456.15,14.6,20.53,4.56,416.46,SETTLED,0
LIQ-02675,BNK305817,TXN-202412-0196,2024-12-29,2024-12-27,Datafast,VISA,1253,8.67,0.3,0.39,0.09,7.89,SETTLED,0
LIQ-02676,BNK835157,TXN-202412-0197,2024-12-29,2024-12-26,Datafast,AMEX,6183,77.49,2.71,3.49,0.77,70.52,SETTLED,0
LIQ-02677,BNK110703,TXN-202412-0198,2024-12-25,2024-12-23,PayPhone,VISA,4745,393.02,14.93,17.69,3.93,356.47,SETTLED,0
LIQ-02678,BNK805824,TXN-202412-0199,2024-12-07,2024-12-06,Medianet,DINERS,1767,444.62,14.23,20.01,4.45,405.93,SETTLED,0
LIQ-02679,BNK232679,TXN-202412-0200,2024-12-31,2024-12-29,PayPhone,VISA,3414,11.99,0.46,0.54,0.12,10.87,SETTLED,0
LIQ-02680,BNK871457,TXN-202412-0201,2025-01-02,2024-12-31,Datafast,AMEX,2653,50.29,1.76,2.26,0.5,45.77,SETTLED,0
LIQ-02681,BNK757774,TXN-202412-0203,2024-12-19,2024-12-16,Medianet,AMEX,7034,5.21,0.17,0.23,0.05,4.76,SETTLED,0
LIQ-02682,BNK870479,TXN-202412-0204,2024-12-27,2024-12-24,Datafast,VISA,2167,440.27,15.41,19.81,4.4,400.65,SETTLED,0
LIQ-02683,BNK113679,TXN-202412-0205,2025-01-02,2024-12-30,Datafast,VISA,7177,49.29,1.73,2.22,0.49,44.85,SETTLED,0
LIQ-02684,BNK233778,TXN-202412-0206,2025-01-03,2024-12-31,Datafast,MASTERCARD,8803,96.56,3.38,4.35,0.97,87.86,SETTLED,0
LIQ-02685,BNK137870,TXN-202412-0207,2024-12-12,2024-12-10,Medianet,VISA,6975,1641.09,52.51,73.85,16.41,1498.32,SETTLED,0
LIQ-02686,BNK764843,TXN-202412-0208,2024-12-29,2024-12-27,Datafast,MASTERCARD,7359,657.0,23.0,29.56,6.57,597.87,SETTLED,0
LIQ-02687,BNK317954,TXN-202412-0209,2024-12-14,2024-12-11,PayPhone,AMEX,5764,177.0,6.73,7.96,1.77,160.54,SETTLED,0
LIQ-02688,BNK153170,TXN-202412-0210,2024-12-28,2024-12-27,Datafast,VISA,7623,437.91,15.33,19.71,4.38,398.49,SETTLED,0
LIQ-02689,BNK390453,TXN-202412-0211,2024-12-09,2024-12-08,Medianet,MASTERCARD,5015,5.32,0.17,0.24,0.05,4.86,SETTLED,0
LIQ-02690,BNK849096,TXN-202412-0212,2024-12-03,2024-12-02,Datafast,AMEX,4786,5.17,0.18,0.23,0.05,4.71,SETTLED,0
LIQ-02691,BNK829681,TXN-202412-0213,2024-12-15,2024-12-14,PayPhone,VISA,6406,309.55,11.76,13.93,3.1,280.76,SETTLED,0
LIQ-02692,BNK256518,TXN-202412-0214,2024-12-13,2024-12-10,Medianet,DINERS,4812,348.81,11.16,15.7,3.49,318.46,SETTLED,0
LIQ-02693,BNK329656,TXN-202412-0215,2024-12-20,2024-12-18,Medianet,VISA,6076,304.32,9.74,13.69,3.04,277.85,SETTLED,0
LIQ-02694,BNK993780,TXN-202412-0216,2024-12-26,2024-12-24,Medianet,AMEX,2486,1472.57,47.12,66.27,14.73,1344.45,SETTLED,0
LIQ-02695,BNK237573,TXN-202412-0217,2024-12-14,2024-12-11,Datafast,MASTERCARD,2531,37.21,1.3,1.67,0.37,33.87,SETTLED,0
LIQ-02696,BNK236927,TXN-202412-0218,2024-12-26,2024-12-24,Datafast,VISA,1051,74.83,2.62,3.37,0.75,68.09,SETTLED,0
LIQ-02697,BNK851765,TXN-202412-0219,2024-12-15,2024-12-14,Datafast,VISA,6338,17.14,0.6,0.77,0.17,15.6,SETTLED,0
LIQ-02698,BNK560227,TXN-202412-0220,2024-12-21,2024-12-18,Medianet,VISA,1279,201.29,6.44,9.06,2.01,183.78,SETTLED,0
LIQ-02699,BNK622219,TXN-202412-0221,2024-12-29,2024-12-28,Medianet,VISA,2941,2683.05,85.86,120.74,26.83,2449.62,SETTLED,0
LIQ-02700,BNK476622,TXN-202412-0222,2024-12-10,2024-12-09,PayPhone,VISA,5524,398.55,15.14,17.93,3.99,361.49,SETTLED,0
LIQ-02701,BNK991799,TXN-202412-0223,2024-12-28,2024-12-25,Datafast,VISA,9170,62.45,2.19,2.81,0.62,56.83,SETTLED,0
LIQ-02702,BNK233370,TXN-202412-0224,2024-12-05,2024-12-03,Datafast,VISA,7891,196.89,6.89,8.86,1.97,179.17,SETTLED,0
LIQ-02703,BNK829234,TXN-202412-0225,2025-01-02,2024-12-31,Medianet,VISA,5252,19.2,0.61,0.86,0.19,17.54,SETTLED,0
LIQ-02704,BNK208250,TXN-202412-0226,2024-12-26,2024-12-25,Medianet,AMEX,3547,487.16,15.59,21.92,4.87,444.78,SETTLED,0
LIQ-02705,BNK355537,TXN-202412-0227,2024-12-26,2024-12-23,PayPhone,VISA,9037,44.16,1.68,1.99,0.44,40.05,SETTLED,0
LIQ-02706,BNK491046,TXN-202412-0228,2024-12-13,2024-12-11,Datafast,DINERS,9283,227.58,7.97,10.24,2.28,207.09,SETTLED,0
LIQ-02707,BNK852722,TXN-202412-0229,2024-12-14,2024-12-13,Medianet,VISA,7954,405.86,12.99,18.26,4.06,370.57,SETTLED,0
LIQ-02708,BNK303385,TXN-202412-0230,2024-12-24,2024-12-23,Datafast,MASTERCARD,3003,48.98,1.71,2.2,0.49,44.58,SETTLED,0
LIQ-02709,BNK143441,TXN-202412-0231,2024-12-27,2024-12-25,PayPhone,MASTERCARD,6243,472.19,17.94,21.25,4.72,428.28,SETTLED,0
LIQ-02710,BNK914582,TXN-202412-0232,2024-12-30,2024-12-29,Medianet,VISA,8740,32.67,1.05,1.47,0.33,29.82,SETTLED,0
LIQ-02711,BNK896188,TXN-202412-0233,2024-12-24,2024-12-22,Datafast,VISA,5043,87.19,3.05,3.92,0.87,79.35,SETTLED,0
LIQ-02712,BNK236988,TXN-202412-0234,2024-12-30,2024-12-28,Medianet,VISA,6520,487.23,15.59,21.93,4.87,444.84,SETTLED,0
LIQ-02713,BNK627788,TXN-202412-0235,2024-12-07,2024-12-04,Datafast,AMEX,6258,315.79,11.05,14.21,3.16,287.37,SETTLED,0
LIQ-02714,BNK198080,TXN-202412-0236,2024-12-12,2024-12-11,Datafast,VISA,2821,2314.76,81.02,104.16,23.15,2106.43,SETTLED,0
LIQ-02715,BNK538229,TXN-202412-0237,2024-12-13,2024-12-10,Medianet,VISA,3241,213.17,6.82,9.59,2.13,194.63,SETTLED,0
LIQ-02716,BNK451760,TXN-202412-0238,2024-12-13,2024-12-10,PayPhone,VISA,9945,103.06,3.92,4.64,1.03,93.47,SETTLED,0
LIQ-02717,BNK149319,TXN-202412-0239,2024-12-07,2024-12-05,PayPhone,VISA,2251,33.47,1.27,1.51,0.33,30.36,SETTLED,0
LIQ-02718,BNK526936,TXN-202412-0240,2024-12-05,2024-12-03,Datafast,VISA,8357,44.82,1.57,2.02,0.45,40.78,SETTLED,0
LIQ-02719,BNK365778,TXN-202412-0241,2024-12-12,2024-12-11,Datafast,VISA,9072,78.59,2.75,3.54,0.79,71.51,SETTLED,0
LIQ-02720,BNK515102,TXN-202412-0242,2024-12-29,2024-12-28,Medianet,AMEX,6398,2007.27,64.23,90.33,20.07,1832.64,SETTLED,0
LIQ-02721,BNK306612,TXN-202412-0243,2024-12-30,2024-12-29,Datafast,VISA,2613,30.03,1.05,1.35,0.3,27.33,SETTLED,0
LIQ-02722,BNK103026,TXN-202412-0244,2024-12-11,2024-12-09,Datafast,VISA,3195,177.24,6.2,7.98,1.77,161.29,SETTLED,0
LIQ-02723,BNK815319,TXN-202412-0245,2024-12-29,2024-12-26,PayPhone,MASTERCARD,4837,69.44,2.64,3.12,0.69,62.99,SETTLED,0
LIQ-02724,BNK964947,TXN-202412-0246,2024-12-21,2024-12-18,Medianet,MASTERCARD,7096,204.83,6.55,9.22,2.05,187.01,SETTLED,0
LIQ-02725,BNK160231,TXN-202412-0247,2025-01-01,2024-12-30,Datafast,AMEX,9155,97.11,3.4,4.37,0.97,88.37,SETTLED,0
LIQ-02726,BNK461165,TXN-202412-0248,2024-12-07,2024-12-04,Datafast,VISA,9301,137.49,6.15,6.19,1.37,123.78,SETTLED,0
LIQ-02727,BNK849991,TXN-202412-0249,2024-12-16,2024-12-13,Datafast,AMEX,2613,65.71,2.3,2.96,0.66,59.79,SETTLED,0
LIQ-02728,BNK931570,TXN-202412-0250,2024-12-09,2024-12-08,Datafast,VISA,6592,2737.56,95.81,123.19,27.38,2491.18,SETTLED,0
LIQ-02729,BNK723767,TXN-202412-0251,2024-12-07,2024-12-04,Datafast,VISA,6935,2251.74,78.81,101.33,22.52,2049.08,SETTLED,0
LIQ-02730,BNK342020,TXN-202412-0252,2024-12-27,2024-12-24,PayPhone,VISA,5253,133.2,5.06,5.99,1.33,120.82,SETTLED,0
LIQ-02731,BNK968406,TXN-202412-0253,2024-12-12,2024-12-09,Medianet,DINERS,3535,44.22,1.42,1.99,0.44,40.37,SETTLED,0
LIQ-02732,BNK561342,TXN-202412-0254,2024-12-04,2024-12-02,Medianet,MASTERCARD,7166,46.07,1.47,2.07,0.46,42.07,SETTLED,0
LIQ-02733,BNK579113,TXN-202412-0255,2024-12-13,2024-12-12,Datafast,MASTERCARD,1747,44.58,1.56,2.01,0.45,40.56,SETTLED,0
LIQ-02734,BNK581924,TXN-202412-0256,2024-12-11,2024-12-08,Datafast,MASTERCARD,8567,1219.16,42.67,54.86,12.19,1109.44,SETTLED,0
LIQ-02735,BNK473145,TXN-202412-0257,2024-12-17,2024-12-16,PayPhone,VISA,3634,53.63,2.04,2.41,0.54,48.64,SETTLED,0
LIQ-02736,BNK517211,TXN-202412-0258,2024-12-08,2024-12-05,PayPhone,VISA,4720,23.97,1.09,1.08,0.24,21.56,SETTLED,0
LIQ-02737,BNK712957,TXN-202412-0259,2024-12-08,2024-12-05,Datafast,MASTERCARD,7280,55.33,1.94,2.49,0.55,50.35,SETTLED,0
LIQ-02738,BNK200614,TXN-202412-0260,2024-12-24,2024-12-22,Datafast,DINERS,1309,387.13,13.55,17.42,3.87,352.29,SETTLED,0
LIQ-02739,BNK740790,TXN-202412-0261,2024-12-22,2024-12-21,Datafast,VISA,3515,1936.44,67.78,87.14,19.36,1762.16,SETTLED,0
LIQ-02740,BNK663367,TXN-202412-0262,2024-12-09,2024-12-07,Medianet,AMEX,5843,13.02,0.42,0.59,0.13,11.88,SETTLED,0
LIQ-02741,BNK335137,TXN-202412-0263,2024-12-13,2024-12-11,Datafast,MASTERCARD,5795,444.9,15.57,20.02,4.45,404.86,SETTLED,0
LIQ-02742,BNK238432,TXN-202412-0264,2024-12-31,2024-12-28,Datafast,MASTERCARD,8129,54.73,1.92,2.46,0.55,49.8,SETTLED,0
LIQ-02743,BNK905206,TXN-202412-0265,2025-01-03,2024-12-31,Datafast,VISA,7058,54.94,1.92,2.47,0.55,50.0,SETTLED,0
LIQ-02744,BNK174488,TXN-202412-0266,2024-12-03,2024-12-01,Datafast,VISA,5590,8.67,0.3,0.39,0.09,7.89,SETTLED,0
LIQ-02745,BNK817002,TXN-202412-0267,2024-12-18,2024-12-15,Datafast,VISA,7927,105.03,3.68,4.73,1.05,95.57,SETTLED,0
LIQ-02746,BNK124031,TXN-202412-0268,2024-12-10,2024-12-09,Datafast,VISA,8578,139.09,4.87,6.26,1.39,126.57,SETTLED,0
LIQ-02747,BNK783421,TXN-202412-0269,2024-12-21,2024-12-19,Datafast,VISA,8676,302.43,10.59,13.61,3.02,275.21,SETTLED,0
LIQ-02748,BNK269763,TXN-202412-0270,2024-12-11,2024-12-09,Datafast,MASTERCARD,3315,56.63,1.98,2.55,0.57,51.53,SETTLED,0
LIQ-02749,BNK727273,TXN-202412-0271,2024-12-06,2024-12-05,PayPhone,VISA,1600,37.86,1.44,1.7,0.38,34.34,SETTLED,0
LIQ-02750,BNK194014,TXN-202412-0272,2024-12-21,2024-12-18,Medianet,MASTERCARD,6867,78.99,2.53,3.55,0.79,72.12,SETTLED,0
LIQ-02751,BNK535904,TXN-202412-0273,2024-12-12,2024-12-09,Medianet,VISA,2059,32.81,1.05,1.48,0.33,29.95,SETTLED,0
LIQ-02752,BNK815795,TXN-202412-0274,2024-12-14,2024-12-13,Datafast,AMEX,8234,28.27,0.99,1.27,0.28,25.73,SETTLED,0
LIQ-02753,BNK952444,TXN-202412-0275,2024-12-10,2024-12-09,Datafast,DINERS,2667,72.41,2.53,3.26,0.72,65.9,SETTLED,0
LIQ-02754,BNK819100,TXN-202412-0276,2024-12-29,2024-12-26,Medianet,MASTERCARD,1447,337.71,10.81,15.2,3.38,308.32,SETTLED,0
LIQ-02755,BNK878354,TXN-202412-0277,2025-01-01,2024-12-31,PayPhone,MASTERCARD,8547,508.43,19.32,22.88,5.08,461.15,SETTLED,0
LIQ-02756,BNK177623,TXN-202412-0278,2024-12-03,2024-12-01,Datafast,MASTERCARD,4335,318.54,11.15,14.33,3.19,289.87,SETTLED,0
LIQ-02757,BNK592491,TXN-202412-0279,2024-12-12,2024-12-09,Datafast,VISA,2001,62.31,2.18,2.8,0.62,56.71,SETTLED,0
LIQ-02758,BNK413039,TXN-202412-0280,2025-01-03,2024-12-31,PayPhone,MASTERCARD,9192,361.33,13.73,16.26,3.61,327.73,SETTLED,0
LIQ-02759,BNK496487,TXN-202412-0281,2024-12-30,2024-12-29,Medianet,VISA,8599,51.85,1.66,2.33,0.52,47.34,SETTLED,0
LIQ-02760,BNK737658,TXN-202412-0282,2024-12-20,2024-12-18,Datafast,AMEX,3007,61.92,2.17,2.79,0.62,56.34,SETTLED,0
LIQ-02761,BNK142862,TXN-202412-0283,2024-12-07,2024-12-04,Datafast,VISA,6925,369.69,12.94,16.64,3.7,336.41,SETTLED,0
LIQ-02762,BNK266850,TXN-202412-0284,2024-12-17,2024-12-14,PayPhone,VISA,7295,166.08,6.31,7.47,1.66,150.64,SETTLED,0
LIQ-02763,BNK710313,TXN-202412-0285,2024-12-18,2024-12-15,PayPhone,VISA,5318,489.89,18.62,22.05,4.9,444.32,SETTLED,0
LIQ-02764,BNK885461,TXN-202412-0286,2024-12-10,2024-12-09,Datafast,MASTERCARD,8875,12.26,0.43,0.55,0.12,11.16,SETTLED,0
LIQ-02765,BNK656674,TXN-202412-0288,2024-12-05,2024-12-03,PayPhone,VISA,9709,2029.44,77.12,91.32,20.29,1840.71,SETTLED,0
LIQ-02766,BNK328767,TXN-202412-0289,2024-12-04,2024-12-02,Medianet,MASTERCARD,4766,399.58,12.79,17.98,4.0,364.81,SETTLED,0
LIQ-02767,BNK225128,TXN-202412-0290,2024-12-03,2024-12-01,Medianet,MASTERCARD,8883,372.26,11.91,16.75,3.72,339.88,SETTLED,0
LIQ-02768,BNK923298,TXN-202412-0291,2024-12-06,2024-12-03,PayPhone,VISA,2002,29.81,1.13,1.34,0.3,27.04,SETTLED,0
LIQ-02769,BNK130588,TXN-202412-0292,2024-12-14,2024-12-12,Medianet,DINERS,4547,37.03,1.18,1.67,0.37,33.81,SETTLED,0
LIQ-02770,BNK376478,TXN-202412-0293,2024-12-24,2024-12-21,Medianet,MASTERCARD,2600,60.42,1.93,2.72,0.6,55.17,SETTLED,0
LIQ-02771,BNK359985,TXN-202412-0294,2024-12-25,2024-12-24,Datafast,VISA,8973,16.77,0.59,0.75,0.17,15.26,SETTLED,0
LIQ-02772,BNK983054,TXN-202412-0295,2024-12-16,2024-12-15,Medianet,VISA,6210,14.95,0.48,0.67,0.15,13.65,SETTLED,0
LIQ-02773,BNK877911,TXN-202412-0296,2025-01-02,2024-12-30,Medianet,VISA,6028,13.84,0.44,0.62,0.14,12.64,SETTLED,0
LIQ-02774,BNK667502,TXN-202412-0297,2024-12-24,2024-12-22,Datafast,MASTERCARD,4739,205.83,7.2,9.26,2.06,187.31,SETTLED,0
LIQ-02775,BNK961067,TXN-202412-0298,2024-12-02,2024-12-01,Datafast,VISA,9684,1684.33,58.95,75.79,16.84,1532.75,SETTLED,0
LIQ-02776,BNK389308,TXN-202412-0299,2024-12-05,2024-12-04,Datafast,MASTERCARD,1261,455.02,15.93,20.48,4.55,414.06,SETTLED,0
LIQ-02777,BNK170129,TXN-202412-0301,2024-12-25,2024-12-22,PayPhone,VISA,4042,46.62,1.77,2.1,0.47,42.28,SETTLED,0
LIQ-02778,BNK750210,TXN-202412-0302,2024-12-13,2024-12-11,PayPhone,DINERS,8246,465.2,17.68,20.93,4.65,421.94,SETTLED,0
LIQ-02779,BNK505903,TXN-202412-0303,2025-01-02,2024-12-31,Datafast,DINERS,5857,47.55,1.66,2.14,0.48,43.27,SETTLED,0
LIQ-02780,BNK510918,TXN-202412-0304,2024-12-12,2024-12-09,Datafast,MASTERCARD,2194,197.25,6.9,8.88,1.97,179.5,SETTLED,0
LIQ-02781,BNK270081,TXN-202412-0305,2024-12-15,2024-12-13,Datafast,MASTERCARD,5943,88.41,3.09,3.98,0.88,80.46,SETTLED,0
LIQ-02782,BNK258162,TXN-202412-0306,2024-12-07,2024-12-04,Datafast,MASTERCARD,9245,2686.81,94.04,120.91,26.87,2444.99,SETTLED,0
LIQ-02783,BNK695055,TXN-202412-0307,2024-12-29,2024-12-28,Datafast,VISA,6313,304.09,10.64,13.68,3.04,276.73,SETTLED,0
LIQ-02784,BNK185102,TXN-202412-0308,2024-12-28,2024-12-27,Medianet,VISA,8520,379.23,12.14,17.07,3.79,346.23,SETTLED,0
LIQ-02785,BNK940390,TXN-202412-0309,2024-12-09,2024-12-08,Datafast,VISA,3966,415.56,14.54,18.7,4.16,378.16,SETTLED,0
LIQ-02786,BNK312886,TXN-202412-0310,2024-12-19,2024-12-18,Medianet,MASTERCARD,7280,181.43,5.81,8.16,1.81,165.65,SETTLED,0
LIQ-02787,BNK224272,TXN-202412-0311,2024-12-06,2024-12-05,Datafast,MASTERCARD,1816,29.91,1.05,1.35,0.3,27.21,SETTLED,0
LIQ-02788,BNK540191,TXN-202412-0312,2024-12-27,2024-12-26,Datafast,VISA,3654,138.68,4.85,6.24,1.39,126.2,SETTLED,0
LIQ-02789,BNK610497,TXN-202412-0313,2024-12-17,2024-12-14,Medianet,VISA,3830,38.18,1.22,1.72,0.38,34.86,SETTLED,0
LIQ-02790,BNK114671,TXN-202412-0314,2024-12-24,2024-12-22,Medianet,VISA,6444,273.58,8.75,12.31,2.74,249.78,SETTLED,0
LIQ-02791,BNK625428,TXN-202412-0315,2024-12-04,2024-12-01,PayPhone,VISA,5252,5.86,0.22,0.26,0.06,5.32,SETTLED,0
LIQ-02792,BNK158591,TXN-202412-0316,2024-12-09,2024-12-06,Medianet,AMEX,7462,115.13,3.68,5.18,1.15,105.12,SETTLED,0
LIQ-02793,BNK484714,TXN-202412-0317,2025-01-01,2024-12-31,PayPhone,MASTERCARD,9652,19.28,0.73,0.87,0.19,17.49,SETTLED,0
LIQ-02794,BNK525577,TXN-202412-0318,2024-12-24,2024-12-21,Datafast,AMEX,7599,104.04,3.64,4.68,1.04,94.68,SETTLED,0
LIQ-02795,BNK684245,TXN-202412-0319,2024-12-16,2024-12-13,PayPhone,VISA,3416,31.5,1.2,1.42,0.32,28.56,SETTLED,0
LIQ-02796,BNK486478,TXN-202412-0320,2024-12-10,2024-12-09,Datafast,AMEX,8387,396.06,13.86,17.82,3.96,360.42,SETTLED,0
LIQ-02797,BNK982102,TXN-202412-0321,2024-12-18,2024-12-16,Datafast,AMEX,4046,322.08,11.27,14.49,3.22,293.1,SETTLED,0
LIQ-02798,BNK537973,TXN-202412-0322,2024-12-27,2024-12-25,Datafast,AMEX,9457,18.18,0.64,0.82,0.18,16.54,SETTLED,0
LIQ-02799,BNK982308,TXN-202412-0323,2024-12-19,2024-12-17,Medianet,MASTERCARD,5919,40.17,1.29,1.81,0.4,36.67,SETTLED,0
LIQ-02800,BNK512359,TXN-202412-0324,2024-12-30,2024-12-29,Datafast,VISA,1748,54.65,1.91,2.46,0.55,49.73,SETTLED,0
LIQ-02801,BNK582874,TXN-202412-0325,2024-12-12,2024-12-09,Datafast,MASTERCARD,8351,59.29,2.08,2.67,0.59,53.95,SETTLED,0
LIQ-02802,BNK889727,TXN-202412-0326,2024-12-28,2024-12-26,Datafast,VISA,7825,35.97,1.26,1.62,0.36,32.73,SETTLED,0
LIQ-02803,BNK142550,TXN-202412-0327,2024-12-11,2024-12-10,Medianet,DINERS,8022,8.67,0.28,0.39,0.09,7.91,SETTLED,0
LIQ-02804,BNK501777,TXN-202412-0328,2024-12-23,2024-12-21,Medianet,VISA,5107,58.57,1.87,2.64,0.59,53.47,SETTLED,0
LIQ-02805,BNK345228,TXN-202412-0329,2024-12-20,2024-12-18,Datafast,VISA,3229,69.2,2.42,3.11,0.69,62.98,SETTLED,0
LIQ-02806,BNK834450,TXN-202412-0330,2024-12-24,2024-12-21,Medianet,MASTERCARD,1168,51.83,1.66,2.33,0.52,47.32,SETTLED,0
LIQ-02807,BNK513140,TXN-202412-0331,2024-12-06,2024-12-04,Datafast,VISA,8296,8.52,0.3,0.38,0.09,7.75,SETTLED,0
LIQ-02808,BNK260402,TXN-202412-0332,2024-12-25,2024-12-24,Datafast,MASTERCARD,7180,464.4,16.25,20.9,4.64,422.61,SETTLED,0
LIQ-02809,BNK188198,TXN-202412-0333,2024-12-20,2024-12-18,Datafast,MASTERCARD,4389,2109.44,73.83,94.92,21.09,1919.6,SETTLED,0
LIQ-02810,BNK698032,TXN-202412-0334,2024-12-26,2024-12-25,Datafast,DINERS,3356,33.36,1.17,1.5,0.33,30.36,SETTLED,0
LIQ-02811,BNK637022,TXN-202412-0335,2024-12-04,2024-12-03,Medianet,VISA,8835,16.61,0.53,0.75,0.17,15.16,SETTLED,0
LIQ-02812,BNK943245,TXN-202412-0336,2024-12-22,2024-12-19,Medianet,MASTERCARD,2107,17.82,0.57,0.8,0.18,16.27,SETTLED,0
LIQ-02813,BNK512841,TXN-202412-0337,2024-12-10,2024-12-08,Medianet,MASTERCARD,4383,16.89,0.54,0.76,0.17,15.42,SETTLED,0
LIQ-02814,BNK479637,TXN-202412-0338,2024-12-15,2024-12-14,Medianet,VISA,6542,434.92,13.92,19.57,4.35,397.08,SETTLED,0
LIQ-02815,BNK479239,TXN-202412-0339,2024-12-04,2024-12-02,Datafast,DINERS,4411,39.65,1.39,1.78,0.4,36.08,SETTLED,0
LIQ-02816,BNK163380,TXN-202412-0340,2024-12-27,2024-12-25,Datafast,DINERS,9986,31.6,1.11,1.42,0.32,28.75,SETTLED,0
LIQ-02817,BNK417924,TXN-202412-0341,2024-12-11,2024-12-08,Medianet,AMEX,7568,35.25,1.13,1.59,0.35,32.18,SETTLED,0
LIQ-02818,BNK709446,TXN-202412-0342,2025-01-03,2024-12-31,Medianet,VISA,8796,203.41,6.51,9.15,2.03,185.72,SETTLED,0
LIQ-02819,BNK400878,TXN-202412-0343,2024-12-11,2024-12-09,Datafast,VISA,7841,35.84,1.25,1.61,0.36,32.62,SETTLED,0
LIQ-02820,BNK916634,TXN-202412-0344,2024-12-02,2024-12-01,Medianet,DINERS,3266,73.72,2.36,3.32,0.74,67.3,SETTLED,0
LIQ-02821,BNK900133,TXN-202412-0345,2024-12-08,2024-12-06,Medianet,VISA,6867,290.41,9.29,13.07,2.9,265.15,SETTLED,0
LIQ-02822,BNK921268,TXN-202412-0346,2024-12-05,2024-12-02,Datafast,DINERS,3054,67.38,2.36,3.03,0.67,61.32,SETTLED,0
LIQ-02823,BNK367109,TXN-202412-0347,2024-12-30,2024-12-28,Medianet,VISA,4569,104.16,3.33,4.69,1.04,95.1,SETTLED,0
LIQ-02824,BNK415100,TXN-202412-0348,2024-12-13,2024-12-12,Datafast,AMEX,9667,62.38,2.18,2.81,0.62,56.77,SETTLED,0
LIQ-02825,BNK787894,TXN-202412-0349,2024-12-16,2024-12-13,PayPhone,VISA,8065,58.17,2.21,2.62,0.58,52.76,SETTLED,0
LIQ-02826,BNK137935,TXN-202412-0350,2024-12-22,2024-12-20,Datafast,VISA,9256,12.09,0.42,0.54,0.12,11.01,SETTLED,0
LIQ-02827,BNK562396,TXN-202412-0351,2024-12-21,2024-12-20,Medianet,MASTERCARD,8785,308.64,9.88,13.89,3.09,281.78,SETTLED,0
LIQ-02828,BNK552445,TXN-202412-0352,2024-12-07,2024-12-05,Datafast,VISA,1853,286.88,10.04,12.91,2.87,261.06,SETTLED,0
LIQ-02829,BNK510534,TXN-202412-0353,2024-12-05,2024-12-02,Medianet,DINERS,7659,35.5,1.14,1.6,0.35,32.41,SETTLED,0
LIQ-02830,BNK305884,TXN-202412-0354,2024-12-18,2024-12-16,Datafast,VISA,1494,399.77,13.99,17.99,4.0,363.79,SETTLED,0
LIQ-02831,BNK818125,TXN-202412-0355,2024-12-28,2024-12-25,PayPhone,VISA,5313,2645.95,100.55,119.07,26.46,2399.87,SETTLED,0
LIQ-02832,BNK421042,TXN-202412-0356,2024-12-08,2024-12-07,Medianet,MASTERCARD,9470,73.36,2.93,3.3,0.73,66.4,SETTLED,0
LIQ-02833,BNK734031,TXN-202412-0357,2024-12-07,2024-12-04,PayPhone,VISA,9574,63.4,2.41,2.85,0.63,57.51,SETTLED,0
LIQ-02834,BNK907623,TXN-202412-0358,2024-12-15,2024-12-13,Datafast,MASTERCARD,7445,1110.96,38.88,49.99,11.11,1010.98,SETTLED,0
LIQ-02835,BNK297724,TXN-202412-0359,2024-12-21,2024-12-20,Datafast,MASTERCARD,4829,26.27,0.92,1.18,0.26,23.93,SETTLED,0
LIQ-02836,BNK852122,TXN-202412-0360,2024-12-23,2024-12-22,PayPhone,AMEX,3889,2705.7,102.82,121.76,27.06,2454.06,SETTLED,0
LIQ-02837,BNK335635,TXN-202412-0361,2024-12-05,2024-12-03,Datafast,MASTERCARD,1942,71.44,2.5,3.21,0.71,65.02,SETTLED,0
LIQ-02838,BNK695122,TXN-202412-0362,2024-12-21,2024-12-19,Medianet,AMEX,6482,348.5,11.15,15.68,3.48,318.19,SETTLED,0
LIQ-02839,BNK537080,TXN-202412-0363,2024-12-12,2024-12-11,Datafast,VISA,7070,44.74,1.57,2.01,0.45,40.71,SETTLED,0
LIQ-02840,BNK460489,TXN-202412-0364,2024-12-25,2024-12-24,Medianet,MASTERCARD,4855,17.8,0.57,0.8,0.18,16.25,SETTLED,0
LIQ-02841,BNK108950,TXN-202412-0365,2024-12-17,2024-12-15,PayPhone,MASTERCARD,5255,10.51,0.4,0.47,0.11,9.53,SETTLED,0
LIQ-02842,BNK416985,TXN-202412-0366,2024-12-26,2024-12-23,Datafast,VISA,1098,75.03,2.63,3.38,0.75,68.27,SETTLED,0
LIQ-02843,BNK778662,TXN-202412-0367,2024-12-25,2024-12-24,PayPhone,VISA,6682,35.54,1.35,1.6,0.36,32.23,SETTLED,0
LIQ-02844,BNK733883,TXN-202412-0368,2024-12-18,2024-12-16,PayPhone,MASTERCARD,1416,221.75,8.43,9.98,2.22,201.12,SETTLED,0
LIQ-02845,BNK495238,TXN-202412-0369,2024-12-05,2024-12-04,Datafast,DINERS,9598,298.12,10.43,13.42,2.98,271.29,SETTLED,0
LIQ-02846,BNK275400,TXN-202412-0370,2025-01-01,2024-12-31,Medianet,VISA,3372,474.31,15.18,21.34,4.74,433.05,SETTLED,0
LIQ-02847,BNK575650,TXN-202412-0371,2024-12-16,2024-12-13,PayPhone,VISA,8770,231.76,8.81,10.43,2.32,210.2,SETTLED,0
LIQ-02848,BNK298991,TXN-202412-0372,2024-12-16,2024-12-15,Datafast,AMEX,4277,16.55,0.58,0.74,0.17,15.06,SETTLED,0
LIQ-02849,BNK235765,TXN-202412-0373,2024-12-09,2024-12-07,Datafast,MASTERCARD,7850,18.16,0.64,0.82,0.18,16.52,SETTLED,0
LIQ-02850,BNK987629,TXN-202412-0374,2024-12-08,2024-12-06,PayPhone,VISA,2373,293.81,11.16,13.22,2.94,266.49,SETTLED,0
LIQ-02851,BNK277149,TXN-202412-0375,2024-12-21,2024-12-18,Medianet,VISA,6363,258.28,8.26,11.62,2.58,235.82,SETTLED,0
LIQ-02852,BNK504058,TXN-202412-0376,2024-12-13,2024-12-10,PayPhone,MASTERCARD,8362,2578.48,97.98,116.03,25.78,2338.69,SETTLED,0
LIQ-02853,BNK241232,TXN-202412-0377,2024-12-29,2024-12-26,PayPhone,VISA,8029,46.59,1.77,2.1,0.47,42.25,SETTLED,0
LIQ-02854,BNK554914,TXN-202412-0378,2024-12-31,2024-12-28,PayPhone,MASTERCARD,5216,22.81,0.87,1.03,0.23,20.68,SETTLED,0
LIQ-02855,BNK974536,TXN-202412-0379,2024-12-08,2024-12-07,PayPhone,MASTERCARD,1144,35.56,1.35,1.6,0.36,32.25,SETTLED,0
LIQ-02856,BNK223177,TXN-202412-0380,2024-12-14,2024-12-12,Medianet,MASTERCARD,6149,12.69,0.41,0.57,0.13,11.6,SETTLED,0
LIQ-02857,BNK192756,TXN-202412-0381,2024-12-22,2024-12-19,Medianet,VISA,4143,293.11,9.38,13.19,2.93,267.61,SETTLED,0
LIQ-02858,BNK409872,TXN-202412-0382,2024-12-04,2024-12-01,Medianet,AMEX,6270,18.63,0.6,0.84,0.19,17.0,SETTLED,0
LIQ-02859,BNK253991,TXN-202412-0383,2024-12-28,2024-12-25,PayPhone,DINERS,7741,149.55,5.68,6.73,1.5,135.64,SETTLED,0
LIQ-02860,BNK368148,TXN-202412-0384,2024-12-21,2024-12-19,Medianet,MASTERCARD,8376,401.98,12.86,18.09,4.02,367.01,SETTLED,0
LIQ-02861,BNK326956,TXN-202412-0385,2024-12-28,2024-12-25,PayPhone,MASTERCARD,1946,349.53,13.28,15.73,3.5,317.02,SETTLED,0
LIQ-02862,BNK924002,TXN-202412-0386,2024-12-06,2024-12-03,Medianet,MASTERCARD,8760,438.76,14.04,19.74,4.39,400.59,SETTLED,0
LIQ-02863,BNK530897,TXN-202412-0387,2025-01-03,2024-12-31,Datafast,MASTERCARD,9195,33.81,1.18,1.52,0.34,30.77,SETTLED,0
LIQ-02864,BNK797790,TXN-202412-0388,2024-12-19,2024-12-17,Datafast,VISA,8591,6.6,0.23,0.3,0.07,6.0,SETTLED,0
LIQ-02865,BNK244121,TXN-202412-0389,2024-12-30,2024-12-29,Medianet,MASTERCARD,9188,480.38,15.37,21.62,4.8,438.59,SETTLED,0
LIQ-02866,BNK969005,TXN-202412-0390,2024-12-26,2024-12-25,Datafast,AMEX,6554,173.67,6.08,7.82,1.74,158.03,SETTLED,0
LIQ-02867,BNK874734,TXN-202412-0391,2024-12-04,2024-12-02,Medianet,VISA,6640,483.46,15.47,21.76,4.83,441.4,SETTLED,0
LIQ-02868,BNK460209,TXN-202412-0392,2024-12-22,2024-12-21,Medianet,VISA,5172,145.1,4.64,6.53,1.45,132.5,SETTLED,0
LIQ-02869,BNK786341,TXN-202412-0393,2024-12-09,2024-12-06,Datafast,VISA,3601,349.61,12.24,15.73,3.5,318.14,SETTLED,0
LIQ-02870,BNK681755,TXN-202412-0394,2024-12-21,2024-12-20,Datafast,MASTERCARD,8148,1070.28,37.46,48.16,10.7,973.96,SETTLED,0
LIQ-02871,BNK829207,TXN-202412-0395,2025-01-01,2024-12-29,Datafast,MASTERCARD,2261,2125.47,74.39,95.65,21.25,1934.18,SETTLED,0
LIQ-02872,BNK436133,TXN-202412-0396,2024-12-11,2024-12-10,Datafast,AMEX,1452,431.11,15.09,19.4,4.31,392.31,SETTLED,0
LIQ-02873,BNK379503,TXN-202412-0397,2024-12-08,2024-12-05,PayPhone,DINERS,4952,129.48,4.92,5.83,1.29,117.44,SETTLED,0
LIQ-02874,BNK806222,TXN-202412-0398,2024-12-27,2024-12-26,Medianet,VISA,9633,65.34,2.09,2.94,0.65,59.66,SETTLED,0
LIQ-02875,BNK258655,TXN-202412-0399,2024-12-24,2024-12-22,Datafast,MASTERCARD,5254,16.0,0.56,0.72,0.16,14.56,SETTLED,0
LIQ-02876,BNK206338,TXN-202412-0400,2024-12-22,2024-12-21,Datafast,MASTERCARD,3411,224.78,7.87,10.12,2.25,204.55,SETTLED,0
LIQ-02877,BNK812169,TXN-202412-0401,2024-12-07,2024-12-04,PayPhone,VISA,3964,419.67,15.95,18.89,4.2,380.63,SETTLED,0
LIQ-02878,BNK639688,TXN-202412-0402,2024-12-14,2024-12-11,PayPhone,AMEX,8812,419.04,15.92,18.86,4.19,380.07,SETTLED,0
LIQ-02879,BNK991447,TXN-202412-0403,2024-12-27,2024-12-25,Datafast,DINERS,4441,68.25,2.39,3.07,0.68,62.11,SETTLED,0
LIQ-02880,BNK638169,TXN-202412-0404,2024-12-31,2024-12-28,Datafast,VISA,7593,404.72,14.17,18.21,4.05,368.29,SETTLED,0
LIQ-02881,BNK767137,TXN-202412-0405,2024-12-08,2024-12-06,Datafast,AMEX,3133,429.66,15.04,19.33,4.3,390.99,SETTLED,0
LIQ-02882,BNK141199,TXN-202412-0406,2024-12-22,2024-12-20,Medianet,VISA,8461,295.84,9.47,13.31,2.96,270.1,SETTLED,0
LIQ-02883,BNK659730,TXN-202412-0407,2024-12-27,2024-12-25,PayPhone,VISA,4379,791.96,30.09,35.64,7.92,718.31,SETTLED,0
LIQ-02884,BNK870653,TXN-202412-0408,2024-12-12,2024-12-11,Medianet,VISA,3953,422.01,13.5,18.99,4.22,385.3,SETTLED,0
LIQ-02885,BNK616939,TXN-202412-0409,2024-12-10,2024-12-09,Datafast,VISA,1977,50.91,1.78,2.29,0.51,46.33,SETTLED,0
LIQ-02886,BNK722978,TXN-202412-0410,2024-12-17,2024-12-15,Datafast,MASTERCARD,3884,214.98,7.52,9.67,2.15,195.64,SETTLED,0
LIQ-02887,BNK820626,TXN-202412-0411,2025-01-02,2024-12-31,Medianet,AMEX,3874,70.39,2.25,3.17,0.7,64.27,SETTLED,0
LIQ-02888,BNK747704,TXN-202412-0412,2024-12-23,2024-12-21,Medianet,MASTERCARD,3412,32.63,1.04,1.47,0.33,29.79,SETTLED,0
LIQ-02889,BNK202850,TXN-202412-0413,2024-12-14,2024-12-13,Datafast,AMEX,8899,49.91,1.75,2.25,0.5,45.41,SETTLED,0
LIQ-02890,BNK875846,TXN-202412-0414,2024-12-27,2024-12-25,Datafast,DINERS,2692,384.93,13.47,17.32,3.85,350.29,SETTLED,0
LIQ-02891,BNK753026,TXN-202412-0415,2024-12-06,2024-12-03,Medianet,MASTERCARD,2743,46.66,1.49,2.1,0.47,42.6,SETTLED,0
LIQ-02892,BNK527361,TXN-202412-0416,2024-12-31,2024-12-30,PayPhone,MASTERCARD,2228,467.59,17.77,21.04,4.68,424.1,SETTLED,0
LIQ-02893,BNK254684,TXN-202412-0417,2024-12-27,2024-12-25,PayPhone,MASTERCARD,8615,666.99,25.35,30.01,6.67,604.96,SETTLED,0
LIQ-02894,BNK770532,TXN-202412-0418,2024-12-08,2024-12-07,Datafast,DINERS,7078,190.38,6.66,8.57,1.9,173.25,SETTLED,0
LIQ-02895,BNK351765,TXN-202412-0419,2024-12-13,2024-12-11,Datafast,VISA,9029,2885.48,100.99,129.85,28.85,2625.79,SETTLED,0
LIQ-02896,BNK859541,TXN-202412-0420,2024-12-06,2024-12-04,Medianet,VISA,7978,77.08,2.47,3.47,0.77,70.37,SETTLED,0
LIQ-02897,BNK426248,TXN-202412-0421,2024-12-30,2024-12-29,Medianet,VISA,2977,68.72,2.2,3.09,0.69,62.74,SETTLED,0
LIQ-02898,BNK960525,TXN-202412-0422,2024-12-10,2024-12-08,Medianet,VISA,9057,33.49,1.07,1.51,0.33,30.58,SETTLED,0
LIQ-02899,BNK845763,TXN-202412-0423,2024-12-19,2024-12-16,Datafast,MASTERCARD,2746,135.59,4.75,6.1,1.36,123.38,SETTLED,0
LIQ-02900,BNK188746,TXN-202412-0424,2024-12-06,2024-12-03,Medianet,VISA,7929,21.37,0.68,0.96,0.21,19.52,SETTLED,0
LIQ-02901,BNK789978,TXN-202412-0425,2024-12-09,2024-12-06,Medianet,VISA,3693,384.91,12.32,17.32,3.85,351.42,SETTLED,0
LIQ-02902,BNK729968,TXN-202412-0426,2024-12-28,2024-12-27,Datafast,VISA,1937,43.27,1.51,1.95,0.43,39.38,SETTLED,0
LIQ-02903,BNK698625,TXN-202412-0427,2024-12-24,2024-12-22,Datafast,VISA,5825,38.88,1.36,1.75,0.39,35.38,SETTLED,0
LIQ-02904,BNK815861,TXN-202412-0428,2024-12-31,2024-12-29,PayPhone,VISA,3582,74.58,2.83,3.36,0.75,67.64,SETTLED,0
LIQ-02905,BNK498738,TXN-202412-0429,2024-12-04,2024-12-03,Medianet,VISA,9899,73.64,2.36,3.31,0.74,67.23,SETTLED,0
LIQ-02906,BNK376477,TXN-202412-0430,2024-12-22,2024-12-19,PayPhone,MASTERCARD,7094,455.59,17.31,20.5,4.56,413.22,SETTLED,0
LIQ-02907,BNK331319,TXN-202412-0431,2024-12-15,2024-12-14,PayPhone,VISA,2868,43.96,1.67,1.98,0.44,39.87,SETTLED,0
LIQ-02908,BNK310777,TXN-202412-0432,2024-12-25,2024-12-22,Medianet,VISA,5734,409.45,13.1,18.43,4.09,373.83,SETTLED,0
LIQ-02909,BNK686893,TXN-202412-0433,2024-12-30,2024-12-27,Datafast,MASTERCARD,5394,177.28,6.2,7.98,1.77,161.33,SETTLED,0
LIQ-02910,BNK455294,TXN-202412-0434,2024-12-13,2024-12-11,Datafast,VISA,7621,45.76,1.6,2.06,0.46,41.64,SETTLED,0
LIQ-02911,BNK944101,TXN-202412-0435,2024-12-03,2024-12-01,Datafast,VISA,4812,483.1,16.91,21.74,4.83,439.62,SETTLED,0
LIQ-02912,BNK351052,TXN-202412-0436,2024-12-23,2024-12-22,Medianet,MASTERCARD,1530,260.05,8.32,11.7,2.6,237.43,SETTLED,0
LIQ-02913,BNK240486,TXN-202412-0437,2024-12-10,2024-12-08,Datafast,MASTERCARD,7140,75.36,2.64,3.39,0.75,68.58,SETTLED,0
LIQ-02914,BNK855148,TXN-202412-0438,2024-12-26,2024-12-25,Medianet,AMEX,3879,86.49,2.77,3.89,0.86,78.97,SETTLED,0
LIQ-02915,BNK395418,TXN-202412-0439,2024-12-11,2024-12-08,Datafast,VISA,2696,151.79,5.31,6.83,1.52,138.13,SETTLED,0
LIQ-02916,BNK583323,TXN-202412-0440,2024-12-31,2024-12-28,Datafast,MASTERCARD,7960,34.5,1.21,1.55,0.35,31.39,SETTLED,0
LIQ-02917,BNK295726,TXN-202412-0441,2024-12-07,2024-12-04,Datafast,MASTERCARD,1128,38.55,1.35,1.73,0.39,35.08,SETTLED,0
LIQ-02918,BNK483394,TXN-202412-0442,2024-12-26,2024-12-25,Datafast,MASTERCARD,4396,299.59,10.49,13.48,3.0,272.62,SETTLED,0
LIQ-02919,BNK799096,TXN-202412-0443,2024-12-18,2024-12-15,Datafast,MASTERCARD,3935,34.84,1.22,1.57,0.35,31.7,SETTLED,0
LIQ-02920,BNK160401,TXN-202412-0444,2024-12-10,2024-12-08,PayPhone,MASTERCARD,4066,56.14,2.13,2.53,0.56,50.92,SETTLED,0
LIQ-02921,BNK482384,TXN-202412-0445,2025-01-01,2024-12-31,Medianet,MASTERCARD,1484,444.59,14.23,20.01,4.45,405.9,SETTLED,0
LIQ-02922,BNK657453,TXN-202412-0446,2025-01-03,2024-12-31,Datafast,AMEX,3952,415.32,14.54,18.69,4.15,377.94,SETTLED,0
LIQ-02923,BNK347306,TXN-202412-0447,2024-12-27,2024-12-24,Medianet,VISA,7770,261.92,8.38,11.79,2.62,239.13,SETTLED,0
LIQ-02924,BNK335838,TXN-202412-0448,2024-12-13,2024-12-10,Medianet,VISA,1227,2120.93,67.87,95.44,21.21,1936.41,SETTLED,0
LIQ-02925,BNK357449,TXN-202412-0449,2024-12-22,2024-12-21,Datafast,MASTERCARD,2567,52.21,1.83,2.35,0.52,47.51,SETTLED,0
LIQ-02926,BNK373407,TXN-202412-0450,2024-12-27,2024-12-26,Datafast,VISA,5360,39.34,1.38,1.77,0.39,35.8,SETTLED,0
LIQ-02927,BNK312134,TXN-202412-0451,2025-01-01,2024-12-29,Medianet,VISA,4020,18.43,0.59,0.83,0.18,16.83,SETTLED,0
LIQ-02928,BNK954837,TXN-202412-0452,2024-12-23,2024-12-22,Datafast,VISA,7512,62.68,2.19,2.82,0.63,57.04,SETTLED,0
LIQ-02929,BNK136421,TXN-202412-0453,2025-01-03,2024-12-31,Datafast,MASTERCARD,5401,63.52,2.22,2.86,0.64,57.8,SETTLED,0
LIQ-02930,BNK948210,TXN-202412-0454,2024-12-20,2024-12-18,Datafast,MASTERCARD,9117,1737.25,60.8,78.18,17.37,1580.9,SETTLED,0
LIQ-02931,BNK823018,TXN-202412-0455,2024-12-19,2024-12-17,Datafast,VISA,2268,464.43,16.26,20.9,4.64,422.63,SETTLED,0
LIQ-02932,BNK352586,TXN-202412-0456,2024-12-20,2024-12-19,Medianet,VISA,1992,214.45,6.86,9.65,2.14,195.8,SETTLED,0
LIQ-02933,BNK181315,TXN-202412-0457,2024-12-25,2024-12-22,Datafast,MASTERCARD,7919,303.5,10.62,13.66,3.04,276.18,SETTLED,0
LIQ-02934,BNK182507,TXN-202412-0458,2024-12-13,2024-12-12,Datafast,MASTERCARD,9951,412.81,14.45,18.58,4.13,375.65,SETTLED,0
LIQ-02935,BNK840720,TXN-202412-0459,2024-12-27,2024-12-25,Medianet,AMEX,1414,444.47,14.22,20.0,4.44,405.81,SETTLED,0
LIQ-02936,BNK974988,TXN-202412-0460,2024-12-04,2024-12-01,Datafast,MASTERCARD,2170,319.06,11.17,14.36,3.19,290.34,SETTLED,0
LIQ-02937,BNK483615,TXN-202412-0461,2024-12-13,2024-12-11,Datafast,VISA,8382,63.38,2.22,2.85,0.63,57.68,SETTLED,0
LIQ-02938,BNK989548,TXN-202412-0462,2024-12-14,2024-12-13,Datafast,VISA,8611,39.55,1.38,1.78,0.4,35.99,SETTLED,0
LIQ-02939,BNK800932,TXN-202412-0463,2024-12-11,2024-12-08,Datafast,AMEX,1316,157.99,5.53,7.11,1.58,143.77,SETTLED,0
LIQ-02940,BNK654698,TXN-202412-0464,2024-12-28,2024-12-26,PayPhone,MASTERCARD,4539,435.63,16.55,19.6,4.36,395.12,SETTLED,0
LIQ-02941,BNK623772,TXN-202412-0465,2025-01-01,2024-12-29,PayPhone,VISA,2317,1865.46,70.89,83.95,18.65,1691.97,SETTLED,0
LIQ-02942,BNK525373,TXN-202412-0466,2024-12-24,2024-12-22,PayPhone,VISA,7554,10.97,0.42,0.49,0.11,9.95,SETTLED,0
LIQ-02943,BNK129349,TXN-202412-0467,2024-12-08,2024-12-06,Datafast,MASTERCARD,4178,471.51,16.5,21.22,4.72,429.07,SETTLED,0
LIQ-02944,BNK492022,TXN-202412-0468,2024-12-11,2024-12-08,Datafast,DINERS,8301,75.95,2.66,3.42,0.76,69.11,SETTLED,0
LIQ-02945,BNK853682,TXN-202412-0469,2024-12-11,2024-12-08,Datafast,MASTERCARD,1644,235.42,8.24,10.59,2.35,214.24,SETTLED,0
LIQ-02946,BNK380049,TXN-202412-0470,2024-12-23,2024-12-21,Datafast,MASTERCARD,6610,6.92,0.24,0.31,0.07,6.3,SETTLED,0
LIQ-02947,BNK487758,TXN-202412-0471,2024-12-04,2024-12-01,Medianet,DINERS,1176,1896.71,60.69,85.35,18.97,1731.7,SETTLED,0
LIQ-02948,BNK589584,TXN-202412-0472,2024-12-09,2024-12-08,Datafast,VISA,1539,426.44,14.93,19.19,4.26,388.06,SETTLED,0
LIQ-02949,BNK916171,TXN-202412-0473,2024-12-20,2024-12-17,Datafast,MASTERCARD,5771,55.66,1.95,2.5,0.56,50.65,SETTLED,0
LIQ-02950,BNK863116,TXN-202412-0474,2024-12-07,2024-12-06,Datafast,AMEX,4248,1997.5,69.91,89.89,19.98,1817.72,SETTLED,0
LIQ-02951,BNK509368,TXN-202412-0475,2024-12-27,2024-12-26,Datafast,AMEX,4418,22.7,0.79,1.02,0.23,20.66,SETTLED,0
LIQ-02952,BNK823338,TXN-202412-0476,2024-12-12,2024-12-10,Datafast,VISA,4026,11.62,0.41,0.52,0.12,10.57,SETTLED,0
LIQ-02953,BNK691098,TXN-202412-0477,2024-12-08,2024-12-06,Datafast,AMEX,7770,21.24,0.74,0.96,0.21,19.33,SETTLED,0
LIQ-02954,BNK807935,TXN-202412-0478,2025-01-03,2024-12-31,Medianet,VISA,8517,59.59,1.91,2.68,0.6,54.4,SETTLED,0
LIQ-02955,BNK381608,TXN-202412-0479,2024-12-04,2024-12-01,Datafast,MASTERCARD,4007,28.8,1.01,1.3,0.29,26.2,SETTLED,0
LIQ-02956,BNK623637,TXN-202412-0480,2024-12-06,2024-12-04,Datafast,AMEX,5158,350.19,12.26,15.76,3.5,318.67,SETTLED,0
LIQ-02957,BNK446895,TXN-202412-0481,2024-12-17,2024-12-15,PayPhone,MASTERCARD,5581,31.54,1.2,1.42,0.32,28.6,SETTLED,0
LIQ-02958,BNK934735,TXN-202412-0482,2024-12-19,2024-12-16,Medianet,DINERS,7172,49.38,1.58,2.22,0.49,45.09,SETTLED,0
LIQ-02959,BNK575562,TXN-202412-0483,2024-12-11,2024-12-09,Datafast,MASTERCARD,4667,40.85,1.43,1.84,0.41,37.17,SETTLED,0
LIQ-02960,BNK520873,TXN-202412-0484,2024-12-14,2024-12-12,Datafast,AMEX,2853,69.23,2.42,3.12,0.69,63.0,SETTLED,0
LIQ-02961,BNK715332,TXN-202412-0485,2024-12-28,2024-12-26,Datafast,VISA,8218,65.68,2.3,2.96,0.66,59.76,SETTLED,0
LIQ-02962,BNK846697,TXN-202412-0486,2024-12-16,2024-12-14,Datafast,DINERS,3619,325.1,11.38,14.63,3.25,295.84,SETTLED,0
LIQ-02963,BNK855553,TXN-202412-0487,2024-12-25,2024-12-23,Medianet,VISA,5565,138.05,4.42,6.21,1.38,126.04,SETTLED,0
LIQ-02964,BNK936226,TXN-202412-0488,2024-12-23,2024-12-21,Medianet,DINERS,8267,197.44,6.32,8.88,1.97,180.25,SETTLED,0
LIQ-02965,BNK381281,TXN-202412-0489,2024-12-29,2024-12-26,Medianet,VISA,8098,70.01,2.24,3.15,0.7,63.92,SETTLED,0
LIQ-02966,BNK856805,TXN-202412-0490,2024-12-21,2024-12-20,PayPhone,VISA,4959,27.84,1.06,1.25,0.28,25.25,SETTLED,0
LIQ-02967,BNK909593,TXN-202412-0491,2024-12-06,2024-12-05,PayPhone,AMEX,1087,29.92,1.14,1.35,0.3,27.13,SETTLED,0
LIQ-02968,BNK766608,TXN-202412-0492,2024-12-11,2024-12-08,PayPhone,VISA,9846,236.45,8.99,10.64,2.36,214.46,SETTLED,0
LIQ-02969,BNK451800,TXN-202412-0493,2024-12-30,2024-12-29,Medianet,VISA,4642,827.82,26.49,37.25,8.28,755.8,SETTLED,0
LIQ-02970,BNK309052,TXN-202412-0494,2024-12-13,2024-12-11,Medianet,AMEX,1532,5.42,0.17,0.24,0.05,4.96,SETTLED,0
LIQ-02971,BNK478003,TXN-202412-0495,2024-12-09,2024-12-06,Datafast,VISA,7515,313.33,10.97,14.1,3.13,285.13,SETTLED,0
LIQ-02972,BNK351583,TXN-202412-0496,2024-12-15,2024-12-13,Datafast,VISA,6326,300.41,10.51,13.52,3.0,273.36,SETTLED,0
LIQ-02973,BNK557793,TXN-202412-0497,2024-12-31,2024-12-28,Medianet,DINERS,5261,42.47,1.88,1.91,0.42,38.26,SETTLED,0
LIQ-02974,BNK488726,TXN-202412-0498,2024-12-18,2024-12-15,PayPhone,VISA,1997,52.8,2.01,2.38,0.53,47.88,SETTLED,0
LIQ-02975,BNK691729,TXN-202412-0499,2024-12-15,2024-12-12,PayPhone,MASTERCARD,3560,5.48,0.21,0.25,0.05,4.97,SETTLED,0
LIQ-02976,BNK595125,TXN-202412-0500,2025-01-01,2024-12-31,PayPhone,MASTERCARD,6731,1219.78,46.35,54.89,12.2,1106.34,SETTLED,0
LIQ-CB-0001,CB745694,TXN-202407-0022,2024-07-26,2024-07-25,Datafast,MASTERCARD,2931,-488.19,-17.09,-21.97,-4.88,-444.25,CHARGEBACK,1
LIQ-CB-0002,CB863916,TXN-202407-0071,2024-07-15,2024-07-14,Datafast,AMEX,7350,-8.33,-0.29,-0.37,-0.08,-7.59,CHARGEBACK,1
LIQ-CB-0003,CB742513,TXN-202407-0251,2024-07-14,2024-07-12,PayPhone,VISA,4640,-139.4,-5.3,-6.27,-1.39,-126.44,CHARGEBACK,1
LIQ-CB-0004,CB957340,TXN-202407-0415,2024-07-20,2024-07-19,Datafast,VISA,6702,-35.45,-1.24,-1.6,-0.35,-32.26,CHARGEBACK,1
LIQ-CB-0005,CB676760,TXN-202408-0087,2024-08-06,2024-08-05,Datafast,VISA,1782,-432.74,-15.15,-19.47,-4.33,-393.79,CHARGEBACK,1
LIQ-CB-0006,CB440839,TXN-202408-0104,2024-08-14,2024-08-12,Medianet,VISA,5890,-45.17,-1.45,-2.03,-0.45,-41.24,CHARGEBACK,1
LIQ-CB-0007,CB214007,TXN-202408-0133,2024-08-19,2024-08-18,Datafast,VISA,8032,-384.58,-13.46,-17.31,-3.85,-349.96,CHARGEBACK,1
LIQ-CB-0008,CB832829,TXN-202409-0008,2024-10-02,2024-09-29,Medianet,VISA,1974,-452.65,-14.48,-20.37,-4.53,-413.27,CHARGEBACK,1
LIQ-CB-0009,CB732944,TXN-202409-0229,2024-09-22,2024-09-19,Datafast,AMEX,3055,-179.14,-6.27,-8.06,-1.79,-163.02,CHARGEBACK,1
LIQ-CB-0010,CB329621,TXN-202409-0284,2024-09-10,2024-09-08,Medianet,MASTERCARD,8052,-24.14,-0.77,-1.09,-0.24,-22.04,CHARGEBACK,1
LIQ-CB-0011,CB874016,TXN-202409-0493,2024-09-20,2024-09-17,Medianet,VISA,7877,-52.61,-1.68,-2.37,-0.53,-48.03,CHARGEBACK,1
LIQ-CB-0012,CB734085,TXN-202410-0137,2024-10-17,2024-10-15,PayPhone,AMEX,8414,-5.44,-0.21,-0.24,-0.05,-4.94,CHARGEBACK,1
LIQ-CB-0013,CB335789,TXN-202410-0228,2024-10-09,2024-10-07,PayPhone,VISA,7473,-351.59,-13.36,-15.82,-3.52,-318.89,CHARGEBACK,1
LIQ-CB-0014,CB233400,TXN-202410-0233,2024-10-16,2024-10-13,PayPhone,VISA,6425,-26.18,-0.99,-1.18,-0.26,-23.75,CHARGEBACK,1
LIQ-CB-0015,CB584460,TXN-202411-0050,2024-11-25,2024-11-24,Datafast,MASTERCARD,3812,-69.4,-2.43,-3.12,-0.69,-63.16,CHARGEBACK,1
LIQ-CB-0016,CB834752,TXN-202411-0154,2024-11-14,2024-11-13,Datafast,MASTERCARD,8432,-34.25,-1.2,-1.54,-0.34,-31.17,CHARGEBACK,1
LIQ-CB-0017,CB265678,TXN-202411-0172,2024-11-30,2024-11-29,PayPhone,DINERS,3723,-26.97,-1.02,-1.21,-0.27,-24.47,CHARGEBACK,1
LIQ-CB-0018,CB894936,TXN-202411-0287,2024-11-23,2024-11-22,PayPhone,AMEX,5976,-15.63,-0.59,-0.7,-0.16,-14.18,CHARGEBACK,1
LIQ-CB-0019,CB617216,TXN-202411-0406,2024-11-17,2024-11-15,Medianet,MASTERCARD,6831,-79.1,-2.53,-3.56,-0.79,-72.22,CHARGEBACK,1
LIQ-CB-0020,CB288934,TXN-202412-0117,2024-12-31,2024-12-29,PayPhone,VISA,4365,-16.28,-0.62,-0.73,-0.16,-14.77,CHARGEBACK,1
LIQ-CB-0021,CB667193,TXN-202412-0164,2024-12-16,2024-12-15,PayPhone,VISA,9015,-9.96,-0.38,-0.45,-0.1,-9.03,CHARGEBACK,1
LIQ-CB-0022,CB191233,TXN-202412-0202,2024-12-23,2024-12-21,PayPhone,MASTERCARD,5338,-62.81,-2.39,-2.83,-0.63,-56.96,CHARGEBACK,1
LIQ-CB-0023,CB267840,TXN-202412-0287,2024-12-31,2024-12-29,PayPhone,VISA,7121,-2107.55,-80.09,-94.84,-21.08,-1911.54,CHARGEBACK,1
LIQ-CB-0024,CB700406,TXN-202412-0300,2024-12-11,2024-12-08,Medianet,VISA,1383,-13.13,-0.42,-0.59,-0.13,-11.99,CHARGEBACK,1
