invoice_number,transaction_id,invoice_date,client_name,client_ruc,subtotal,iva_amount,total_invoice,payment_method,card_type,status,erp_module
FAC-000001,TXN-202407-0001,2024-07-24,Inmobiliaria Novoa S.A.,8736835991676,18.9,2.84,21.74,Medianet,VISA,PAGADA,E-commerce
FAC-000002,TXN-202407-0002,2024-07-01,Montserrat & Asociados S.L.L.,4503239193252,31.86,4.78,36.64,Medianet,AMEX,PAGADA,Ventas
FAC-000003,TXN-202407-0003,2024-07-21,Transportes Cabello S.A.T.,7826712693794,17.31,2.6,19.91,Datafast,MASTERCARD,PAGADA,Ventas
FAC-000004,TXN-202407-0004,2024-07-01,Compañía Aragón S.Coop.,8799522529644,365.18,54.78,419.96,Medianet,VISA,PAGADA,E-commerce
FAC-000005,TXN-202407-0005,2024-07-11,Serra y Noriega S.A.,4884368681114,66.77,10.02,76.79,Medianet,VISA,PAGADA,POS
FAC-000006,TXN-202407-0006,2024-07-26,Instalaciones Diéguez y asociados S.C.P,3830640980587,290.05,43.51,333.56,Datafast,VISA,PAGADA,POS
FAC-000007,TXN-202407-0007,2024-07-18,Familia Valenzuela S.L.,7115559062787,1257.69,188.65,1446.34,Medianet,MASTERCARD,PAGADA,Ventas
FAC-000008,TXN-202407-0008,2024-07-23,Desarrollo CMC S.Com.,8802591204637,280.43,42.06,322.49,PayPhone,MASTERCARD,PAGADA,Ventas
FAC-000009,TXN-202407-0009,2024-07-08,Guardiola y asociados S.Com.,3116266032358,9.55,1.43,10.98,Datafast,VISA,PAGADA,POS
FAC-000010,TXN-202407-0010,2024-07-12,Buendía & Asociados S.L.,4818029559997,128.97,19.34,148.31,Datafast,VISA,PAGADA,E-commerce
FAC-000011,TXN-202407-0011,2024-07-21,Minería Beltran S.L.,6937939579551,95.64,14.35,109.99,Medianet,MASTERCARD,PAGADA,Ventas
FAC-000012,TXN-202407-0012,2024-07-30,Aroa Tovar Navarro S.Com.,8224741117367,21.96,3.29,25.25,Medianet,VISA,PAGADA,Ventas
FAC-000013,TXN-202407-0013,2024-07-02,Teófila Barros Soler S.Coop.,1138625676112,54.45,8.17,62.62,Medianet,VISA,PAGADA,E-commerce
FAC-000014,TXN-202407-0014,2024-07-30,Comercial Internacionales S.L.,5684233008056,8.66,1.3,9.96,PayPhone,AMEX,PAGADA,Ventas
FAC-000015,TXN-202407-0015,2024-07-30,Hnos Pedraza S.A.,4108292482873,214.06,32.11,246.17,PayPhone,VISA,PAGADA,POS
FAC-000016,TXN-202407-0016,2024-07-09,Manufacturas Perea S.A.,3110788312736,40.96,6.14,47.1,Datafast,VISA,PAGADA,POS
FAC-000017,TXN-202407-0017,2024-07-05,Sanabria y asociados S.Com.,5548522072019,18.65,2.8,21.45,Medianet,AMEX,PAGADA,E-commerce
FAC-000018,TXN-202407-0018,2024-07-06,Tecnologías del Mediterráneo S.Coop.,6708428741627,125.38,18.81,144.19,Datafast,MASTERCARD,PAGADA,Ventas
FAC-000019,TXN-202407-0019,2024-07-17,Anglada y Pascual S.A.T.,8863651295551,69.31,10.4,79.71,Datafast,VISA,PAGADA,Ventas
FAC-000020,TXN-202407-0020,2024-07-22,Enríquez y Espada S.L.N.E,9700510819484,51.35,7.7,59.05,PayPhone,AMEX,PAGADA,Ventas
FAC-000021,TXN-202407-0021,2024-07-06,Supermercados Jaume S.L.,2626230036072,23.49,3.52,27.01,Medianet,MASTERCARD,PAGADA,E-commerce
FAC-000022,TXN-202407-0023,2024-07-17,Industrias CH S.A.U,2635028303424,376.96,56.54,433.5,Medianet,VISA,PAGADA,E-commerce
FAC-000023,TXN-202407-0024,2024-07-30,Farmaceútica Arenas S.L.,3575391692809,66.53,9.98,76.51,Datafast,VISA,PAGADA,Ventas
FAC-000024,TXN-202407-0025,2024-07-12,Elías Méndez Carrillo S.A.,2466316696874,11.64,1.75,13.39,PayPhone,MASTERCARD,PAGADA,E-commerce
FAC-000025,TXN-202407-0026,2024-07-24,Micaela Fiol Morata S.A.,1133045441061,98.33,14.75,113.08,Datafast,VISA,PAGADA,E-commerce
FAC-000026,TXN-202407-0027,2024-07-22,Artemio Chacón Torrijos S.L.L.,6564970084458,12.55,1.88,14.43,PayPhone,DINERS,PAGADA,Ventas
FAC-000027,TXN-202407-0028,2024-07-31,Talleres Osorio y asociados S.A.,1315176429628,43.9,6.59,50.49,PayPhone,VISA,PAGADA,Ventas
FAC-000028,TXN-202407-0029,2024-07-13,Inversiones del Noroeste S.A.U,1092411505096,329.95,49.49,379.44,PayPhone,MASTERCARD,PAGADA,Ventas
FAC-000029,TXN-202407-0030,2024-07-08,Grupo Plana S.L.U.,8896131525523,12.24,1.84,14.08,Medianet,VISA,PAGADA,Ventas
FAC-000030,TXN-202407-0031,2024-07-03,Ibañez & Asociados S.C.P,9922805883774,18.71,2.81,21.52,Datafast,MASTERCARD,PAGADA,Ventas
FAC-000031,TXN-202407-0032,2024-07-03,Comercializadora Torre S.C.P,4054047625395,2303.56,345.53,2649.09,Medianet,VISA,PAGADA,Ventas
FAC-000032,TXN-202407-0033,2024-07-30,Farmaceútica Alba & Asociados S.A.T.,1511152558627,12.97,1.95,14.92,Datafast,MASTERCARD,PAGADA,Ventas
FAC-000033,TXN-202407-0034,2024-07-04,Comercial OB S.A.,6788826031748,30.9,4.63,35.53,Medianet,VISA,PAGADA,E-commerce
FAC-000034,TXN-202407-0035,2024-07-02,Perales y Peinado S.L.L.,8503045880971,60.69,9.1,69.79,Medianet,VISA,PAGADA,Ventas
FAC-000035,TXN-202407-0036,2024-07-26,Mamen Cadenas Jara S.Com.,7961422935545,51.84,7.78,59.62,Medianet,MASTERCARD,PAGADA,Ventas
FAC-000036,TXN-202407-0037,2024-07-09,Ribes & Asociados S.A.,8620559675779,31.86,4.78,36.64,Datafast,VISA,PAGADA,Ventas
FAC-000037,TXN-202407-0038,2024-07-18,Hnos Alberola S.L.,8711379830457,60.52,9.08,69.6,Datafast,DINERS,PAGADA,Ventas
FAC-000038,TXN-202407-0039,2024-07-30,Minería BEJR S.L.N.E,6227451160895,423.46,63.52,486.98,Datafast,DINERS,PAGADA,E-commerce
FAC-000039,TXN-202407-0040,2024-07-02,Soluciones XFX S.L.N.E,7797015221336,30.5,4.58,35.08,Datafast,VISA,PAGADA,Ventas
FAC-000040,TXN-202407-0041,2024-07-15,Lladó y Salcedo S.L.,7696008347612,55.49,8.32,63.81,Datafast,DINERS,PAGADA,Ventas
FAC-000041,TXN-202407-0042,2024-07-23,Comercializadora Ibéricos S.Coop.,9589899307461,1642.97,246.45,1889.42,Datafast,DINERS,PAGADA,Ventas
FAC-000042,TXN-202407-0043,2024-07-18,Hermanos Seco S.Com.,2439979927156,1693.87,254.08,1947.95,Datafast,VISA,PAGADA,Ventas
FAC-000043,TXN-202407-0044,2024-07-28,Restauración Iberia S.A.,1633878852858,253.22,37.98,291.2,Medianet,VISA,PAGADA,Ventas
FAC-000044,TXN-202407-0045,2024-07-20,Desarrollo Globales S.L.N.E,8886818439763,16.47,2.47,18.94,Datafast,DINERS,PAGADA,Ventas
FAC-000045,TXN-202407-0046,2024-07-08,Finanzas Ibéricos S.Com.,1690073794999,62.41,9.36,71.77,Medianet,VISA,PAGADA,Ventas
FAC-000046,TXN-202407-0047,2024-07-17,Hermanos Torrents S.Com.,9344574441076,42.42,6.36,48.78,Medianet,MASTERCARD,PAGADA,E-commerce
FAC-000047,TXN-202407-0048,2024-07-13,Familia Valbuena S.Coop.,8426265434759,156.74,23.51,180.25,PayPhone,VISA,PAGADA,Ventas
FAC-000048,TXN-202407-0049,2024-07-03,Tecnologías EY S.L.,2360435983985,53.38,8.01,61.39,Medianet,VISA,PAGADA,Ventas
FAC-000049,TXN-202407-0050,2024-07-07,Banco Plaza S.L.,9090799658578,594.04,89.11,683.15,Datafast,DINERS,PAGADA,POS
FAC-000050,TXN-202407-0051,2024-07-12,Efraín Luján Piquer S.L.,3875681678434,390.69,58.6,449.29,Datafast,DINERS,PAGADA,POS
FAC-000051,TXN-202407-0052,2024-07-26,Mariana Guardiola Carvajal S.Coop.,9607307177613,292.96,43.94,336.9,Datafast,AMEX,PAGADA,POS
FAC-000052,TXN-202407-0053,2024-07-04,Suministros IRO S.L.,5000788369223,409.86,61.48,471.34,Medianet,MASTERCARD,PAGADA,Ventas
FAC-000053,TXN-202407-0054,2024-07-10,Manufacturas Castellanos S.A.,3585403369995,126.34,18.95,145.29,Datafast,AMEX,PAGADA,POS
FAC-000054,TXN-202407-0055,2024-07-17,Grupo Pereira S.A.,2685023126532,381.06,57.16,438.22,Datafast,VISA,PAGADA,E-commerce
FAC-000055,TXN-202407-0056,2024-07-27,Jose Manuel Berrocal Torres S.L.N.E,6835514972490,45.71,6.86,52.57,Datafast,AMEX,PAGADA,Ventas
FAC-000056,TXN-202407-0057,2024-07-06,Adelaida Olmo Porta S.L.N.E,3422347714695,68.24,10.24,78.48,Datafast,VISA,PAGADA,POS
FAC-000057,TXN-202407-0058,2024-07-31,Hermanos Yuste S.L.,1493555570200,110.43,16.56,126.99,Datafast,MASTERCARD,PAGADA,E-commerce
FAC-000058,TXN-202407-0059,2024-07-05,Sarmiento y Luís S.A.,6217413644594,282.3,42.35,324.65,PayPhone,MASTERCARD,PAGADA,Ventas
FAC-000059,TXN-202407-0060,2024-07-28,Desarrollo Ayala S.A.,7061218939127,360.32,54.05,414.37,Datafast,VISA,PAGADA,E-commerce
FAC-000060,TXN-202407-0061,2024-07-25,Desarrollo Iñiguez S.L.N.E,9606507612228,11.05,1.66,12.71,PayPhone,VISA,PAGADA,Ventas
FAC-000061,TXN-202407-0062,2024-07-30,Calvo y Torrecilla S.C.P,9330564468530,126.01,18.9,144.91,PayPhone,VISA,PAGADA,Ventas
FAC-000062,TXN-202407-0063,2024-07-01,Familia Manzanares S.Coop.,4255559502635,391.47,58.72,450.19,PayPhone,DINERS,PAGADA,Ventas
FAC-000063,TXN-202407-0064,2024-07-28,Hermanos Cid S.L.,6407778943327,2178.77,326.82,2505.59,Medianet,VISA,PAGADA,E-commerce
FAC-000064,TXN-202407-0065,2024-07-28,Distribuciones Lumbreras S.A.T.,6239904600823,109.04,16.36,125.4,PayPhone,VISA,PAGADA,E-commerce
FAC-000065,TXN-202407-0066,2024-07-10,Farmaceútica Avanzadas S.L.,6196269022209,237.68,35.65,273.33,PayPhone,VISA,PAGADA,Ventas
FAC-000066,TXN-202407-0067,2024-07-03,Desarrollo Pulido S.L.,6655061790670,22.52,3.38,25.9,Datafast,MASTERCARD,PAGADA,E-commerce
FAC-000067,TXN-202407-0068,2024-07-11,Hnos Comas S.Coop.,1851200393449,377.69,56.65,434.34,Datafast,MASTERCARD,PAGADA,POS
FAC-000068,TXN-202407-0069,2024-07-09,Inversiones QK S.Coop.,1476972162183,67.12,10.07,77.19,Datafast,DINERS,PAGADA,Ventas
FAC-000069,TXN-202407-0070,2024-07-20,Grupo Galvez S.L.U.,9733919296921,184.12,27.62,211.74,Datafast,VISA,PAGADA,E-commerce
FAC-000070,TXN-202407-0072,2024-07-24,Talavera y Miguel S.C.P,1053071226008,412.97,61.94,474.91,Medianet,AMEX,PAGADA,Ventas
FAC-000071,TXN-202407-0073,2024-07-20,Comercializadora Cal y asociados S.L.N.E,2628377427054,2436.46,365.47,2801.93,Datafast,VISA,PAGADA,Ventas
FAC-000072,TXN-202407-0074,2024-07-22,Fábrica Huguet & Asociados S.A.,8985788728206,1537.23,230.58,1767.81,Medianet,VISA,PAGADA,Ventas
FAC-000073,TXN-202407-0075,2024-07-22,Infraestructuras Vicens y asociados S.A.,3422801269804,139.63,20.94,160.57,Datafast,MASTERCARD,PAGADA,Ventas
FAC-000074,TXN-202407-0076,2024-07-18,Despacho Ballesteros & Asociados S.A.,4366589524760,179.48,26.92,206.4,Medianet,AMEX,PAGADA,E-commerce
FAC-000075,TXN-202407-0077,2024-07-11,Eusebia Prats Roig S.A.,8260647245257,291.13,43.67,334.8,Datafast,VISA,PAGADA,Ventas
FAC-000076,TXN-202407-0078,2024-07-31,Transportes BEGD S.L.U.,3778747788407,56.11,8.42,64.53,Datafast,MASTERCARD,PAGADA,E-commerce
FAC-000077,TXN-202407-0079,2024-07-11,Compañía Requena S.A.,1094657770612,45.63,6.84,52.47,Datafast,VISA,PAGADA,Ventas
FAC-000078,TXN-202407-0080,2024-07-07,Rivas y asociados S.L.N.E,8888972842680,151.61,22.74,174.35,PayPhone,MASTERCARD,PAGADA,Ventas
FAC-000079,TXN-202407-0081,2024-07-03,Finanzas Armas S.Com.,8628261641700,59.77,8.96,68.73,Datafast,VISA,PAGADA,POS
FAC-000080,TXN-202407-0082,2024-07-16,Supermercados GNA S.L.N.E,5337186056688,49.77,7.46,57.23,Datafast,MASTERCARD,PAGADA,E-commerce
FAC-000081,TXN-202407-0083,2024-07-25,Promociones Valenciano y asociados S.A.,1131664795127,53.32,8.0,61.32,Datafast,MASTERCARD,PAGADA,Ventas
FAC-000082,TXN-202407-0084,2024-07-15,Hnos Torre S.Coop.,8483124285354,323.72,48.56,372.28,Medianet,VISA,PAGADA,E-commerce
FAC-000083,TXN-202407-0085,2024-07-15,Noemí Casas Estévez S.A.,2060199198480,13.04,1.96,15.0,Medianet,AMEX,PAGADA,Ventas
FAC-000084,TXN-202407-0086,2024-07-15,Suministros Jaume S.L.L.,7670170867152,53.6,8.04,61.64,Medianet,MASTERCARD,PAGADA,POS
FAC-000085,TXN-202407-0087,2024-07-15,Logística Globales S.Coop.,1577107404336,63.49,9.52,73.01,PayPhone,AMEX,PAGADA,Ventas
FAC-000086,TXN-202407-0088,2024-07-21,Alimentación Menéndez y asociados S.L.L.,8095796724610,20.47,3.07,23.54,Medianet,VISA,PAGADA,POS
FAC-000087,TXN-202407-0089,2024-07-03,Arnaiz y Rosselló S.Coop.,5111090070178,169.85,25.48,195.33,Medianet,MASTERCARD,PAGADA,E-commerce
FAC-000088,TXN-202407-0090,2024-07-05,Hnos Coloma S.L.L.,5602050254972,39.57,5.94,45.51,Datafast,VISA,PAGADA,POS
FAC-000089,TXN-202407-0091,2024-07-14,Tecnologías Inteligentes S.Coop.,9739201029759,93.03,13.95,106.98,Datafast,MASTERCARD,PAGADA,E-commerce
FAC-000090,TXN-202407-0092,2024-07-29,Banca Privada Torre & Asociados S.A.,8774753965974,31.75,4.76,36.51,Medianet,VISA,PAGADA,Ventas
FAC-000091,TXN-202407-0093,2024-07-16,Manzano y Benavides S.C.P,4225269420416,279.82,41.97,321.79,PayPhone,VISA,PAGADA,E-commerce
FAC-000092,TXN-202407-0094,2024-07-27,Novoa y Martin S.L.N.E,4615374051337,62.5,9.37,71.87,PayPhone,VISA,PAGADA,POS
FAC-000093,TXN-202407-0095,2024-07-16,Distribuciones Soria S.L.N.E,8837669976816,397.46,59.62,457.08,Medianet,MASTERCARD,PAGADA,E-commerce
FAC-000094,TXN-202407-0096,2024-07-26,Grupo Bermejo S.A.,1085571749058,47.97,7.2,55.17,Datafast,VISA,PAGADA,POS
FAC-000095,TXN-202407-0097,2024-07-18,Comercial Aliaga & Asociados S.L.,4896881449908,2566.78,385.02,2951.8,Medianet,AMEX,PAGADA,E-commerce
FAC-000096,TXN-202407-0098,2024-07-14,Grupo Aliaga S.A.,1735862405744,100.23,15.03,115.26,PayPhone,MASTERCARD,PAGADA,E-commerce
FAC-000097,TXN-202407-0099,2024-07-15,Banca Privada Juan & Asociados S.L.,5209998632453,25.7,3.85,29.55,PayPhone,VISA,PAGADA,E-commerce
FAC-000098,TXN-202407-0100,2024-07-14,Marisela Quintero Benavides S.Coop.,5027911110851,66.38,9.96,76.34,Datafast,AMEX,PAGADA,Ventas
FAC-000099,TXN-202407-0101,2024-07-31,Minería del Sur S.A.,7846689859321,88.59,13.29,101.88,PayPhone,VISA,PAGADA,E-commerce
FAC-000100,TXN-202407-0102,2024-07-01,Industrias Gallart S.L.N.E,4159618307348,522.3,78.35,600.65,Datafast,VISA,PAGADA,Ventas
FAC-000101,TXN-202407-0103,2024-07-22,Transportes Aparicio y asociados S.Com.,1102264259720,12.58,1.89,14.47,Datafast,VISA,PAGADA,POS
FAC-000102,TXN-202407-0104,2024-07-06,Comercializadora Pons S.C.P,5254829878192,349.65,52.45,402.1,Medianet,VISA,PAGADA,Ventas
FAC-000103,TXN-202407-0105,2024-07-31,Caparrós y asociados S.Com.,1847498474604,57.78,8.67,66.45,Medianet,MASTERCARD,PAGADA,POS
FAC-000104,TXN-202407-0106,2024-07-31,Comercial Nieto & Asociados S.Coop.,3293717847214,48.52,7.28,55.8,Datafast,VISA,PAGADA,E-commerce
FAC-000105,TXN-202407-0107,2024-07-21,Serra & Asociados S.A.,6517275804529,49.39,7.41,56.8,Datafast,MASTERCARD,PAGADA,Ventas
FAC-000106,TXN-202407-0108,2024-07-04,Manufacturas Macias S.L.,3367698897988,288.84,43.33,332.17,Datafast,MASTERCARD,PAGADA,Ventas
FAC-000107,TXN-202407-0109,2024-07-17,Inversiones Castellana S.L.N.E,6975445847413,28.51,4.28,32.79,Medianet,VISA,PAGADA,Ventas
FAC-000108,TXN-202407-0110,2024-07-31,Paz y Viña S.Coop.,4501929360596,108.11,16.22,124.33,Datafast,AMEX,PAGADA,POS
FAC-000109,TXN-202407-0111,2024-07-24,Inversiones Esparza S.A.,3375193463890,228.61,34.29,262.9,Medianet,AMEX,PAGADA,Ventas
FAC-000110,TXN-202407-0112,2024-07-16,Banca Privada Castellana S.Coop.,2424844793656,266.11,39.92,306.03,PayPhone,VISA,PAGADA,Ventas
FAC-000111,TXN-202407-0113,2024-07-27,Familia Alberdi S.L.N.E,2515686223070,59.9,8.98,68.88,Datafast,MASTERCARD,PAGADA,E-commerce
FAC-000112,TXN-202407-0114,2024-07-22,Banco Integrales S.A.,9465948053160,277.69,41.65,319.34,Datafast,VISA,PAGADA,Ventas
FAC-000113,TXN-202407-0115,2024-07-12,Hotel Castellana S.Coop.,2627433037271,36.15,5.42,41.57,Datafast,VISA,PAGADA,POS
FAC-000114,TXN-202407-0116,2024-07-01,Alimentación del Noroeste S.A.,7862447563112,170.46,25.57,196.03,Datafast,AMEX,PAGADA,E-commerce
FAC-000115,TXN-202407-0117,2024-07-25,Jose Miguel Mayoral Caballero S.A.D,9013807828780,248.0,37.2,285.2,PayPhone,VISA,PAGADA,Ventas
FAC-000116,TXN-202407-0118,2024-07-03,Alimentación ODN S.Com.,6061545985866,56.06,8.41,64.47,Medianet,MASTERCARD,PAGADA,POS
FAC-000117,TXN-202407-0119,2024-07-16,Arellano y asociados S.Coop.,3956541802882,42.28,6.34,48.62,Datafast,MASTERCARD,PAGADA,Ventas
FAC-000118,TXN-202407-0120,2024-07-23,Comercializadora Sotelo S.C.P,5321288669059,190.37,28.56,218.93,Medianet,VISA,PAGADA,Ventas
FAC-000119,TXN-202407-0121,2024-07-04,Adadia y asociados S.L.L.,4469984288284,16.9,2.54,19.44,Datafast,VISA,PAGADA,POS
FAC-000120,TXN-202407-0122,2024-07-16,Distribuciones Iberia S.A.T.,6705203132988,18.46,2.77,21.23,Medianet,MASTERCARD,PAGADA,Ventas
FAC-000121,TXN-202407-0123,2024-07-04,Supermercados Maza S.A.,6812320366864,22.8,3.42,26.22,Medianet,DINERS,PAGADA,Ventas
FAC-000122,TXN-202407-0124,2024-07-05,Ana Navas Salazar S.L.,2677862685272,50.52,7.58,58.1,Datafast,VISA,PAGADA,Ventas
FAC-000123,TXN-202407-0125,2024-07-21,Desarrollo Soriano y asociados S.A.,7776032087783,65.92,9.89,75.81,Datafast,VISA,PAGADA,POS
FAC-000124,TXN-202407-0126,2024-07-11,Diéguez & Asociados S.L.N.E,4471062833455,35.57,5.33,40.9,Datafast,VISA,PAGADA,E-commerce
FAC-000125,TXN-202407-0127,2024-07-03,Flor y Beltrán S.L.N.E,7135623277004,111.23,16.69,127.92,PayPhone,VISA,PAGADA,E-commerce
FAC-000126,TXN-202407-0128,2024-07-26,Finanzas Montesinos y asociados S.Coop.,5235859730273,124.98,18.75,143.73,Datafast,MASTERCARD,PAGADA,E-commerce
FAC-000127,TXN-202407-0129,2024-07-14,Villar y asociados S.Coop.,9122857042402,40.75,6.11,46.86,PayPhone,VISA,PAGADA,POS
FAC-000128,TXN-202407-0130,2024-07-30,Manufacturas LJT S.Com.,5255468939770,208.49,31.27,239.76,Medianet,MASTERCARD,PAGADA,Ventas
FAC-000129,TXN-202407-0131,2024-07-02,Carvajal y Diaz S.L.N.E,4711678815964,41.43,6.22,47.65,Datafast,MASTERCARD,PAGADA,Ventas
FAC-000130,TXN-202407-0132,2024-07-09,Alimentación del Levante S.Com.,6173865690448,298.02,44.7,342.72,PayPhone,VISA,PAGADA,Ventas
FAC-000131,TXN-202407-0133,2024-07-14,Comercial Castellana S.A.,9546733229124,126.73,19.01,145.74,Datafast,VISA,PAGADA,Ventas
FAC-000132,TXN-202407-0134,2024-07-10,Hermanos Ruano S.L.U.,7995587700623,23.14,3.47,26.61,Medianet,VISA,PAGADA,E-commerce
FAC-000133,TXN-202407-0135,2024-07-26,Aragón y asociados S.Com.,9694599426407,21.6,3.24,24.84,PayPhone,VISA,PAGADA,E-commerce
FAC-000134,TXN-202407-0136,2024-07-08,Alimentación Girona y asociados S.Com.,6208953012033,11.83,1.78,13.61,Medianet,AMEX,PAGADA,E-commerce
FAC-000135,TXN-202407-0137,2024-07-26,Comercial Rivero S.L.,8380138716283,8.23,1.24,9.47,Datafast,VISA,PAGADA,E-commerce
FAC-000136,TXN-202407-0138,2024-07-15,Minería Fuster & Asociados S.L.,4156890581080,1389.46,208.42,1597.88,Medianet,AMEX,PAGADA,POS
FAC-000137,TXN-202407-0139,2024-07-15,Desiderio Bernal Cabañas S.L.,2453374356702,39.57,5.93,45.5,Datafast,VISA,PAGADA,Ventas
FAC-000138,TXN-202407-0140,2024-07-01,José Ángel Baena Toro S.A.,9177287156596,290.05,43.51,333.56,Medianet,AMEX,PAGADA,E-commerce
FAC-000139,TXN-202407-0141,2024-07-01,Hermanos Cruz S.Coop.,9495794575959,283.99,42.6,326.59,Datafast,MASTERCARD,PAGADA,Ventas
FAC-000140,TXN-202407-0142,2024-07-17,Servicios Iriarte & Asociados S.Com.,8255055362917,133.55,20.03,153.58,PayPhone,MASTERCARD,PAGADA,Ventas
FAC-000141,TXN-202407-0143,2024-07-27,Consultoría Ibéricos S.Coop.,2448541839525,1382.36,207.35,1589.71,Datafast,VISA,PAGADA,E-commerce
FAC-000142,TXN-202407-0144,2024-07-04,Real y Coello S.L.N.E,2652078821651,25.29,3.79,29.08,PayPhone,VISA,PAGADA,POS
FAC-000143,TXN-202407-0145,2024-07-27,Susana Ponce Perera S.L.L.,1892145744520,65.99,9.9,75.89,Datafast,MASTERCARD,PAGADA,POS
FAC-000144,TXN-202407-0146,2024-07-25,Distribuciones Española S.A.,3602769473088,11.9,1.79,13.69,Datafast,VISA,PAGADA,POS
FAC-000145,TXN-202407-0147,2024-07-15,Hnos Aliaga S.A.,2840353212440,61.04,9.16,70.2,PayPhone,AMEX,PAGADA,Ventas
FAC-000146,TXN-202407-0148,2024-07-15,Cuadrado y Murillo S.L.N.E,9929363409412,251.63,37.74,289.37,Datafast,MASTERCARD,PAGADA,Ventas
FAC-000147,TXN-202407-0149,2024-07-23,Minería BAST S.L.N.E,2180525795990,1387.21,208.08,1595.29,Datafast,MASTERCARD,PAGADA,Ventas
FAC-000148,TXN-202407-0150,2024-07-06,Miranda y Jerez S.A.T.,1347941232546,156.96,23.54,180.5,Datafast,DINERS,PAGADA,Ventas
FAC-000149,TXN-202407-0151,2024-07-30,Desarrollo del Levante S.A.,1118911343485,69.06,10.36,79.42,Medianet,MASTERCARD,PAGADA,Ventas
FAC-000150,TXN-202407-0152,2024-07-23,Esparza & Asociados S.L.N.E,7013399627686,251.58,37.74,289.32,Datafast,VISA,PAGADA,Ventas
FAC-000151,TXN-202407-0153,2024-07-08,Solsona y asociados S.Com.,2127342112029,427.57,64.13,491.7,Medianet,VISA,PAGADA,Ventas
FAC-000152,TXN-202407-0154,2024-07-29,Fábrica Echevarría S.Coop.,2138130149480,1539.65,230.95,1770.6,Medianet,VISA,PAGADA,E-commerce
FAC-000153,TXN-202407-0155,2024-07-30,Pino y Acero S.A.,3098908881966,221.11,33.17,254.28,PayPhone,VISA,PAGADA,Ventas
FAC-000154,TXN-202407-0156,2024-07-19,Grupo Romeu S.L.N.E,4852319199082,375.43,56.31,431.74,Datafast,VISA,PAGADA,Ventas
FAC-000155,TXN-202407-0157,2024-07-18,Tur y asociados S.Coop.,1833568317236,26.85,4.03,30.88,Datafast,VISA,PAGADA,E-commerce
FAC-000156,TXN-202407-0158,2024-07-08,Manufacturas Núñez y asociados S.Coop.,9067041710389,427.77,64.16,491.93,Datafast,DINERS,PAGADA,POS
FAC-000157,TXN-202407-0159,2024-07-16,Minería TROP S.Coop.,2191874050133,25.1,3.76,28.86,Datafast,AMEX,PAGADA,E-commerce
FAC-000158,TXN-202407-0160,2024-07-21,Nazaret Barco Pallarès S.A.,3003449560714,2157.37,323.61,2480.98,PayPhone,VISA,PAGADA,POS
FAC-000159,TXN-202407-0161,2024-07-28,Consultoría Ibéricos S.L.L.,7676507752572,42.83,6.43,49.26,Datafast,VISA,PAGADA,Ventas
FAC-000160,TXN-202407-0162,2024-07-24,Gálvez y asociados S.A.,3816316037811,34.15,5.12,39.27,PayPhone,VISA,PAGADA,POS
FAC-000161,TXN-202407-0163,2024-07-09,Sara Viñas Casal S.Coop.,9305703996306,34.97,5.24,40.21,Datafast,MASTERCARD,PAGADA,Ventas
FAC-000162,TXN-202407-0164,2024-07-22,Fábrica QGI S.A.,6170059946966,25.77,3.87,29.64,Medianet,VISA,PAGADA,POS
FAC-000163,TXN-202407-0165,2024-07-28,Gisbert y Sancho S.A.T.,9793233700715,346.91,52.04,398.95,Datafast,VISA,PAGADA,Ventas
FAC-000164,TXN-202407-0166,2024-07-08,Grupo Aznar S.A.,7600971408633,405.9,60.89,466.79,Datafast,VISA,PAGADA,POS
FAC-000165,TXN-202407-0167,2024-07-04,Transportes QAF S.Com.,3334306587448,326.63,49.0,375.63,Datafast,DINERS,PAGADA,Ventas
FAC-000166,TXN-202407-0168,2024-07-02,Hermanos Lledó S.L.N.E,9888392375909,25.5,3.83,29.33,Datafast,VISA,PAGADA,E-commerce
FAC-000167,TXN-202407-0169,2024-07-22,Grupo Benet S.Coop.,7322858258545,31.22,4.68,35.9,Datafast,VISA,PAGADA,E-commerce
FAC-000168,TXN-202407-0170,2024-07-08,Luis Somoza Zabaleta S.L.,5013919603482,295.9,44.38,340.28,Datafast,VISA,PAGADA,Ventas
FAC-000169,TXN-202407-0171,2024-07-09,Transportes Pujol y asociados S.Coop.,4067883873693,20.91,3.14,24.05,PayPhone,VISA,PAGADA,E-commerce
FAC-000170,TXN-202407-0172,2024-07-06,Silvio Ibarra Arévalo S.Com.,2838004364758,1907.85,286.18,2194.03,Datafast,AMEX,PAGADA,Ventas
FAC-000171,TXN-202407-0173,2024-07-14,Sevilla & Asociados S.Com.,4966486741637,302.91,45.44,348.35,Datafast,VISA,PAGADA,E-commerce
FAC-000172,TXN-202407-0174,2024-07-16,Grupo Sedano S.L.,2120631755297,29.43,4.42,33.85,Datafast,AMEX,PAGADA,Ventas
FAC-000173,TXN-202407-0175,2024-07-10,Alimentación Ávila S.A.U,7160145840811,432.11,64.82,496.93,Datafast,MASTERCARD,PAGADA,Ventas
FAC-000174,TXN-202407-0176,2024-07-22,Marcos y Carreras S.A.,4441572814361,41.25,6.19,47.44,PayPhone,MASTERCARD,PAGADA,POS
FAC-000175,TXN-202407-0177,2024-07-29,Tecnologías WHP S.Coop.,1968611460361,373.73,56.06,429.79,PayPhone,AMEX,PAGADA,Ventas
FAC-000176,TXN-202407-0178,2024-07-07,Restauración del Levante S.A.U,2189260555465,149.55,22.43,171.98,Medianet,VISA,PAGADA,Ventas
FAC-000177,TXN-202407-0179,2024-07-05,Hilda Hernando Canet S.A.,4326836843771,318.23,47.73,365.96,Datafast,MASTERCARD,PAGADA,Ventas
FAC-000178,TXN-202407-0180,2024-07-02,Servicios Ibéricos S.L.,4403445459566,55.78,8.37,64.15,Datafast,MASTERCARD,PAGADA,Ventas
FAC-000179,TXN-202407-0181,2024-07-14,Natalia Cabanillas Cabezas S.C.P,1303011962272,1145.04,171.76,1316.8,Datafast,VISA,PAGADA,Ventas
FAC-000180,TXN-202407-0182,2024-07-17,Blazquez y asociados S.L.,3886974217368,203.18,30.48,233.66,Datafast,MASTERCARD,PAGADA,E-commerce
FAC-000181,TXN-202407-0183,2024-07-26,Codina y Amorós S.Coop.,3985095709340,245.55,36.83,282.38,PayPhone,VISA,PAGADA,Ventas
FAC-000182,TXN-202407-0184,2024-07-05,Grupo Villa S.L.,8791650811364,67.15,10.07,77.22,Medianet,VISA,PAGADA,Ventas
FAC-000183,TXN-202407-0185,2024-07-26,Salvador & Asociados S.Coop.,1234848437700,2537.54,380.63,2918.17,PayPhone,MASTERCARD,PAGADA,Ventas
FAC-000184,TXN-202407-0186,2024-07-15,Villalba y Alberto S.A.,9862795951429,39.34,5.9,45.24,Datafast,MASTERCARD,PAGADA,Ventas
FAC-000185,TXN-202407-0187,2024-07-31,Infraestructuras Ibéricos S.L.N.E,5544966954217,369.93,55.49,425.42,Medianet,MASTERCARD,PAGADA,Ventas
FAC-000186,TXN-202407-0188,2024-07-18,Escobar & Asociados S.A.D,9956275280016,62.02,9.3,71.32,Datafast,VISA,PAGADA,E-commerce
FAC-000187,TXN-202407-0189,2024-07-30,Melero y Perera S.L.,1873447945923,58.08,8.71,66.79,PayPhone,VISA,PAGADA,E-commerce
FAC-000188,TXN-202407-0190,2024-07-10,Supermercados del Sur S.L.N.E,5016383264897,66.06,9.91,75.97,Datafast,VISA,PAGADA,E-commerce
FAC-000189,TXN-202407-0191,2024-07-12,Compañía DLSP S.Com.,2100170781294,29.7,4.45,34.15,Datafast,VISA,PAGADA,E-commerce
FAC-000190,TXN-202407-0192,2024-07-24,Peinado y Téllez S.A.,9157613049484,42.65,6.4,49.05,PayPhone,MASTERCARD,PAGADA,Ventas
FAC-000191,TXN-202407-0193,2024-07-31,Promociones PAE S.A.,2142355283372,294.41,44.16,338.57,PayPhone,MASTERCARD,PAGADA,E-commerce
FAC-000192,TXN-202407-0194,2024-07-28,Alimentación IN S.A.,9687567981302,66.34,9.95,76.29,Datafast,VISA,PAGADA,E-commerce
FAC-000193,TXN-202407-0195,2024-07-12,Talleres Alsina S.Coop.,6356477115882,68.12,10.22,78.34,Datafast,MASTERCARD,PAGADA,Ventas
FAC-000194,TXN-202407-0196,2024-07-15,Instalaciones Perera & Asociados S.L.U.,1887089410791,59.65,8.95,68.6,Datafast,VISA,PAGADA,POS
FAC-000195,TXN-202407-0197,2024-07-26,Transportes Alberdi S.Com.,2461146446119,77.37,11.6,88.97,Medianet,MASTERCARD,PAGADA,E-commerce
FAC-000196,TXN-202407-0198,2024-07-25,Alimentación Velasco & Asociados S.A.,7430975424738,94.63,14.19,108.82,Datafast,VISA,PAGADA,Ventas
FAC-000197,TXN-202407-0199,2024-07-05,Hotel Albero y asociados S.L.U.,7952377487700,189.57,28.43,218.0,Datafast,VISA,PAGADA,Ventas
FAC-000198,TXN-202407-0200,2024-07-09,Mir y asociados S.A.,7088125325121,12.83,1.92,14.75,Datafast,AMEX,PAGADA,Ventas
FAC-000199,TXN-202407-0201,2024-07-26,Minería Españolas S.Coop.,9380822679909,27.71,4.16,31.87,Datafast,AMEX,PAGADA,Ventas
FAC-000200,TXN-202407-0202,2024-07-14,Supermercados Barberá S.L.L.,6266028653839,12.62,1.89,14.51,Medianet,VISA,PAGADA,Ventas
FAC-000201,TXN-202407-0203,2024-07-19,Restauración ZXFR S.L.N.E,9257164682100,27.96,4.19,32.15,Datafast,VISA,PAGADA,Ventas
FAC-000202,TXN-202407-0204,2024-07-30,Azcona y Zamorano S.L.N.E,3470907037808,335.17,50.27,385.44,Datafast,VISA,PAGADA,E-commerce
FAC-000203,TXN-202407-0205,2024-07-16,Comercializadora Cordero S.L.N.E,9086693207098,567.01,85.05,652.06,Medianet,VISA,PAGADA,Ventas
FAC-000204,TXN-202407-0206,2024-07-29,Minería Castellana S.A.,4048492674876,231.57,34.73,266.3,Datafast,VISA,PAGADA,POS
FAC-000205,TXN-202407-0207,2024-07-19,Suministros Internacionales S.A.,9729650744565,45.06,6.76,51.82,Datafast,VISA,PAGADA,POS
FAC-000206,TXN-202407-0208,2024-07-17,Segovia y asociados S.A.,6626765419828,177.27,26.59,203.86,Medianet,VISA,PAGADA,Ventas
FAC-000207,TXN-202407-0209,2024-07-29,Josep Morante Escudero S.L.,2379477950034,47.04,7.06,54.1,Datafast,MASTERCARD,PAGADA,E-commerce
FAC-000208,TXN-202407-0210,2024-07-11,Hnos Hurtado S.A.,5222026269303,19.25,2.89,22.14,Medianet,VISA,PAGADA,E-commerce
FAC-000209,TXN-202407-0211,2024-07-09,Industrias Españolas S.L.,2664525733090,24.73,3.71,28.44,Datafast,MASTERCARD,PAGADA,E-commerce
FAC-000210,TXN-202407-0212,2024-07-03,Transportes Avanzadas S.L.N.E,6940635168522,10.3,1.54,11.84,PayPhone,MASTERCARD,PAGADA,E-commerce
FAC-000211,TXN-202407-0213,2024-07-02,Familia Alegre S.A.,4476751258379,12.83,1.93,14.76,Datafast,MASTERCARD,PAGADA,POS
FAC-000212,TXN-202407-0214,2024-07-28,Hnos Gonzalez S.L.N.E,8500536693327,219.6,32.94,252.54,PayPhone,MASTERCARD,PAGADA,Ventas
FAC-000213,TXN-202407-0215,2024-07-10,Montenegro y asociados S.Com.,6533422856283,546.63,81.99,628.62,PayPhone,VISA,PAGADA,E-commerce
FAC-000214,TXN-202407-0216,2024-07-16,Camps & Asociados S.A.,6923722593103,14.43,2.17,16.6,Datafast,VISA,PAGADA,Ventas
FAC-000215,TXN-202407-0217,2024-07-09,Despacho Villalba & Asociados S.Coop.,3970089423403,111.52,16.73,128.25,PayPhone,VISA,PAGADA,Ventas
FAC-000216,TXN-202407-0218,2024-07-20,Grupo Juan S.L.U.,6704333318838,349.84,52.48,402.32,Datafast,VISA,PAGADA,Ventas
FAC-000217,TXN-202407-0219,2024-07-23,Amorós y Elorza S.L.L.,4556125780473,309.82,46.47,356.29,Medianet,MASTERCARD,PAGADA,E-commerce
FAC-000218,TXN-202407-0220,2024-07-12,Restauración del Levante S.L.N.E,6619851769680,406.13,60.92,467.05,Datafast,VISA,PAGADA,E-commerce
FAC-000219,TXN-202407-0221,2024-07-24,Promociones Ibéricos S.A.T.,9364554421578,94.98,14.25,109.23,Datafast,VISA,PAGADA,Ventas
FAC-000220,TXN-202407-0222,2024-07-15,Banco Andrade & Asociados S.Coop.,3879264053273,28.88,4.33,33.21,PayPhone,VISA,PAGADA,E-commerce
FAC-000221,TXN-202407-0223,2024-07-20,León y asociados S.Com.,9296885934288,65.75,9.86,75.61,Datafast,VISA,PAGADA,E-commerce
FAC-000222,TXN-202407-0224,2024-07-03,Manufacturas Salgado & Asociados S.Coop.,3790397997833,87.74,13.16,100.9,PayPhone,VISA,PAGADA,POS
FAC-000223,TXN-202407-0225,2024-07-07,Familia Moreno S.A.T.,2050321985965,220.83,33.13,253.96,Datafast,VISA,PAGADA,POS
FAC-000224,TXN-202407-0226,2024-07-16,Farmaceútica Raya & Asociados S.A.,5610250666860,48.6,7.29,55.89,Datafast,VISA,PAGADA,POS
FAC-000225,TXN-202407-0227,2024-07-01,López y asociados S.L.,6173476714998,43.43,6.52,49.95,Medianet,VISA,PAGADA,POS
FAC-000226,TXN-202407-0228,2024-07-11,Familia Codina S.C.P,6432895910385,21.01,3.15,24.16,Datafast,VISA,PAGADA,E-commerce
FAC-000227,TXN-202407-0229,2024-07-23,Talleres Torrents & Asociados S.C.P,3342762215596,29.15,4.37,33.52,Datafast,MASTERCARD,PAGADA,E-commerce
FAC-000228,TXN-202407-0230,2024-07-28,Eustaquio Cabeza Marti S.A.,4074396399495,95.89,14.38,110.27,Medianet,AMEX,PAGADA,Ventas
FAC-000229,TXN-202407-0231,2024-07-19,Fábrica Integrales S.L.,8640389554656,2308.94,346.34,2655.28,Datafast,VISA,PAGADA,Ventas
FAC-000230,TXN-202407-0232,2024-07-01,Calderón & Asociados S.Coop.,9453170873002,11.86,1.78,13.64,Medianet,MASTERCARD,PAGADA,Ventas
FAC-000231,TXN-202407-0233,2024-07-12,Inversiones Rosa S.A.D,2102736632567,49.32,7.4,56.72,Datafast,DINERS,PAGADA,E-commerce
FAC-000232,TXN-202407-0234,2024-07-03,Grupo Manrique S.A.,3622348749391,30.46,4.57,35.03,Datafast,VISA,PAGADA,Ventas
FAC-000233,TXN-202407-0235,2024-07-03,Servicios Talavera S.A.,6460191090488,55.16,8.27,63.43,PayPhone,MASTERCARD,PAGADA,E-commerce
FAC-000234,TXN-202407-0236,2024-07-12,Moreno Font Sosa S.A.,6560732644789,54.97,8.25,63.22,Medianet,MASTERCARD,PAGADA,Ventas
FAC-000235,TXN-202407-0237,2024-07-09,Miguel Ángel Baeza Olivera S.Com.,9037859541760,11.05,1.66,12.71,PayPhone,MASTERCARD,PAGADA,Ventas
FAC-000236,TXN-202407-0238,2024-07-31,Supermercados MEL S.Coop.,8809371645810,97.09,14.56,111.65,Datafast,VISA,PAGADA,E-commerce
FAC-000237,TXN-202407-0239,2024-07-30,Instalaciones Araujo S.Coop.,4657346694473,233.51,35.03,268.54,Datafast,MASTERCARD,PAGADA,POS
FAC-000238,TXN-202407-0240,2024-07-11,Despacho LDKJ S.L.U.,9838780528905,67.67,10.15,77.82,Medianet,DINERS,PAGADA,Ventas
FAC-000239,TXN-202407-0241,2024-07-19,Construcción ADC S.A.,5965183784771,360.4,54.06,414.46,Datafast,VISA,PAGADA,E-commerce
FAC-000240,TXN-202407-0242,2024-07-12,Consultoría HVEZ S.L.L.,8588837434509,6.8,1.02,7.82,Datafast,VISA,PAGADA,Ventas
FAC-000241,TXN-202407-0243,2024-07-17,Vanesa Sarabia Villalba S.A.,6185938062502,294.17,44.13,338.3,Datafast,AMEX,PAGADA,E-commerce
FAC-000242,TXN-202407-0244,2024-07-15,Soraya Suarez Nogueira S.L.L.,4008996469243,396.76,59.51,456.27,Datafast,MASTERCARD,PAGADA,Ventas
FAC-000243,TXN-202407-0245,2024-07-02,Consultoría Aroca & Asociados S.L.,4835486952121,14.18,2.13,16.31,Medianet,VISA,PAGADA,Ventas
FAC-000244,TXN-202407-0246,2024-07-17,Hermanos Ordóñez S.A.,9756038710880,50.93,7.64,58.57,Datafast,AMEX,PAGADA,E-commerce
FAC-000245,TXN-202407-0247,2024-07-17,Tecnologías Baró S.Com.,3654694660490,33.01,4.95,37.96,Datafast,VISA,PAGADA,Ventas
FAC-000246,TXN-202407-0248,2024-07-11,Ferreras & Asociados S.A.,3776474769116,31.01,4.65,35.66,Datafast,VISA,PAGADA,POS
FAC-000247,TXN-202407-0249,2024-07-04,Infraestructuras Ponce & Asociados S.L.N.E,2022150396558,93.63,14.05,107.68,Medianet,MASTERCARD,PAGADA,E-commerce
FAC-000248,TXN-202407-0250,2024-07-30,Desarrollo Integrales S.C.P,6281900415893,309.36,46.4,355.76,Medianet,VISA,PAGADA,E-commerce
FAC-000249,TXN-202407-0252,2024-07-31,Hoz & Asociados S.A.,3735286601385,43.16,6.47,49.63,PayPhone,MASTERCARD,PAGADA,POS
FAC-000250,TXN-202407-0253,2024-07-22,Soluciones Barrera S.A.,5000295738010,366.56,54.98,421.54,Datafast,VISA,PAGADA,POS
FAC-000251,TXN-202407-0254,2024-07-21,Soriano y Fuster S.L.N.E,1824571815806,261.82,39.27,301.09,PayPhone,MASTERCARD,PAGADA,Ventas
FAC-000252,TXN-202407-0255,2024-07-07,Minería del Levante S.L.,9319499913650,16.1,2.42,18.52,Datafast,VISA,PAGADA,POS
FAC-000253,TXN-202407-0256,2024-07-03,Transportes CH S.Coop.,5551919396871,13.32,2.0,15.32,PayPhone,VISA,PAGADA,Ventas
FAC-000254,TXN-202407-0257,2024-07-29,Iriarte y Carmona S.A.T.,7467170804929,374.57,56.18,430.75,PayPhone,VISA,PAGADA,E-commerce
FAC-000255,TXN-202407-0258,2024-07-13,Minería BGX S.Com.,3628507196129,117.43,17.61,135.04,Datafast,VISA,PAGADA,POS
FAC-000256,TXN-202407-0259,2024-07-06,Farmaceútica González S.Com.,3832134952209,365.04,54.76,419.8,Datafast,AMEX,PAGADA,Ventas
FAC-000257,TXN-202407-0260,2024-07-15,Finanzas Méndez S.L.L.,4300371775885,156.31,23.45,179.76,Datafast,VISA,PAGADA,E-commerce
FAC-000258,TXN-202407-0261,2024-07-10,Vázquez y Rubio S.A.,5927480661126,39.17,5.88,45.05,Datafast,MASTERCARD,PAGADA,POS
FAC-000259,TXN-202407-0262,2024-07-15,Soluciones EVFI S.L.N.E,2603069516571,277.9,41.68,319.58,PayPhone,VISA,PAGADA,POS
FAC-000260,TXN-202407-0263,2024-07-06,Finanzas Falcón & Asociados S.A.,3111860181123,31.65,4.75,36.4,Medianet,MASTERCARD,PAGADA,E-commerce
FAC-000261,TXN-202407-0264,2024-07-28,Despacho Españolas S.A.D,9699330255987,46.17,6.92,53.09,PayPhone,VISA,PAGADA,Ventas
FAC-000262,TXN-202407-0265,2024-07-10,Manufacturas Hernandez S.L.,8420623145968,380.43,57.06,437.49,Medianet,VISA,PAGADA,E-commerce
FAC-000263,TXN-202407-0266,2024-07-14,Despacho Españolas S.C.P,9489109619680,755.1,113.27,868.37,Medianet,VISA,PAGADA,Ventas
FAC-000264,TXN-202407-0267,2024-07-01,Hermanos Linares S.L.,4650521120360,27.15,4.07,31.22,PayPhone,VISA,PAGADA,E-commerce
FAC-000265,TXN-202407-0268,2024-07-12,Prat y Donoso S.Com.,7616418044608,69.21,10.38,79.59,Datafast,MASTERCARD,PAGADA,POS
FAC-000266,TXN-202407-0269,2024-07-26,Industrias Iberia S.A.,9919714083469,306.94,46.04,352.98,Datafast,DINERS,PAGADA,Ventas
FAC-000267,TXN-202407-0270,2024-07-05,Grupo Calleja S.L.,5144950609580,323.78,48.57,372.35,Datafast,VISA,PAGADA,E-commerce
FAC-000268,TXN-202407-0271,2024-07-07,Llano y Cabezas S.L.,6227456698398,476.1,71.41,547.51,Datafast,MASTERCARD,PAGADA,E-commerce
FAC-000269,TXN-202407-0272,2024-07-10,Izquierdo y asociados S.C.P,5490742941429,11.6,1.74,13.34,Medianet,MASTERCARD,PAGADA,Ventas
FAC-000270,TXN-202407-0273,2024-07-15,Hnos Barragán S.Coop.,9404957762538,56.12,8.42,64.54,Datafast,VISA,PAGADA,POS
FAC-000271,TXN-202407-0274,2024-07-17,Merino y Bertrán S.L.N.E,4676691953016,75.57,11.33,86.9,Datafast,AMEX,PAGADA,Ventas
FAC-000272,TXN-202407-0275,2024-07-08,Gámez y Bayón S.Coop.,4672861746859,44.44,6.67,51.11,Datafast,VISA,PAGADA,POS
FAC-000273,TXN-202407-0276,2024-07-03,Alimentación Luque & Asociados S.L.U.,1126297611662,67.91,10.19,78.1,Datafast,MASTERCARD,PAGADA,Ventas
FAC-000274,TXN-202407-0277,2024-07-28,Roldán & Asociados S.A.,7966034982468,5.68,0.85,6.53,Medianet,MASTERCARD,PAGADA,Ventas
FAC-000275,TXN-202407-0278,2024-07-12,Tecnologías Españolas S.L.,8667016562774,53.09,7.96,61.05,Datafast,VISA,PAGADA,POS
FAC-000276,TXN-202407-0279,2024-07-24,Ezequiel Páez Teruel S.L.,1521572312524,351.33,52.7,404.03,Datafast,MASTERCARD,PAGADA,E-commerce
FAC-000277,TXN-202407-0280,2024-07-27,Despacho Vilalta S.L.,3235256008589,46.27,6.94,53.21,Datafast,VISA,PAGADA,Ventas
FAC-000278,TXN-202407-0281,2024-07-03,Compañía Roca S.A.,4996172150520,365.94,54.89,420.83,Datafast,MASTERCARD,PAGADA,Ventas
FAC-000279,TXN-202407-0282,2024-07-07,Familia Marquez S.Coop.,9053531318456,7.21,1.08,8.29,Medianet,VISA,PAGADA,Ventas
FAC-000280,TXN-202407-0283,2024-07-16,Manufacturas RVM S.A.,1259934232210,57.53,8.63,66.16,Datafast,VISA,PAGADA,E-commerce
FAC-000281,TXN-202407-0284,2024-07-02,Bartolomé & Asociados S.A.,8712944314140,60.57,9.09,69.66,Datafast,MASTERCARD,PAGADA,Ventas
FAC-000282,TXN-202407-0285,2024-07-24,Grupo Aguirre S.L.N.E,7878343779824,62.36,9.35,71.71,Datafast,VISA,PAGADA,Ventas
FAC-000283,TXN-202407-0286,2024-07-16,Alba y Yuste S.Coop.,1521168231379,1513.49,227.02,1740.51,PayPhone,VISA,PAGADA,Ventas
FAC-000284,TXN-202407-0287,2024-07-03,Construcción Clavero y asociados S.L.,8281810096242,335.1,50.27,385.37,PayPhone,MASTERCARD,PAGADA,E-commerce
FAC-000285,TXN-202407-0288,2024-07-03,Banca Privada Cabeza S.L.,6257896355877,25.3,3.79,29.09,Medianet,AMEX,PAGADA,Ventas
FAC-000286,TXN-202407-0289,2024-07-23,Becerra y Querol S.Com.,4652634888237,225.19,33.78,258.97,Medianet,VISA,PAGADA,POS
FAC-000287,TXN-202407-0290,2024-07-14,Talleres Sevillano S.L.U.,9025442253511,198.32,29.75,228.07,Datafast,VISA,PAGADA,Ventas
FAC-000288,TXN-202407-0291,2024-07-13,Noemí Riba Rueda S.A.,6988280503455,48.12,7.22,55.34,Medianet,MASTERCARD,PAGADA,Ventas
FAC-000289,TXN-202407-0292,2024-07-28,Rivera y Arroyo S.L.N.E,3988287204767,6.38,0.96,7.34,Medianet,MASTERCARD,PAGADA,POS
FAC-000290,TXN-202407-0293,2024-07-21,Gisela Torrijos Bonilla S.A.,6566082887458,19.74,2.96,22.7,Medianet,VISA,PAGADA,POS
FAC-000291,TXN-202407-0294,2024-07-15,Andrade y Pedro S.L.N.E,6712075313685,14.36,2.15,16.51,Datafast,DINERS,PAGADA,Ventas
FAC-000292,TXN-202407-0295,2024-07-13,Instalaciones Paz S.L.N.E,8731526210741,262.93,39.44,302.37,Datafast,MASTERCARD,PAGADA,E-commerce
FAC-000293,TXN-202407-0296,2024-07-16,Conde y Cabrero S.A.U,4243010614452,52.33,7.85,60.18,Medianet,VISA,PAGADA,E-commerce
FAC-000294,TXN-202407-0297,2024-07-15,Minería del Mediterráneo S.L.,8596457443319,21.32,3.2,24.52,Datafast,MASTERCARD,PAGADA,Ventas
FAC-000295,TXN-202407-0298,2024-07-04,Distribuciones Española S.A.,8871153334972,1502.61,225.39,1728.0,PayPhone,VISA,PAGADA,Ventas
FAC-000296,TXN-202407-0299,2024-07-03,Jose Menendez Solana S.Com.,8969701003434,232.13,34.82,266.95,PayPhone,VISA,PAGADA,E-commerce
FAC-000297,TXN-202407-0300,2024-07-18,Hotel YW S.Com.,4899758586188,328.7,49.31,378.01,PayPhone,DINERS,PAGADA,Ventas
FAC-000298,TXN-202407-0301,2024-07-23,Salinas & Asociados S.A.,7417860215992,50.63,7.59,58.22,Datafast,VISA,PAGADA,Ventas
FAC-000299,TXN-202407-0302,2024-07-26,Carrillo y Juan S.A.,7394376382749,68.59,10.29,78.88,Datafast,VISA,PAGADA,POS
FAC-000300,TXN-202407-0303,2024-07-15,Clemente y Estrada S.Com.,1533122239548,41.67,6.25,47.92,Datafast,VISA,PAGADA,E-commerce
FAC-000301,TXN-202407-0304,2024-07-23,Despacho Baquero y asociados S.Coop.,1570473148368,30.31,4.55,34.86,Datafast,AMEX,PAGADA,Ventas
FAC-000302,TXN-202407-0305,2024-07-05,Comercial del Levante S.L.,6947774070366,41.84,6.28,48.12,Datafast,VISA,PAGADA,E-commerce
FAC-000303,TXN-202407-0306,2024-07-29,Construcción Ribera S.Com.,6256007622821,195.39,29.31,224.7,Medianet,VISA,PAGADA,E-commerce
FAC-000304,TXN-202407-0307,2024-07-30,Jordán Talavera Castellanos S.L.N.E,3382193868278,1375.26,206.29,1581.55,Medianet,VISA,PAGADA,E-commerce
FAC-000305,TXN-202407-0308,2024-07-30,Logística Internacionales S.A.,4372643933045,14.91,2.24,17.15,PayPhone,MASTERCARD,PAGADA,Ventas
FAC-000306,TXN-202407-0309,2024-07-03,Azucena Morales Sotelo S.Com.,9296920666048,22.87,3.43,26.3,Datafast,DINERS,PAGADA,E-commerce
FAC-000307,TXN-202407-0310,2024-07-20,Inversiones del Norte S.Coop.,5531234435849,45.11,6.77,51.88,Datafast,DINERS,PAGADA,E-commerce
FAC-000308,TXN-202407-0311,2024-07-06,Promociones VU S.L.L.,8111846512421,281.63,42.24,323.87,Datafast,MASTERCARD,PAGADA,POS
FAC-000309,TXN-202407-0312,2024-07-02,Construcción ZI S.A.,1363781704836,64.6,9.69,74.29,Medianet,AMEX,PAGADA,POS
FAC-000310,TXN-202407-0313,2024-07-07,Banco Solana & Asociados S.L.,4281165955859,166.23,24.93,191.16,Datafast,DINERS,PAGADA,E-commerce
FAC-000311,TXN-202407-0314,2024-07-10,Hermanos Salom S.L.,4321937931363,45.25,6.79,52.04,Datafast,MASTERCARD,PAGADA,Ventas
FAC-000312,TXN-202407-0315,2024-07-10,Industrias del Levante S.A.,9865972767687,319.74,47.96,367.7,PayPhone,VISA,PAGADA,Ventas
FAC-000313,TXN-202407-0316,2024-07-07,Barral y Mariscal S.A.,7075935861341,35.93,5.39,41.32,Datafast,VISA,PAGADA,E-commerce
FAC-000314,TXN-202407-0317,2024-07-28,Evaristo Miguel Cervera S.A.,7249195380884,337.7,50.66,388.36,Medianet,VISA,PAGADA,Ventas
FAC-000315,TXN-202407-0318,2024-07-11,Soluciones GJXZ S.Coop.,3267233990761,40.97,6.15,47.12,PayPhone,VISA,PAGADA,Ventas
FAC-000316,TXN-202407-0319,2024-07-10,Pizarro & Asociados S.L.L.,5600111391548,10.66,1.6,12.26,Datafast,VISA,PAGADA,Ventas
FAC-000317,TXN-202407-0320,2024-07-27,Amarilis Giralt Arroyo S.A.,1044236479214,2396.33,359.45,2755.78,PayPhone,VISA,PAGADA,E-commerce
FAC-000318,TXN-202407-0321,2024-07-17,Andrés Tudela Cabezas S.Com.,8490108616479,14.74,2.21,16.95,PayPhone,MASTERCARD,PAGADA,POS
FAC-000319,TXN-202407-0322,2024-07-17,Banco Hidalgo & Asociados S.A.,1249915738067,65.99,9.9,75.89,Datafast,VISA,PAGADA,POS
FAC-000320,TXN-202407-0323,2024-07-16,Instalaciones SI S.Coop.,8896736720961,7.64,1.15,8.79,PayPhone,VISA,PAGADA,POS
FAC-000321,TXN-202407-0324,2024-07-28,Construcción MX S.L.,1523726432058,39.35,5.9,45.25,PayPhone,MASTERCARD,PAGADA,E-commerce
FAC-000322,TXN-202407-0325,2024-07-12,Hnos Mínguez S.Coop.,5999724597155,348.54,52.28,400.82,Datafast,AMEX,PAGADA,E-commerce
FAC-000323,TXN-202407-0326,2024-07-03,Familia Nicolás S.Coop.,9779327701154,40.43,6.06,46.49,Datafast,MASTERCARD,PAGADA,Ventas
FAC-000324,TXN-202407-0327,2024-07-22,Granados y asociados S.Coop.,9691773260968,68.85,10.33,79.18,Medianet,MASTERCARD,PAGADA,POS
FAC-000325,TXN-202407-0328,2024-07-11,Comercial IXTP S.Com.,5368888610859,56.19,8.43,64.62,Datafast,DINERS,PAGADA,Ventas
FAC-000326,TXN-202407-0329,2024-07-17,Soluciones Barco & Asociados S.Coop.,7035867943364,37.55,5.63,43.18,PayPhone,MASTERCARD,PAGADA,Ventas
FAC-000327,TXN-202407-0330,2024-07-15,Compañía QE S.Com.,4470263276765,35.24,5.29,40.53,Datafast,VISA,PAGADA,Ventas
FAC-000328,TXN-202407-0331,2024-07-06,Hierro y asociados S.Coop.,8664587669494,44.33,6.65,50.98,Medianet,MASTERCARD,PAGADA,POS
FAC-000329,TXN-202407-0332,2024-07-27,Francisca Pons Ramón S.L.L.,6615534745024,26.29,3.94,30.23,PayPhone,MASTERCARD,PAGADA,POS
FAC-000330,TXN-202407-0333,2024-07-12,Comercializadora Díaz y asociados S.Com.,1353772908489,57.55,8.63,66.18,Medianet,MASTERCARD,PAGADA,E-commerce
FAC-000331,TXN-202407-0334,2024-07-24,Hotel LLFK S.C.P,6053945037548,360.56,54.08,414.64,Medianet,DINERS,PAGADA,E-commerce
FAC-000332,TXN-202407-0335,2024-07-25,Cornejo y Neira S.L.,1478053833856,47.1,7.07,54.17,Medianet,MASTERCARD,PAGADA,Ventas
FAC-000333,TXN-202407-0336,2024-07-21,Laura Nogués Heras S.L.L.,8432913696480,131.84,19.78,151.62,Medianet,MASTERCARD,PAGADA,Ventas
FAC-000334,TXN-202407-0337,2024-07-02,Grupo Ros S.C.P,9940737304150,48.74,7.31,56.05,Medianet,AMEX,PAGADA,Ventas
FAC-000335,TXN-202407-0338,2024-07-05,Talleres Castellana S.Com.,5932405102658,24.81,3.72,28.53,PayPhone,VISA,PAGADA,Ventas
FAC-000336,TXN-202407-0339,2024-07-28,Banca Privada Méndez S.L.,3987963346746,405.76,60.86,466.62,Medianet,VISA,PAGADA,POS
FAC-000337,TXN-202407-0340,2024-07-22,Juan Pablo Lamas Vidal S.L.,4466033273997,40.93,6.14,47.07,Medianet,MASTERCARD,PAGADA,E-commerce
FAC-000338,TXN-202407-0341,2024-07-11,Pombo y Benavides S.L.,4315920941010,63.83,9.58,73.41,Medianet,VISA,PAGADA,POS
FAC-000339,TXN-202407-0342,2024-07-23,Vinicio Mancebo Herrera S.L.N.E,3276078195164,304.51,45.68,350.19,Datafast,MASTERCARD,PAGADA,E-commerce
FAC-000340,TXN-202407-0343,2024-07-08,Poza y Baeza S.L.U.,7649779738330,40.75,6.11,46.86,Medianet,VISA,PAGADA,POS
FAC-000341,TXN-202407-0344,2024-07-16,Espejo y asociados S.L.,6414435754789,248.16,37.22,285.38,Medianet,MASTERCARD,PAGADA,Ventas
FAC-000342,TXN-202407-0345,2024-07-19,Quevedo y asociados S.L.N.E,3650526027068,174.67,26.2,200.87,Medianet,DINERS,PAGADA,E-commerce
FAC-000343,TXN-202407-0346,2024-07-25,Minería Solano S.Coop.,7056707181292,26.86,4.03,30.89,Medianet,AMEX,PAGADA,Ventas
FAC-000344,TXN-202407-0347,2024-07-15,Tecnologías PH S.Com.,4061391237745,196.06,29.41,225.47,Datafast,VISA,PAGADA,E-commerce
FAC-000345,TXN-202407-0348,2024-07-30,Cuesta y Barros S.L.,8698413376870,39.47,5.92,45.39,Datafast,VISA,PAGADA,E-commerce
FAC-000346,TXN-202407-0349,2024-07-08,Arias & Asociados S.L.N.E,5280791065106,283.89,42.58,326.47,Medianet,VISA,PAGADA,Ventas
FAC-000347,TXN-202407-0350,2024-07-14,Rosselló y Castilla S.L.,4407078384784,88.74,13.31,102.05,Medianet,MASTERCARD,PAGADA,E-commerce
FAC-000348,TXN-202407-0351,2024-07-18,Villar & Asociados S.L.,7530348573654,71.46,10.72,82.18,Medianet,VISA,PAGADA,Ventas
FAC-000349,TXN-202407-0352,2024-07-07,Eutimio Mendizábal Lozano S.L.,9804492728090,243.94,36.59,280.53,Datafast,DINERS,PAGADA,E-commerce
FAC-000350,TXN-202407-0353,2024-07-19,Fábrica Lasa S.L.,3417883643167,629.26,94.39,723.65,Datafast,MASTERCARD,PAGADA,E-commerce
FAC-000351,TXN-202407-0354,2024-07-06,Infraestructuras Chamorro y asociados S.L.,7659844408895,2420.06,363.01,2783.07,Medianet,MASTERCARD,PAGADA,Ventas
FAC-000352,TXN-202407-0355,2024-07-13,Transportes Pedro S.Coop.,8530320756052,2602.55,390.38,2992.93,PayPhone,VISA,PAGADA,Ventas
FAC-000353,TXN-202407-0356,2024-07-02,Manufacturas IWBU S.A.,6499015230299,175.29,26.29,201.58,Datafast,MASTERCARD,PAGADA,E-commerce
FAC-000354,TXN-202407-0357,2024-07-15,Fábrica PAUT S.Com.,9496633092356,1163.14,174.47,1337.61,Datafast,MASTERCARD,PAGADA,Ventas
FAC-000355,TXN-202407-0358,2024-07-15,Hortensia Quevedo Conde S.L.N.E,5540307991540,2284.91,342.74,2627.65,Medianet,VISA,PAGADA,POS
FAC-000356,TXN-202407-0359,2024-07-09,Farmaceútica Pareja S.Com.,3373201295318,34.28,5.14,39.42,Datafast,VISA,PAGADA,Ventas
FAC-000357,TXN-202407-0360,2024-07-25,Banco del Noroeste S.A.,5100423182068,276.93,41.54,318.47,Datafast,MASTERCARD,PAGADA,POS
FAC-000358,TXN-202407-0361,2024-07-17,Ochoa y Palmer S.Com.,2604810930548,371.6,55.74,427.34,Datafast,AMEX,PAGADA,Ventas
FAC-000359,TXN-202407-0362,2024-07-11,Familia Canet S.L.,4673857797398,13.52,2.03,15.55,Datafast,MASTERCARD,PAGADA,E-commerce
FAC-000360,TXN-202407-0363,2024-07-11,Angulo y Cuervo S.L.N.E,2945538151827,21.76,3.26,25.02,Datafast,VISA,PAGADA,Ventas
FAC-000361,TXN-202407-0364,2024-07-08,Grupo Montenegro S.Com.,2838264295185,27.8,4.17,31.97,Medianet,MASTERCARD,PAGADA,POS
FAC-000362,TXN-202407-0365,2024-07-30,Consultoría UU S.L.,3355768815590,49.1,7.36,56.46,Medianet,VISA,PAGADA,Ventas
FAC-000363,TXN-202407-0366,2024-07-12,Alimentación Huertas & Asociados S.L.,4108196954487,413.1,61.97,475.07,Medianet,MASTERCARD,PAGADA,Ventas
FAC-000364,TXN-202407-0367,2024-07-20,Alcaraz y Boix S.A.,5915048849150,34.02,5.1,39.12,Datafast,DINERS,PAGADA,Ventas
FAC-000365,TXN-202407-0368,2024-07-22,Tenorio y Lucena S.L.N.E,7592446403507,39.4,5.91,45.31,Datafast,MASTERCARD,PAGADA,Ventas
FAC-000366,TXN-202407-0369,2024-07-17,Inmobiliaria Canals & Asociados S.L.U.,6295559355881,357.13,53.57,410.7,Medianet,MASTERCARD,PAGADA,POS
FAC-000367,TXN-202407-0370,2024-07-27,Elisa Samper Lamas S.A.,1782277547777,678.71,101.81,780.52,Medianet,VISA,PAGADA,E-commerce
FAC-000368,TXN-202407-0371,2024-07-28,Servicios Robles & Asociados S.L.,4459254123872,15.08,2.26,17.34,PayPhone,VISA,PAGADA,E-commerce
FAC-000369,TXN-202407-0372,2024-07-29,Comas y asociados S.Com.,4693797900704,248.1,37.21,285.31,Datafast,MASTERCARD,PAGADA,Ventas
FAC-000370,TXN-202407-0373,2024-07-19,Marcos Gibert Aliaga S.A.,5259484967416,31.44,4.72,36.16,Datafast,VISA,PAGADA,E-commerce
FAC-000371,TXN-202407-0374,2024-07-09,Grupo Alcalá S.Coop.,6423956712559,5.77,0.86,6.63,Medianet,MASTERCARD,PAGADA,Ventas
FAC-000372,TXN-202407-0375,2024-07-03,Hnos Bermúdez S.L.U.,3850276749064,26.82,4.02,30.84,Medianet,MASTERCARD,PAGADA,Ventas
FAC-000373,TXN-202407-0376,2024-07-02,Restauración TOK S.Com.,2522727653145,65.24,9.79,75.03,PayPhone,DINERS,PAGADA,Ventas
FAC-000374,TXN-202407-0377,2024-07-21,Alonso Ballesteros Ferrando S.L.N.E,2434170054558,426.87,64.03,490.9,Datafast,MASTERCARD,PAGADA,Ventas
FAC-000375,TXN-202407-0378,2024-07-13,Instalaciones Pinilla S.L.,4045595562168,64.16,9.62,73.78,Datafast,AMEX,PAGADA,Ventas
FAC-000376,TXN-202407-0379,2024-07-28,Comercial Borrás S.L.L.,9433576680895,118.14,17.72,135.86,Datafast,DINERS,PAGADA,POS
FAC-000377,TXN-202407-0380,2024-07-08,Castellanos y asociados S.L.,1049108604317,12.65,1.9,14.55,Datafast,DINERS,PAGADA,POS
FAC-000378,TXN-202407-0381,2024-07-14,Promociones Nicolau y asociados S.A.,2155785219793,51.24,7.69,58.93,Medianet,DINERS,PAGADA,Ventas
FAC-000379,TXN-202407-0382,2024-07-07,Talleres Mariscal & Asociados S.Coop.,3868609316089,14.46,2.17,16.63,Datafast,VISA,PAGADA,Ventas
FAC-000380,TXN-202407-0383,2024-07-30,Hermanos Aguirre S.A.,7688501055839,294.15,44.12,338.27,Medianet,VISA,PAGADA,Ventas
FAC-000381,TXN-202407-0384,2024-07-22,Hermanos Quero S.L.U.,2011532026400,232.62,34.89,267.51,Datafast,VISA,PAGADA,E-commerce
FAC-000382,TXN-202407-0385,2024-07-18,Soluciones Castelló y asociados S.L.,8833396379020,32.97,4.95,37.92,PayPhone,VISA,PAGADA,POS
FAC-000383,TXN-202407-0386,2024-07-08,Familia Camps S.L.N.E,9538878218893,69.14,10.37,79.51,Medianet,MASTERCARD,PAGADA,POS
FAC-000384,TXN-202407-0387,2024-07-08,Tecnologías GI S.A.,7744781676634,368.45,55.27,423.72,Medianet,MASTERCARD,PAGADA,POS
FAC-000385,TXN-202407-0388,2024-07-09,Desarrollo Tejedor S.Com.,2708348124266,31.32,4.7,36.02,PayPhone,DINERS,PAGADA,Ventas
FAC-000386,TXN-202407-0389,2024-07-22,Maestre & Asociados S.Com.,4774264404783,133.53,20.03,153.56,Medianet,MASTERCARD,PAGADA,Ventas
FAC-000387,TXN-202407-0390,2024-07-13,Familia Rodrigo S.Com.,9727966379581,46.3,6.95,53.25,Medianet,VISA,PAGADA,POS
FAC-000388,TXN-202407-0391,2024-07-25,Grupo Cuesta S.A.,9787744992468,28.9,4.33,33.23,Datafast,VISA,PAGADA,POS
FAC-000389,TXN-202407-0392,2024-07-26,Despacho Gras & Asociados S.A.,6714469399531,50.5,7.57,58.07,Datafast,AMEX,PAGADA,Ventas
FAC-000390,TXN-202407-0393,2024-07-05,Villanueva & Asociados S.Coop.,5156642394026,1646.28,246.94,1893.22,PayPhone,MASTERCARD,PAGADA,E-commerce
FAC-000391,TXN-202407-0394,2024-07-28,Talleres Báez y asociados S.L.L.,8408964966681,406.37,60.96,467.33,Datafast,VISA,PAGADA,E-commerce
FAC-000392,TXN-202407-0395,2024-07-22,Dulce Galiano Albero S.L.,2582292324687,21.85,3.28,25.13,Datafast,MASTERCARD,PAGADA,E-commerce
FAC-000393,TXN-202407-0396,2024-07-24,Cándido Camino Daza S.Coop.,2720373378406,54.03,8.1,62.13,Medianet,AMEX,PAGADA,POS
FAC-000394,TXN-202407-0397,2024-07-31,Solano y Frías S.L.,9613867485783,191.17,28.68,219.85,Medianet,VISA,PAGADA,POS
FAC-000395,TXN-202407-0398,2024-07-25,Banca Privada Pineda S.A.,1645596576578,342.34,51.35,393.69,Datafast,VISA,PAGADA,Ventas
FAC-000396,TXN-202407-0399,2024-07-08,Talleres EOX S.C.P,5980055126764,214.43,32.16,246.59,PayPhone,MASTERCARD,PAGADA,POS
FAC-000397,TXN-202407-0400,2024-07-10,Promociones Ibérica S.Com.,9149436327056,46.65,7.0,53.65,Datafast,VISA,PAGADA,Ventas
FAC-000398,TXN-202407-0401,2024-07-24,Infraestructuras Españolas S.L.N.E,2346534420042,56.7,8.51,65.21,Datafast,AMEX,PAGADA,POS
FAC-000399,TXN-202407-0402,2024-07-02,Gimeno y Tamayo S.L.,2186747152035,24.76,3.71,28.47,Medianet,VISA,PAGADA,POS
FAC-000400,TXN-202407-0403,2024-07-19,Hermanos Crespi S.L.L.,2091985056513,40.43,6.07,46.5,PayPhone,MASTERCARD,PAGADA,Ventas
FAC-000401,TXN-202407-0404,2024-07-19,Banca Privada XYH S.L.L.,3858508143229,19.35,2.9,22.25,Medianet,VISA,PAGADA,E-commerce
FAC-000402,TXN-202407-0405,2024-07-27,Alimentación Villaverde & Asociados S.L.N.E,7476632790423,163.55,24.53,188.08,Datafast,MASTERCARD,PAGADA,E-commerce
FAC-000403,TXN-202407-0406,2024-07-26,Ciriaco Carreño Lago S.L.,3681060891700,15.32,2.3,17.62,PayPhone,MASTERCARD,PAGADA,Ventas
FAC-000404,TXN-202407-0407,2024-07-18,Compañía Ocaña S.Coop.,5622918457496,64.15,9.62,73.77,Datafast,MASTERCARD,PAGADA,Ventas
FAC-000405,TXN-202407-0408,2024-07-27,Logística Integrales S.L.L.,5699052702599,96.71,14.51,111.22,PayPhone,MASTERCARD,PAGADA,E-commerce
FAC-000406,TXN-202407-0409,2024-07-03,Tecnologías Globales S.L.,6411435830407,45.48,6.82,52.3,Datafast,VISA,PAGADA,POS
FAC-000407,TXN-202407-0410,2024-07-21,Fábrica Pomares S.L.N.E,7151306109221,8.29,1.24,9.53,Datafast,VISA,PAGADA,E-commerce
FAC-000408,TXN-202407-0411,2024-07-18,Acevedo y asociados S.Com.,6189745371473,75.31,11.3,86.61,PayPhone,AMEX,PAGADA,POS
FAC-000409,TXN-202407-0412,2024-07-10,Grupo Carpio S.Coop.,2904319274312,265.23,39.78,305.01,Datafast,VISA,PAGADA,Ventas
FAC-000410,TXN-202407-0413,2024-07-06,Comercializadora EOP S.A.,6266560233616,65.63,9.85,75.48,Medianet,MASTERCARD,PAGADA,Ventas
FAC-000411,TXN-202407-0414,2024-07-09,Narváez y asociados S.A.U,5558062475552,44.77,6.71,51.48,PayPhone,MASTERCARD,PAGADA,E-commerce
FAC-000412,TXN-202407-0416,2024-07-21,Gisbert & Asociados S.L.N.E,6372036702751,379.22,56.88,436.1,PayPhone,VISA,PAGADA,Ventas
FAC-000413,TXN-202407-0417,2024-07-02,Solana & Asociados S.Coop.,1005687069057,40.39,6.06,46.45,Medianet,VISA,PAGADA,Ventas
FAC-000414,TXN-202407-0418,2024-07-26,Soluciones YMC S.Com.,1912181679323,32.64,4.9,37.54,Datafast,VISA,PAGADA,Ventas
FAC-000415,TXN-202407-0419,2024-07-02,Grupo Tirado S.A.,5639330548495,38.79,5.82,44.61,Medianet,AMEX,PAGADA,Ventas
FAC-000416,TXN-202407-0420,2024-07-02,Construcción Luque S.L.U.,2065707943218,243.23,36.48,279.71,Datafast,AMEX,PAGADA,Ventas
FAC-000417,TXN-202407-0421,2024-07-06,Cabañas y asociados S.Com.,3902426468551,47.27,7.09,54.36,Medianet,VISA,PAGADA,Ventas
FAC-000418,TXN-202407-0422,2024-07-27,Crespi & Asociados S.L.,8302041154880,57.87,8.68,66.55,Datafast,VISA,PAGADA,Ventas
FAC-000419,TXN-202407-0423,2024-07-28,Catalán y Bautista S.Com.,5010933465336,276.53,41.48,318.01,PayPhone,VISA,PAGADA,E-commerce
FAC-000420,TXN-202407-0424,2024-07-26,Construcción del Norte S.A.,3530575437009,52.59,7.89,60.48,Medianet,MASTERCARD,PAGADA,POS
FAC-000421,TXN-202407-0425,2024-07-14,Finanzas Miró S.Coop.,7941643770217,551.51,82.73,634.24,Medianet,MASTERCARD,PAGADA,Ventas
FAC-000422,TXN-202407-0426,2024-07-13,Familia Amigó S.A.,1147012592833,418.3,62.74,481.04,PayPhone,VISA,PAGADA,Ventas
FAC-000423,TXN-202407-0427,2024-07-12,Cuadrado y Bravo S.L.N.E,9097178568176,1501.31,225.2,1726.51,Datafast,VISA,PAGADA,POS
FAC-000424,TXN-202407-0428,2024-07-03,Perera & Asociados S.A.,8775059173930,310.85,46.63,357.48,PayPhone,VISA,PAGADA,E-commerce
FAC-000425,TXN-202407-0429,2024-07-13,Minería Alemany S.L.N.E,9910559169833,21.83,3.27,25.1,Datafast,VISA,PAGADA,POS
FAC-000426,TXN-202407-0430,2024-07-03,Cid y asociados S.A.,9317936470894,27.87,4.18,32.05,Medianet,VISA,PAGADA,E-commerce
FAC-000427,TXN-202407-0431,2024-07-03,Caridad Martí Castelló S.Com.,4806545259357,106.9,16.04,122.94,PayPhone,VISA,PAGADA,E-commerce
FAC-000428,TXN-202407-0432,2024-07-03,Hermanos Roman S.L.,1276509462078,11.09,1.66,12.75,Datafast,MASTERCARD,PAGADA,Ventas
FAC-000429,TXN-202407-0433,2024-07-01,Heriberto Aragonés Pelayo S.C.P,9256227192602,385.01,57.75,442.76,Medianet,MASTERCARD,PAGADA,Ventas
FAC-000430,TXN-202407-0434,2024-07-08,Blas Santana Tamayo S.Coop.,9061186801093,273.92,41.09,315.01,Datafast,MASTERCARD,PAGADA,Ventas
FAC-000431,TXN-202407-0435,2024-07-09,Talleres ABEI S.L.L.,6509194908170,21.89,3.28,25.17,Medianet,MASTERCARD,PAGADA,E-commerce
FAC-000432,TXN-202407-0436,2024-07-26,Despacho Internacionales S.Com.,1632762805877,23.9,3.58,27.48,Datafast,VISA,PAGADA,Ventas
FAC-000433,TXN-202407-0437,2024-07-20,Familia Manso S.Coop.,7270149726821,250.64,37.6,288.24,Datafast,DINERS,PAGADA,Ventas
FAC-000434,TXN-202407-0438,2024-07-27,Hotel Olivares y asociados S.Coop.,2395696460773,30.16,4.52,34.68,Datafast,VISA,PAGADA,E-commerce
FAC-000435,TXN-202407-0439,2024-07-27,Pera y asociados S.A.,9159569192205,32.43,4.87,37.3,Datafast,AMEX,PAGADA,Ventas
FAC-000436,TXN-202407-0440,2024-07-07,Desarrollo Avanzadas S.Coop.,2535639748925,66.13,9.92,76.05,PayPhone,VISA,PAGADA,Ventas
FAC-000437,TXN-202407-0441,2024-07-23,Julia Amor Armengol S.Coop.,1507516748673,1068.37,160.25,1228.62,Datafast,DINERS,PAGADA,E-commerce
FAC-000438,TXN-202407-0442,2024-07-27,Inversiones Pont y asociados S.Coop.,5681821774874,28.87,4.33,33.2,Datafast,MASTERCARD,PAGADA,E-commerce
FAC-000439,TXN-202407-0443,2024-07-06,Comercial del Levante S.Com.,7379359958438,69.38,10.41,79.79,Datafast,DINERS,PAGADA,Ventas
FAC-000440,TXN-202407-0444,2024-07-07,Paniagua y Guzmán S.L.,4056999712520,413.96,62.09,476.05,Medianet,VISA,PAGADA,Ventas
FAC-000441,TXN-202407-0445,2024-07-26,Lorenzo y asociados S.L.N.E,2093064691267,59.63,8.95,68.58,Medianet,AMEX,PAGADA,Ventas
FAC-000442,TXN-202407-0446,2024-07-05,Despacho Tomé S.L.U.,2491969933530,20.83,3.12,23.95,Medianet,VISA,PAGADA,Ventas
FAC-000443,TXN-202407-0447,2024-07-19,Pineda y Mur S.L.,3713878305682,43.35,6.5,49.85,Datafast,VISA,PAGADA,Ventas
FAC-000444,TXN-202407-0448,2024-07-02,Despacho Suárez y asociados S.A.,7575335526202,222.34,33.35,255.69,Medianet,DINERS,PAGADA,Ventas
FAC-000445,TXN-202407-0449,2024-07-04,Barranco & Asociados S.Coop.,8648747811282,403.52,60.53,464.05,Medianet,AMEX,PAGADA,Ventas
FAC-000446,TXN-202407-0450,2024-07-21,Cleto Botella Romeu S.L.L.,6199345173922,85.74,12.86,98.6,Medianet,VISA,PAGADA,E-commerce
FAC-000447,TXN-202407-0451,2024-07-04,Familia Cornejo S.C.P,2793177865039,56.28,8.44,64.72,Medianet,DINERS,PAGADA,POS
FAC-000448,TXN-202407-0452,2024-07-23,Farmaceútica KB S.L.,9347505577791,273.36,41.0,314.36,Datafast,VISA,PAGADA,E-commerce
FAC-000449,TXN-202407-0453,2024-07-23,Instalaciones YBW S.Com.,6843124345353,48.67,7.3,55.97,Datafast,VISA,PAGADA,POS
FAC-000450,TXN-202407-0454,2024-07-30,Servicios Española S.Com.,7411575092720,23.62,3.54,27.16,Datafast,DINERS,PAGADA,E-commerce
FAC-000451,TXN-202407-0455,2024-07-15,Compañía ZXG S.A.,8948036957562,24.69,3.7,28.39,Datafast,DINERS,PAGADA,Ventas
FAC-000452,TXN-202407-0456,2024-07-15,Despacho Ibérica S.L.N.E,8843391686708,51.43,7.72,59.15,Medianet,VISA,PAGADA,POS
FAC-000453,TXN-202407-0457,2024-07-11,Maximiliano Montaña Sevillano S.L.L.,7855069439441,77.82,11.67,89.49,Datafast,VISA,PAGADA,POS
FAC-000454,TXN-202407-0458,2024-07-17,Fábrica Losa S.Com.,1710427974935,2044.54,306.68,2351.22,Datafast,AMEX,PAGADA,POS
FAC-000455,TXN-202407-0459,2024-07-26,Alimentación Castellana S.Com.,4592101818896,34.48,5.17,39.65,Medianet,VISA,PAGADA,Ventas
FAC-000456,TXN-202407-0460,2024-07-24,Hnos Amo S.L.,8891329357538,214.03,32.11,246.14,Medianet,VISA,PAGADA,Ventas
FAC-000457,TXN-202407-0461,2024-07-07,Niño y Figuerola S.L.N.E,4981115703475,4.63,0.7,5.33,PayPhone,VISA,PAGADA,E-commerce
FAC-000458,TXN-202407-0462,2024-07-26,Hotel YY S.C.P,6001642624554,280.43,42.06,322.49,Datafast,MASTERCARD,PAGADA,E-commerce
FAC-000459,TXN-202407-0463,2024-07-28,Collado & Asociados S.A.,6320213546922,21.46,3.22,24.68,Datafast,VISA,PAGADA,E-commerce
FAC-000460,TXN-202407-0464,2024-07-19,Instalaciones Contreras & Asociados S.A.,9439407173434,292.83,43.92,336.75,Medianet,MASTERCARD,PAGADA,Ventas
FAC-000461,TXN-202407-0465,2024-07-23,Consultoría NK S.Com.,5960954700603,366.76,55.01,421.77,Datafast,AMEX,PAGADA,Ventas
FAC-000462,TXN-202407-0466,2024-07-08,Manufacturas Izaguirre & Asociados S.Coop.,8381079516352,183.95,27.59,211.54,PayPhone,MASTERCARD,PAGADA,E-commerce
FAC-000463,TXN-202407-0467,2024-07-20,Prieto & Asociados S.A.,1941202241756,29.68,4.45,34.13,Datafast,VISA,PAGADA,Ventas
FAC-000464,TXN-202407-0468,2024-07-30,Suministros Murillo & Asociados S.A.,1868095641854,39.39,5.91,45.3,Medianet,VISA,PAGADA,Ventas
FAC-000465,TXN-202407-0469,2024-07-06,Instalaciones Jáuregui S.L.,2533366502859,23.18,3.48,26.66,PayPhone,VISA,PAGADA,Ventas
FAC-000466,TXN-202407-0470,2024-07-16,Despacho Cánovas & Asociados S.L.,1856581791578,417.19,62.58,479.77,PayPhone,MASTERCARD,PAGADA,E-commerce
FAC-000467,TXN-202407-0471,2024-07-14,Joel Portero Flor S.A.U,3190524922191,308.08,46.21,354.29,Datafast,VISA,PAGADA,POS
FAC-000468,TXN-202407-0472,2024-07-19,Quesada y asociados S.L.N.E,9214299948141,15.25,2.29,17.54,Datafast,MASTERCARD,PAGADA,Ventas
FAC-000469,TXN-202407-0473,2024-07-10,Hermanos Benavent S.A.,4601385699391,19.01,2.85,21.86,Medianet,VISA,PAGADA,Ventas
FAC-000470,TXN-202407-0474,2024-07-17,Logística YK S.Coop.,4626520120174,250.46,37.57,288.03,Medianet,MASTERCARD,PAGADA,Ventas
FAC-000471,TXN-202407-0475,2024-07-18,Elpidio Robledo Pina S.A.,1520984469888,68.97,10.35,79.32,Medianet,VISA,PAGADA,E-commerce
FAC-000472,TXN-202407-0476,2024-07-24,Fábrica del Levante S.L.,6065948182729,32.08,4.81,36.89,Medianet,VISA,PAGADA,POS
FAC-000473,TXN-202407-0477,2024-07-12,Hermanos Palomino S.Coop.,2536759164491,1412.46,211.87,1624.33,Medianet,VISA,PAGADA,POS
FAC-000474,TXN-202407-0478,2024-07-26,Marino Echevarría Sierra S.Com.,5032180113085,156.1,23.42,179.52,Datafast,DINERS,PAGADA,Ventas
FAC-000475,TXN-202407-0479,2024-07-06,Inversiones Alonso S.A.,2731568234284,300.66,45.1,345.76,Medianet,VISA,PAGADA,POS
FAC-000476,TXN-202407-0480,2024-07-12,Instalaciones Ibérica S.L.,1122462671320,8.22,1.23,9.45,Datafast,VISA,PAGADA,Ventas
FAC-000477,TXN-202407-0481,2024-07-10,Valbuena & Asociados S.A.T.,2753423867077,50.26,7.54,57.8,Datafast,MASTERCARD,PAGADA,Ventas
FAC-000478,TXN-202407-0482,2024-07-04,Juanita Acedo Sanchez S.Coop.,5904293987667,1911.52,286.73,2198.25,Datafast,AMEX,PAGADA,Ventas
FAC-000479,TXN-202407-0483,2024-07-28,Hotel Montes S.Com.,4808772107524,2592.37,388.85,2981.22,PayPhone,MASTERCARD,PAGADA,E-commerce
FAC-000480,TXN-202407-0484,2024-07-27,Consultoría Dueñas S.A.U,9800330510972,50.74,7.61,58.35,Datafast,AMEX,PAGADA,Ventas
FAC-000481,TXN-202407-0485,2024-07-09,Gomila & Asociados S.Coop.,4672542654168,42.01,6.3,48.31,Medianet,MASTERCARD,PAGADA,POS
FAC-000482,TXN-202407-0486,2024-07-03,Transportes Arenas S.C.P,8539276398523,391.0,58.65,449.65,Datafast,VISA,PAGADA,E-commerce
FAC-000483,TXN-202407-0487,2024-07-31,Restauración Bernad S.L.L.,8118289363278,1237.11,185.57,1422.68,Medianet,VISA,PAGADA,Ventas
FAC-000484,TXN-202407-0488,2024-07-24,Fábrica VRT S.Coop.,9368070423573,337.17,50.57,387.74,Datafast,VISA,PAGADA,E-commerce
FAC-000485,TXN-202407-0489,2024-07-13,Talleres Galván S.A.,2089959311699,360.16,54.02,414.18,Medianet,MASTERCARD,PAGADA,E-commerce
FAC-000486,TXN-202407-0490,2024-07-10,Industrias del Noroeste S.L.N.E,3313534705070,25.4,3.81,29.21,PayPhone,AMEX,PAGADA,E-commerce
FAC-000487,TXN-202407-0491,2024-07-29,Industrias HYWO S.A.,7375088494999,357.47,53.62,411.09,Medianet,VISA,PAGADA,Ventas
FAC-000488,TXN-202407-0492,2024-07-01,Inmobiliaria HXZE S.Com.,6135768662138,375.14,56.27,431.41,Medianet,VISA,PAGADA,Ventas
FAC-000489,TXN-202407-0493,2024-07-14,Comercializadora BXGH S.A.D,1159519484542,69.03,10.36,79.39,PayPhone,VISA,PAGADA,Ventas
FAC-000490,TXN-202407-0494,2024-07-28,Distribuciones Figueras & Asociados S.A.D,3059551330591,179.81,26.97,206.78,PayPhone,AMEX,PAGADA,Ventas
FAC-000491,TXN-202407-0495,2024-07-21,Servicios Nogueira S.Com.,5441963511096,47.69,7.15,54.84,Datafast,VISA,PAGADA,POS
FAC-000492,TXN-202407-0496,2024-07-14,Inversiones del Noroeste S.L.L.,7345136365905,345.39,51.81,397.2,Datafast,MASTERCARD,PAGADA,Ventas
FAC-000493,TXN-202407-0497,2024-07-19,Instalaciones Inteligentes S.L.,1341737223426,9.43,1.42,10.85,Datafast,VISA,PAGADA,Ventas
FAC-000494,TXN-202407-0498,2024-07-04,Fabra y Ródenas S.L.N.E,9978703238128,26.76,4.01,30.77,Medianet,VISA,PAGADA,Ventas
FAC-000495,TXN-202407-0499,2024-07-26,Barba y Morán S.L.,2071899354752,10.17,1.53,11.7,Medianet,VISA,PAGADA,Ventas
FAC-000496,TXN-202407-0500,2024-07-27,Hermanos Baena S.A.,2512759637311,29.3,4.4,33.7,Datafast,VISA,PAGADA,Ventas
FAC-000497,TXN-202408-0001,2024-08-20,Gallardo & Asociados S.A.,4993310886230,41.09,6.16,47.25,Medianet,MASTERCARD,PAGADA,Ventas
FAC-000498,TXN-202408-0002,2024-08-30,Morera y Gutiérrez S.Com.,6559400381803,53.15,7.97,61.12,Datafast,VISA,PAGADA,POS
FAC-000499,TXN-202408-0003,2024-08-05,Carmen Falcón Cazorla S.L.,6348510021824,62.82,9.42,72.24,Medianet,VISA,PAGADA,POS
FAC-000500,TXN-202408-0004,2024-08-05,Banco GVXQ S.L.,1940817028461,1118.49,167.77,1286.26,Medianet,VISA,PAGADA,E-commerce
FAC-000501,TXN-202408-0005,2024-08-20,Promociones Adadia S.Com.,6487873214999,288.7,43.3,332.0,Datafast,VISA,PAGADA,E-commerce
FAC-000502,TXN-202408-0006,2024-08-10,Damián Osorio Agudo S.L.N.E,7103204347433,310.03,46.5,356.53,Medianet,MASTERCARD,PAGADA,E-commerce
FAC-000503,TXN-202408-0007,2024-08-02,Banco VK S.Com.,4942106510046,177.5,26.63,204.13,Medianet,MASTERCARD,PAGADA,E-commerce
FAC-000504,TXN-202408-0008,2024-08-17,Promociones Polo & Asociados S.Coop.,1010413135557,43.08,6.46,49.54,Datafast,VISA,PAGADA,E-commerce
FAC-000505,TXN-202408-0009,2024-08-19,Infraestructuras Pi & Asociados S.Com.,8342072239567,60.49,9.07,69.56,PayPhone,DINERS,PAGADA,Ventas
FAC-000506,TXN-202408-0010,2024-08-25,Aramburu & Asociados S.L.,2617618989878,418.15,62.72,480.87,Datafast,MASTERCARD,PAGADA,Ventas
FAC-000507,TXN-202408-0011,2024-08-02,Eustaquio Rosselló Galan S.A.T.,6876775138771,6.95,1.04,7.99,Datafast,VISA,PAGADA,E-commerce
FAC-000508,TXN-202408-0012,2024-08-23,Murillo & Asociados S.C.P,2639818939720,31.44,4.72,36.16,Medianet,MASTERCARD,PAGADA,E-commerce
FAC-000509,TXN-202408-0013,2024-08-10,Inversiones Iberia S.A.,4587304519455,170.9,25.64,196.54,Datafast,MASTERCARD,PAGADA,POS
FAC-000510,TXN-202408-0014,2024-08-13,Ferreras y asociados S.Coop.,7468173418807,265.46,39.82,305.28,Medianet,VISA,PAGADA,Ventas
FAC-000511,TXN-202408-0015,2024-08-23,Infraestructuras Integrales S.A.,8464031575859,93.71,14.06,107.77,Medianet,AMEX,PAGADA,Ventas
FAC-000512,TXN-202408-0016,2024-08-14,Suministros del Noroeste S.Coop.,3491853620544,9.97,1.5,11.47,Medianet,AMEX,PAGADA,Ventas
FAC-000513,TXN-202408-0017,2024-08-24,Transportes Palacio S.Coop.,8633927195406,52.72,7.91,60.63,Datafast,MASTERCARD,PAGADA,E-commerce
FAC-000514,TXN-202408-0018,2024-08-31,Inversiones del Noroeste S.L.N.E,3985670207153,129.4,19.41,148.81,Datafast,MASTERCARD,PAGADA,Ventas
FAC-000515,TXN-202408-0019,2024-08-05,Yáñez & Asociados S.A.,6884205555354,130.54,19.58,150.12,Medianet,MASTERCARD,PAGADA,POS
FAC-000516,TXN-202408-0020,2024-08-01,Familia Alarcón S.Coop.,4607896778889,351.3,52.7,404.0,Medianet,VISA,PAGADA,POS
FAC-000517,TXN-202408-0021,2024-08-19,Montaña y Olivera S.C.P,3121007204094,50.8,7.62,58.42,PayPhone,VISA,PAGADA,E-commerce
FAC-000518,TXN-202408-0022,2024-08-19,Dora Prado Villalba S.L.N.E,7311246175780,36.93,5.54,42.47,Datafast,VISA,PAGADA,POS
FAC-000519,TXN-202408-0023,2024-08-24,Sandoval y asociados S.L.,4510486671864,41.77,6.27,48.04,Datafast,VISA,PAGADA,E-commerce
FAC-000520,TXN-202408-0024,2024-08-08,Olivé y Ropero S.L.N.E,4426244704986,60.63,9.09,69.72,Datafast,MASTERCARD,PAGADA,Ventas
FAC-000521,TXN-202408-0025,2024-08-28,Grupo Perera S.A.,7011018770332,65.08,9.76,74.84,Datafast,VISA,PAGADA,Ventas
FAC-000522,TXN-202408-0026,2024-08-11,Distribuciones Avanzadas S.Coop.,5170443073246,222.73,33.41,256.14,Medianet,AMEX,PAGADA,Ventas
FAC-000523,TXN-202408-0027,2024-08-12,Ciríaco Blanes Sosa S.A.T.,9468997490304,9.43,1.41,10.84,Datafast,MASTERCARD,PAGADA,E-commerce
FAC-000524,TXN-202408-0028,2024-08-02,Ismael Mendez Gargallo S.Com.,3981779989924,56.81,8.52,65.33,Medianet,AMEX,PAGADA,Ventas
FAC-000525,TXN-202408-0029,2024-08-11,Promociones Diego & Asociados S.A.,6192470481130,59.44,8.92,68.36,Datafast,VISA,PAGADA,E-commerce
FAC-000526,TXN-202408-0030,2024-08-10,Segarra y Laguna S.A.T.,2186432314565,41.12,6.17,47.29,Medianet,VISA,PAGADA,Ventas
FAC-000527,TXN-202408-0031,2024-08-25,Transportes del Mediterráneo S.L.,2281275917003,249.75,37.46,287.21,Medianet,VISA,PAGADA,Ventas
FAC-000528,TXN-202408-0032,2024-08-30,Micaela Bernad Zabala S.C.P,4437432567405,124.56,18.68,143.24,Medianet,MASTERCARD,PAGADA,E-commerce
FAC-000529,TXN-202408-0033,2024-08-01,Suministros Aguiló & Asociados S.Com.,3662512311541,322.83,48.42,371.25,Datafast,MASTERCARD,PAGADA,Ventas
FAC-000530,TXN-202408-0034,2024-08-04,Familia Suarez S.Com.,9111902060713,335.16,50.27,385.43,Datafast,MASTERCARD,PAGADA,Ventas
FAC-000531,TXN-202408-0035,2024-08-05,Rosales y Roselló S.C.P,6193005221442,8.25,1.24,9.49,Medianet,VISA,PAGADA,Ventas
FAC-000532,TXN-202408-0036,2024-08-14,Fausto Hernandez Acedo S.A.,9267353842561,59.49,8.92,68.41,Datafast,VISA,PAGADA,E-commerce
FAC-000533,TXN-202408-0037,2024-08-17,Farmaceútica Internacionales S.C.P,2561599944261,281.67,42.25,323.92,PayPhone,VISA,PAGADA,E-commerce
FAC-000534,TXN-202408-0038,2024-08-22,Montenegro y Julián S.A.,7845537582682,92.31,13.85,106.16,Medianet,VISA,PAGADA,Ventas
FAC-000535,TXN-202408-0039,2024-08-23,Consultoría Calatayud S.L.,9295081499402,56.57,8.49,65.06,Datafast,VISA,PAGADA,E-commerce
FAC-000536,TXN-202408-0040,2024-08-05,Máxima Rincón Perales S.C.P,3423585935803,65.89,9.88,75.77,Datafast,VISA,PAGADA,POS
FAC-000537,TXN-202408-0041,2024-08-04,Industrias FKFG S.L.L.,9552880507507,24.83,3.72,28.55,Datafast,VISA,PAGADA,E-commerce
FAC-000538,TXN-202408-0042,2024-08-28,Manufacturas Palma y asociados S.A.,9581973544252,34.57,5.18,39.75,Datafast,MASTERCARD,PAGADA,Ventas
FAC-000539,TXN-202408-0043,2024-08-20,Restauración del Sur S.L.,4577774449649,50.3,7.55,57.85,Datafast,AMEX,PAGADA,Ventas
FAC-000540,TXN-202408-0044,2024-08-31,Inmobiliaria Avanzadas S.L.,4104640060698,50.73,7.61,58.34,Datafast,AMEX,PAGADA,Ventas
FAC-000541,TXN-202408-0045,2024-08-06,Supermercados KCD S.L.N.E,7526486275537,57.83,8.68,66.51,Datafast,VISA,PAGADA,E-commerce
FAC-000542,TXN-202408-0046,2024-08-04,Jeremías Salgado Quero S.A.D,6993854609121,270.48,40.57,311.05,PayPhone,AMEX,PAGADA,E-commerce
FAC-000543,TXN-202408-0047,2024-08-25,Alejo Bautista Ribes S.Com.,1240725453960,8.37,1.26,9.63,Datafast,MASTERCARD,PAGADA,POS
FAC-000544,TXN-202408-0048,2024-08-21,Rojas y Acero S.L.N.E,2160993247079,45.45,6.82,52.27,Datafast,AMEX,PAGADA,POS
FAC-000545,TXN-202408-0049,2024-08-03,Compañía Cerro S.Com.,2862517431603,77.53,11.63,89.16,Medianet,VISA,PAGADA,Ventas
FAC-000546,TXN-202408-0050,2024-08-27,Raquel Téllez Fernández S.Coop.,2650394398844,63.37,9.51,72.88,PayPhone,VISA,PAGADA,Ventas
FAC-000547,TXN-202408-0051,2024-08-14,Evelia Acevedo Collado S.L.N.E,2978952361794,64.62,9.69,74.31,Datafast,DINERS,PAGADA,Ventas
FAC-000548,TXN-202408-0052,2024-08-07,Granados & Asociados S.L.L.,8264549595781,132.68,19.9,152.58,Datafast,VISA,PAGADA,POS
FAC-000549,TXN-202408-0053,2024-08-20,Guitart y asociados S.Coop.,3273174271832,44.4,6.66,51.06,Datafast,VISA,PAGADA,POS
FAC-000550,TXN-202408-0054,2024-08-03,Familia Carbonell S.A.,2840239362761,244.51,36.68,281.19,Medianet,VISA,PAGADA,Ventas
FAC-000551,TXN-202408-0055,2024-08-08,Hotel CSQ S.Com.,6964040465511,360.71,54.11,414.82,Datafast,VISA,PAGADA,POS
FAC-000552,TXN-202408-0056,2024-08-23,Logística Terrón & Asociados S.Com.,3086381105022,29.3,4.39,33.69,PayPhone,MASTERCARD,PAGADA,Ventas
FAC-000553,TXN-202408-0057,2024-08-11,Servicios Gallo & Asociados S.Com.,7892074595282,41.23,6.19,47.42,Datafast,MASTERCARD,PAGADA,POS
FAC-000554,TXN-202408-0058,2024-08-26,Wilfredo Piñol Isern S.L.L.,6667742393543,80.27,12.04,92.31,Datafast,VISA,PAGADA,Ventas
FAC-000555,TXN-202408-0059,2024-08-08,Melisa Portillo Gargallo S.A.,3973278396921,54.36,8.15,62.51,Datafast,DINERS,PAGADA,Ventas
FAC-000556,TXN-202408-0060,2024-08-30,Hnos Arteaga S.L.,5410026077214,57.58,8.64,66.22,Datafast,MASTERCARD,PAGADA,Ventas
FAC-000557,TXN-202408-0061,2024-08-26,Familia Río S.Coop.,3448696537155,59.56,8.93,68.49,Datafast,DINERS,PAGADA,POS
FAC-000558,TXN-202408-0062,2024-08-19,Grupo Espada S.A.,7031052089831,133.88,20.08,153.96,Datafast,AMEX,PAGADA,E-commerce
FAC-000559,TXN-202408-0063,2024-08-23,Ángeles Torre Ordóñez S.Coop.,8173095079337,496.1,74.42,570.52,PayPhone,MASTERCARD,PAGADA,Ventas
FAC-000560,TXN-202408-0064,2024-08-26,Macías & Asociados S.A.,6731297341485,138.31,20.75,159.06,PayPhone,MASTERCARD,PAGADA,Ventas
FAC-000561,TXN-202408-0065,2024-08-20,Familia Sandoval S.Com.,1627590826800,8.01,1.2,9.21,Medianet,VISA,PAGADA,Ventas
FAC-000562,TXN-202408-0066,2024-08-26,Quiroga y Valle S.Com.,8707220871218,44.4,6.66,51.06,Datafast,VISA,PAGADA,E-commerce
FAC-000563,TXN-202408-0067,2024-08-02,Llopis y Moraleda S.A.,8445239596023,386.65,58.0,444.65,Datafast,VISA,PAGADA,POS
FAC-000564,TXN-202408-0068,2024-08-17,Talleres del Sur S.L.,3615998751757,11.58,1.74,13.32,Datafast,MASTERCARD,PAGADA,Ventas
FAC-000565,TXN-202408-0069,2024-08-04,Servicios QCK S.Com.,8903230888060,1294.77,194.22,1488.99,PayPhone,VISA,PAGADA,Ventas
FAC-000566,TXN-202408-0070,2024-08-26,Distribuciones ZN S.L.,8741750241300,66.22,9.93,76.15,Datafast,VISA,PAGADA,Ventas
FAC-000567,TXN-202408-0071,2024-08-23,Infraestructuras VLPX S.L.N.E,6688675875585,67.53,10.13,77.66,PayPhone,MASTERCARD,PAGADA,Ventas
FAC-000568,TXN-202408-0072,2024-08-10,Vargas y Pedraza S.C.P,1095914504972,133.61,20.04,153.65,Medianet,VISA,PAGADA,POS
FAC-000569,TXN-202408-0073,2024-08-31,Infraestructuras Franch & Asociados S.A.T.,4166946272865,416.08,62.41,478.49,Medianet,VISA,PAGADA,Ventas
FAC-000570,TXN-202408-0074,2024-08-20,Prats y Coloma S.L.,2381420438450,505.18,75.78,580.96,Datafast,DINERS,PAGADA,POS
FAC-000571,TXN-202408-0075,2024-08-30,Cuevas y asociados S.L.,9746217643493,41.23,6.19,47.42,PayPhone,DINERS,PAGADA,E-commerce
FAC-000572,TXN-202408-0076,2024-08-06,Comercializadora Rodriguez S.Coop.,8341667407886,68.42,10.26,78.68,Datafast,MASTERCARD,PAGADA,Ventas
FAC-000573,TXN-202408-0077,2024-08-29,Crespi y asociados S.Coop.,8285857491106,302.97,45.45,348.42,PayPhone,VISA,PAGADA,E-commerce
FAC-000574,TXN-202408-0078,2024-08-09,Comercial Vilanova y asociados S.Coop.,9267264187939,8.77,1.31,10.08,Datafast,VISA,PAGADA,Ventas
FAC-000575,TXN-202408-0079,2024-08-06,Borrás y asociados S.A.,6789537701249,31.71,4.76,36.47,Medianet,VISA,PAGADA,E-commerce
FAC-000576,TXN-202408-0080,2024-08-16,Construcción Arenas y asociados S.A.T.,3716459824378,10.97,1.64,12.61,Datafast,VISA,PAGADA,E-commerce
FAC-000577,TXN-202408-0081,2024-08-28,Hermanos Arnau S.Com.,1147040793651,9.16,1.37,10.53,Medianet,MASTERCARD,PAGADA,POS
FAC-000578,TXN-202408-0082,2024-08-06,Infraestructuras Pascual & Asociados S.L.,7575692692032,596.09,89.41,685.5,Datafast,VISA,PAGADA,Ventas
FAC-000579,TXN-202408-0083,2024-08-11,Comercial del Norte S.Com.,7035712567212,2560.96,384.14,2945.1,Datafast,VISA,PAGADA,Ventas
FAC-000580,TXN-202408-0084,2024-08-21,Tecnologías Española S.L.N.E,4100857895915,227.1,34.06,261.16,PayPhone,AMEX,PAGADA,Ventas
FAC-000581,TXN-202408-0085,2024-08-07,Logística Figueras S.L.L.,3924256600980,25.94,3.89,29.83,Medianet,VISA,PAGADA,Ventas
FAC-000582,TXN-202408-0086,2024-08-10,Restauración Ocaña S.L.N.E,5278369030341,166.44,24.97,191.41,Medianet,MASTERCARD,PAGADA,E-commerce
FAC-000583,TXN-202408-0088,2024-08-20,Néstor Gaya Ferrer S.Coop.,4165329856849,47.52,7.13,54.65,Datafast,VISA,PAGADA,Ventas
FAC-000584,TXN-202408-0089,2024-08-03,Alemán y Mosquera S.A.,9697707060074,23.38,3.51,26.89,Datafast,VISA,PAGADA,E-commerce
FAC-000585,TXN-202408-0090,2024-08-22,Desarrollo Integrales S.L.,5814337004917,36.24,5.44,41.68,PayPhone,VISA,PAGADA,E-commerce
FAC-000586,TXN-202408-0091,2024-08-12,Busquets y Badía S.A.,4943687163876,62.1,9.31,71.41,Datafast,MASTERCARD,PAGADA,Ventas
FAC-000587,TXN-202408-0092,2024-08-09,Tecnologías Bejarano S.L.,3315774054586,19.1,2.87,21.97,Datafast,VISA,PAGADA,E-commerce
FAC-000588,TXN-202408-0093,2024-08-12,Grupo Amigó S.L.N.E,6418248741427,100.87,15.13,116.0,Datafast,MASTERCARD,PAGADA,Ventas
FAC-000589,TXN-202408-0094,2024-08-13,Familia Jaén S.A.,7453141988726,8.32,1.25,9.57,Datafast,MASTERCARD,PAGADA,E-commerce
FAC-000590,TXN-202408-0095,2024-08-29,Soluciones Integrales S.Coop.,3649212233998,242.98,36.45,279.43,Datafast,MASTERCARD,PAGADA,Ventas
FAC-000591,TXN-202408-0096,2024-08-17,Talleres Ibéricos S.L.,3015900713204,1987.62,298.14,2285.76,Datafast,VISA,PAGADA,Ventas
FAC-000592,TXN-202408-0097,2024-08-04,Falcón & Asociados S.A.D,4484567715417,296.1,44.41,340.51,PayPhone,AMEX,PAGADA,POS
FAC-000593,TXN-202408-0098,2024-08-05,Martinez y asociados S.A.,9366045689391,2192.3,328.85,2521.15,Datafast,DINERS,PAGADA,E-commerce
FAC-000594,TXN-202408-0099,2024-08-21,Martina Sánchez Luján S.Com.,2264576776576,69.39,10.41,79.8,Datafast,DINERS,PAGADA,Ventas
FAC-000595,TXN-202408-0100,2024-08-03,Silva y Escribano S.Coop.,5964760852085,2422.11,363.32,2785.43,PayPhone,VISA,PAGADA,Ventas
FAC-000596,TXN-202408-0101,2024-08-15,Alemany y Arteaga S.L.,9229645521750,22.37,3.35,25.72,Datafast,VISA,PAGADA,E-commerce
FAC-000597,TXN-202408-0102,2024-08-14,Galván y Zaragoza S.L.,4699887829887,31.71,4.76,36.47,Medianet,MASTERCARD,PAGADA,Ventas
FAC-000598,TXN-202408-0103,2024-08-30,Cisneros y asociados S.C.P,2875442206185,412.74,61.91,474.65,Datafast,MASTERCARD,PAGADA,POS
FAC-000599,TXN-202408-0105,2024-08-06,Tecnologías Santana & Asociados S.Com.,9806929873864,242.33,36.35,278.68,Datafast,MASTERCARD,PAGADA,Ventas
FAC-000600,TXN-202408-0106,2024-08-13,Hotel Torre S.A.,1406724663903,216.28,32.44,248.72,Datafast,MASTERCARD,PAGADA,Ventas
FAC-000601,TXN-202408-0107,2024-08-12,Talleres Rocha y asociados S.L.,3014303183933,21.86,3.28,25.14,Medianet,VISA,PAGADA,Ventas
FAC-000602,TXN-202408-0108,2024-08-28,Inmobiliaria KJS S.L.,1211184065488,59.31,8.9,68.21,Datafast,MASTERCARD,PAGADA,Ventas
FAC-000603,TXN-202408-0109,2024-08-24,Pagès y Tirado S.Coop.,5158755245296,23.95,3.59,27.54,Medianet,DINERS,PAGADA,Ventas
FAC-000604,TXN-202408-0110,2024-08-03,Font y Sarabia S.A.U,2351436974578,290.51,43.58,334.09,Medianet,VISA,PAGADA,E-commerce
FAC-000605,TXN-202408-0111,2024-08-17,Duilio Cerezo Perez S.A.,3751798387135,35.94,5.39,41.33,Datafast,AMEX,PAGADA,Ventas
FAC-000606,TXN-202408-0112,2024-08-17,Lillo y asociados S.C.P,5466963389586,24.63,3.7,28.33,PayPhone,MASTERCARD,PAGADA,Ventas
FAC-000607,TXN-202408-0113,2024-08-07,Familia Garcia S.A.,9541782560199,80.14,12.02,92.16,Datafast,AMEX,PAGADA,POS
FAC-000608,TXN-202408-0114,2024-08-23,Grupo Sanabria S.Coop.,8416246947629,64.22,9.63,73.85,PayPhone,VISA,PAGADA,Ventas
FAC-000609,TXN-202408-0115,2024-08-04,Calixta Carvajal Molins S.L.N.E,3568426851797,45.79,6.87,52.66,Datafast,AMEX,PAGADA,Ventas
FAC-000610,TXN-202408-0116,2024-08-28,Dueñas y asociados S.L.L.,3467990102719,134.43,20.16,154.59,Datafast,VISA,PAGADA,Ventas
FAC-000611,TXN-202408-0117,2024-08-24,Peinado y asociados S.C.P,1795203872121,62.69,9.4,72.09,Medianet,VISA,PAGADA,Ventas
FAC-000612,TXN-202408-0118,2024-08-25,Familia Larrañaga S.A.,5619045624462,60.03,9.01,69.04,Datafast,VISA,PAGADA,Ventas
FAC-000613,TXN-202408-0119,2024-08-14,Familia Aguado S.L.,2901656633935,167.84,25.18,193.02,PayPhone,MASTERCARD,PAGADA,Ventas
FAC-000614,TXN-202408-0120,2024-08-30,Céspedes y Anglada S.Com.,1482432625381,72.82,10.92,83.74,Datafast,MASTERCARD,PAGADA,Ventas
FAC-000615,TXN-202408-0121,2024-08-26,Transportes IFO S.L.L.,4503075598414,20.81,3.12,23.93,Medianet,MASTERCARD,PAGADA,Ventas
FAC-000616,TXN-202408-0122,2024-08-28,Briones & Asociados S.Coop.,3002484350745,62.75,9.41,72.16,Medianet,MASTERCARD,PAGADA,POS
FAC-000617,TXN-202408-0123,2024-08-20,Hnos Reguera S.A.T.,1193328099970,38.3,5.75,44.05,Datafast,VISA,PAGADA,Ventas
FAC-000618,TXN-202408-0124,2024-08-27,Familia Viña S.L.N.E,2744043109077,2535.83,380.38,2916.21,Medianet,VISA,PAGADA,Ventas
FAC-000619,TXN-202408-0125,2024-08-16,Comercial QKP S.L.,2282353277376,48.98,7.35,56.33,Medianet,MASTERCARD,PAGADA,POS
FAC-000620,TXN-202408-0126,2024-08-21,Capdevila y Ortuño S.L.L.,5554761727573,22.41,3.36,25.77,Datafast,VISA,PAGADA,E-commerce
FAC-000621,TXN-202408-0127,2024-08-08,Raya y Hervás S.Com.,5354814712666,38.09,5.71,43.8,PayPhone,MASTERCARD,PAGADA,POS
FAC-000622,TXN-202408-0128,2024-08-22,Supermercados Muro y asociados S.L.U.,2353939294270,310.8,46.62,357.42,PayPhone,AMEX,PAGADA,E-commerce
FAC-000623,TXN-202408-0129,2024-08-14,Grupo Torrecilla S.A.T.,2715013433906,998.76,149.81,1148.57,Medianet,MASTERCARD,PAGADA,E-commerce
FAC-000624,TXN-202408-0130,2024-08-07,Grupo Salas S.Coop.,3079895824773,278.49,41.77,320.26,Datafast,VISA,PAGADA,E-commerce
FAC-000625,TXN-202408-0131,2024-08-30,Logística Rozas S.L.U.,3791299037191,55.54,8.33,63.87,Medianet,VISA,PAGADA,Ventas
FAC-000626,TXN-202408-0132,2024-08-18,Soler y Lara S.A.U,2875939557142,47.23,7.09,54.32,Datafast,VISA,PAGADA,Ventas
FAC-000627,TXN-202408-0134,2024-08-08,Despacho del Mediterráneo S.Com.,2016220659100,150.74,22.61,173.35,PayPhone,AMEX,PAGADA,Ventas
FAC-000628,TXN-202408-0135,2024-08-19,Familia Martí S.L.N.E,4543643644432,205.31,30.8,236.11,PayPhone,VISA,PAGADA,POS
FAC-000629,TXN-202408-0136,2024-08-19,Sáez & Asociados S.A.,8269142200722,45.72,6.86,52.58,Datafast,VISA,PAGADA,Ventas
FAC-000630,TXN-202408-0137,2024-08-13,Gallardo y Becerra S.L.,6668352780878,60.92,9.14,70.06,Datafast,AMEX,PAGADA,POS
FAC-000631,TXN-202408-0138,2024-08-07,Promociones YODX S.Coop.,5071093385300,119.73,17.96,137.69,Datafast,VISA,PAGADA,Ventas
FAC-000632,TXN-202408-0139,2024-08-11,Grupo Verdugo S.C.P,1590063258677,1429.5,214.43,1643.93,Datafast,MASTERCARD,PAGADA,E-commerce
FAC-000633,TXN-202408-0140,2024-08-11,Amílcar Batlle Morán S.L.U.,5246586172847,68.7,10.3,79.0,Datafast,VISA,PAGADA,Ventas
FAC-000634,TXN-202408-0141,2024-08-19,Bueno y asociados S.L.,9303446332465,54.8,8.22,63.02,Datafast,VISA,PAGADA,POS
FAC-000635,TXN-202408-0142,2024-08-21,Osuna y asociados S.L.,9368415463517,44.43,6.66,51.09,Datafast,MASTERCARD,PAGADA,Ventas
FAC-000636,TXN-202408-0143,2024-08-07,Madrigal y Bernat S.L.U.,5073518517696,6.81,1.02,7.83,Datafast,DINERS,PAGADA,Ventas
FAC-000637,TXN-202408-0144,2024-08-07,Servicios Bonet S.L.,5595965600337,58.69,8.8,67.49,Datafast,VISA,PAGADA,E-commerce
FAC-000638,TXN-202408-0145,2024-08-12,Duilio Jurado Cañas S.Coop.,5022964842109,49.57,7.44,57.01,Medianet,MASTERCARD,PAGADA,E-commerce
FAC-000639,TXN-202408-0146,2024-08-27,Albero y Barroso S.A.,3022514557953,130.57,19.58,150.15,Datafast,VISA,PAGADA,Ventas
FAC-000640,TXN-202408-0147,2024-08-11,Despacho del Mediterráneo S.A.,6823766041426,287.37,43.11,330.48,Datafast,VISA,PAGADA,POS
FAC-000641,TXN-202408-0148,2024-08-12,Dávila y Valero S.L.,4930297081372,63.13,9.47,72.6,PayPhone,DINERS,PAGADA,Ventas
FAC-000642,TXN-202408-0149,2024-08-08,Suministros HDTD S.L.,3298210935243,76.55,11.48,88.03,Datafast,AMEX,PAGADA,Ventas
FAC-000643,TXN-202408-0150,2024-08-04,Manufacturas Española S.A.,8722950149628,37.26,5.59,42.85,PayPhone,VISA,PAGADA,E-commerce
FAC-000644,TXN-202408-0151,2024-08-25,Servicios Julián y asociados S.Coop.,4307695390878,46.1,6.92,53.02,Medianet,MASTERCARD,PAGADA,POS
FAC-000645,TXN-202408-0152,2024-08-27,Ildefonso Mena Pellicer S.Coop.,3747679007824,11.4,1.71,13.11,Medianet,MASTERCARD,PAGADA,Ventas
FAC-000646,TXN-202408-0153,2024-08-09,Logística Rey & Asociados S.L.L.,4866669483609,12.41,1.86,14.27,Datafast,VISA,PAGADA,E-commerce
FAC-000647,TXN-202408-0154,2024-08-14,Alimentación Integrales S.Com.,9143868250855,72.97,10.94,83.91,Medianet,VISA,PAGADA,E-commerce
FAC-000648,TXN-202408-0155,2024-08-14,Comercializadora Españolas S.A.,8425629726692,325.49,48.82,374.31,Datafast,MASTERCARD,PAGADA,E-commerce
FAC-000649,TXN-202408-0156,2024-08-16,Fábrica EUZ S.Coop.,3625727346892,55.53,8.33,63.86,Medianet,MASTERCARD,PAGADA,Ventas
FAC-000650,TXN-202408-0157,2024-08-12,Hnos Neira S.A.,7004723344666,424.97,63.74,488.71,Medianet,MASTERCARD,PAGADA,POS
FAC-000651,TXN-202408-0158,2024-08-23,Industrias Lara S.A.,2305149618068,63.72,9.56,73.28,Datafast,VISA,PAGADA,E-commerce
FAC-000652,TXN-202408-0159,2024-08-27,Restauración Alemany & Asociados S.A.,6028868879244,400.77,60.12,460.89,Datafast,VISA,PAGADA,Ventas
FAC-000653,TXN-202408-0160,2024-08-24,Infraestructuras Valverde S.Coop.,8740395186956,37.72,5.66,43.38,Medianet,VISA,PAGADA,Ventas
FAC-000654,TXN-202408-0161,2024-08-10,Hermanos Tirado S.Com.,2134408833183,68.83,10.32,79.15,Datafast,VISA,PAGADA,POS
FAC-000655,TXN-202408-0162,2024-08-10,Arjona & Asociados S.Com.,7901693476912,6.92,1.04,7.96,Datafast,VISA,PAGADA,E-commerce
FAC-000656,TXN-202408-0163,2024-08-25,Talleres JE S.L.U.,9237793980122,104.26,15.64,119.9,PayPhone,VISA,PAGADA,E-commerce
FAC-000657,TXN-202408-0164,2024-08-29,Ale Yuste Calleja S.Com.,1316318520023,189.6,28.44,218.04,Datafast,VISA,PAGADA,Ventas
FAC-000658,TXN-202408-0165,2024-08-11,Industrias del Levante S.Coop.,8415231336314,205.65,30.85,236.5,PayPhone,VISA,PAGADA,Ventas
FAC-000659,TXN-202408-0166,2024-08-23,Hnos Esteve S.Coop.,1098212702318,58.85,8.83,67.68,Datafast,VISA,PAGADA,E-commerce
FAC-000660,TXN-202408-0167,2024-08-23,Hotel Velasco S.L.,8667201295903,110.85,16.63,127.48,Medianet,MASTERCARD,PAGADA,E-commerce
FAC-000661,TXN-202408-0168,2024-08-19,Minería FPJ S.L.N.E,2277569000191,31.48,4.72,36.2,Datafast,DINERS,PAGADA,Ventas
FAC-000662,TXN-202408-0169,2024-08-12,Barco y Mora S.L.N.E,6965324483438,29.11,4.37,33.48,PayPhone,MASTERCARD,PAGADA,Ventas
FAC-000663,TXN-202408-0170,2024-08-05,Talleres del Sur S.Coop.,7115154746911,425.09,63.76,488.85,Datafast,MASTERCARD,PAGADA,E-commerce
FAC-000664,TXN-202408-0171,2024-08-09,Inmobiliaria Martí & Asociados S.Com.,6908702728204,7.35,1.1,8.45,PayPhone,VISA,PAGADA,Ventas
FAC-000665,TXN-202408-0172,2024-08-19,Banca Privada Manzano S.Coop.,1609380834912,349.88,52.48,402.36,Datafast,MASTERCARD,PAGADA,Ventas
FAC-000666,TXN-202408-0173,2024-08-17,Minería Ibéricos S.L.N.E,3621600593241,193.12,28.97,222.09,Medianet,DINERS,PAGADA,POS
FAC-000667,TXN-202408-0174,2024-08-12,Minería Osorio & Asociados S.L.N.E,7932527625202,160.35,24.05,184.4,Medianet,VISA,PAGADA,Ventas
FAC-000668,TXN-202408-0175,2024-08-20,Inmobiliaria CJHP S.Coop.,2131167954283,273.48,41.02,314.5,Medianet,VISA,PAGADA,E-commerce
FAC-000669,TXN-202408-0176,2024-08-16,Farmaceútica Olivares S.L.,3167011678116,34.96,5.24,40.2,Datafast,DINERS,PAGADA,E-commerce
FAC-000670,TXN-202408-0177,2024-08-02,Inmobiliaria del Noroeste S.Coop.,6986290251538,67.62,10.14,77.76,Datafast,VISA,PAGADA,POS
FAC-000671,TXN-202408-0178,2024-08-15,Chico y asociados S.Coop.,6042673022099,19.67,2.95,22.62,Datafast,MASTERCARD,PAGADA,Ventas
FAC-000672,TXN-202408-0179,2024-08-04,Banca Privada Cabello & Asociados S.L.L.,4817530405319,232.84,34.93,267.77,PayPhone,VISA,PAGADA,Ventas
FAC-000673,TXN-202408-0180,2024-08-18,Finanzas Integrales S.Com.,7641050755084,6.69,1.0,7.69,Medianet,VISA,PAGADA,E-commerce
FAC-000674,TXN-202408-0181,2024-08-29,Tecnologías Álamo S.Com.,7452846770378,1820.74,273.11,2093.85,PayPhone,MASTERCARD,PAGADA,Ventas
FAC-000675,TXN-202408-0182,2024-08-27,Paola Pastor Muñoz S.L.N.E,4267970083076,26.57,3.99,30.56,Medianet,MASTERCARD,PAGADA,POS
FAC-000676,TXN-202408-0183,2024-08-20,Consultoría QARZ S.C.P,4440583550172,54.4,8.16,62.56,PayPhone,AMEX,PAGADA,Ventas
FAC-000677,TXN-202408-0184,2024-08-22,Hernández & Asociados S.Coop.,6627973282901,10.7,1.61,12.31,Medianet,VISA,PAGADA,Ventas
FAC-000678,TXN-202408-0185,2024-08-18,Aitana Alfaro Alberdi S.L.,9883205112134,361.7,54.26,415.96,Datafast,VISA,PAGADA,POS
FAC-000679,TXN-202408-0186,2024-08-27,Pagès y Simó S.Com.,1363680199050,249.41,37.41,286.82,Datafast,VISA,PAGADA,POS
FAC-000680,TXN-202408-0187,2024-08-04,Chus Lloret Quintanilla S.A.,3240651174711,17.12,2.57,19.69,Medianet,VISA,PAGADA,E-commerce
FAC-000681,TXN-202408-0188,2024-08-25,Alimentación Internacionales S.A.,6806485796886,26.39,3.96,30.35,Datafast,AMEX,PAGADA,Ventas
FAC-000682,TXN-202408-0189,2024-08-29,Remedios Alba Ferrer S.C.P,3412407904481,114.57,17.18,131.75,Datafast,MASTERCARD,PAGADA,Ventas
FAC-000683,TXN-202408-0190,2024-08-01,Fábrica Barberá S.C.P,4188190114567,67.21,10.08,77.29,Datafast,MASTERCARD,PAGADA,Ventas
FAC-000684,TXN-202408-0191,2024-08-30,Anastasia Cerezo Sevillano S.Com.,9867761952496,42.5,6.38,48.88,Medianet,MASTERCARD,PAGADA,Ventas
FAC-000685,TXN-202408-0192,2024-08-27,Hermanos Aznar S.A.,1317092176451,132.98,19.95,152.93,Medianet,AMEX,PAGADA,E-commerce
FAC-000686,TXN-202408-0193,2024-08-29,Guardiola y Fabregat S.Coop.,7170223804534,187.1,28.07,215.17,Datafast,MASTERCARD,PAGADA,E-commerce
FAC-000687,TXN-202408-0194,2024-08-13,Hotel Córdoba y asociados S.Com.,6782772532095,160.23,24.03,184.26,Datafast,MASTERCARD,PAGADA,Ventas
FAC-000688,TXN-202408-0195,2024-08-23,Familia Rios S.A.,9192848987358,31.27,4.69,35.96,PayPhone,VISA,PAGADA,Ventas
FAC-000689,TXN-202408-0196,2024-08-24,Manufacturas Arnau y asociados S.L.N.E,7327299335702,24.82,3.72,28.54,Medianet,AMEX,PAGADA,E-commerce
FAC-000690,TXN-202408-0197,2024-08-12,Requena & Asociados S.L.,9940939866398,175.69,26.35,202.04,Medianet,VISA,PAGADA,E-commerce
FAC-000691,TXN-202408-0198,2024-08-18,Hnos Garriga S.Com.,4964844273983,821.33,123.2,944.53,Datafast,MASTERCARD,PAGADA,Ventas
FAC-000692,TXN-202408-0199,2024-08-19,Compañía Saldaña S.L.L.,5065239188676,274.92,41.24,316.16,Medianet,MASTERCARD,PAGADA,E-commerce
FAC-000693,TXN-202408-0200,2024-08-18,Grupo Águila S.L.N.E,3127353340620,396.02,59.4,455.42,PayPhone,MASTERCARD,PAGADA,E-commerce
FAC-000694,TXN-202408-0201,2024-08-13,Familia Murcia S.Coop.,2366334014215,11.3,1.69,12.99,PayPhone,VISA,PAGADA,E-commerce
FAC-000695,TXN-202408-0202,2024-08-10,Grupo Romeu S.Coop.,6034526362886,55.57,8.34,63.91,Datafast,VISA,PAGADA,E-commerce
FAC-000696,TXN-202408-0203,2024-08-25,Rojas y asociados S.L.U.,3333570444551,177.36,26.6,203.96,Datafast,AMEX,PAGADA,E-commerce
FAC-000697,TXN-202408-0204,2024-08-24,Lina Llobet Álamo S.L.,9343442111754,60.96,9.14,70.1,Datafast,AMEX,PAGADA,E-commerce
FAC-000698,TXN-202408-0205,2024-08-26,Promociones del Levante S.L.,8344957421884,156.34,23.45,179.79,PayPhone,MASTERCARD,PAGADA,POS
FAC-000699,TXN-202408-0206,2024-08-31,Servicios Aznar y asociados S.A.T.,3246381512911,1277.3,191.59,1468.89,Datafast,MASTERCARD,PAGADA,E-commerce
FAC-000700,TXN-202408-0207,2024-08-20,Natividad Posada Simó S.Coop.,6247924642998,20.74,3.11,23.85,Datafast,MASTERCARD,PAGADA,E-commerce
FAC-000701,TXN-202408-0208,2024-08-25,Rodrigo Carvajal Rosell S.L.U.,6624735399875,306.1,45.91,352.01,PayPhone,AMEX,PAGADA,POS
FAC-000702,TXN-202408-0209,2024-08-10,Consultoría Avanzadas S.Coop.,9291530075145,421.74,63.26,485.0,Medianet,MASTERCARD,PAGADA,Ventas
FAC-000703,TXN-202408-0210,2024-08-17,Infraestructuras EB S.A.,9318347923057,15.68,2.35,18.03,Datafast,MASTERCARD,PAGADA,POS
FAC-000704,TXN-202408-0211,2024-08-19,Valentín Paz Pinto S.Com.,8124531081246,117.07,17.56,134.63,Datafast,VISA,PAGADA,POS
FAC-000705,TXN-202408-0212,2024-08-30,María Jesús Torres Izquierdo S.L.N.E,4837862430146,521.61,78.24,599.85,Datafast,VISA,PAGADA,E-commerce
FAC-000706,TXN-202408-0213,2024-08-10,Rosa y asociados S.L.,1166961069637,377.5,56.62,434.12,Medianet,MASTERCARD,PAGADA,Ventas
FAC-000707,TXN-202408-0214,2024-08-17,Farmaceútica Castellana S.A.,4991218790650,50.5,7.58,58.08,Medianet,MASTERCARD,PAGADA,Ventas
FAC-000708,TXN-202408-0215,2024-08-18,Minería CG S.Coop.,6414715901125,127.77,19.17,146.94,PayPhone,MASTERCARD,PAGADA,POS
FAC-000709,TXN-202408-0216,2024-08-11,Calixta Cortes Belmonte S.A.,1023160040272,311.83,46.77,358.6,Datafast,VISA,PAGADA,Ventas
FAC-000710,TXN-202408-0217,2024-08-18,Minería BK S.A.,8198683212086,242.99,36.45,279.44,Datafast,DINERS,PAGADA,Ventas
FAC-000711,TXN-202408-0218,2024-08-20,Ani Fonseca Rico S.Coop.,2049842507966,63.34,9.5,72.84,Datafast,MASTERCARD,PAGADA,Ventas
FAC-000712,TXN-202408-0219,2024-08-26,Construcción del Sur S.A.,8997842001414,208.85,31.33,240.18,Datafast,VISA,PAGADA,Ventas
FAC-000713,TXN-202408-0220,2024-08-27,Familia Bayona S.Com.,4424607372386,63.78,9.57,73.35,Datafast,MASTERCARD,PAGADA,Ventas
FAC-000714,TXN-202408-0221,2024-08-21,Banca Privada Montalbán S.Com.,1859528599475,23.68,3.55,27.23,Medianet,MASTERCARD,PAGADA,Ventas
FAC-000715,TXN-202408-0222,2024-08-25,Infraestructuras Integrales S.A.,9476379829305,67.71,10.16,77.87,Datafast,VISA,PAGADA,E-commerce
FAC-000716,TXN-202408-0223,2024-08-07,Hermanos Capdevila S.Coop.,5077979836760,45.4,6.81,52.21,Medianet,MASTERCARD,PAGADA,Ventas
FAC-000717,TXN-202408-0224,2024-08-24,Gil y asociados S.A.U,7041059394815,50.18,7.53,57.71,Datafast,VISA,PAGADA,Ventas
FAC-000718,TXN-202408-0225,2024-08-15,Inmobiliaria Oller & Asociados S.Coop.,1043903560285,125.72,18.86,144.58,Medianet,DINERS,PAGADA,Ventas
FAC-000719,TXN-202408-0226,2024-08-18,Calderon y Arribas S.A.,8069660963547,56.15,8.42,64.57,Datafast,VISA,PAGADA,E-commerce
FAC-000720,TXN-202408-0227,2024-08-21,Inversiones Raya & Asociados S.L.N.E,6007512101842,29.65,4.45,34.1,Medianet,VISA,PAGADA,Ventas
FAC-000721,TXN-202408-0228,2024-08-21,Familia Peñalver S.A.D,5922644180245,264.9,39.73,304.63,Datafast,VISA,PAGADA,E-commerce
FAC-000722,TXN-202408-0229,2024-08-03,Valero y asociados S.L.,8440859356535,325.54,48.83,374.37,Medianet,MASTERCARD,PAGADA,Ventas
FAC-000723,TXN-202408-0230,2024-08-03,Finanzas XASJ S.L.N.E,3043779507655,179.63,26.94,206.57,PayPhone,VISA,PAGADA,Ventas
FAC-000724,TXN-202408-0231,2024-08-16,Sevillano y Quevedo S.A.,6837485251225,47.43,7.12,54.55,Medianet,VISA,PAGADA,E-commerce
FAC-000725,TXN-202408-0232,2024-08-18,Casanovas & Asociados S.L.N.E,8046790175227,56.36,8.45,64.81,Medianet,VISA,PAGADA,Ventas
FAC-000726,TXN-202408-0233,2024-08-26,Familia Ferrera S.Coop.,8529496523967,403.43,60.52,463.95,PayPhone,VISA,PAGADA,Ventas
FAC-000727,TXN-202408-0234,2024-08-05,Arnau y Arnau S.Com.,4299902038540,61.4,9.21,70.61,Medianet,DINERS,PAGADA,Ventas
FAC-000728,TXN-202408-0235,2024-08-03,Logística Cornejo y asociados S.A.U,6600841591242,40.05,6.01,46.06,Datafast,MASTERCARD,PAGADA,E-commerce
FAC-000729,TXN-202408-0236,2024-08-29,Hnos Castrillo S.Com.,6395753851397,146.9,22.03,168.93,Datafast,MASTERCARD,PAGADA,POS
FAC-000730,TXN-202408-0237,2024-08-09,Comercial PE S.Coop.,5835294614262,44.58,6.69,51.27,PayPhone,VISA,PAGADA,E-commerce
FAC-000731,TXN-202408-0238,2024-08-25,Soluciones Corbacho S.A.,1240852063346,89.43,13.41,102.84,Datafast,MASTERCARD,PAGADA,Ventas
FAC-000732,TXN-202408-0239,2024-08-04,Finanzas Arce & Asociados S.Coop.,1918978737282,8.74,1.31,10.05,Datafast,MASTERCARD,PAGADA,Ventas
FAC-000733,TXN-202408-0240,2024-08-21,Farmaceútica Palomino S.A.,9365933804191,12.71,1.91,14.62,Medianet,VISA,PAGADA,Ventas
FAC-000734,TXN-202408-0241,2024-08-15,Farmaceútica del Mediterráneo S.A.U,7116033308544,1125.62,168.84,1294.46,Datafast,MASTERCARD,PAGADA,E-commerce
FAC-000735,TXN-202408-0242,2024-08-12,Banco Álvaro y asociados S.A.,2184366020931,276.11,41.42,317.53,Medianet,VISA,PAGADA,E-commerce
FAC-000736,TXN-202408-0243,2024-08-23,Comercializadora Galvez y asociados S.Com.,3878802109367,55.58,8.34,63.92,PayPhone,VISA,PAGADA,POS
FAC-000737,TXN-202408-0244,2024-08-11,Hotel Azcona y asociados S.A.T.,6277773657645,48.67,7.3,55.97,Medianet,VISA,PAGADA,Ventas
FAC-000738,TXN-202408-0245,2024-08-06,Hermanos Torre S.A.,5445903481954,40.33,6.05,46.38,Datafast,VISA,PAGADA,Ventas
FAC-000739,TXN-202408-0246,2024-08-18,Seco & Asociados S.L.,3551102693955,120.7,18.1,138.8,Medianet,AMEX,PAGADA,Ventas
FAC-000740,TXN-202408-0247,2024-08-01,Suministros del Sur S.L.L.,3630892333135,9.26,1.39,10.65,Datafast,AMEX,PAGADA,POS
FAC-000741,TXN-202408-0248,2024-08-07,Comercial NHA S.Coop.,9614855070264,350.49,52.57,403.06,Medianet,AMEX,PAGADA,POS
FAC-000742,TXN-202408-0249,2024-08-25,Artigas y asociados S.L.N.E,1262606741514,1461.1,219.16,1680.26,Medianet,MASTERCARD,PAGADA,E-commerce
FAC-000743,TXN-202408-0250,2024-08-10,Transportes López y asociados S.Com.,4987621648342,337.36,50.6,387.96,Datafast,VISA,PAGADA,E-commerce
FAC-000744,TXN-202408-0251,2024-08-22,César Chacón Niño S.A.,6897302940695,37.1,5.56,42.66,Datafast,MASTERCARD,PAGADA,E-commerce
FAC-000745,TXN-202408-0252,2024-08-17,Alimentación Internacionales S.Com.,7125202358937,130.13,19.52,149.65,PayPhone,AMEX,PAGADA,Ventas
FAC-000746,TXN-202408-0253,2024-08-31,Suministros Borrego S.A.,6912582848891,1868.29,280.24,2148.53,Datafast,VISA,PAGADA,Ventas
FAC-000747,TXN-202408-0254,2024-08-16,Farmaceútica del Levante S.Com.,8594951659919,18.62,2.79,21.41,Medianet,VISA,PAGADA,POS
FAC-000748,TXN-202408-0255,2024-08-30,Inversiones Iberia S.Coop.,4556446452390,17.83,2.68,20.51,Datafast,VISA,PAGADA,Ventas
FAC-000749,TXN-202408-0256,2024-08-21,Salmerón y Gallego S.Com.,1341524286785,84.14,12.62,96.76,Datafast,AMEX,PAGADA,E-commerce
FAC-000750,TXN-202408-0257,2024-08-24,Soluciones Integrales S.A.,5247018977950,169.45,25.42,194.87,Datafast,DINERS,PAGADA,Ventas
FAC-000751,TXN-202408-0258,2024-08-19,Manuel y Riquelme S.L.,2546709367250,29.03,4.36,33.39,Medianet,MASTERCARD,PAGADA,E-commerce
FAC-000752,TXN-202408-0259,2024-08-08,Promociones ABJ S.Com.,2680041770734,67.78,10.17,77.95,PayPhone,VISA,PAGADA,Ventas
FAC-000753,TXN-202408-0260,2024-08-29,Promociones Guillen S.C.P,9960316134079,56.04,8.41,64.45,Datafast,AMEX,PAGADA,Ventas
FAC-000754,TXN-202408-0261,2024-08-17,Transportes OW S.Coop.,8921645752754,19.35,2.9,22.25,Datafast,AMEX,PAGADA,Ventas
FAC-000755,TXN-202408-0262,2024-08-27,Grupo Valencia S.L.U.,9228328678515,43.61,6.54,50.15,Datafast,VISA,PAGADA,Ventas
FAC-000756,TXN-202408-0263,2024-08-22,Gilabert y asociados S.L.N.E,9706688155715,11.74,1.76,13.5,Medianet,VISA,PAGADA,Ventas
FAC-000757,TXN-202408-0264,2024-08-08,Instalaciones del Mediterráneo S.Coop.,5666166894093,219.63,32.95,252.58,Datafast,MASTERCARD,PAGADA,POS
FAC-000758,TXN-202408-0265,2024-08-29,Farmaceútica Novoa & Asociados S.L.,6336460595516,37.78,5.67,43.45,Datafast,MASTERCARD,PAGADA,E-commerce
FAC-000759,TXN-202408-0266,2024-08-13,Grupo Amat S.L.,2413395632245,1557.91,233.69,1791.6,Datafast,VISA,PAGADA,Ventas
FAC-000760,TXN-202408-0267,2024-08-27,Instalaciones Olivé y asociados S.Com.,1982569619212,335.43,50.32,385.75,PayPhone,MASTERCARD,PAGADA,POS
FAC-000761,TXN-202408-0268,2024-08-16,Almansa y Blázquez S.L.N.E,9269748697848,241.73,36.26,277.99,PayPhone,VISA,PAGADA,E-commerce
FAC-000762,TXN-202408-0269,2024-08-25,Ródenas y Monreal S.Com.,7198963196305,42.35,6.35,48.7,Datafast,VISA,PAGADA,E-commerce
FAC-000763,TXN-202408-0270,2024-08-30,Danilo Galán Ponce S.A.,3070436922591,49.06,7.36,56.42,Medianet,MASTERCARD,PAGADA,E-commerce
FAC-000764,TXN-202408-0271,2024-08-01,Vidal & Asociados S.Com.,6442301274690,12.97,1.95,14.92,Medianet,VISA,PAGADA,Ventas
FAC-000765,TXN-202408-0272,2024-08-20,Zurita y Mora S.A.,2476319198637,371.43,55.71,427.14,Medianet,AMEX,PAGADA,E-commerce
FAC-000766,TXN-202408-0273,2024-08-18,Inmobiliaria Pacheco S.A.D,9708553606223,390.14,58.52,448.66,Datafast,AMEX,PAGADA,Ventas
FAC-000767,TXN-202408-0274,2024-08-18,Restauración Peñas y asociados S.Coop.,1163567357756,398.98,59.85,458.83,Medianet,VISA,PAGADA,POS
FAC-000768,TXN-202408-0275,2024-08-12,Lledó y Roldan S.L.,8942984104003,260.23,39.03,299.26,PayPhone,MASTERCARD,PAGADA,POS
FAC-000769,TXN-202408-0276,2024-08-25,Construcción JE S.Com.,3073032482746,1482.88,222.43,1705.31,Medianet,VISA,PAGADA,E-commerce
FAC-000770,TXN-202408-0277,2024-08-19,Instalaciones EH S.L.,3652356118820,2254.77,338.21,2592.98,Datafast,AMEX,PAGADA,E-commerce
FAC-000771,TXN-202408-0278,2024-08-03,Alegre y asociados S.L.U.,4180695862185,401.95,60.29,462.24,Datafast,VISA,PAGADA,Ventas
FAC-000772,TXN-202408-0279,2024-08-24,Jennifer Solano Salazar S.Com.,3511128177903,4.7,0.71,5.41,Medianet,MASTERCARD,PAGADA,E-commerce
FAC-000773,TXN-202408-0280,2024-08-23,Casals y Amigó S.L.,9166663694728,47.03,7.06,54.09,Medianet,VISA,PAGADA,POS
FAC-000774,TXN-202408-0281,2024-08-09,Construcción Tamarit S.A.,1932659845033,42.52,6.38,48.9,Datafast,VISA,PAGADA,E-commerce
FAC-000775,TXN-202408-0282,2024-08-25,Hotel VAQO S.L.,9779029403753,48.74,7.31,56.05,Datafast,VISA,PAGADA,E-commerce
FAC-000776,TXN-202408-0283,2024-08-18,Distribuciones Ribes S.C.P,5431324527567,28.5,4.27,32.77,Datafast,MASTERCARD,PAGADA,Ventas
FAC-000777,TXN-202408-0284,2024-08-24,Badía y Amador S.A.,2295030568780,50.36,7.55,57.91,Datafast,VISA,PAGADA,E-commerce
FAC-000778,TXN-202408-0285,2024-08-23,Delgado y asociados S.L.,6812652494891,232.67,34.9,267.57,PayPhone,MASTERCARD,PAGADA,Ventas
FAC-000779,TXN-202408-0286,2024-08-20,Inmobiliaria Verdugo S.A.,7452983882015,362.05,54.31,416.36,Datafast,MASTERCARD,PAGADA,Ventas
FAC-000780,TXN-202408-0287,2024-08-26,Comercializadora ZDX S.L.,2549777649136,45.82,6.87,52.69,Medianet,VISA,PAGADA,POS
FAC-000781,TXN-202408-0288,2024-08-09,Construcción Ibérica S.L.,2065765282261,101.76,15.26,117.02,PayPhone,VISA,PAGADA,E-commerce
FAC-000782,TXN-202408-0289,2024-08-13,Logística PVED S.Coop.,8254902948494,409.47,61.42,470.89,Datafast,MASTERCARD,PAGADA,POS
FAC-000783,TXN-202408-0290,2024-08-25,Suministros Feliu S.Coop.,3445776613886,559.7,83.96,643.66,Medianet,VISA,PAGADA,Ventas
FAC-000784,TXN-202408-0291,2024-08-26,Industrias Amador y asociados S.Com.,5350091595678,47.19,7.08,54.27,Medianet,VISA,PAGADA,E-commerce
FAC-000785,TXN-202408-0292,2024-08-08,Codina y asociados S.A.,3423959360194,257.95,38.69,296.64,Datafast,VISA,PAGADA,POS
FAC-000786,TXN-202408-0293,2024-08-06,Familia Paz S.L.N.E,2127066185360,4.37,0.65,5.02,Datafast,VISA,PAGADA,POS
FAC-000787,TXN-202408-0294,2024-08-19,Hermanos Río S.L.N.E,7778072020338,30.12,4.52,34.64,PayPhone,MASTERCARD,PAGADA,Ventas
FAC-000788,TXN-202408-0295,2024-08-10,Pujadas y Gutierrez S.Com.,8011209966763,10.23,1.53,11.76,Medianet,MASTERCARD,PAGADA,POS
FAC-000789,TXN-202408-0296,2024-08-09,Familia Jimenez S.L.L.,6620373448365,67.17,10.08,77.25,PayPhone,AMEX,PAGADA,Ventas
FAC-000790,TXN-202408-0297,2024-08-09,Servicios WON S.Coop.,6370719056574,1684.58,252.69,1937.27,Medianet,VISA,PAGADA,E-commerce
FAC-000791,TXN-202408-0298,2024-08-31,Finanzas Iberia S.Coop.,3496770546739,23.54,3.53,27.07,Datafast,VISA,PAGADA,Ventas
FAC-000792,TXN-202408-0299,2024-08-19,Ordóñez y asociados S.Coop.,4116490954688,366.54,54.98,421.52,PayPhone,DINERS,PAGADA,E-commerce
FAC-000793,TXN-202408-0300,2024-08-25,Comercial Bueno y asociados S.A.,7330588681025,350.77,52.62,403.39,Medianet,DINERS,PAGADA,Ventas
FAC-000794,TXN-202408-0301,2024-08-01,Amigó y Artigas S.L.U.,3712926625478,42.62,6.39,49.01,PayPhone,VISA,PAGADA,E-commerce
FAC-000795,TXN-202408-0302,2024-08-22,Banco Segura S.C.P,1609580401461,432.66,64.9,497.56,Datafast,VISA,PAGADA,E-commerce
FAC-000796,TXN-202408-0303,2024-08-01,Transportes HZC S.L.N.E,5097000190073,1557.62,233.64,1791.26,Datafast,VISA,PAGADA,Ventas
FAC-000797,TXN-202408-0304,2024-08-27,Inmobiliaria AYLQ S.L.L.,7685467347436,48.29,7.24,55.53,PayPhone,VISA,PAGADA,Ventas
FAC-000798,TXN-202408-0305,2024-08-29,Instalaciones Castellana S.A.,8339089413198,27.41,4.11,31.52,Datafast,DINERS,PAGADA,Ventas
FAC-000799,TXN-202408-0306,2024-08-16,Familia Sevillano S.A.U,5096718321305,401.89,60.28,462.17,Datafast,DINERS,PAGADA,Ventas
FAC-000800,TXN-202408-0307,2024-08-07,Roma y Berenguer S.A.,4728425111903,145.09,21.76,166.85,Datafast,MASTERCARD,PAGADA,Ventas
FAC-000801,TXN-202408-0308,2024-08-03,Construcción GVY S.L.N.E,5594094294125,113.35,17.0,130.35,PayPhone,VISA,PAGADA,Ventas
FAC-000802,TXN-202408-0309,2024-08-31,Lozano y asociados S.A.,8279990323887,60.24,9.04,69.28,PayPhone,VISA,PAGADA,Ventas
FAC-000803,TXN-202408-0310,2024-08-29,Soluciones del Noroeste S.L.,9667660628951,62.92,9.44,72.36,PayPhone,VISA,PAGADA,E-commerce
FAC-000804,TXN-202408-0311,2024-08-09,Carretero y Acevedo S.L.N.E,3540399783874,2426.1,363.92,2790.02,PayPhone,VISA,PAGADA,E-commerce
FAC-000805,TXN-202408-0312,2024-08-16,Hotel Roselló S.Coop.,4730818363293,56.48,8.47,64.95,Datafast,MASTERCARD,PAGADA,Ventas
FAC-000806,TXN-202408-0313,2024-08-15,Medina y Redondo S.A.,9197026638207,352.94,52.94,405.88,Datafast,VISA,PAGADA,Ventas
FAC-000807,TXN-202408-0314,2024-08-07,Farmaceútica XN S.A.,2554818513311,73.88,11.08,84.96,Medianet,VISA,PAGADA,Ventas
FAC-000808,TXN-202408-0315,2024-08-18,Benigno Pablo Toledo S.Com.,7086057767719,164.41,24.66,189.07,Medianet,VISA,PAGADA,E-commerce
FAC-000809,TXN-202408-0316,2024-08-16,Ribera y asociados S.A.,2788920302875,203.21,30.48,233.69,Datafast,VISA,PAGADA,E-commerce
FAC-000810,TXN-202408-0317,2024-08-09,Compañía KRN S.L.N.E,6640589230360,60.06,9.01,69.07,Datafast,MASTERCARD,PAGADA,E-commerce
FAC-000811,TXN-202408-0318,2024-08-04,Logística Españolas S.Coop.,5877871924972,153.04,22.96,176.0,Datafast,VISA,PAGADA,Ventas
FAC-000812,TXN-202408-0319,2024-08-05,Hilda Pla Adadia S.L.N.E,5855713649674,29.19,4.38,33.57,Datafast,VISA,PAGADA,Ventas
FAC-000813,TXN-202408-0320,2024-08-29,Tecnologías Peralta & Asociados S.Com.,9951453752574,36.93,5.54,42.47,Datafast,AMEX,PAGADA,Ventas
FAC-000814,TXN-202408-0321,2024-08-18,Supermercados Luque S.A.,4888252699018,179.14,26.87,206.01,Medianet,MASTERCARD,PAGADA,E-commerce
FAC-000815,TXN-202408-0322,2024-08-09,Hnos Ferrero S.L.N.E,5611156733851,18.4,2.76,21.16,Datafast,VISA,PAGADA,Ventas
FAC-000816,TXN-202408-0323,2024-08-12,Restauración Caballero y asociados S.Coop.,5076467050680,164.43,24.67,189.1,PayPhone,VISA,PAGADA,E-commerce
FAC-000817,TXN-202408-0324,2024-08-12,Julie Acevedo Fuster S.Coop.,8783831934650,31.2,4.68,35.88,Medianet,AMEX,PAGADA,Ventas
FAC-000818,TXN-202408-0325,2024-08-06,Saldaña & Asociados S.L.N.E,3275860345633,306.63,46.0,352.63,PayPhone,VISA,PAGADA,Ventas
FAC-000819,TXN-202408-0326,2024-08-29,Familia Carvajal S.A.,3689234952457,52.38,7.86,60.24,Datafast,MASTERCARD,PAGADA,POS
FAC-000820,TXN-202408-0327,2024-08-06,Vaquero & Asociados S.Coop.,1651557826388,122.47,18.37,140.84,Datafast,VISA,PAGADA,E-commerce
FAC-000821,TXN-202408-0328,2024-08-28,Laura Revilla Sans S.A.D,1032427161862,278.34,41.75,320.09,PayPhone,VISA,PAGADA,POS
FAC-000822,TXN-202408-0329,2024-08-23,Grupo Marin S.C.P,9886974762370,46.94,7.04,53.98,Datafast,VISA,PAGADA,E-commerce
FAC-000823,TXN-202408-0330,2024-08-31,Ramiro Álamo Castejón S.L.N.E,3685478726819,354.79,53.22,408.01,Medianet,VISA,PAGADA,Ventas
FAC-000824,TXN-202408-0331,2024-08-28,Finanzas Bastida & Asociados S.Coop.,3419229412328,15.26,2.29,17.55,Medianet,MASTERCARD,PAGADA,POS
FAC-000825,TXN-202408-0332,2024-08-24,Compañía Rico S.L.U.,9906253941854,52.86,7.93,60.79,Datafast,VISA,PAGADA,E-commerce
FAC-000826,TXN-202408-0333,2024-08-16,Zacarías Ariza Marin S.A.,5354189258831,65.44,9.82,75.26,Datafast,VISA,PAGADA,E-commerce
FAC-000827,TXN-202408-0334,2024-08-04,Banco Reina S.A.,4300356303282,69.3,10.4,79.7,Datafast,MASTERCARD,PAGADA,Ventas
FAC-000828,TXN-202408-0335,2024-08-08,Hermanos Izquierdo S.A.,6573549047986,1282.28,192.34,1474.62,Medianet,VISA,PAGADA,Ventas
FAC-000829,TXN-202408-0336,2024-08-06,Comercializadora Globales S.L.,5671689621325,38.7,5.81,44.51,Medianet,VISA,PAGADA,POS
FAC-000830,TXN-202408-0337,2024-08-15,Grupo Carbajo S.A.T.,1786286856434,2313.57,347.03,2660.6,Datafast,VISA,PAGADA,Ventas
FAC-000831,TXN-202408-0338,2024-08-18,Alimentación CAPX S.Coop.,6660882309258,66.21,9.93,76.14,PayPhone,MASTERCARD,PAGADA,POS
FAC-000832,TXN-202408-0339,2024-08-14,Restauración Casal y asociados S.L.,6628946736316,389.97,58.49,448.46,Medianet,VISA,PAGADA,POS
FAC-000833,TXN-202408-0340,2024-08-08,Inmobiliaria NZOA S.Com.,3530846017262,1481.85,222.28,1704.13,Medianet,MASTERCARD,PAGADA,Ventas
FAC-000834,TXN-202408-0341,2024-08-01,Cintia Carrera Bosch S.A.,7503364908474,24.15,3.62,27.77,Datafast,VISA,PAGADA,POS
FAC-000835,TXN-202408-0342,2024-08-01,Barragán & Asociados S.L.N.E,8311634303101,34.95,5.24,40.19,PayPhone,AMEX,PAGADA,E-commerce
FAC-000836,TXN-202408-0343,2024-08-14,Servicios del Noroeste S.L.N.E,5963662284554,4.94,0.74,5.68,PayPhone,DINERS,PAGADA,E-commerce
FAC-000837,TXN-202408-0344,2024-08-29,Supermercados Torres S.Com.,1940857962295,16.64,2.5,19.14,Medianet,MASTERCARD,PAGADA,E-commerce
FAC-000838,TXN-202408-0345,2024-08-27,Hotel LI S.L.N.E,1910848610660,305.5,45.82,351.32,Datafast,VISA,PAGADA,E-commerce
FAC-000839,TXN-202408-0346,2024-08-26,Tecnologías SFS S.Com.,9402604690174,258.24,38.74,296.98,Datafast,VISA,PAGADA,E-commerce
FAC-000840,TXN-202408-0347,2024-08-26,Transportes Manrique S.L.L.,8853891624410,52.8,7.92,60.72,PayPhone,MASTERCARD,PAGADA,Ventas
FAC-000841,TXN-202408-0348,2024-08-21,Logística Goñi S.A.,6367884573216,23.23,3.49,26.72,Datafast,AMEX,PAGADA,Ventas
FAC-000842,TXN-202408-0349,2024-08-01,Eleuterio Izquierdo Casas S.L.,5402423893544,138.15,20.72,158.87,Medianet,VISA,PAGADA,Ventas
FAC-000843,TXN-202408-0350,2024-08-09,Banca Privada Carlos S.L.,1171107298502,11.02,1.65,12.67,Datafast,MASTERCARD,PAGADA,Ventas
FAC-000844,TXN-202408-0351,2024-08-16,Maximiano Suarez Tudela S.Coop.,4105066714853,14.17,2.13,16.3,Medianet,MASTERCARD,PAGADA,POS
FAC-000845,TXN-202408-0352,2024-08-15,Farmaceútica ZX S.Com.,3831714795541,434.03,65.11,499.14,Datafast,VISA,PAGADA,Ventas
FAC-000846,TXN-202408-0353,2024-08-02,Soluciones ORT S.L.N.E,3198249220288,417.12,62.57,479.69,Medianet,VISA,PAGADA,POS
FAC-000847,TXN-202408-0354,2024-08-27,Posada y Fabra S.L.U.,1952089521768,16.88,2.53,19.41,Medianet,VISA,PAGADA,E-commerce
FAC-000848,TXN-202408-0355,2024-08-08,Hnos Villa S.A.,1012696250507,54.44,8.17,62.61,PayPhone,AMEX,PAGADA,Ventas
FAC-000849,TXN-202408-0356,2024-08-15,Alimentación Roma S.A.,3924913943032,81.8,12.27,94.07,Medianet,VISA,PAGADA,Ventas
FAC-000850,TXN-202408-0357,2024-08-22,Hotel Iberia S.L.U.,5602749623838,1462.66,219.4,1682.06,Medianet,MASTERCARD,PAGADA,Ventas
FAC-000851,TXN-202408-0358,2024-08-18,Selena Sedano Perera S.Com.,4640376543999,341.55,51.23,392.78,PayPhone,VISA,PAGADA,E-commerce
FAC-000852,TXN-202408-0359,2024-08-02,Comercializadora Española S.L.L.,4428580330864,27.85,4.18,32.03,Datafast,VISA,PAGADA,E-commerce
FAC-000853,TXN-202408-0360,2024-08-06,Sandalio Camino Manrique S.L.L.,2248632908505,188.09,28.21,216.3,Datafast,VISA,PAGADA,E-commerce
FAC-000854,TXN-202408-0361,2024-08-19,Talleres BQ S.L.N.E,1748715905182,67.53,10.13,77.66,Medianet,VISA,PAGADA,Ventas
FAC-000855,TXN-202408-0362,2024-08-06,Rovira y asociados S.Coop.,3777210907444,10.18,1.53,11.71,Datafast,MASTERCARD,PAGADA,POS
FAC-000856,TXN-202408-0363,2024-08-21,Aliaga & Asociados S.A.,7093911717400,2602.11,390.32,2992.43,Datafast,MASTERCARD,PAGADA,Ventas
FAC-000857,TXN-202408-0364,2024-08-05,Construcción Torres y asociados S.A.U,3545688486573,358.63,53.79,412.42,Datafast,MASTERCARD,PAGADA,E-commerce
FAC-000858,TXN-202408-0365,2024-08-26,Gallart & Asociados S.L.,7144966607236,345.92,51.89,397.81,Datafast,DINERS,PAGADA,Ventas
FAC-000859,TXN-202408-0366,2024-08-09,Domínguez y asociados S.Com.,5804741208180,51.59,7.74,59.33,Medianet,VISA,PAGADA,Ventas
FAC-000860,TXN-202408-0367,2024-08-07,Inversiones LXN S.C.P,3468938252894,49.81,7.47,57.28,Datafast,VISA,PAGADA,E-commerce
FAC-000861,TXN-202408-0368,2024-08-27,Roma y Ojeda S.L.,1043935160269,170.12,25.52,195.64,Datafast,VISA,PAGADA,POS
FAC-000862,TXN-202408-0369,2024-08-10,Hotel Castell & Asociados S.A.,5277526684803,14.46,2.17,16.63,PayPhone,MASTERCARD,PAGADA,POS
FAC-000863,TXN-202408-0370,2024-08-24,Banco Integrales S.Coop.,9516367817524,254.35,38.15,292.5,Medianet,VISA,PAGADA,POS
FAC-000864,TXN-202408-0371,2024-08-11,Evaristo Piquer Duran S.Coop.,9281353764298,44.79,6.72,51.51,PayPhone,MASTERCARD,PAGADA,Ventas
FAC-000865,TXN-202408-0372,2024-08-22,Finanzas del Norte S.Com.,3993039539526,138.91,20.84,159.75,Datafast,DINERS,PAGADA,E-commerce
FAC-000866,TXN-202408-0373,2024-08-11,Infraestructuras IW S.L.U.,1588532987340,31.08,4.66,35.74,Medianet,VISA,PAGADA,Ventas
FAC-000867,TXN-202408-0374,2024-08-06,Farmaceútica Gallego & Asociados S.Com.,2114997475473,65.5,9.83,75.33,Datafast,MASTERCARD,PAGADA,E-commerce
FAC-000868,TXN-202408-0375,2024-08-27,Infraestructuras PIMG S.Coop.,9677049909678,41.59,6.24,47.83,Datafast,VISA,PAGADA,E-commerce
FAC-000869,TXN-202408-0376,2024-08-12,Farmaceútica Donoso y asociados S.L.,1894565977396,163.03,24.46,187.49,Medianet,MASTERCARD,PAGADA,Ventas
FAC-000870,TXN-202408-0377,2024-08-16,Somoza y Juárez S.Com.,2203405736891,888.57,133.28,1021.85,Medianet,VISA,PAGADA,Ventas
FAC-000871,TXN-202408-0378,2024-08-29,Julie Cerdán Aliaga S.Com.,1680417569430,52.83,7.93,60.76,Datafast,MASTERCARD,PAGADA,Ventas
FAC-000872,TXN-202408-0379,2024-08-17,Comercializadora Ariño y asociados S.A.T.,7021887716991,44.58,6.69,51.27,PayPhone,MASTERCARD,PAGADA,Ventas
FAC-000873,TXN-202408-0380,2024-08-17,Ezequiel Barón Álamo S.L.U.,5958723634110,18.43,2.76,21.19,Medianet,AMEX,PAGADA,Ventas
FAC-000874,TXN-202408-0381,2024-08-22,Suministros IR S.Coop.,4385786712657,16.94,2.54,19.48,Datafast,VISA,PAGADA,E-commerce
FAC-000875,TXN-202408-0382,2024-08-24,Aguirre & Asociados S.L.,9828182912789,273.41,41.01,314.42,Medianet,DINERS,PAGADA,Ventas
FAC-000876,TXN-202408-0383,2024-08-14,Viñas & Asociados S.Coop.,9288524991960,326.15,48.92,375.07,Medianet,MASTERCARD,PAGADA,E-commerce
FAC-000877,TXN-202408-0384,2024-08-06,Ariel Castilla Amaya S.Com.,9184158553730,26.36,3.95,30.31,Datafast,VISA,PAGADA,Ventas
FAC-000878,TXN-202408-0385,2024-08-11,Leal y Mariño S.L.L.,4537631855967,24.9,3.74,28.64,PayPhone,VISA,PAGADA,E-commerce
FAC-000879,TXN-202408-0386,2024-08-08,Servicios Saura S.C.P,1271694481440,187.7,28.15,215.85,Datafast,MASTERCARD,PAGADA,Ventas
FAC-000880,TXN-202408-0387,2024-08-12,Soluciones Amor & Asociados S.C.P,1004075602310,341.5,51.22,392.72,Medianet,VISA,PAGADA,POS
FAC-000881,TXN-202408-0388,2024-08-20,René Ibarra Gálvez S.Com.,6440797296822,428.56,64.28,492.84,Datafast,VISA,PAGADA,Ventas
FAC-000882,TXN-202408-0389,2024-08-08,Inmobiliaria Casanovas y asociados S.Coop.,8185427344979,23.94,3.59,27.53,Medianet,DINERS,PAGADA,POS
FAC-000883,TXN-202408-0390,2024-08-09,Transportes Española S.A.,8625197366547,321.46,48.22,369.68,PayPhone,VISA,PAGADA,E-commerce
FAC-000884,TXN-202408-0391,2024-08-15,Farmaceútica Perales y asociados S.A.T.,5687837105392,104.0,15.6,119.6,Medianet,MASTERCARD,PAGADA,Ventas
FAC-000885,TXN-202408-0392,2024-08-09,Finanzas Machado & Asociados S.A.,5590677185360,160.82,24.12,184.94,Datafast,VISA,PAGADA,E-commerce
FAC-000886,TXN-202408-0393,2024-08-24,Salcedo & Asociados S.L.N.E,9117430402560,2031.01,304.65,2335.66,Datafast,VISA,PAGADA,E-commerce
FAC-000887,TXN-202408-0394,2024-08-19,Cirino Carbajo Murcia S.Coop.,1541316677527,321.42,48.21,369.63,Medianet,VISA,PAGADA,POS
FAC-000888,TXN-202408-0395,2024-08-03,Cuervo y Cámara S.L.N.E,1071279717635,280.03,42.01,322.04,Medianet,VISA,PAGADA,POS
FAC-000889,TXN-202408-0396,2024-08-30,Infraestructuras Vizcaíno & Asociados S.L.,1164272990438,228.18,34.23,262.41,PayPhone,VISA,PAGADA,Ventas
FAC-000890,TXN-202408-0397,2024-08-01,Aura Durán Viana S.L.N.E,8017676227025,289.54,43.43,332.97,PayPhone,VISA,PAGADA,POS
FAC-000891,TXN-202408-0398,2024-08-18,Alfaro y Blanch S.Coop.,4931639158464,7.03,1.06,8.09,Medianet,VISA,PAGADA,Ventas
FAC-000892,TXN-202408-0399,2024-08-24,Desarrollo Arana & Asociados S.Com.,7125604678203,7.64,1.15,8.79,Datafast,MASTERCARD,PAGADA,POS
FAC-000893,TXN-202408-0400,2024-08-14,Dora Albero Toledo S.L.,6590615502613,102.46,15.37,117.83,PayPhone,MASTERCARD,PAGADA,POS
FAC-000894,TXN-202408-0401,2024-08-24,Cabrera & Asociados S.L.,4209731220667,35.38,5.31,40.69,Medianet,VISA,PAGADA,POS
FAC-000895,TXN-202408-0402,2024-08-23,Constanza Becerra Vilaplana S.A.,6565405324216,32.69,4.9,37.59,Medianet,VISA,PAGADA,Ventas
FAC-000896,TXN-202408-0403,2024-08-19,Infraestructuras Vicente y asociados S.L.N.E,8243532861780,30.13,4.52,34.65,Medianet,VISA,PAGADA,Ventas
FAC-000897,TXN-202408-0404,2024-08-09,Moll y Llorens S.Coop.,5681380573213,20.15,3.02,23.17,Medianet,DINERS,PAGADA,Ventas
FAC-000898,TXN-202408-0405,2024-08-14,Industrias Ibéricos S.A.,5878864555261,48.16,7.22,55.38,Datafast,DINERS,PAGADA,POS
FAC-000899,TXN-202408-0406,2024-08-10,Consultoría PJK S.L.U.,5010705570529,78.41,11.76,90.17,Datafast,VISA,PAGADA,E-commerce
FAC-000900,TXN-202408-0407,2024-08-05,Despacho Valenciano y asociados S.Com.,5708687441235,1396.11,209.42,1605.53,PayPhone,MASTERCARD,PAGADA,Ventas
FAC-000901,TXN-202408-0408,2024-08-25,Hermanos Tormo S.L.N.E,9699896258692,28.73,4.31,33.04,Datafast,AMEX,PAGADA,POS
FAC-000902,TXN-202408-0409,2024-08-30,Fábrica QC S.Coop.,6135600625515,66.23,9.94,76.17,PayPhone,VISA,PAGADA,POS
FAC-000903,TXN-202408-0410,2024-08-04,Zurita y Cervantes S.A.T.,2179751937849,49.59,7.44,57.03,PayPhone,AMEX,PAGADA,E-commerce
FAC-000904,TXN-202408-0411,2024-08-07,Alcázar y Ortega S.A.,5231273445801,39.43,5.92,45.35,Datafast,VISA,PAGADA,Ventas
FAC-000905,TXN-202408-0412,2024-08-05,Mármol y asociados S.Coop.,8976213461646,51.95,7.79,59.74,Medianet,VISA,PAGADA,E-commerce
FAC-000906,TXN-202408-0413,2024-08-02,Camps y asociados S.L.L.,1952653222470,311.9,46.78,358.68,Medianet,VISA,PAGADA,Ventas
FAC-000907,TXN-202408-0414,2024-08-02,Hnos Serrano S.Com.,9681014812971,295.26,44.29,339.55,Datafast,VISA,PAGADA,Ventas
FAC-000908,TXN-202408-0415,2024-08-28,Ropero y Córdoba S.Coop.,8888408943748,22.04,3.31,25.35,Medianet,VISA,PAGADA,E-commerce
FAC-000909,TXN-202408-0416,2024-08-13,Distribuciones del Mediterráneo S.A.,9512681793008,61.97,9.29,71.26,Datafast,VISA,PAGADA,E-commerce
FAC-000910,TXN-202408-0417,2024-08-16,Hermanos España S.Coop.,1258899058081,399.68,59.95,459.63,PayPhone,MASTERCARD,PAGADA,Ventas
FAC-000911,TXN-202408-0418,2024-08-30,Minería del Sur S.Com.,4403340508105,34.22,5.13,39.35,Medianet,VISA,PAGADA,Ventas
FAC-000912,TXN-202408-0419,2024-08-13,Grupo Corbacho S.Com.,5835869902131,26.1,3.92,30.02,Datafast,VISA,PAGADA,Ventas
FAC-000913,TXN-202408-0420,2024-08-08,Tecnologías Jordán & Asociados S.L.L.,2266946021246,45.12,6.77,51.89,Datafast,VISA,PAGADA,E-commerce
FAC-000914,TXN-202408-0421,2024-08-27,Comercializadora GKDP S.L.,6764281259836,29.6,4.44,34.04,Datafast,VISA,PAGADA,POS
FAC-000915,TXN-202408-0422,2024-08-13,Galán y Cobos S.A.,3007498849591,26.63,4.0,30.63,PayPhone,DINERS,PAGADA,E-commerce
FAC-000916,TXN-202408-0423,2024-08-28,Desarrollo Garmendia S.L.N.E,3260920331465,48.57,7.28,55.85,Datafast,MASTERCARD,PAGADA,POS
FAC-000917,TXN-202408-0424,2024-08-10,Despacho Internacionales S.Com.,6357166578130,225.32,33.8,259.12,Medianet,VISA,PAGADA,POS
FAC-000918,TXN-202408-0425,2024-08-18,Avilés & Asociados S.L.N.E,4699504389641,13.38,2.01,15.39,Datafast,MASTERCARD,PAGADA,POS
FAC-000919,TXN-202408-0426,2024-08-17,Ramiro Ibañez Pozuelo S.Coop.,6045086295322,50.34,7.55,57.89,PayPhone,AMEX,PAGADA,Ventas
FAC-000920,TXN-202408-0427,2024-08-19,Carbonell y Guardia S.L.L.,3807248764126,309.23,46.39,355.62,Datafast,AMEX,PAGADA,Ventas
FAC-000921,TXN-202408-0428,2024-08-11,Construcción UF S.L.N.E,2239557458618,692.15,103.82,795.97,Datafast,MASTERCARD,PAGADA,Ventas
FAC-000922,TXN-202408-0429,2024-08-14,Ruano y Plana S.L.,1158393408354,220.78,33.12,253.9,Medianet,MASTERCARD,PAGADA,E-commerce
FAC-000923,TXN-202408-0430,2024-08-09,Farmaceútica Peñas & Asociados S.A.,9142788598819,410.41,61.56,471.97,Datafast,DINERS,PAGADA,Ventas
FAC-000924,TXN-202408-0431,2024-08-20,Restauración Perez S.C.P,3206965693259,54.07,8.11,62.18,Medianet,VISA,PAGADA,E-commerce
FAC-000925,TXN-202408-0432,2024-08-22,Consultoría Ortega S.Com.,6327622368312,19.49,2.92,22.41,Datafast,MASTERCARD,PAGADA,POS
FAC-000926,TXN-202408-0433,2024-08-20,Soluciones Flores & Asociados S.L.,7053418399557,37.1,5.57,42.67,Datafast,MASTERCARD,PAGADA,Ventas
FAC-000927,TXN-202408-0434,2024-08-05,Hnos Benavente S.L.,8102280177106,249.05,37.36,286.41,Medianet,VISA,PAGADA,Ventas
FAC-000928,TXN-202408-0435,2024-08-09,Fuster y Valero S.Coop.,2694502694473,75.05,11.26,86.31,Datafast,VISA,PAGADA,Ventas
FAC-000929,TXN-202408-0436,2024-08-06,Despacho Integrales S.Coop.,5634143910323,17.69,2.65,20.34,Datafast,MASTERCARD,PAGADA,E-commerce
FAC-000930,TXN-202408-0437,2024-08-08,Transportes del Mediterráneo S.L.,9918667906674,34.19,5.13,39.32,PayPhone,VISA,PAGADA,Ventas
FAC-000931,TXN-202408-0438,2024-08-11,Talleres del Levante S.Coop.,7072011040838,208.49,31.27,239.76,Datafast,VISA,PAGADA,Ventas
FAC-000932,TXN-202408-0439,2024-08-29,Infraestructuras Globales S.Coop.,4237826018777,261.39,39.21,300.6,Medianet,MASTERCARD,PAGADA,E-commerce
FAC-000933,TXN-202408-0440,2024-08-02,Toledo & Asociados S.Com.,8953342253939,58.29,8.74,67.03,Medianet,MASTERCARD,PAGADA,E-commerce
FAC-000934,TXN-202408-0441,2024-08-17,Arce y Seco S.L.N.E,2624257772774,273.24,40.99,314.23,Medianet,VISA,PAGADA,E-commerce
FAC-000935,TXN-202408-0442,2024-08-25,Talleres Lillo S.L.U.,5675021885211,62.03,9.3,71.33,PayPhone,VISA,PAGADA,E-commerce
FAC-000936,TXN-202408-0443,2024-08-17,Nevado y Anguita S.Coop.,4684603638396,89.49,13.42,102.91,Datafast,VISA,PAGADA,Ventas
FAC-000937,TXN-202408-0444,2024-08-06,Infraestructuras JDWG S.L.L.,7878842047598,37.0,5.55,42.55,Datafast,MASTERCARD,PAGADA,POS
FAC-000938,TXN-202408-0445,2024-08-15,Compañía Villalobos S.L.,4158947706939,31.32,4.7,36.02,PayPhone,MASTERCARD,PAGADA,Ventas
FAC-000939,TXN-202408-0446,2024-08-15,Promociones Avanzadas S.Com.,3285320254616,143.31,21.5,164.81,Datafast,MASTERCARD,PAGADA,Ventas
FAC-000940,TXN-202408-0447,2024-08-23,Distribuciones Cuevas S.L.,9579467781898,2166.28,324.94,2491.22,Datafast,MASTERCARD,PAGADA,Ventas
FAC-000941,TXN-202408-0448,2024-08-17,Hotel Pazos y asociados S.Coop.,6536139594592,28.02,4.2,32.22,Datafast,VISA,PAGADA,Ventas
FAC-000942,TXN-202408-0449,2024-08-13,Hnos Oller S.Coop.,1818572350194,66.29,9.94,76.23,Datafast,MASTERCARD,PAGADA,E-commerce
FAC-000943,TXN-202408-0450,2024-08-22,Hnos Pavón S.L.,6837796263896,1664.11,249.62,1913.73,Datafast,MASTERCARD,PAGADA,Ventas
FAC-000944,TXN-202408-0451,2024-08-10,Desarrollo WGP S.C.P,5549977917822,88.3,13.25,101.55,Datafast,VISA,PAGADA,Ventas
FAC-000945,TXN-202408-0452,2024-08-29,Hotel Ibérica S.L.N.E,1208100142866,16.13,2.42,18.55,Medianet,DINERS,PAGADA,E-commerce
FAC-000946,TXN-202408-0453,2024-08-16,Hnos Llano S.A.,8606251575951,74.03,11.1,85.13,PayPhone,VISA,PAGADA,E-commerce
FAC-000947,TXN-202408-0454,2024-08-19,Compañía Iberia S.L.N.E,4290967108004,156.44,23.47,179.91,Medianet,VISA,PAGADA,Ventas
FAC-000948,TXN-202408-0455,2024-08-08,Banco del Levante S.L.N.E,9058724227496,43.49,6.52,50.01,Datafast,VISA,PAGADA,POS
FAC-000949,TXN-202408-0456,2024-08-06,Miguela Guardia Ferrera S.L.L.,6452948305171,145.4,21.81,167.21,Datafast,MASTERCARD,PAGADA,E-commerce
FAC-000950,TXN-202408-0457,2024-08-19,Martorell y asociados S.Coop.,8572512343353,6.46,0.97,7.43,Datafast,VISA,PAGADA,E-commerce
FAC-000951,TXN-202408-0458,2024-08-06,Transportes IQ S.A.,6575777734265,31.54,4.73,36.27,Datafast,DINERS,PAGADA,Ventas
FAC-000952,TXN-202408-0459,2024-08-26,Verónica Martorell Gabaldón S.L.N.E,7875031049791,286.86,43.03,329.89,Medianet,MASTERCARD,PAGADA,Ventas
FAC-000953,TXN-202408-0460,2024-08-03,Comercial HKD S.Coop.,4207712806199,409.76,61.46,471.22,Datafast,VISA,PAGADA,POS
FAC-000954,TXN-202408-0461,2024-08-27,Grupo Niño S.Com.,1474666974721,346.57,51.98,398.55,Datafast,AMEX,PAGADA,Ventas
FAC-000955,TXN-202408-0462,2024-08-11,Restauración XB S.L.,6812435668303,60.4,9.06,69.46,Datafast,VISA,PAGADA,Ventas
FAC-000956,TXN-202408-0463,2024-08-19,Minería Integrales S.Coop.,2953695255876,8.14,1.22,9.36,Datafast,VISA,PAGADA,E-commerce
FAC-000957,TXN-202408-0464,2024-08-20,Farmaceútica Salom & Asociados S.A.,7235078107283,51.57,7.74,59.31,PayPhone,MASTERCARD,PAGADA,POS
FAC-000958,TXN-202408-0465,2024-08-20,Despacho LWN S.Com.,9394764612614,38.61,5.79,44.4,Datafast,MASTERCARD,PAGADA,E-commerce
FAC-000959,TXN-202408-0466,2024-08-16,Hermanos Seco S.A.,8893631962756,51.9,7.79,59.69,PayPhone,MASTERCARD,PAGADA,Ventas
FAC-000960,TXN-202408-0467,2024-08-07,Neira & Asociados S.Com.,9944390951956,23.3,3.49,26.79,PayPhone,AMEX,PAGADA,Ventas
FAC-000961,TXN-202408-0468,2024-08-07,Caballero y asociados S.A.,6130063621051,338.9,50.84,389.74,Datafast,VISA,PAGADA,Ventas
FAC-000962,TXN-202408-0469,2024-08-21,Llabrés y asociados S.Com.,5940787048113,40.9,6.13,47.03,PayPhone,VISA,PAGADA,Ventas
FAC-000963,TXN-202408-0470,2024-08-10,Grupo Beltrán S.A.,9353739652729,55.88,8.38,64.26,Datafast,VISA,PAGADA,E-commerce
FAC-000964,TXN-202408-0471,2024-08-11,Familia Burgos S.Coop.,5098677705548,49.08,7.36,56.44,Medianet,VISA,PAGADA,Ventas
FAC-000965,TXN-202408-0472,2024-08-11,Alimentación del Norte S.L.,8590712996991,15.8,2.37,18.17,Medianet,MASTERCARD,PAGADA,Ventas
FAC-000966,TXN-202408-0473,2024-08-05,Servicios KK S.L.N.E,5148270029331,6.67,1.0,7.67,PayPhone,VISA,PAGADA,Ventas
FAC-000967,TXN-202408-0474,2024-08-15,Inversiones Lamas S.Com.,3726893746021,396.77,59.52,456.29,Datafast,VISA,PAGADA,POS
FAC-000968,TXN-202408-0475,2024-08-22,Infraestructuras Ibéricos S.L.,4168841577129,41.19,6.18,47.37,PayPhone,VISA,PAGADA,Ventas
FAC-000969,TXN-202408-0476,2024-08-30,Fábrica Rivero & Asociados S.C.P,1884251956176,190.71,28.61,219.32,Medianet,VISA,PAGADA,Ventas
FAC-000970,TXN-202408-0477,2024-08-13,Venceslás Royo Lucas S.L.,9555892235528,193.43,29.01,222.44,Datafast,VISA,PAGADA,POS
FAC-000971,TXN-202408-0478,2024-08-04,Inversiones Carrera S.L.U.,5187063022829,138.0,20.7,158.7,Medianet,VISA,PAGADA,E-commerce
FAC-000972,TXN-202408-0479,2024-08-16,Benítez y Izaguirre S.L.N.E,3835287897153,31.34,4.7,36.04,Medianet,VISA,PAGADA,Ventas
FAC-000973,TXN-202408-0480,2024-08-06,Chucho Doménech Miró S.A.,5496472684746,38.59,5.79,44.38,Datafast,AMEX,PAGADA,Ventas
FAC-000974,TXN-202408-0481,2024-08-17,Farmaceútica Haro y asociados S.A.,4555072831018,10.39,1.56,11.95,Datafast,VISA,PAGADA,Ventas
FAC-000975,TXN-202408-0482,2024-08-16,Cañas y Menendez S.Coop.,5508808756450,26.53,3.98,30.51,Medianet,AMEX,PAGADA,Ventas
FAC-000976,TXN-202408-0483,2024-08-04,Samanta Valderrama Larrea S.L.,9658105801088,54.53,8.18,62.71,PayPhone,VISA,PAGADA,E-commerce
FAC-000977,TXN-202408-0484,2024-08-23,Instalaciones Posada S.Coop.,9767974476193,237.33,35.6,272.93,Medianet,VISA,PAGADA,Ventas
FAC-000978,TXN-202408-0485,2024-08-28,Distribuciones del Levante S.L.U.,6788663646533,59.66,8.95,68.61,Datafast,VISA,PAGADA,E-commerce
FAC-000979,TXN-202408-0486,2024-08-24,Salmerón y Azorin S.Com.,3947749633792,54.31,8.15,62.46,Datafast,AMEX,PAGADA,E-commerce
FAC-000980,TXN-202408-0487,2024-08-07,Almeida y Raya S.A.T.,2962819150237,146.21,21.93,168.14,Datafast,MASTERCARD,PAGADA,Ventas
FAC-000981,TXN-202408-0488,2024-08-09,Promociones SNYQ S.A.,4738734505219,314.67,47.2,361.87,Datafast,MASTERCARD,PAGADA,E-commerce
FAC-000982,TXN-202408-0489,2024-08-04,Familia Esparza S.Coop.,4705047260979,1651.36,247.7,1899.06,Datafast,VISA,PAGADA,POS
FAC-000983,TXN-202408-0490,2024-08-26,Talleres ELAO S.Com.,6429145977366,65.87,9.88,75.75,Medianet,MASTERCARD,PAGADA,Ventas
FAC-000984,TXN-202408-0491,2024-08-18,Supermercados PZ S.Coop.,1298591981747,62.54,9.38,71.92,Medianet,VISA,PAGADA,Ventas
FAC-000985,TXN-202408-0492,2024-08-13,Grupo Dávila S.Coop.,3966539788587,544.47,81.67,626.14,Datafast,VISA,PAGADA,Ventas
FAC-000986,TXN-202408-0493,2024-08-21,Pizarro y Morcillo S.Com.,4889557131984,395.08,59.26,454.34,Datafast,VISA,PAGADA,E-commerce
FAC-000987,TXN-202408-0494,2024-08-23,Despacho Integrales S.Coop.,4349616395257,57.66,8.65,66.31,Medianet,MASTERCARD,PAGADA,Ventas
FAC-000988,TXN-202408-0495,2024-08-19,Baeza y Camps S.L.,4277743721238,2096.58,314.49,2411.07,PayPhone,VISA,PAGADA,Ventas
FAC-000989,TXN-202408-0496,2024-08-10,Mas & Asociados S.Coop.,4587756191898,105.09,15.76,120.85,Datafast,AMEX,PAGADA,Ventas
FAC-000990,TXN-202408-0497,2024-08-05,Comercial Bastida S.Coop.,7055798322900,66.14,9.92,76.06,Medianet,MASTERCARD,PAGADA,E-commerce
FAC-000991,TXN-202408-0498,2024-08-11,Inmobiliaria Castellana S.L.L.,1759054517365,64.17,9.62,73.79,Datafast,VISA,PAGADA,POS
FAC-000992,TXN-202408-0499,2024-08-15,Farmaceútica Feliu & Asociados S.L.N.E,8054059193442,27.27,4.09,31.36,Datafast,VISA,PAGADA,POS
FAC-000993,TXN-202408-0500,2024-08-13,Roldán y Martín S.A.,4762712393306,255.08,38.26,293.34,Datafast,VISA,PAGADA,E-commerce
FAC-000994,TXN-202409-0001,2024-09-18,Familia Cabañas S.L.,5333535975980,358.97,53.85,412.82,Medianet,VISA,PAGADA,Ventas
FAC-000995,TXN-202409-0002,2024-09-16,Logística Vilanova S.L.N.E,8362821960878,269.69,40.45,310.14,Datafast,VISA,PAGADA,POS
FAC-000996,TXN-202409-0003,2024-09-14,Infraestructuras Españolas S.L.,7257882737630,227.03,34.05,261.08,Datafast,VISA,PAGADA,Ventas
FAC-000997,TXN-202409-0004,2024-09-03,Infraestructuras Gracia y asociados S.Com.,8577398366609,47.57,7.13,54.7,Medianet,MASTERCARD,PAGADA,Ventas
FAC-000998,TXN-202409-0005,2024-09-15,Hnos Santos S.Com.,7397855004450,42.97,6.44,49.41,PayPhone,MASTERCARD,PAGADA,Ventas
FAC-000999,TXN-202409-0006,2024-09-03,Carnero y Urrutia S.A.,6629629010793,66.69,10.0,76.69,Medianet,AMEX,PAGADA,Ventas
FAC-001000,TXN-202409-0007,2024-09-16,Pagès & Asociados S.Coop.,3326527825463,207.95,31.19,239.14,Datafast,AMEX,PAGADA,E-commerce
FAC-001001,TXN-202409-0009,2024-09-10,Costa y asociados S.C.P,1259415671177,235.0,35.25,270.25,PayPhone,MASTERCARD,PAGADA,Ventas
FAC-001002,TXN-202409-0010,2024-09-10,Socorro Cifuentes Godoy S.L.N.E,5039872458198,61.57,9.24,70.81,Medianet,VISA,PAGADA,POS
FAC-001003,TXN-202409-0011,2024-09-23,Salcedo & Asociados S.Com.,6808840755380,2471.03,370.66,2841.69,Medianet,MASTERCARD,PAGADA,Ventas
FAC-001004,TXN-202409-0012,2024-09-28,Consultoría Céspedes & Asociados S.A.,5636597268395,255.98,38.4,294.38,PayPhone,MASTERCARD,PAGADA,Ventas
FAC-001005,TXN-202409-0013,2024-09-01,Familia Santamaría S.A.,1470513069672,2538.91,380.84,2919.75,PayPhone,VISA,PAGADA,POS
FAC-001006,TXN-202409-0014,2024-09-01,Barbero & Asociados S.A.,1828156838702,22.76,3.41,26.17,Medianet,DINERS,PAGADA,POS
FAC-001007,TXN-202409-0015,2024-09-13,Pelayo Ricart Rocha S.L.U.,7185379821492,329.51,49.43,378.94,Datafast,MASTERCARD,PAGADA,E-commerce
FAC-001008,TXN-202409-0016,2024-09-18,Serafina Bello Baena S.A.U,4913717306390,13.42,2.01,15.43,Datafast,VISA,PAGADA,POS
FAC-001009,TXN-202409-0017,2024-09-28,Dávila y Teruel S.A.,7758306848368,23.17,3.47,26.64,PayPhone,VISA,PAGADA,E-commerce
FAC-001010,TXN-202409-0018,2024-09-29,Industrias del Levante S.A.,2567238665606,122.16,18.32,140.48,Datafast,VISA,PAGADA,POS
FAC-001011,TXN-202409-0019,2024-09-26,Banca Privada Española S.A.,7075595735410,13.3,1.99,15.29,Medianet,DINERS,PAGADA,Ventas
FAC-001012,TXN-202409-0020,2024-09-20,Segura y asociados S.Com.,5077250402589,409.33,61.4,470.73,PayPhone,AMEX,PAGADA,Ventas
FAC-001013,TXN-202409-0021,2024-09-08,Fábrica Casals S.L.,7481085587235,210.07,31.51,241.58,Datafast,VISA,PAGADA,Ventas
FAC-001014,TXN-202409-0022,2024-09-23,Banca Privada del Noroeste S.A.T.,7284572080241,52.02,7.8,59.82,Datafast,VISA,PAGADA,Ventas
FAC-001015,TXN-202409-0023,2024-09-02,Minería Solsona & Asociados S.L.,1241507493166,81.78,12.27,94.05,Datafast,DINERS,PAGADA,Ventas
FAC-001016,TXN-202409-0024,2024-09-03,Hermanos Roldan S.L.,1181611556613,420.81,63.12,483.93,Datafast,VISA,PAGADA,E-commerce
FAC-001017,TXN-202409-0025,2024-09-09,Familia Palomino S.L.N.E,9240475000458,343.69,51.55,395.24,Medianet,MASTERCARD,PAGADA,E-commerce
FAC-001018,TXN-202409-0026,2024-09-21,Gustavo Sanmiguel Pareja S.A.,4808922706990,159.13,23.87,183.0,Medianet,MASTERCARD,PAGADA,Ventas
FAC-001019,TXN-202409-0027,2024-09-19,Teófilo Puig Andrés S.Coop.,9364949356580,266.49,39.97,306.46,Medianet,MASTERCARD,PAGADA,POS
FAC-001020,TXN-202409-0028,2024-09-15,Tecnologías Vargas S.Coop.,9636383647224,5.05,0.76,5.81,Medianet,AMEX,PAGADA,E-commerce
FAC-001021,TXN-202409-0029,2024-09-26,Promociones Pinedo S.L.U.,5658170833514,27.37,4.1,31.47,PayPhone,MASTERCARD,PAGADA,Ventas
FAC-001022,TXN-202409-0030,2024-09-24,Finanzas Fonseca y asociados S.A.,9224496639000,2063.97,309.59,2373.56,Datafast,VISA,PAGADA,Ventas
FAC-001023,TXN-202409-0031,2024-09-22,Talleres Molina S.Coop.,4353980488672,278.78,41.82,320.6,Datafast,MASTERCARD,PAGADA,Ventas
FAC-001024,TXN-202409-0032,2024-09-17,Farmaceútica Tejada y asociados S.L.,5014096170998,9.73,1.46,11.19,PayPhone,MASTERCARD,PAGADA,Ventas
FAC-001025,TXN-202409-0033,2024-09-28,Belmonte & Asociados S.L.,6731709816688,22.67,3.4,26.07,PayPhone,VISA,PAGADA,Ventas
FAC-001026,TXN-202409-0034,2024-09-05,Inmobiliaria Arjona S.Com.,2330384691281,42.94,6.44,49.38,Datafast,VISA,PAGADA,Ventas
FAC-001027,TXN-202409-0035,2024-09-16,Construcción Gimeno S.L.,5601645466257,50.05,7.51,57.56,Datafast,AMEX,PAGADA,Ventas
FAC-001028,TXN-202409-0036,2024-09-05,Barreda & Asociados S.L.U.,3912536127698,9.85,1.48,11.33,Medianet,AMEX,PAGADA,E-commerce
FAC-001029,TXN-202409-0037,2024-09-25,Hoyos & Asociados S.L.,6762295794745,69.15,10.37,79.52,PayPhone,VISA,PAGADA,Ventas
FAC-001030,TXN-202409-0038,2024-09-24,Comercializadora Integrales S.Coop.,1480989717331,146.57,21.99,168.56,Datafast,VISA,PAGADA,Ventas
FAC-001031,TXN-202409-0039,2024-09-15,Jordana Barroso Fabra S.Coop.,5371604261447,88.75,13.31,102.06,Datafast,VISA,PAGADA,Ventas
FAC-001032,TXN-202409-0040,2024-09-08,Hnos Pujol S.A.,2165044152644,2440.13,366.02,2806.15,Datafast,VISA,PAGADA,Ventas
FAC-001033,TXN-202409-0041,2024-09-14,Cid y Porta S.Coop.,5482969454191,38.94,5.84,44.78,Medianet,VISA,PAGADA,Ventas
FAC-001034,TXN-202409-0042,2024-09-17,Batalla y Cid S.Coop.,3878049876209,24.94,3.74,28.68,Datafast,MASTERCARD,PAGADA,POS
FAC-001035,TXN-202409-0043,2024-09-28,Campoy y Solé S.A.,3483739652427,27.43,4.11,31.54,PayPhone,VISA,PAGADA,Ventas
FAC-001036,TXN-202409-0044,2024-09-26,Despacho Olmo & Asociados S.A.,9560741464402,21.97,3.3,25.27,Medianet,MASTERCARD,PAGADA,Ventas
FAC-001037,TXN-202409-0045,2024-09-08,Distribuciones Aguiló S.L.,6513534255561,48.39,7.26,55.65,Datafast,MASTERCARD,PAGADA,POS
FAC-001038,TXN-202409-0046,2024-09-06,Familia Uriarte S.A.,8132621384155,48.55,7.28,55.83,Medianet,MASTERCARD,PAGADA,Ventas
FAC-001039,TXN-202409-0047,2024-09-04,Promociones AJ S.L.,1909542527505,73.93,11.09,85.02,Medianet,MASTERCARD,PAGADA,POS
FAC-001040,TXN-202409-0048,2024-09-07,Comercial Arias & Asociados S.Com.,6188084820727,22.83,3.42,26.25,Datafast,VISA,PAGADA,Ventas
FAC-001041,TXN-202409-0049,2024-09-27,Supermercados Ibéricos S.L.L.,1926334029378,1862.18,279.33,2141.51,Datafast,VISA,PAGADA,POS
FAC-001042,TXN-202409-0050,2024-09-28,Valcárcel y Martínez S.Coop.,2332672733262,113.38,17.01,130.39,PayPhone,MASTERCARD,PAGADA,POS
FAC-001043,TXN-202409-0051,2024-09-06,Salvador y asociados S.C.P,6776746958819,276.3,41.45,317.75,Datafast,MASTERCARD,PAGADA,Ventas
FAC-001044,TXN-202409-0052,2024-09-21,Banca Privada del Noroeste S.Com.,9146877492944,65.4,9.81,75.21,Medianet,VISA,PAGADA,POS
FAC-001045,TXN-202409-0053,2024-09-25,Vinicio Peiró Casares S.A.,8793136757266,63.26,9.49,72.75,PayPhone,VISA,PAGADA,Ventas
FAC-001046,TXN-202409-0054,2024-09-13,Mas y asociados S.A.,7449053667832,8.42,1.26,9.68,Datafast,MASTERCARD,PAGADA,Ventas
FAC-001047,TXN-202409-0055,2024-09-03,Comercial Gomis S.L.N.E,1431613177905,134.55,20.18,154.73,PayPhone,VISA,PAGADA,POS
FAC-001048,TXN-202409-0056,2024-09-04,Garcés y Almeida S.Coop.,4140388333151,46.44,6.97,53.41,PayPhone,VISA,PAGADA,E-commerce
FAC-001049,TXN-202409-0057,2024-09-15,Farmaceútica PYKZ S.L.,7501664802362,108.37,16.25,124.62,Medianet,VISA,PAGADA,Ventas
FAC-001050,TXN-202409-0058,2024-09-25,Hnos Diego S.A.D,7801938895311,51.8,7.77,59.57,Datafast,VISA,PAGADA,E-commerce
FAC-001051,TXN-202409-0059,2024-09-02,Girona y Lillo S.C.P,5543978157341,69.88,10.48,80.36,Datafast,VISA,PAGADA,E-commerce
FAC-001052,TXN-202409-0060,2024-09-01,Transportes Castilla S.L.,5091066086236,29.87,4.48,34.35,Datafast,VISA,PAGADA,POS
FAC-001053,TXN-202409-0061,2024-09-24,Remigio Escolano Alemany S.Com.,5504602622478,30.69,4.6,35.29,Medianet,MASTERCARD,PAGADA,Ventas
FAC-001054,TXN-202409-0062,2024-09-16,Pineda y asociados S.A.,9192251826135,2212.99,331.95,2544.94,Medianet,VISA,PAGADA,POS
FAC-001055,TXN-202409-0063,2024-09-13,Pagès & Asociados S.Com.,1562108401579,48.82,7.32,56.14,Medianet,DINERS,PAGADA,Ventas
FAC-001056,TXN-202409-0064,2024-09-11,Farmaceútica Oller y asociados S.Com.,8470629810997,39.22,5.88,45.1,Medianet,DINERS,PAGADA,E-commerce
FAC-001057,TXN-202409-0065,2024-09-18,Gilabert y Gonzalo S.Com.,9252686650836,17.59,2.64,20.23,PayPhone,MASTERCARD,PAGADA,Ventas
FAC-001058,TXN-202409-0066,2024-09-04,Compañía BYT S.A.D,8016821407373,29.79,4.47,34.26,PayPhone,MASTERCARD,PAGADA,Ventas
FAC-001059,TXN-202409-0067,2024-09-07,Palomar y asociados S.Com.,1687143903909,229.52,34.43,263.95,Medianet,VISA,PAGADA,E-commerce
FAC-001060,TXN-202409-0068,2024-09-13,Industrias MVTP S.Com.,2900562607024,953.23,142.98,1096.21,Datafast,VISA,PAGADA,Ventas
FAC-001061,TXN-202409-0069,2024-09-26,Servicios Integrales S.A.,7348579888921,67.28,10.09,77.37,Medianet,MASTERCARD,PAGADA,Ventas
FAC-001062,TXN-202409-0070,2024-09-24,Despacho Ortiz y asociados S.A.,3927381522932,26.37,3.96,30.33,PayPhone,VISA,PAGADA,Ventas
FAC-001063,TXN-202409-0071,2024-09-22,Alimentación Vilalta S.A.,2797254014938,260.62,39.09,299.71,Datafast,VISA,PAGADA,Ventas
FAC-001064,TXN-202409-0072,2024-09-05,Servicios del Mediterráneo S.L.,9747543188645,514.95,77.24,592.19,Datafast,MASTERCARD,PAGADA,POS
FAC-001065,TXN-202409-0073,2024-09-23,Hnos Alcalá S.Coop.,8647800792463,534.35,80.15,614.5,Medianet,VISA,PAGADA,E-commerce
FAC-001066,TXN-202409-0074,2024-09-26,Instalaciones Bernat & Asociados S.C.P,6169837555045,24.39,3.66,28.05,Datafast,VISA,PAGADA,Ventas
FAC-001067,TXN-202409-0075,2024-09-04,Tecnologías Gilabert y asociados S.L.,7938750077099,368.24,55.24,423.48,Datafast,VISA,PAGADA,POS
FAC-001068,TXN-202409-0076,2024-09-14,Sosa y asociados S.L.N.E,1631721135980,56.81,8.52,65.33,Datafast,MASTERCARD,PAGADA,E-commerce
FAC-001069,TXN-202409-0077,2024-09-22,Olmedo y Silva S.L.,4633315696401,187.98,28.2,216.18,PayPhone,DINERS,PAGADA,Ventas
FAC-001070,TXN-202409-0078,2024-09-02,Hermanos Roselló S.A.,1614601933520,898.33,134.75,1033.08,Medianet,VISA,PAGADA,Ventas
FAC-001071,TXN-202409-0079,2024-09-06,Soluciones Pons S.Com.,6522609316426,53.76,8.06,61.82,Datafast,VISA,PAGADA,Ventas
FAC-001072,TXN-202409-0080,2024-09-05,Restauración Ibérica S.Com.,6133161408231,42.3,6.35,48.65,Datafast,VISA,PAGADA,Ventas
FAC-001073,TXN-202409-0081,2024-09-29,Manufacturas Collado & Asociados S.Com.,1017171994574,14.63,2.2,16.83,Medianet,MASTERCARD,PAGADA,POS
FAC-001074,TXN-202409-0082,2024-09-19,Banca Privada Españolas S.Com.,1551995081900,1971.17,295.68,2266.85,Datafast,VISA,PAGADA,Ventas
FAC-001075,TXN-202409-0083,2024-09-07,Construcción PK S.A.,5267352635951,322.43,48.36,370.79,Datafast,AMEX,PAGADA,E-commerce
FAC-001076,TXN-202409-0084,2024-09-20,Industrias Globales S.L.N.E,7063524130228,65.53,9.83,75.36,Medianet,MASTERCARD,PAGADA,Ventas
FAC-001077,TXN-202409-0085,2024-09-21,Teruel & Asociados S.L.L.,5871066560249,66.32,9.95,76.27,Datafast,VISA,PAGADA,E-commerce
FAC-001078,TXN-202409-0086,2024-09-17,Alimentación Bayona y asociados S.L.N.E,3135777414905,12.01,1.8,13.81,Datafast,VISA,PAGADA,E-commerce
FAC-001079,TXN-202409-0087,2024-09-15,Despacho Internacionales S.L.,7017532279975,1538.13,230.72,1768.85,Medianet,AMEX,PAGADA,Ventas
FAC-001080,TXN-202409-0088,2024-09-22,Tecnologías Españolas S.Com.,3061587898916,56.3,8.45,64.75,Medianet,VISA,PAGADA,POS
FAC-001081,TXN-202409-0089,2024-09-12,Taboada y asociados S.Coop.,8031715111424,552.23,82.84,635.07,Datafast,VISA,PAGADA,E-commerce
FAC-001082,TXN-202409-0090,2024-09-15,Quintanilla y Villena S.Coop.,2424845467313,394.63,59.2,453.83,Datafast,VISA,PAGADA,E-commerce
FAC-001083,TXN-202409-0091,2024-09-01,Consultoría Ibérica S.Com.,6617419066954,14.65,2.2,16.85,Datafast,VISA,PAGADA,Ventas
FAC-001084,TXN-202409-0092,2024-09-19,Crespo & Asociados S.Com.,5008570340117,33.36,5.0,38.36,Medianet,VISA,PAGADA,E-commerce
FAC-001085,TXN-202409-0093,2024-09-04,Belda y asociados S.L.L.,6117061301127,153.59,23.04,176.63,Datafast,MASTERCARD,PAGADA,Ventas
FAC-001086,TXN-202409-0094,2024-09-29,Grupo Abascal S.L.U.,3783181720357,17.39,2.61,20.0,Datafast,VISA,PAGADA,POS
FAC-001087,TXN-202409-0095,2024-09-07,Río y Iborra S.Com.,8565640019154,32.77,4.92,37.69,Datafast,MASTERCARD,PAGADA,Ventas
FAC-001088,TXN-202409-0096,2024-09-21,Alvarez & Asociados S.Coop.,2660782411643,51.3,7.69,58.99,Datafast,VISA,PAGADA,E-commerce
FAC-001089,TXN-202409-0097,2024-09-02,Débora Macias Lobo S.L.N.E,4424114754662,49.5,7.42,56.92,PayPhone,VISA,PAGADA,E-commerce
FAC-001090,TXN-202409-0098,2024-09-11,Hnos Arcos S.Com.,4582230642116,15.51,2.33,17.84,Datafast,AMEX,PAGADA,Ventas
FAC-001091,TXN-202409-0099,2024-09-20,Leon y Cánovas S.A.,7546038951592,302.57,45.39,347.96,PayPhone,MASTERCARD,PAGADA,POS
FAC-001092,TXN-202409-0100,2024-09-17,Inversiones Marti S.A.,4046652174645,31.2,4.68,35.88,Medianet,MASTERCARD,PAGADA,POS
FAC-001093,TXN-202409-0101,2024-09-01,Grupo Pizarro S.L.,3431649506054,34.53,5.18,39.71,PayPhone,VISA,PAGADA,POS
FAC-001094,TXN-202409-0102,2024-09-08,Banco Castejón & Asociados S.A.,2313713463107,32.67,4.9,37.57,Datafast,AMEX,PAGADA,Ventas
FAC-001095,TXN-202409-0103,2024-09-02,Manufacturas Cuadrado S.Com.,7990786957601,222.14,33.32,255.46,PayPhone,AMEX,PAGADA,Ventas
FAC-001096,TXN-202409-0104,2024-09-13,Alimentación Bru S.C.P,8183041544747,32.11,4.82,36.93,PayPhone,MASTERCARD,PAGADA,Ventas
FAC-001097,TXN-202409-0105,2024-09-03,Galván y Osuna S.C.P,4034359736970,36.65,5.5,42.15,PayPhone,MASTERCARD,PAGADA,Ventas
FAC-001098,TXN-202409-0106,2024-09-12,Eugenio Ruiz Camps S.Com.,2268525317504,18.57,2.78,21.35,Medianet,MASTERCARD,PAGADA,Ventas
FAC-001099,TXN-202409-0107,2024-09-06,Cárdenas y asociados S.A.,1093701185968,47.98,7.2,55.18,Datafast,DINERS,PAGADA,Ventas
FAC-001100,TXN-202409-0108,2024-09-15,Fábrica YO S.A.,8374095290550,426.17,63.93,490.1,Datafast,MASTERCARD,PAGADA,Ventas
FAC-001101,TXN-202409-0109,2024-09-15,Banca Privada WG S.L.N.E,8657928184726,204.85,30.73,235.58,PayPhone,VISA,PAGADA,Ventas
FAC-001102,TXN-202409-0110,2024-09-11,Despacho HQ S.L.U.,6080639924161,62.62,9.39,72.01,Medianet,AMEX,PAGADA,POS
FAC-001103,TXN-202409-0111,2024-09-18,Infraestructuras Ibéricos S.A.,2195406278908,66.05,9.91,75.96,Datafast,VISA,PAGADA,Ventas
FAC-001104,TXN-202409-0112,2024-09-24,Palomar y asociados S.A.,7806831121795,61.79,9.27,71.06,Medianet,MASTERCARD,PAGADA,POS
FAC-001105,TXN-202409-0113,2024-09-13,Farmaceútica TK S.Com.,8728223312567,7.71,1.16,8.87,Medianet,AMEX,PAGADA,Ventas
FAC-001106,TXN-202409-0114,2024-09-23,Camps y Rocamora S.Coop.,7325038561627,46.62,6.99,53.61,Datafast,VISA,PAGADA,Ventas
FAC-001107,TXN-202409-0115,2024-09-18,Comercializadora Juan & Asociados S.L.N.E,9914134277323,26.19,3.93,30.12,Medianet,MASTERCARD,PAGADA,E-commerce
FAC-001108,TXN-202409-0116,2024-09-23,Tecnologías Castellana S.Coop.,5073742142094,387.72,58.16,445.88,Medianet,MASTERCARD,PAGADA,Ventas
FAC-001109,TXN-202409-0117,2024-09-17,Familia Fuentes S.L.N.E,3307937415871,62.9,9.44,72.34,Medianet,MASTERCARD,PAGADA,Ventas
FAC-001110,TXN-202409-0118,2024-09-17,Neira y Coello S.A.,8994250592530,33.85,5.08,38.93,Datafast,VISA,PAGADA,Ventas
FAC-001111,TXN-202409-0119,2024-09-29,Finanzas Pascual S.A.U,8355877993642,58.17,8.73,66.9,PayPhone,VISA,PAGADA,E-commerce
FAC-001112,TXN-202409-0120,2024-09-29,Compañía JX S.Com.,7237957238161,322.74,48.41,371.15,Datafast,VISA,PAGADA,E-commerce
FAC-001113,TXN-202409-0121,2024-09-06,Cantero y asociados S.A.,2692135111330,29.83,4.47,34.3,Datafast,AMEX,PAGADA,Ventas
FAC-001114,TXN-202409-0122,2024-09-05,Farmaceútica del Noroeste S.L.N.E,2307535024694,11.65,1.75,13.4,PayPhone,VISA,PAGADA,Ventas
FAC-001115,TXN-202409-0123,2024-09-14,Bermudez y Chacón S.A.,7741232223208,484.11,72.62,556.73,Datafast,VISA,PAGADA,E-commerce
FAC-001116,TXN-202409-0124,2024-09-21,Infraestructuras HIB S.Com.,7138570943913,33.3,4.99,38.29,Medianet,VISA,PAGADA,Ventas
FAC-001117,TXN-202409-0125,2024-09-17,Salgado & Asociados S.Com.,7108587837921,154.42,23.16,177.58,Datafast,VISA,PAGADA,Ventas
FAC-001118,TXN-202409-0126,2024-09-16,Despacho TT S.A.,3816822608099,356.93,53.54,410.47,Datafast,MASTERCARD,PAGADA,Ventas
FAC-001119,TXN-202409-0127,2024-09-19,Lloret y Posada S.Com.,3671519317844,34.22,5.13,39.35,Medianet,MASTERCARD,PAGADA,Ventas
FAC-001120,TXN-202409-0128,2024-09-12,Industrias Machado & Asociados S.L.N.E,8688380374738,152.39,22.86,175.25,PayPhone,VISA,PAGADA,E-commerce
FAC-001121,TXN-202409-0129,2024-09-06,Distribuciones Globales S.L.N.E,2513370494624,34.08,5.11,39.19,Medianet,VISA,PAGADA,E-commerce
FAC-001122,TXN-202409-0130,2024-09-27,Alvarado & Asociados S.L.,5654077005355,67.82,10.17,77.99,PayPhone,MASTERCARD,PAGADA,E-commerce
FAC-001123,TXN-202409-0131,2024-09-02,Transportes YAC S.Com.,9388234811808,19.86,2.98,22.84,Medianet,MASTERCARD,PAGADA,E-commerce
FAC-001124,TXN-202409-0132,2024-09-23,Construcción Montoya S.L.,3293850284779,17.73,2.66,20.39,Medianet,VISA,PAGADA,Ventas
FAC-001125,TXN-202409-0133,2024-09-06,Comercial Avanzadas S.L.U.,8025875371564,33.59,5.04,38.63,Medianet,DINERS,PAGADA,Ventas
FAC-001126,TXN-202409-0134,2024-09-05,Inversiones Lluch & Asociados S.A.,2253307066670,36.92,5.54,42.46,Datafast,DINERS,PAGADA,Ventas
FAC-001127,TXN-202409-0135,2024-09-17,Banco Globales S.Com.,9263311916119,1622.05,243.31,1865.36,PayPhone,VISA,PAGADA,POS
FAC-001128,TXN-202409-0136,2024-09-25,Inversiones Montenegro y asociados S.Com.,5253093731340,423.68,63.55,487.23,Medianet,VISA,PAGADA,E-commerce
FAC-001129,TXN-202409-0137,2024-09-11,Anguita & Asociados S.Coop.,3977917037930,406.4,60.96,467.36,Medianet,MASTERCARD,PAGADA,Ventas
FAC-001130,TXN-202409-0138,2024-09-04,Magdalena Pedrosa Carrasco S.L.,6318920045820,48.57,7.28,55.85,Datafast,VISA,PAGADA,Ventas
FAC-001131,TXN-202409-0139,2024-09-11,Gómez y asociados S.L.,7121624742468,27.65,4.15,31.8,Datafast,MASTERCARD,PAGADA,E-commerce
FAC-001132,TXN-202409-0140,2024-09-25,Grupo Abellán S.Com.,4473255065299,55.3,8.3,63.6,Medianet,VISA,PAGADA,E-commerce
FAC-001133,TXN-202409-0141,2024-09-03,Soluciones Ibéricos S.L.,1353679120720,316.84,47.53,364.37,Datafast,VISA,PAGADA,Ventas
FAC-001134,TXN-202409-0142,2024-09-02,Moles y asociados S.L.,8957890355081,256.39,38.46,294.85,Datafast,VISA,PAGADA,E-commerce
FAC-001135,TXN-202409-0143,2024-09-12,Antonio Pomares Laguna S.L.N.E,8296844565781,204.56,30.68,235.24,Datafast,VISA,PAGADA,Ventas
FAC-001136,TXN-202409-0144,2024-09-03,Distribuciones OM S.Coop.,6744205405155,2335.43,350.32,2685.75,Datafast,VISA,PAGADA,POS
FAC-001137,TXN-202409-0145,2024-09-10,Rosendo Falcó Gracia S.A.,6374092016759,2181.92,327.29,2509.21,Medianet,VISA,PAGADA,E-commerce
FAC-001138,TXN-202409-0146,2024-09-05,Suarez y Garay S.A.,8630013414058,62.81,9.42,72.23,PayPhone,DINERS,PAGADA,Ventas
FAC-001139,TXN-202409-0147,2024-09-17,Farmaceútica SMJW S.L.,1667091446548,68.81,10.32,79.13,Medianet,VISA,PAGADA,Ventas
FAC-001140,TXN-202409-0148,2024-09-14,Tecnologías XOO S.L.,4200004004645,101.87,15.28,117.15,Datafast,DINERS,PAGADA,POS
FAC-001141,TXN-202409-0149,2024-09-25,Inversiones GUX S.Coop.,4297683487525,328.96,49.34,378.3,PayPhone,VISA,PAGADA,POS
FAC-001142,TXN-202409-0150,2024-09-27,José María Dalmau Valverde S.Com.,6204899246625,36.34,5.45,41.79,Datafast,AMEX,PAGADA,Ventas
FAC-001143,TXN-202409-0151,2024-09-01,Promociones VO S.A.,6660138079511,238.83,35.82,274.65,PayPhone,VISA,PAGADA,Ventas
FAC-001144,TXN-202409-0152,2024-09-04,Susanita Aragonés Castelló S.A.T.,7412165250815,302.05,45.31,347.36,Datafast,VISA,PAGADA,E-commerce
FAC-001145,TXN-202409-0153,2024-09-21,Instalaciones Integrales S.A.T.,8259043150717,63.49,9.52,73.01,Medianet,VISA,PAGADA,Ventas
FAC-001146,TXN-202409-0154,2024-09-20,Supermercados Moya y asociados S.C.P,4216477631032,67.65,10.15,77.8,Datafast,MASTERCARD,PAGADA,E-commerce
FAC-001147,TXN-202409-0155,2024-09-22,Logística Española S.A.,9931976702546,21.17,3.17,24.34,Datafast,VISA,PAGADA,POS
FAC-001148,TXN-202409-0156,2024-09-01,Saavedra y Rivero S.Coop.,2268444696458,52.15,7.82,59.97,PayPhone,AMEX,PAGADA,Ventas
FAC-001149,TXN-202409-0157,2024-09-05,Logística Globales S.L.L.,8724418328113,61.63,9.24,70.87,Datafast,VISA,PAGADA,E-commerce
FAC-001150,TXN-202409-0158,2024-09-12,Hermanos Alberto S.A.,6624479297591,63.83,9.58,73.41,Datafast,VISA,PAGADA,Ventas
FAC-001151,TXN-202409-0159,2024-09-25,Finanzas Villegas S.Coop.,4448940094658,1551.89,232.78,1784.67,Datafast,MASTERCARD,PAGADA,Ventas
FAC-001152,TXN-202409-0160,2024-09-28,Higueras & Asociados S.L.,4263924887807,268.14,40.22,308.36,Datafast,VISA,PAGADA,E-commerce
FAC-001153,TXN-202409-0161,2024-09-23,Familia Pombo S.L.,4176764973780,49.05,7.36,56.41,PayPhone,MASTERCARD,PAGADA,Ventas
FAC-001154,TXN-202409-0162,2024-09-17,Servicios Iberia S.Coop.,5134251918716,74.28,11.14,85.42,Datafast,MASTERCARD,PAGADA,POS
FAC-001155,TXN-202409-0163,2024-09-04,Pulido & Asociados S.L.U.,2689747676660,63.75,9.56,73.31,Datafast,VISA,PAGADA,E-commerce
FAC-001156,TXN-202409-0164,2024-09-20,Banca Privada Bellido y asociados S.Coop.,9891919352642,62.85,9.43,72.28,Datafast,VISA,PAGADA,Ventas
FAC-001157,TXN-202409-0165,2024-09-25,Tecnologías Valentín S.L.N.E,5399317697085,40.29,6.04,46.33,PayPhone,MASTERCARD,PAGADA,POS
FAC-001158,TXN-202409-0166,2024-09-01,Arco & Asociados S.Coop.,6375910563967,12.9,1.94,14.84,Datafast,AMEX,PAGADA,POS
FAC-001159,TXN-202409-0167,2024-09-20,Comercializadora Malo S.Coop.,1544777140577,33.17,4.98,38.15,Datafast,MASTERCARD,PAGADA,E-commerce
FAC-001160,TXN-202409-0168,2024-09-27,Alimentación Iberia S.A.U,1725015544940,80.07,12.01,92.08,Medianet,VISA,PAGADA,Ventas
FAC-001161,TXN-202409-0169,2024-09-05,Luis Miguel Bosch Porras S.L.,9199857525637,19.12,2.87,21.99,Datafast,AMEX,PAGADA,E-commerce
FAC-001162,TXN-202409-0170,2024-09-03,Familia Coello S.A.,4348455576633,355.9,53.39,409.29,Datafast,VISA,PAGADA,Ventas
FAC-001163,TXN-202409-0171,2024-09-26,Abril y asociados S.A.,5342050953072,11.38,1.71,13.09,Medianet,MASTERCARD,PAGADA,Ventas
FAC-001164,TXN-202409-0172,2024-09-03,Salazar y Sotelo S.L.,7072827695887,20.85,3.13,23.98,Medianet,VISA,PAGADA,Ventas
FAC-001165,TXN-202409-0173,2024-09-07,Hnos Solé S.A.,1789426603669,405.6,60.84,466.44,Medianet,MASTERCARD,PAGADA,Ventas
FAC-001166,TXN-202409-0174,2024-09-28,Pilar Noguera Frutos S.C.P,7902764482943,10.27,1.54,11.81,PayPhone,VISA,PAGADA,E-commerce
FAC-001167,TXN-202409-0175,2024-09-17,Peña y Bejarano S.Com.,9850079616537,14.82,2.22,17.04,PayPhone,DINERS,PAGADA,Ventas
FAC-001168,TXN-202409-0176,2024-09-25,Palacio y Borrego S.L.N.E,7378424716491,57.8,8.67,66.47,Medianet,MASTERCARD,PAGADA,POS
FAC-001169,TXN-202409-0177,2024-09-25,Benítez y asociados S.Com.,8516369507259,808.2,121.23,929.43,Medianet,MASTERCARD,PAGADA,Ventas
FAC-001170,TXN-202409-0178,2024-09-28,Instalaciones Casanovas y asociados S.Coop.,3250169156978,2435.82,365.37,2801.19,Datafast,MASTERCARD,PAGADA,Ventas
FAC-001171,TXN-202409-0179,2024-09-04,Comercial Morata S.A.,1779823070081,48.27,7.24,55.51,Datafast,MASTERCARD,PAGADA,POS
FAC-001172,TXN-202409-0180,2024-09-14,Construcción RGH S.L.N.E,3534902374326,37.89,5.68,43.57,PayPhone,DINERS,PAGADA,POS
FAC-001173,TXN-202409-0181,2024-09-16,Arana & Asociados S.L.,8324941801695,38.24,5.74,43.98,Medianet,VISA,PAGADA,POS
FAC-001174,TXN-202409-0182,2024-09-04,Industrias Ibéricos S.A.,8891129464031,25.75,3.86,29.61,Medianet,MASTERCARD,PAGADA,Ventas
FAC-001175,TXN-202409-0183,2024-09-15,Zamora & Asociados S.C.P,2382879146595,68.01,10.2,78.21,Datafast,MASTERCARD,PAGADA,Ventas
FAC-001176,TXN-202409-0184,2024-09-03,Hermanos Mateu S.L.L.,2212033905966,138.51,20.78,159.29,Medianet,VISA,PAGADA,Ventas
FAC-001177,TXN-202409-0185,2024-09-22,Grupo Collado S.Coop.,9769423943837,48.31,7.25,55.56,PayPhone,VISA,PAGADA,E-commerce
FAC-001178,TXN-202409-0186,2024-09-13,Distribuciones Barros S.A.,5542884637734,113.1,16.97,130.07,Datafast,MASTERCARD,PAGADA,Ventas
FAC-001179,TXN-202409-0187,2024-09-06,Nebot y asociados S.L.N.E,9085030277217,395.5,59.32,454.82,Medianet,DINERS,PAGADA,Ventas
FAC-001180,TXN-202409-0188,2024-09-13,Hermanos Goñi S.A.,8331625055326,59.39,8.91,68.3,Datafast,VISA,PAGADA,POS
FAC-001181,TXN-202409-0189,2024-09-25,Conesa y Domínguez S.L.L.,6699244837268,54.23,8.13,62.36,Datafast,VISA,PAGADA,POS
FAC-001182,TXN-202409-0190,2024-09-12,Poncio Arroyo Ferrán S.L.,6979388949128,414.04,62.11,476.15,Medianet,MASTERCARD,PAGADA,E-commerce
FAC-001183,TXN-202409-0191,2024-09-05,Higueras y Sureda S.C.P,6572877478691,1546.56,231.98,1778.54,Medianet,DINERS,PAGADA,POS
FAC-001184,TXN-202409-0192,2024-09-05,Comercial HDJE S.Com.,1640762969652,45.33,6.8,52.13,Datafast,VISA,PAGADA,POS
FAC-001185,TXN-202409-0193,2024-09-06,Desarrollo Rocha & Asociados S.A.,4615731802040,48.57,7.29,55.86,Datafast,VISA,PAGADA,POS
FAC-001186,TXN-202409-0194,2024-09-25,Niño y Chamorro S.A.,4310719129433,44.99,6.75,51.74,Medianet,VISA,PAGADA,Ventas
FAC-001187,TXN-202409-0195,2024-09-10,Hermanos Alvarado S.A.,6802657814963,34.74,5.21,39.95,Medianet,MASTERCARD,PAGADA,Ventas
FAC-001188,TXN-202409-0196,2024-09-18,Bernabé Carretero Camino S.A.,5550193531101,57.14,8.57,65.71,Datafast,MASTERCARD,PAGADA,POS
FAC-001189,TXN-202409-0197,2024-09-04,Ferrando y Gonzalez S.L.,5184567313700,2348.1,352.21,2700.31,Datafast,MASTERCARD,PAGADA,Ventas
FAC-001190,TXN-202409-0198,2024-09-06,Seco y Robles S.L.,9917493175607,6.7,1.0,7.7,Datafast,AMEX,PAGADA,Ventas
FAC-001191,TXN-202409-0199,2024-09-14,Instalaciones Rosa & Asociados S.A.D,3902173733970,129.51,19.43,148.94,Medianet,MASTERCARD,PAGADA,Ventas
FAC-001192,TXN-202409-0200,2024-09-16,Guillén y asociados S.A.T.,2001492621892,277.32,41.6,318.92,Datafast,VISA,PAGADA,POS
FAC-001193,TXN-202409-0201,2024-09-06,Banca Privada Cid S.C.P,3040061386549,41.02,6.15,47.17,Medianet,MASTERCARD,PAGADA,E-commerce
FAC-001194,TXN-202409-0202,2024-09-22,Restauración Montesinos S.L.N.E,6460251435804,207.55,31.13,238.68,Datafast,VISA,PAGADA,Ventas
FAC-001195,TXN-202409-0203,2024-09-05,Logística ARG S.L.,7011800450153,42.85,6.43,49.28,Medianet,VISA,PAGADA,Ventas
FAC-001196,TXN-202409-0204,2024-09-11,Grupo Duarte S.L.N.E,1819596027693,62.48,9.37,71.85,Datafast,MASTERCARD,PAGADA,Ventas
FAC-001197,TXN-202409-0205,2024-09-22,Téllez y Posada S.Com.,9947796605485,27.26,4.09,31.35,Datafast,VISA,PAGADA,Ventas
FAC-001198,TXN-202409-0206,2024-09-03,Manufacturas Samper S.L.N.E,5825750422464,402.05,60.31,462.36,Datafast,MASTERCARD,PAGADA,E-commerce
FAC-001199,TXN-202409-0207,2024-09-22,Grupo Luís S.Com.,1769486175418,6.78,1.02,7.8,Datafast,VISA,PAGADA,Ventas
FAC-001200,TXN-202409-0208,2024-09-19,Inmobiliaria Cerdán S.L.,3077114881605,49.74,7.46,57.2,Medianet,AMEX,PAGADA,Ventas
FAC-001201,TXN-202409-0209,2024-09-26,Pedro y asociados S.L.N.E,8101975570826,41.69,6.25,47.94,PayPhone,VISA,PAGADA,Ventas
FAC-001202,TXN-202409-0210,2024-09-25,Calleja y asociados S.L.,7286504441442,37.14,5.57,42.71,Datafast,MASTERCARD,PAGADA,E-commerce
FAC-001203,TXN-202409-0211,2024-09-16,Reina & Asociados S.L.N.E,8942670880501,32.78,4.92,37.7,Datafast,MASTERCARD,PAGADA,Ventas
FAC-001204,TXN-202409-0212,2024-09-10,Tecnologías Amo S.A.,5213786268497,265.26,39.79,305.05,PayPhone,MASTERCARD,PAGADA,Ventas
FAC-001205,TXN-202409-0213,2024-09-24,Toledo y Cerdán S.A.,1542416981420,19.08,2.86,21.94,Datafast,DINERS,PAGADA,Ventas
FAC-001206,TXN-202409-0214,2024-09-19,Pinto & Asociados S.A.,6668170068143,169.4,25.41,194.81,Medianet,MASTERCARD,PAGADA,Ventas
FAC-001207,TXN-202409-0215,2024-09-10,Hermanos Monreal S.A.,6459723976610,307.52,46.13,353.65,Datafast,VISA,PAGADA,Ventas
FAC-001208,TXN-202409-0216,2024-09-13,Ferrer y asociados S.A.,5041715007601,17.4,2.61,20.01,PayPhone,VISA,PAGADA,Ventas
FAC-001209,TXN-202409-0217,2024-09-01,Restauración Seco & Asociados S.A.,9875180077842,135.52,20.33,155.85,Medianet,VISA,PAGADA,E-commerce
FAC-001210,TXN-202409-0218,2024-09-27,González y asociados S.A.,7445576186770,147.34,22.1,169.44,Medianet,AMEX,PAGADA,Ventas
FAC-001211,TXN-202409-0219,2024-09-28,Comercial LWO S.Com.,6567219228349,365.0,54.75,419.75,PayPhone,VISA,PAGADA,Ventas
FAC-001212,TXN-202409-0220,2024-09-15,Benito Antón Alegria S.L.,2543092152725,17.43,2.62,20.05,PayPhone,MASTERCARD,PAGADA,Ventas
FAC-001213,TXN-202409-0221,2024-09-14,Restauración del Noroeste S.A.D,8978336740891,377.85,56.68,434.53,Datafast,MASTERCARD,PAGADA,POS
FAC-001214,TXN-202409-0222,2024-09-09,Tecnologías Manjón & Asociados S.A.,3105994476988,378.53,56.78,435.31,PayPhone,AMEX,PAGADA,Ventas
FAC-001215,TXN-202409-0223,2024-09-04,Grupo Bayo S.L.,1312256208361,217.79,32.67,250.46,Medianet,VISA,PAGADA,POS
FAC-001216,TXN-202409-0224,2024-09-18,Álvarez y Duarte S.Coop.,1188025701620,239.09,35.86,274.95,Datafast,VISA,PAGADA,Ventas
FAC-001217,TXN-202409-0225,2024-09-01,Familia Fortuny S.Coop.,9363703559591,22.13,3.32,25.45,Datafast,AMEX,PAGADA,E-commerce
FAC-001218,TXN-202409-0226,2024-09-02,Perera y Dalmau S.C.P,5016761662965,304.87,45.73,350.6,Medianet,VISA,PAGADA,E-commerce
FAC-001219,TXN-202409-0227,2024-09-20,Manufacturas Iberia S.L.,7963602536873,100.22,15.03,115.25,Datafast,VISA,PAGADA,Ventas
FAC-001220,TXN-202409-0228,2024-09-22,Desarrollo Española S.A.,2809225450806,28.05,4.21,32.26,PayPhone,AMEX,PAGADA,E-commerce
FAC-001221,TXN-202409-0230,2024-09-25,Nadal y asociados S.Com.,8840978738718,281.55,42.23,323.78,Medianet,VISA,PAGADA,Ventas
FAC-001222,TXN-202409-0231,2024-09-26,Bertrán y asociados S.Com.,3541000665848,12.32,1.85,14.17,Datafast,AMEX,PAGADA,Ventas
FAC-001223,TXN-202409-0232,2024-09-08,Banco Monreal S.C.P,4639300460356,53.16,7.97,61.13,Datafast,MASTERCARD,PAGADA,E-commerce
FAC-001224,TXN-202409-0233,2024-09-14,Páez y Salamanca S.Com.,1089706493759,22.25,3.34,25.59,Datafast,VISA,PAGADA,Ventas
FAC-001225,TXN-202409-0234,2024-09-04,Ruperto Guerrero Mata S.C.P,1044790583047,49.97,7.5,57.47,PayPhone,VISA,PAGADA,Ventas
FAC-001226,TXN-202409-0235,2024-09-26,Finanzas Manzanares S.A.,1127890276451,22.46,3.37,25.83,Medianet,VISA,PAGADA,Ventas
FAC-001227,TXN-202409-0236,2024-09-29,Hnos Coca S.L.L.,3400501985754,77.26,11.59,88.85,Datafast,MASTERCARD,PAGADA,E-commerce
FAC-001228,TXN-202409-0237,2024-09-30,Industrias España & Asociados S.Com.,7138808427406,89.53,13.43,102.96,Datafast,MASTERCARD,PAGADA,Ventas
FAC-001229,TXN-202409-0238,2024-09-12,Restauración Fortuny & Asociados S.Com.,3082850725532,66.86,10.03,76.89,Datafast,MASTERCARD,PAGADA,Ventas
FAC-001230,TXN-202409-0239,2024-09-30,Inversiones Larrañaga S.L.L.,1152851550135,211.44,31.72,243.16,Datafast,AMEX,PAGADA,Ventas
FAC-001231,TXN-202409-0240,2024-09-25,Grupo Pulido S.Com.,3047117887505,65.41,9.81,75.22,PayPhone,AMEX,PAGADA,Ventas
FAC-001232,TXN-202409-0241,2024-09-11,Nogueira y Fernandez S.A.,2539184180514,32.97,4.94,37.91,Datafast,AMEX,PAGADA,E-commerce
FAC-001233,TXN-202409-0242,2024-09-16,Grupo Fernández S.A.,2320074045156,370.21,55.53,425.74,Datafast,VISA,PAGADA,E-commerce
FAC-001234,TXN-202409-0243,2024-09-30,Comercial Galvez y asociados S.Coop.,8493327692689,31.9,4.78,36.68,Medianet,DINERS,PAGADA,Ventas
FAC-001235,TXN-202409-0244,2024-09-20,Borrell & Asociados S.L.,8447387930925,27.3,4.09,31.39,PayPhone,MASTERCARD,PAGADA,E-commerce
FAC-001236,TXN-202409-0245,2024-09-02,Nuria Machado Cañas S.L.,3239060563607,6.13,0.92,7.05,PayPhone,MASTERCARD,PAGADA,E-commerce
FAC-001237,TXN-202409-0246,2024-09-13,Finanzas Rubio & Asociados S.L.N.E,2024137394912,119.27,17.89,137.16,Medianet,MASTERCARD,PAGADA,POS
FAC-001238,TXN-202409-0247,2024-09-17,Carrión y Casals S.Coop.,9258193669436,14.64,2.2,16.84,Medianet,VISA,PAGADA,Ventas
FAC-001239,TXN-202409-0248,2024-09-22,Domingo y asociados S.Com.,4836531459456,378.89,56.83,435.72,PayPhone,AMEX,PAGADA,E-commerce
FAC-001240,TXN-202409-0249,2024-09-09,Hervia y Blasco S.L.L.,8015089514631,52.3,7.84,60.14,Medianet,VISA,PAGADA,POS
FAC-001241,TXN-202409-0250,2024-09-14,Promociones Gonzalez y asociados S.A.,7879897633023,142.12,21.32,163.44,Medianet,AMEX,PAGADA,Ventas
FAC-001242,TXN-202409-0251,2024-09-08,Minería Osorio S.Coop.,1142333883196,2357.26,353.59,2710.85,Datafast,AMEX,PAGADA,POS
FAC-001243,TXN-202409-0252,2024-09-30,Florinda Andres Cortina S.Coop.,1025092704004,298.42,44.76,343.18,PayPhone,DINERS,PAGADA,Ventas
FAC-001244,TXN-202409-0253,2024-09-13,Comercializadora Globales S.Coop.,4186668470726,131.2,19.68,150.88,PayPhone,VISA,PAGADA,Ventas
FAC-001245,TXN-202409-0254,2024-09-19,Inmobiliaria FOED S.Com.,1527578966368,28.34,4.25,32.59,Datafast,VISA,PAGADA,Ventas
FAC-001246,TXN-202409-0255,2024-09-27,Hotel RMR S.Coop.,1353738088233,408.59,61.29,469.88,Datafast,MASTERCARD,PAGADA,Ventas
FAC-001247,TXN-202409-0256,2024-09-27,Banca Privada Zaragoza & Asociados S.A.T.,1597019982477,66.04,9.91,75.95,Datafast,VISA,PAGADA,E-commerce
FAC-001248,TXN-202409-0257,2024-09-20,Instalaciones Villa S.A.,1675186210986,60.2,9.03,69.23,Datafast,VISA,PAGADA,E-commerce
FAC-001249,TXN-202409-0258,2024-09-14,Logística EW S.C.P,3467828168960,222.35,33.35,255.7,PayPhone,VISA,PAGADA,Ventas
FAC-001250,TXN-202409-0259,2024-09-08,Talleres Ibérica S.L.N.E,1166881279042,33.76,5.06,38.82,Datafast,DINERS,PAGADA,Ventas
FAC-001251,TXN-202409-0260,2024-09-28,Godoy y Higueras S.A.,5728465806817,34.93,5.24,40.17,Medianet,MASTERCARD,PAGADA,Ventas
FAC-001252,TXN-202409-0261,2024-09-14,Fábrica MV S.Coop.,8622419979703,29.36,4.4,33.76,PayPhone,VISA,PAGADA,Ventas
FAC-001253,TXN-202409-0262,2024-09-30,Comercializadora CPLZ S.A.T.,2508083480985,88.6,13.29,101.89,Medianet,VISA,PAGADA,Ventas
FAC-001254,TXN-202409-0263,2024-09-26,Valencia & Asociados S.Coop.,4348789048334,314.55,47.18,361.73,Datafast,VISA,PAGADA,Ventas
FAC-001255,TXN-202409-0264,2024-09-13,Industrias Pino S.L.N.E,6358672602131,37.25,5.59,42.84,Medianet,AMEX,PAGADA,Ventas
FAC-001256,TXN-202409-0265,2024-09-02,Fábrica PUAJ S.A.,9580666405997,62.54,9.38,71.92,PayPhone,MASTERCARD,PAGADA,Ventas
FAC-001257,TXN-202409-0266,2024-09-15,Hermanos Arellano S.L.,9143087803782,26.47,3.97,30.44,Datafast,VISA,PAGADA,POS
FAC-001258,TXN-202409-0267,2024-09-11,Sanmiguel & Asociados S.L.N.E,9253712688704,21.33,3.2,24.53,Datafast,MASTERCARD,PAGADA,Ventas
FAC-001259,TXN-202409-0268,2024-09-12,Xiomara Solera Salcedo S.A.,2055781373142,1045.65,156.85,1202.5,PayPhone,VISA,PAGADA,POS
FAC-001260,TXN-202409-0269,2024-09-09,Farmaceútica Avanzadas S.Com.,2575624799443,347.7,52.16,399.86,Datafast,AMEX,PAGADA,E-commerce
FAC-001261,TXN-202409-0270,2024-09-25,Hnos Pedrosa S.Com.,3517827305976,69.21,10.38,79.59,Datafast,AMEX,PAGADA,E-commerce
FAC-001262,TXN-202409-0271,2024-09-07,Familia Ribas S.Com.,6520840784640,230.26,34.54,264.8,Medianet,DINERS,PAGADA,Ventas
FAC-001263,TXN-202409-0272,2024-09-15,Instalaciones QO S.A.,2457746621997,15.02,2.25,17.27,Datafast,VISA,PAGADA,Ventas
FAC-001264,TXN-202409-0273,2024-09-23,Comercial del Mediterráneo S.L.,7556525542458,33.14,4.97,38.11,Datafast,AMEX,PAGADA,POS
FAC-001265,TXN-202409-0274,2024-09-04,Suministros GFZR S.L.L.,6467292990722,386.17,57.92,444.09,Datafast,VISA,PAGADA,E-commerce
FAC-001266,TXN-202409-0275,2024-09-17,Hnos Bosch S.A.U,6379406015413,15.32,2.3,17.62,Datafast,AMEX,PAGADA,POS
FAC-001267,TXN-202409-0276,2024-09-01,Iriarte y asociados S.Com.,7627386883392,69.43,10.42,79.85,Medianet,MASTERCARD,PAGADA,Ventas
FAC-001268,TXN-202409-0277,2024-09-16,Comercial Roig S.L.,3589862254686,969.9,145.49,1115.39,Medianet,VISA,PAGADA,E-commerce
FAC-001269,TXN-202409-0278,2024-09-04,Hnos Taboada S.L.L.,3396610356574,68.35,10.25,78.6,Datafast,VISA,PAGADA,Ventas
FAC-001270,TXN-202409-0279,2024-09-01,Bautista y asociados S.L.N.E,9280843714926,25.45,3.82,29.27,Datafast,DINERS,PAGADA,POS
FAC-001271,TXN-202409-0280,2024-09-09,Suministros OUZG S.L.L.,2873506001266,45.33,6.8,52.13,Datafast,MASTERCARD,PAGADA,E-commerce
FAC-001272,TXN-202409-0281,2024-09-15,Abascal & Asociados S.A.T.,4660961490910,44.94,6.74,51.68,Medianet,VISA,PAGADA,E-commerce
FAC-001273,TXN-202409-0282,2024-09-05,Construcción Inteligentes S.L.,1691665954543,2167.46,325.12,2492.58,PayPhone,DINERS,PAGADA,E-commerce
FAC-001274,TXN-202409-0283,2024-09-24,Finanzas Campillo S.Com.,1401784627420,56.4,8.46,64.86,PayPhone,AMEX,PAGADA,E-commerce
FAC-001275,TXN-202409-0285,2024-09-10,Logística Villalonga S.L.L.,9252258987307,55.18,8.28,63.46,Datafast,AMEX,PAGADA,Ventas
FAC-001276,TXN-202409-0286,2024-09-14,Hnos Azorin S.L.L.,3521665691070,36.36,5.45,41.81,Medianet,MASTERCARD,PAGADA,Ventas
FAC-001277,TXN-202409-0287,2024-09-22,Ferrer & Asociados S.A.,9086117134025,117.51,17.63,135.14,PayPhone,VISA,PAGADA,E-commerce
FAC-001278,TXN-202409-0288,2024-09-16,Restauración Vigil S.L.,1406422764349,62.1,9.31,71.41,PayPhone,MASTERCARD,PAGADA,E-commerce
FAC-001279,TXN-202409-0289,2024-09-20,Hermanos Solé S.A.D,9246526505347,365.76,54.86,420.62,Medianet,VISA,PAGADA,Ventas
FAC-001280,TXN-202409-0290,2024-09-15,Pera & Asociados S.L.,7241160285953,26.63,4.0,30.63,Datafast,VISA,PAGADA,Ventas
FAC-001281,TXN-202409-0291,2024-09-21,Desarrollo del Sur S.A.T.,8087559875920,36.65,5.5,42.15,Datafast,MASTERCARD,PAGADA,Ventas
FAC-001282,TXN-202409-0292,2024-09-16,Transportes DS S.Com.,4315528230164,63.51,9.53,73.04,Medianet,VISA,PAGADA,Ventas
FAC-001283,TXN-202409-0293,2024-09-17,León Sainz Ribas S.Coop.,3903297744433,2264.21,339.63,2603.84,Datafast,VISA,PAGADA,E-commerce
FAC-001284,TXN-202409-0294,2024-09-04,Inmobiliaria Española S.Com.,2894578674047,7.29,1.09,8.38,Datafast,VISA,PAGADA,POS
FAC-001285,TXN-202409-0295,2024-09-09,Ambrosio Doménech Asensio S.A.,6824649728341,277.18,41.58,318.76,Datafast,VISA,PAGADA,Ventas
FAC-001286,TXN-202409-0296,2024-09-22,Haroldo Batlle Girona S.Coop.,8206710099784,11.78,1.77,13.55,Datafast,VISA,PAGADA,Ventas
FAC-001287,TXN-202409-0297,2024-09-29,Consultoría IFKE S.L.N.E,4729829931642,9.78,1.47,11.25,Datafast,VISA,PAGADA,Ventas
FAC-001288,TXN-202409-0298,2024-09-20,Instalaciones Castellana S.L.N.E,2528265859702,48.06,7.21,55.27,Datafast,MASTERCARD,PAGADA,Ventas
FAC-001289,TXN-202409-0299,2024-09-03,Familia Quero S.L.,4689105579991,146.65,22.0,168.65,Datafast,AMEX,PAGADA,Ventas
FAC-001290,TXN-202409-0300,2024-09-01,Alimentación Riera & Asociados S.C.P,5684345651234,228.0,34.2,262.2,PayPhone,VISA,PAGADA,Ventas
FAC-001291,TXN-202409-0301,2024-09-13,Doménech y Pina S.L.,3644070806313,237.63,35.64,273.27,Datafast,VISA,PAGADA,E-commerce
FAC-001292,TXN-202409-0302,2024-09-20,Carballo y Benavides S.Com.,8559435784590,44.69,6.7,51.39,PayPhone,MASTERCARD,PAGADA,E-commerce
FAC-001293,TXN-202409-0303,2024-09-03,Grupo Amor S.Coop.,7031282111264,363.43,54.52,417.95,Medianet,DINERS,PAGADA,POS
FAC-001294,TXN-202409-0304,2024-09-07,Hnos Barroso S.Com.,9121815447889,323.77,48.56,372.33,Datafast,VISA,PAGADA,E-commerce
FAC-001295,TXN-202409-0305,2024-09-21,Tecnologías del Mediterráneo S.Com.,3777070507095,228.72,34.31,263.03,Datafast,MASTERCARD,PAGADA,Ventas
FAC-001296,TXN-202409-0306,2024-09-01,Alcides Osorio Domínguez S.Com.,9206263276243,35.26,5.29,40.55,Datafast,VISA,PAGADA,Ventas
FAC-001297,TXN-202409-0307,2024-09-16,Hermanos Valero S.Coop.,2665720798047,421.58,63.24,484.82,Datafast,VISA,PAGADA,POS
FAC-001298,TXN-202409-0308,2024-09-27,Construcción Trujillo S.A.U,1578937987752,41.49,6.22,47.71,PayPhone,MASTERCARD,PAGADA,POS
FAC-001299,TXN-202409-0309,2024-09-14,Distribuciones Sainz y asociados S.L.N.E,9939996369184,330.0,49.5,379.5,Datafast,VISA,PAGADA,Ventas
FAC-001300,TXN-202409-0310,2024-09-16,Salomón Torrijos Belmonte S.L.N.E,5644198385792,175.77,26.36,202.13,Medianet,MASTERCARD,PAGADA,E-commerce
FAC-001301,TXN-202409-0311,2024-09-27,Alimentación Diego y asociados S.L.,7726290165159,317.43,47.61,365.04,Datafast,MASTERCARD,PAGADA,POS
FAC-001302,TXN-202409-0312,2024-09-18,Izaguirre y Losada S.L.,8352747871553,41.94,6.29,48.23,Datafast,VISA,PAGADA,E-commerce
FAC-001303,TXN-202409-0313,2024-09-20,Sanmiguel y Mendoza S.Com.,3431793134756,112.28,16.84,129.12,Datafast,MASTERCARD,PAGADA,Ventas
FAC-001304,TXN-202409-0314,2024-09-07,Infraestructuras Marti & Asociados S.Coop.,1896176502100,23.13,3.47,26.6,Datafast,MASTERCARD,PAGADA,POS
FAC-001305,TXN-202409-0315,2024-09-11,Alimentación Zabaleta & Asociados S.L.L.,1527864995870,63.63,9.55,73.18,Datafast,VISA,PAGADA,E-commerce
FAC-001306,TXN-202409-0316,2024-09-24,Montaña & Asociados S.L.,1051253806319,61.95,9.29,71.24,PayPhone,MASTERCARD,PAGADA,POS
FAC-001307,TXN-202409-0317,2024-09-12,Tomé y asociados S.Com.,9905376932879,1853.26,277.99,2131.25,Datafast,VISA,PAGADA,Ventas
FAC-001308,TXN-202409-0318,2024-09-24,Restauración Hurtado S.Coop.,9727462268975,172.72,25.91,198.63,Medianet,AMEX,PAGADA,Ventas
FAC-001309,TXN-202409-0319,2024-09-04,Alimentación Tovar y asociados S.A.,3411524387207,43.85,6.58,50.43,Medianet,VISA,PAGADA,E-commerce
FAC-001310,TXN-202409-0320,2024-09-01,Grupo Vigil S.L.L.,5179314449419,40.66,6.1,46.76,PayPhone,VISA,PAGADA,Ventas
FAC-001311,TXN-202409-0321,2024-09-29,Hnos Machado S.L.N.E,8264596243840,58.35,8.75,67.1,PayPhone,VISA,PAGADA,POS
FAC-001312,TXN-202409-0322,2024-09-04,Distribuciones Valverde S.L.L.,8327715736850,44.63,6.69,51.32,Datafast,VISA,PAGADA,Ventas
FAC-001313,TXN-202409-0323,2024-09-02,Banca Privada Castellana S.Coop.,9270518251103,27.51,4.13,31.64,Datafast,VISA,PAGADA,Ventas
FAC-001314,TXN-202409-0324,2024-09-22,Inversiones del Norte S.A.,2186720759144,257.79,38.67,296.46,Datafast,VISA,PAGADA,Ventas
FAC-001315,TXN-202409-0325,2024-09-27,Banco Esteve y asociados S.L.,5766196676015,34.17,5.12,39.29,Medianet,DINERS,PAGADA,Ventas
FAC-001316,TXN-202409-0326,2024-09-04,Finanzas Salinas y asociados S.L.,1643401026557,383.06,57.46,440.52,PayPhone,MASTERCARD,PAGADA,Ventas
FAC-001317,TXN-202409-0327,2024-09-30,Imelda Pérez Yuste S.L.N.E,5847566573297,387.63,58.14,445.77,Datafast,VISA,PAGADA,POS
FAC-001318,TXN-202409-0328,2024-09-24,Compañía Otero S.A.,7141050685902,37.34,5.6,42.94,Datafast,VISA,PAGADA,Ventas
FAC-001319,TXN-202409-0329,2024-09-07,Talleres Avanzadas S.A.T.,4030946214706,114.48,17.17,131.65,Datafast,VISA,PAGADA,POS
FAC-001320,TXN-202409-0330,2024-09-16,Comercial UKW S.L.N.E,2265373053428,58.79,8.82,67.61,PayPhone,MASTERCARD,PAGADA,Ventas
FAC-001321,TXN-202409-0331,2024-09-14,Larrea y asociados S.L.N.E,8607816293096,50.99,7.65,58.64,Datafast,VISA,PAGADA,Ventas
FAC-001322,TXN-202409-0332,2024-09-26,Servicios Cifuentes S.A.,2450710661690,263.0,39.45,302.45,Medianet,VISA,PAGADA,Ventas
FAC-001323,TXN-202409-0333,2024-09-28,Brunilda Amat Quirós S.A.,3867059041179,2387.1,358.06,2745.16,Datafast,VISA,PAGADA,E-commerce
FAC-001324,TXN-202409-0334,2024-09-01,Elisabet Marí Jimenez S.L.N.E,9177963199467,13.84,2.08,15.92,Medianet,VISA,PAGADA,Ventas
FAC-001325,TXN-202409-0335,2024-09-25,Promociones Montaña & Asociados S.C.P,1499608749612,24.88,3.73,28.61,PayPhone,DINERS,PAGADA,Ventas
FAC-001326,TXN-202409-0336,2024-09-05,Inversiones Integrales S.A.,2998308788477,64.51,9.68,74.19,Datafast,VISA,PAGADA,Ventas
FAC-001327,TXN-202409-0337,2024-09-17,Villanueva y Arce S.Com.,8288824375968,310.74,46.61,357.35,Datafast,MASTERCARD,PAGADA,POS
FAC-001328,TXN-202409-0338,2024-09-24,Desarrollo BNPL S.L.,6086274823009,388.6,58.29,446.89,Datafast,AMEX,PAGADA,Ventas
FAC-001329,TXN-202409-0339,2024-09-20,Inmobiliaria Mayol S.A.,6615475950133,398.34,59.75,458.09,Datafast,VISA,PAGADA,Ventas
FAC-001330,TXN-202409-0340,2024-09-26,Hoz y asociados S.L.N.E,5972115678140,39.85,5.98,45.83,Medianet,VISA,PAGADA,Ventas
FAC-001331,TXN-202409-0341,2024-09-13,Mate & Asociados S.L.,7828246491371,355.01,53.25,408.26,Medianet,MASTERCARD,PAGADA,E-commerce
FAC-001332,TXN-202409-0342,2024-09-24,Suministros Ponce & Asociados S.A.,6350942315963,29.78,4.47,34.25,PayPhone,VISA,PAGADA,Ventas
FAC-001333,TXN-202409-0343,2024-09-17,Losa y Sala S.A.T.,7081319151813,18.29,2.74,21.03,PayPhone,MASTERCARD,PAGADA,E-commerce
FAC-001334,TXN-202409-0344,2024-09-29,Juan Francisco Cabello Cepeda S.L.N.E,5890047904644,78.12,11.72,89.84,Datafast,VISA,PAGADA,POS
FAC-001335,TXN-202409-0345,2024-09-17,Valbuena y asociados S.L.N.E,8640581519394,334.9,50.23,385.13,Medianet,VISA,PAGADA,E-commerce
FAC-001336,TXN-202409-0346,2024-09-04,Talleres Benito S.Coop.,2978911926890,37.44,5.62,43.06,Medianet,AMEX,PAGADA,Ventas
FAC-001337,TXN-202409-0347,2024-09-01,Logística Portillo y asociados S.A.,1298606814416,41.68,6.25,47.93,Medianet,DINERS,PAGADA,Ventas
FAC-001338,TXN-202409-0348,2024-09-23,Roura y asociados S.Com.,9166117729420,281.97,42.3,324.27,Datafast,VISA,PAGADA,Ventas
FAC-001339,TXN-202409-0349,2024-09-22,Industrias Guzmán S.Com.,6270805858240,23.86,3.58,27.44,Medianet,AMEX,PAGADA,Ventas
FAC-001340,TXN-202409-0350,2024-09-04,Banca Privada GMB S.C.P,4297795724003,52.44,7.87,60.31,Medianet,VISA,PAGADA,E-commerce
FAC-001341,TXN-202409-0351,2024-09-05,Cruz Ayala Avilés S.A.,1731518617598,235.49,35.32,270.81,Medianet,VISA,PAGADA,Ventas
FAC-001342,TXN-202409-0352,2024-09-05,Yolanda Alcalá Gallardo S.L.L.,8762249476419,32.06,4.81,36.87,Datafast,VISA,PAGADA,Ventas
FAC-001343,TXN-202409-0353,2024-09-18,Orozco y Figueras S.A.,4495832519901,216.66,32.5,249.16,Datafast,VISA,PAGADA,POS
FAC-001344,TXN-202409-0354,2024-09-15,Escribano y Martín S.L.L.,1126334922777,302.01,45.3,347.31,Medianet,AMEX,PAGADA,POS
FAC-001345,TXN-202409-0355,2024-09-05,Alcaraz y Sierra S.L.,1785942682395,2225.68,333.85,2559.53,PayPhone,VISA,PAGADA,Ventas
FAC-001346,TXN-202409-0356,2024-09-28,Asunción Lillo Rivero S.Coop.,5743448213801,50.3,7.54,57.84,Datafast,MASTERCARD,PAGADA,E-commerce
FAC-001347,TXN-202409-0357,2024-09-18,Araujo y Duran S.L.,2555769415139,53.03,7.96,60.99,Datafast,VISA,PAGADA,Ventas
FAC-001348,TXN-202409-0358,2024-09-12,Hermanos Lobo S.L.,7955323750839,109.86,16.48,126.34,PayPhone,VISA,PAGADA,POS
FAC-001349,TXN-202409-0359,2024-09-12,Consultoría APMJ S.L.N.E,7331752523243,24.23,3.64,27.87,Datafast,MASTERCARD,PAGADA,Ventas
FAC-001350,TXN-202409-0360,2024-09-14,Distribuciones DV S.L.N.E,4221395796562,55.46,8.32,63.78,Datafast,VISA,PAGADA,Ventas
FAC-001351,TXN-202409-0361,2024-09-24,Cobos y asociados S.L.,8007335006455,16.29,2.44,18.73,PayPhone,VISA,PAGADA,Ventas
FAC-001352,TXN-202409-0362,2024-09-16,Banco Internacionales S.L.N.E,7604829407828,7.26,1.09,8.35,Datafast,MASTERCARD,PAGADA,Ventas
FAC-001353,TXN-202409-0363,2024-09-27,Severino Amigó Lopez S.A.,5825587293706,28.96,4.34,33.3,Datafast,VISA,PAGADA,E-commerce
FAC-001354,TXN-202409-0364,2024-09-25,Inversiones Bernal S.L.,3058736080558,45.85,6.88,52.73,PayPhone,VISA,PAGADA,Ventas
FAC-001355,TXN-202409-0365,2024-09-20,Promociones del Norte S.Coop.,2726231675011,102.18,15.33,117.51,Medianet,VISA,PAGADA,Ventas
FAC-001356,TXN-202409-0366,2024-09-02,Daniel Padilla Llorente S.L.L.,5732703414775,1171.73,175.76,1347.49,Medianet,VISA,PAGADA,E-commerce
FAC-001357,TXN-202409-0367,2024-09-23,Gargallo y Acevedo S.A.,5888637137998,385.83,57.87,443.7,PayPhone,MASTERCARD,PAGADA,Ventas
FAC-001358,TXN-202409-0368,2024-09-04,Mur & Asociados S.L.,7008053828981,274.47,41.17,315.64,Medianet,MASTERCARD,PAGADA,POS
FAC-001359,TXN-202409-0369,2024-09-02,Restauración Mendizábal S.L.,3223965753764,280.24,42.04,322.28,Medianet,VISA,PAGADA,POS
FAC-001360,TXN-202409-0370,2024-09-22,Talleres Calleja S.A.T.,4651256222083,5.57,0.83,6.4,Medianet,MASTERCARD,PAGADA,Ventas
FAC-001361,TXN-202409-0371,2024-09-23,Hnos Blasco S.L.L.,4564429961380,159.15,23.87,183.02,Datafast,VISA,PAGADA,E-commerce
FAC-001362,TXN-202409-0372,2024-09-02,Alimentación PDBF S.L.,6718606993994,216.31,32.45,248.76,Datafast,AMEX,PAGADA,E-commerce
FAC-001363,TXN-202409-0373,2024-09-28,Amada Alvarez Echeverría S.A.,5310683829216,31.41,4.71,36.12,PayPhone,VISA,PAGADA,E-commerce
FAC-001364,TXN-202409-0374,2024-09-06,Transportes Velázquez S.Com.,2898604278571,10.83,1.62,12.45,Datafast,VISA,PAGADA,Ventas
FAC-001365,TXN-202409-0375,2024-09-14,Inmobiliaria Ruano S.L.L.,1736305695625,24.36,3.65,28.01,Datafast,VISA,PAGADA,Ventas
FAC-001366,TXN-202409-0376,2024-09-02,Priego y asociados S.C.P,9009694123528,6.12,0.92,7.04,Datafast,MASTERCARD,PAGADA,Ventas
FAC-001367,TXN-202409-0377,2024-09-13,Comercializadora Ibéricos S.Coop.,7789908886081,25.5,3.82,29.32,Datafast,VISA,PAGADA,Ventas
FAC-001368,TXN-202409-0378,2024-09-17,Comercial QI S.Com.,2107149236036,155.94,23.39,179.33,Datafast,VISA,PAGADA,Ventas
FAC-001369,TXN-202409-0379,2024-09-14,Estefanía Caparrós Martí S.L.,7508588444372,34.66,5.2,39.86,Datafast,VISA,PAGADA,E-commerce
FAC-001370,TXN-202409-0380,2024-09-09,Farmaceútica Campoy y asociados S.A.,2432677638319,62.14,9.32,71.46,Datafast,VISA,PAGADA,POS
FAC-001371,TXN-202409-0381,2024-09-26,Compañía AYN S.C.P,1980438430979,40.52,6.08,46.6,PayPhone,MASTERCARD,PAGADA,Ventas
FAC-001372,TXN-202409-0382,2024-09-07,Clavero y asociados S.Coop.,7256842181801,45.81,6.87,52.68,Datafast,VISA,PAGADA,Ventas
FAC-001373,TXN-202409-0383,2024-09-14,Mayte Gómez Yuste S.A.,7774729131126,265.88,39.88,305.76,Datafast,DINERS,PAGADA,Ventas
FAC-001374,TXN-202409-0384,2024-09-10,Instalaciones Rosselló & Asociados S.A.,5597460302312,58.43,8.77,67.2,Datafast,VISA,PAGADA,E-commerce
FAC-001375,TXN-202409-0385,2024-09-20,Hnos Tomás S.L.,1978170423275,1483.02,222.45,1705.47,PayPhone,VISA,PAGADA,POS
FAC-001376,TXN-202409-0386,2024-09-19,Feliciano Casanova Gallo S.Com.,7788118592063,45.58,6.84,52.42,PayPhone,VISA,PAGADA,E-commerce
FAC-001377,TXN-202409-0387,2024-09-03,Compañía Avanzadas S.L.,1341652726189,8.91,1.34,10.25,Datafast,VISA,PAGADA,POS
FAC-001378,TXN-202409-0388,2024-09-29,Alimentación UPB S.Com.,2309531001792,434.35,65.15,499.5,Medianet,AMEX,PAGADA,POS
FAC-001379,TXN-202409-0389,2024-09-11,Banca Privada Blanch & Asociados S.L.N.E,5113622380137,392.39,58.86,451.25,Datafast,MASTERCARD,PAGADA,E-commerce
FAC-001380,TXN-202409-0390,2024-09-11,Industrias Esparza S.Com.,1420981940146,20.38,3.06,23.44,Datafast,MASTERCARD,PAGADA,E-commerce
FAC-001381,TXN-202409-0391,2024-09-05,Farmaceútica Santiago y asociados S.L.,8861360772720,63.96,9.59,73.55,Datafast,DINERS,PAGADA,E-commerce
FAC-001382,TXN-202409-0392,2024-09-06,Servicios Internacionales S.Coop.,9045098063533,4.97,0.75,5.72,PayPhone,MASTERCARD,PAGADA,E-commerce
FAC-001383,TXN-202409-0393,2024-09-03,Quiroga & Asociados S.L.N.E,3650162625104,29.97,4.49,34.46,Medianet,MASTERCARD,PAGADA,E-commerce
FAC-001384,TXN-202409-0394,2024-09-15,Pastora Exposito Guzman S.Com.,8346173051513,367.6,55.14,422.74,Medianet,MASTERCARD,PAGADA,POS
FAC-001385,TXN-202409-0395,2024-09-13,Hnos Giner S.C.P,3820967309240,43.57,6.53,50.1,Datafast,DINERS,PAGADA,E-commerce
FAC-001386,TXN-202409-0396,2024-09-12,Familia Soler S.L.,7141359665339,706.01,105.9,811.91,PayPhone,AMEX,PAGADA,E-commerce
FAC-001387,TXN-202409-0397,2024-09-30,Compañía del Sur S.Coop.,1636385743391,22.69,3.4,26.09,Datafast,VISA,PAGADA,POS
FAC-001388,TXN-202409-0398,2024-09-23,Mendizábal & Asociados S.L.L.,8558000841626,180.29,27.04,207.33,Datafast,VISA,PAGADA,POS
FAC-001389,TXN-202409-0399,2024-09-29,Comercial Exposito & Asociados S.L.L.,7250146831465,22.66,3.4,26.06,Datafast,VISA,PAGADA,E-commerce
FAC-001390,TXN-202409-0400,2024-09-13,Campillo y Montoya S.Coop.,1003945584642,57.9,8.68,66.58,Medianet,VISA,PAGADA,Ventas
FAC-001391,TXN-202409-0401,2024-09-22,Hermanos Nogueira S.Com.,1718190232016,40.33,6.05,46.38,PayPhone,MASTERCARD,PAGADA,Ventas
FAC-001392,TXN-202409-0402,2024-09-05,Transportes Vicente S.L.L.,5419889060917,93.43,14.02,107.45,Medianet,MASTERCARD,PAGADA,Ventas
FAC-001393,TXN-202409-0403,2024-09-17,Compañía Internacionales S.Coop.,5407519267750,152.83,22.92,175.75,Datafast,VISA,PAGADA,E-commerce
FAC-001394,TXN-202409-0404,2024-09-23,Distribuciones Mascaró & Asociados S.Com.,4561622843965,431.84,64.78,496.62,Medianet,VISA,PAGADA,Ventas
FAC-001395,TXN-202409-0405,2024-09-14,Restauración del Noroeste S.Coop.,6488720204871,235.35,35.3,270.65,Medianet,VISA,PAGADA,Ventas
FAC-001396,TXN-202409-0406,2024-09-28,Evita Figueras Ribes S.L.,1336534764144,187.53,28.13,215.66,Medianet,MASTERCARD,PAGADA,Ventas
FAC-001397,TXN-202409-0407,2024-09-25,Fábrica IWN S.L.,2871974531459,27.92,4.19,32.11,Datafast,MASTERCARD,PAGADA,Ventas
FAC-001398,TXN-202409-0408,2024-09-15,Minería Integrales S.A.T.,5750800290695,31.74,4.76,36.5,PayPhone,VISA,PAGADA,Ventas
FAC-001399,TXN-202409-0409,2024-09-01,Construcción Ayala S.L.,4973564272943,41.64,6.25,47.89,Datafast,VISA,PAGADA,E-commerce
FAC-001400,TXN-202409-0410,2024-09-07,Grupo Collado S.A.U,6210909824508,2428.25,364.24,2792.49,Datafast,MASTERCARD,PAGADA,Ventas
FAC-001401,TXN-202409-0411,2024-09-14,María Fernanda Andrés Amor S.L.,2446470236074,79.75,11.96,91.71,Datafast,VISA,PAGADA,POS
FAC-001402,TXN-202409-0412,2024-09-04,Distribuciones Globales S.A.,2470602252553,20.68,3.1,23.78,Medianet,MASTERCARD,PAGADA,Ventas
FAC-001403,TXN-202409-0413,2024-09-26,Grupo Ballester S.A.,9413417622809,26.1,3.92,30.02,Datafast,VISA,PAGADA,Ventas
FAC-001404,TXN-202409-0414,2024-09-21,Hotel del Mediterráneo S.L.N.E,5441754016379,348.63,52.29,400.92,PayPhone,MASTERCARD,PAGADA,Ventas
FAC-001405,TXN-202409-0415,2024-09-11,Huerta & Asociados S.A.,1458482817393,6.52,0.98,7.5,Medianet,VISA,PAGADA,Ventas
FAC-001406,TXN-202409-0416,2024-09-10,Alimentación ZZPY S.L.,3796910829656,1395.48,209.32,1604.8,Datafast,VISA,PAGADA,E-commerce
FAC-001407,TXN-202409-0417,2024-09-10,Minería ZW S.A.,2320646467647,273.82,41.07,314.89,Medianet,VISA,PAGADA,Ventas
FAC-001408,TXN-202409-0418,2024-09-26,Transportes Globales S.L.,8156250845014,60.73,9.11,69.84,Datafast,MASTERCARD,PAGADA,POS
FAC-001409,TXN-202409-0419,2024-09-20,Banco Plaza & Asociados S.A.,4199925709928,32.27,4.84,37.11,Medianet,VISA,PAGADA,Ventas
FAC-001410,TXN-202409-0420,2024-09-17,Grupo Sainz S.L.,6510285514382,79.05,11.86,90.91,Datafast,MASTERCARD,PAGADA,Ventas
FAC-001411,TXN-202409-0421,2024-09-19,Manufacturas Aller S.L.N.E,5152032865918,50.87,7.63,58.5,Medianet,VISA,PAGADA,POS
FAC-001412,TXN-202409-0422,2024-09-16,Martorell y asociados S.Com.,2598052839053,27.52,4.13,31.65,PayPhone,VISA,PAGADA,Ventas
FAC-001413,TXN-202409-0423,2024-09-05,Restauración Manuel S.L.,1167308303884,7.23,1.08,8.31,Medianet,VISA,PAGADA,Ventas
FAC-001414,TXN-202409-0424,2024-09-19,Transportes NCL S.A.,1216776921910,200.22,30.03,230.25,Medianet,MASTERCARD,PAGADA,E-commerce
FAC-001415,TXN-202409-0425,2024-09-12,Hnos Villanueva S.L.,5207197095744,26.71,4.01,30.72,Medianet,VISA,PAGADA,E-commerce
FAC-001416,TXN-202409-0426,2024-09-27,Batlle y Calderón S.A.,5440691438767,19.83,2.97,22.8,Medianet,MASTERCARD,PAGADA,Ventas
FAC-001417,TXN-202409-0427,2024-09-30,Distribuciones CXW S.L.,3684315567695,17.42,2.61,20.03,PayPhone,VISA,PAGADA,E-commerce
FAC-001418,TXN-202409-0428,2024-09-15,Desarrollo Acosta & Asociados S.Coop.,8679296263273,323.31,48.5,371.81,Medianet,VISA,PAGADA,E-commerce
FAC-001419,TXN-202409-0429,2024-09-10,Gabaldón y asociados S.C.P,3143703919056,192.16,28.82,220.98,Medianet,AMEX,PAGADA,Ventas
FAC-001420,TXN-202409-0430,2024-09-16,Comercial Marí S.L.,6151413430768,402.11,60.32,462.43,Datafast,VISA,PAGADA,E-commerce
FAC-001421,TXN-202409-0431,2024-09-07,Crescencia Escrivá Saez S.Coop.,9332987681605,239.96,35.99,275.95,PayPhone,MASTERCARD,PAGADA,POS
FAC-001422,TXN-202409-0432,2024-09-13,Ceferino Escolano Castañeda S.Com.,9019170242363,364.39,54.66,419.05,Datafast,MASTERCARD,PAGADA,POS
FAC-001423,TXN-202409-0433,2024-09-12,Hermanos Cifuentes S.A.T.,6643738013184,4.99,0.75,5.74,Datafast,AMEX,PAGADA,Ventas
FAC-001424,TXN-202409-0434,2024-09-30,Millán y asociados S.Coop.,3441357168261,45.52,6.83,52.35,Medianet,VISA,PAGADA,Ventas
FAC-001425,TXN-202409-0435,2024-09-29,Compañía JLY S.L.L.,1814762073478,15.7,2.36,18.06,Datafast,VISA,PAGADA,E-commerce
FAC-001426,TXN-202409-0436,2024-09-01,Talleres Bertrán y asociados S.C.P,7135414556473,134.77,20.22,154.99,Medianet,VISA,PAGADA,Ventas
FAC-001427,TXN-202409-0437,2024-09-13,Suministros YKIN S.A.,1816885926637,48.53,7.28,55.81,PayPhone,AMEX,PAGADA,POS
FAC-001428,TXN-202409-0438,2024-09-08,Abigaíl Rey Arce S.L.,9100889438301,1097.98,164.7,1262.68,Medianet,VISA,PAGADA,E-commerce
FAC-001429,TXN-202409-0439,2024-09-20,Desarrollo Zamora & Asociados S.L.,4885781656088,2558.91,383.84,2942.75,PayPhone,MASTERCARD,PAGADA,E-commerce
FAC-001430,TXN-202409-0440,2024-09-26,Alberdi y Diez S.A.,1641890244628,64.62,9.69,74.31,PayPhone,VISA,PAGADA,Ventas
FAC-001431,TXN-202409-0441,2024-09-21,Nidia Soto Sáez S.Coop.,7726173460873,43.45,6.52,49.97,Datafast,VISA,PAGADA,Ventas
FAC-001432,TXN-202409-0442,2024-09-10,Talleres Puente y asociados S.L.N.E,6531493181372,381.62,57.24,438.86,PayPhone,MASTERCARD,PAGADA,Ventas
FAC-001433,TXN-202409-0443,2024-09-28,Inversiones del Levante S.L.,2993804503083,388.35,58.25,446.6,Datafast,VISA,PAGADA,POS
FAC-001434,TXN-202409-0444,2024-09-16,Inversiones IG S.L.,4591164764927,9.66,1.45,11.11,PayPhone,AMEX,PAGADA,Ventas
FAC-001435,TXN-202409-0445,2024-09-25,Restauración Carlos y asociados S.A.,3586813372278,61.9,9.28,71.18,Medianet,VISA,PAGADA,Ventas
FAC-001436,TXN-202409-0446,2024-09-17,Consultoría Integrales S.A.,2381553925883,50.82,7.62,58.44,Datafast,MASTERCARD,PAGADA,Ventas
FAC-001437,TXN-202409-0447,2024-09-21,Ibañez & Asociados S.A.,1421367160338,42.25,6.34,48.59,Datafast,DINERS,PAGADA,Ventas
FAC-001438,TXN-202409-0448,2024-09-08,Banca Privada MBU S.A.,4917876028749,234.67,35.2,269.87,Medianet,VISA,PAGADA,Ventas
FAC-001439,TXN-202409-0449,2024-09-27,Talleres Española S.L.N.E,1172648810503,14.6,2.19,16.79,Datafast,VISA,PAGADA,E-commerce
FAC-001440,TXN-202409-0450,2024-09-17,Restauración Berrocal S.A.,8516781288379,177.32,26.6,203.92,Datafast,VISA,PAGADA,Ventas
FAC-001441,TXN-202409-0451,2024-09-15,Tiburcio Arranz Pellicer S.A.T.,9139859308227,26.29,3.94,30.23,Datafast,VISA,PAGADA,E-commerce
FAC-001442,TXN-202409-0452,2024-09-01,Grupo Amat S.Coop.,9281469539536,22.16,3.32,25.48,Datafast,VISA,PAGADA,POS
FAC-001443,TXN-202409-0453,2024-09-10,Rodolfo Cabanillas Barral S.L.L.,8582320724861,63.14,9.47,72.61,Datafast,VISA,PAGADA,POS
FAC-001444,TXN-202409-0454,2024-09-04,Inversiones FJ S.Coop.,9615623067801,407.97,61.2,469.17,Medianet,MASTERCARD,PAGADA,Ventas
FAC-001445,TXN-202409-0455,2024-09-11,Despacho Alfaro S.C.P,9694670141280,17.17,2.58,19.75,Datafast,VISA,PAGADA,Ventas
FAC-001446,TXN-202409-0456,2024-09-23,Merino & Asociados S.Com.,4247120836248,169.81,25.47,195.28,Datafast,AMEX,PAGADA,Ventas
FAC-001447,TXN-202409-0457,2024-09-30,Transportes Villar y asociados S.Com.,6748562378861,339.76,50.96,390.72,PayPhone,DINERS,PAGADA,Ventas
FAC-001448,TXN-202409-0458,2024-09-13,Amando Herrera Tomás S.A.,7132776063951,355.57,53.34,408.91,Datafast,VISA,PAGADA,E-commerce
FAC-001449,TXN-202409-0459,2024-09-25,Comercial Castellana S.Com.,4068990657416,47.01,7.05,54.06,PayPhone,MASTERCARD,PAGADA,Ventas
FAC-001450,TXN-202409-0460,2024-09-08,Encarnita Avilés Morell S.A.,8584366337561,146.22,21.93,168.15,PayPhone,VISA,PAGADA,Ventas
FAC-001451,TXN-202409-0461,2024-09-11,Hnos Nicolau S.A.T.,7445357777859,57.46,8.62,66.08,Medianet,MASTERCARD,PAGADA,Ventas
FAC-001452,TXN-202409-0462,2024-09-07,Familia Tovar S.A.,2794583618837,324.47,48.67,373.14,Datafast,VISA,PAGADA,E-commerce
FAC-001453,TXN-202409-0463,2024-09-05,Farmaceútica Campoy & Asociados S.A.,4748923960424,42.01,6.3,48.31,Datafast,MASTERCARD,PAGADA,POS
FAC-001454,TXN-202409-0464,2024-09-11,Farmaceútica Española S.L.N.E,4450256702178,374.27,56.14,430.41,PayPhone,VISA,PAGADA,POS
FAC-001455,TXN-202409-0465,2024-09-18,Matas y Pi S.L.L.,3295988161037,55.13,8.27,63.4,Datafast,MASTERCARD,PAGADA,Ventas
FAC-001456,TXN-202409-0466,2024-09-05,Inversiones Bueno S.Coop.,6232940380437,406.35,60.95,467.3,Datafast,VISA,PAGADA,E-commerce
FAC-001457,TXN-202409-0467,2024-09-13,Fortuny & Asociados S.Coop.,4212698086551,1682.35,252.35,1934.7,Medianet,MASTERCARD,PAGADA,Ventas
FAC-001458,TXN-202409-0468,2024-09-04,Verdú y Camps S.Coop.,1186199707839,16.63,2.5,19.13,Datafast,VISA,PAGADA,POS
FAC-001459,TXN-202409-0469,2024-09-04,Ale Feliu Ibarra S.Coop.,3613294027594,103.62,15.54,119.16,Medianet,VISA,PAGADA,Ventas
FAC-001460,TXN-202409-0470,2024-09-06,Infraestructuras Segovia y asociados S.A.,3350165755574,248.02,37.2,285.22,Medianet,VISA,PAGADA,Ventas
FAC-001461,TXN-202409-0471,2024-09-22,Logística Amador & Asociados S.Com.,7663281070560,19.55,2.93,22.48,Datafast,DINERS,PAGADA,Ventas
FAC-001462,TXN-202409-0472,2024-09-28,Comercial Ramis y asociados S.A.T.,5357384109600,15.56,2.33,17.89,Datafast,VISA,PAGADA,Ventas
FAC-001463,TXN-202409-0473,2024-09-24,Comercializadora UDW S.Com.,6561615317660,31.63,4.75,36.38,Datafast,DINERS,PAGADA,Ventas
FAC-001464,TXN-202409-0474,2024-09-10,Despacho Ibéricos S.L.N.E,9824456979181,61.11,9.17,70.28,Datafast,AMEX,PAGADA,Ventas
FAC-001465,TXN-202409-0475,2024-09-10,Barbero y Sales S.Com.,4733697575546,41.85,6.28,48.13,PayPhone,MASTERCARD,PAGADA,E-commerce
FAC-001466,TXN-202409-0476,2024-09-05,Inversiones Vilar S.L.N.E,1268342605338,17.5,2.63,20.13,Datafast,MASTERCARD,PAGADA,Ventas
FAC-001467,TXN-202409-0477,2024-09-30,Guillén y asociados S.L.N.E,7924996966081,261.62,39.24,300.86,Datafast,VISA,PAGADA,Ventas
FAC-001468,TXN-202409-0478,2024-09-10,Despacho Yáñez & Asociados S.L.L.,7575880414036,338.83,50.83,389.66,PayPhone,VISA,PAGADA,E-commerce
FAC-001469,TXN-202409-0479,2024-09-10,Promociones del Levante S.L.,3848745126193,329.47,49.42,378.89,PayPhone,VISA,PAGADA,Ventas
FAC-001470,TXN-202409-0480,2024-09-29,Requena & Asociados S.L.,6790229309443,20.6,3.09,23.69,Medianet,AMEX,PAGADA,Ventas
FAC-001471,TXN-202409-0481,2024-09-19,Rozas y asociados S.L.L.,1821345579990,833.57,125.04,958.61,Medianet,VISA,PAGADA,Ventas
FAC-001472,TXN-202409-0482,2024-09-09,Despacho Castellana S.L.,1572566872306,61.12,9.17,70.29,Datafast,DINERS,PAGADA,E-commerce
FAC-001473,TXN-202409-0483,2024-09-29,Sotelo y Raya S.Coop.,9236578371510,51.73,7.76,59.49,Medianet,MASTERCARD,PAGADA,Ventas
FAC-001474,TXN-202409-0484,2024-09-12,Construcción del Levante S.A.D,4613677767959,113.84,17.08,130.92,PayPhone,VISA,PAGADA,POS
FAC-001475,TXN-202409-0485,2024-09-06,Iris Moll Gutierrez S.Com.,9432249673719,219.34,32.9,252.24,Medianet,MASTERCARD,PAGADA,POS
FAC-001476,TXN-202409-0486,2024-09-22,Bustos & Asociados S.A.T.,6375579120945,46.01,6.9,52.91,Datafast,VISA,PAGADA,E-commerce
FAC-001477,TXN-202409-0487,2024-09-02,Carrillo & Asociados S.A.,4302894438826,17.03,2.55,19.58,Datafast,VISA,PAGADA,Ventas
FAC-001478,TXN-202409-0488,2024-09-15,Industrias Palau & Asociados S.A.,8576941366748,48.06,7.21,55.27,Datafast,MASTERCARD,PAGADA,Ventas
FAC-001479,TXN-202409-0489,2024-09-15,Herranz & Asociados S.A.,7668996908786,330.17,49.53,379.7,Datafast,VISA,PAGADA,E-commerce
FAC-001480,TXN-202409-0490,2024-09-20,Suministros Fuster S.A.,3991418359094,59.03,8.86,67.89,Datafast,VISA,PAGADA,Ventas
FAC-001481,TXN-202409-0491,2024-09-22,Hnos Pelayo S.Com.,8804447427072,131.09,19.66,150.75,Datafast,VISA,PAGADA,POS
FAC-001482,TXN-202409-0492,2024-09-02,Logística BMU S.Coop.,5644527861095,18.48,2.77,21.25,Medianet,VISA,PAGADA,E-commerce
FAC-001483,TXN-202409-0494,2024-09-15,Llopis y Gonzalo S.Coop.,4272874075193,49.37,7.41,56.78,Medianet,MASTERCARD,PAGADA,Ventas
FAC-001484,TXN-202409-0495,2024-09-08,Transportes Cózar & Asociados S.L.,8814603782803,17.5,2.63,20.13,Medianet,VISA,PAGADA,Ventas
FAC-001485,TXN-202409-0496,2024-09-01,Alimentación Pomares y asociados S.A.,5068991085877,6.17,0.93,7.1,PayPhone,VISA,PAGADA,Ventas
FAC-001486,TXN-202409-0497,2024-09-04,Lalo Ros Luque S.A.,6807501399392,66.88,10.03,76.91,PayPhone,MASTERCARD,PAGADA,Ventas
FAC-001487,TXN-202409-0498,2024-09-11,Abraham Leiva Pedrero S.Coop.,5167974631771,11.37,1.71,13.08,Datafast,VISA,PAGADA,Ventas
FAC-001488,TXN-202409-0499,2024-09-14,Escrivá y asociados S.A.,7662667861633,39.68,5.95,45.63,Medianet,VISA,PAGADA,Ventas
FAC-001489,TXN-202409-0500,2024-09-21,Sánchez y Delgado S.C.P,8163813032624,5.32,0.8,6.12,Datafast,VISA,PAGADA,Ventas
FAC-001490,TXN-202410-0001,2024-10-09,Banca Privada Española S.L.U.,9798640946654,47.26,7.09,54.35,Datafast,VISA,PAGADA,E-commerce
FAC-001491,TXN-202410-0002,2024-10-25,Mendizábal & Asociados S.L.L.,8277053644349,219.7,32.96,252.66,Medianet,VISA,PAGADA,POS
FAC-001492,TXN-202410-0003,2024-10-30,Construcción TGKG S.A.,9354121762080,358.55,53.78,412.33,Datafast,DINERS,PAGADA,Ventas
FAC-001493,TXN-202410-0004,2024-10-23,Roxana Uribe Calderón S.Coop.,1928934828009,427.99,64.2,492.19,Datafast,DINERS,PAGADA,E-commerce
FAC-001494,TXN-202410-0005,2024-10-21,Desarrollo Molina S.L.N.E,3005365045686,190.83,28.63,219.46,Medianet,DINERS,PAGADA,Ventas
FAC-001495,TXN-202410-0006,2024-10-20,Manufacturas Solís S.Coop.,8969001923315,26.2,3.93,30.13,Datafast,AMEX,PAGADA,POS
FAC-001496,TXN-202410-0007,2024-10-23,Promociones Inteligentes S.Coop.,2740415758427,253.43,38.01,291.44,Datafast,MASTERCARD,PAGADA,Ventas
FAC-001497,TXN-202410-0008,2024-10-24,Logística Internacionales S.L.N.E,6486127793333,182.37,27.35,209.72,Datafast,MASTERCARD,PAGADA,Ventas
FAC-001498,TXN-202410-0009,2024-10-10,Armando Andrés Ochoa S.Com.,5269420184457,28.77,4.32,33.09,Medianet,MASTERCARD,PAGADA,POS
FAC-001499,TXN-202410-0010,2024-10-20,Agustín Morán Macias S.L.,6061629506410,64.57,9.69,74.26,Datafast,VISA,PAGADA,Ventas
FAC-001500,TXN-202410-0011,2024-10-25,Finanzas del Noroeste S.L.N.E,3718417326523,46.32,6.95,53.27,Medianet,VISA,PAGADA,POS
FAC-001501,TXN-202410-0012,2024-10-01,Hermanos Conesa S.L.,4265546120384,174.91,26.24,201.15,Medianet,DINERS,PAGADA,Ventas
FAC-001502,TXN-202410-0013,2024-10-30,Suministros Pozuelo S.A.,6272644019892,39.52,5.93,45.45,PayPhone,VISA,PAGADA,Ventas
FAC-001503,TXN-202410-0014,2024-10-28,Comercial Rodríguez S.Com.,7591435354256,150.81,22.62,173.43,PayPhone,AMEX,PAGADA,E-commerce
FAC-001504,TXN-202410-0015,2024-10-16,Distribuciones VPHB S.A.,2686078138475,93.17,13.97,107.14,Medianet,VISA,PAGADA,Ventas
FAC-001505,TXN-202410-0016,2024-10-05,Comercializadora LT S.L.U.,1934074918505,2474.51,371.18,2845.69,PayPhone,VISA,PAGADA,Ventas
FAC-001506,TXN-202410-0017,2024-10-17,Estrella Luís Manuel S.Com.,9982405546512,144.21,21.63,165.84,Datafast,MASTERCARD,PAGADA,E-commerce
FAC-001507,TXN-202410-0018,2024-10-14,Maza y Barrera S.L.N.E,1769061195973,17.23,2.59,19.82,Datafast,VISA,PAGADA,POS
FAC-001508,TXN-202410-0019,2024-10-07,Consultoría Arco y asociados S.Com.,9172530315846,422.99,63.45,486.44,Medianet,VISA,PAGADA,Ventas
FAC-001509,TXN-202410-0020,2024-10-13,Distribuciones USF S.A.,4939442805400,1216.48,182.47,1398.95,PayPhone,VISA,PAGADA,Ventas
FAC-001510,TXN-202410-0021,2024-10-05,Promociones IJN S.L.,8423195078730,227.86,34.18,262.04,Datafast,VISA,PAGADA,Ventas
FAC-001511,TXN-202410-0022,2024-10-30,Hermanos Aguiló S.Coop.,5339003432926,346.71,52.01,398.72,Datafast,VISA,PAGADA,Ventas
FAC-001512,TXN-202410-0023,2024-10-15,Hnos Mate S.L.,2805555628497,163.53,24.53,188.06,Medianet,VISA,PAGADA,E-commerce
FAC-001513,TXN-202410-0024,2024-10-05,Hermanos León S.Coop.,5765783393994,95.83,14.38,110.21,Datafast,VISA,PAGADA,POS
FAC-001514,TXN-202410-0025,2024-10-17,Beltran & Asociados S.Coop.,3610951888578,5.18,0.78,5.96,Datafast,VISA,PAGADA,Ventas
FAC-001515,TXN-202410-0026,2024-10-24,Hnos Becerra S.L.N.E,6682809572839,2478.88,371.83,2850.71,Medianet,VISA,PAGADA,Ventas
FAC-001516,TXN-202410-0027,2024-10-29,Roman y Carvajal S.L.N.E,6783018986598,589.64,88.45,678.09,Datafast,VISA,PAGADA,Ventas
FAC-001517,TXN-202410-0028,2024-10-25,Pinto & Asociados S.C.P,4760745625670,787.75,118.16,905.91,PayPhone,VISA,PAGADA,POS
FAC-001518,TXN-202410-0029,2024-10-23,Restauración Adadia S.L.L.,3627188758750,196.87,29.53,226.4,PayPhone,MASTERCARD,PAGADA,POS
FAC-001519,TXN-202410-0030,2024-10-14,Barrios y Rocha S.Com.,8480207520469,29.48,4.42,33.9,Medianet,VISA,PAGADA,Ventas
FAC-001520,TXN-202410-0031,2024-10-23,Alba Sales Bernal S.A.U,1674390648477,1220.47,183.07,1403.54,Datafast,VISA,PAGADA,E-commerce
FAC-001521,TXN-202410-0032,2024-10-31,Servicios Internacionales S.L.,3492024440731,43.83,6.58,50.41,Datafast,MASTERCARD,PAGADA,Ventas
FAC-001522,TXN-202410-0033,2024-10-06,Familia Carranza S.L.,8371890112036,311.56,46.73,358.29,Datafast,VISA,PAGADA,E-commerce
FAC-001523,TXN-202410-0034,2024-10-23,Familia Macías S.A.,7229169426166,209.94,31.49,241.43,Datafast,VISA,PAGADA,E-commerce
FAC-001524,TXN-202410-0035,2024-10-06,Banca Privada Sevilla y asociados S.L.,9464710793527,2339.15,350.87,2690.02,PayPhone,VISA,PAGADA,Ventas
FAC-001525,TXN-202410-0036,2024-10-13,Yolanda Viana Barrena S.Coop.,5365208313001,1866.28,279.94,2146.22,Datafast,VISA,PAGADA,Ventas
FAC-001526,TXN-202410-0037,2024-10-03,Finanzas Barrios S.Coop.,5918321529007,335.31,50.3,385.61,Datafast,VISA,PAGADA,Ventas
FAC-001527,TXN-202410-0038,2024-10-24,Alcolea y Zurita S.A.,4716643086042,13.65,2.05,15.7,Medianet,MASTERCARD,PAGADA,E-commerce
FAC-001528,TXN-202410-0039,2024-10-27,Hnos Pallarès S.A.,8131672324644,68.72,10.31,79.03,PayPhone,VISA,PAGADA,E-commerce
FAC-001529,TXN-202410-0040,2024-10-21,Instalaciones Rosado & Asociados S.L.N.E,7010606067377,261.29,39.19,300.48,Datafast,VISA,PAGADA,Ventas
FAC-001530,TXN-202410-0041,2024-10-07,Construcción del Noroeste S.Com.,7789214181007,50.26,7.54,57.8,Medianet,VISA,PAGADA,Ventas
FAC-001531,TXN-202410-0042,2024-10-06,Talleres Escamilla S.L.L.,3090847980117,57.46,8.62,66.08,Datafast,DINERS,PAGADA,E-commerce
FAC-001532,TXN-202410-0043,2024-10-29,Logística QIWZ S.L.N.E,1756476585757,164.29,24.64,188.93,Datafast,VISA,PAGADA,POS
FAC-001533,TXN-202410-0044,2024-10-03,Servicios WWW S.Com.,8503367594791,45.85,6.88,52.73,Datafast,AMEX,PAGADA,Ventas
FAC-001534,TXN-202410-0045,2024-10-08,Comercializadora Villar & Asociados S.Coop.,1299993784865,6.28,0.94,7.22,Datafast,VISA,PAGADA,E-commerce
FAC-001535,TXN-202410-0046,2024-10-31,Transportes NI S.C.P,3030804533430,21.7,3.26,24.96,Datafast,MASTERCARD,PAGADA,POS
FAC-001536,TXN-202410-0047,2024-10-26,Talleres Losa y asociados S.L.N.E,4398207000267,18.11,2.72,20.83,Medianet,MASTERCARD,PAGADA,Ventas
FAC-001537,TXN-202410-0048,2024-10-16,Cózar y Peñalver S.Coop.,5454753964163,1012.69,151.9,1164.59,Datafast,MASTERCARD,PAGADA,POS
FAC-001538,TXN-202410-0049,2024-10-11,Alimentación WWB S.L.,7725117230358,48.82,7.32,56.14,Medianet,MASTERCARD,PAGADA,E-commerce
FAC-001539,TXN-202410-0050,2024-10-02,Grupo Cámara S.L.L.,3017263308048,207.77,31.17,238.94,PayPhone,DINERS,PAGADA,Ventas
FAC-001540,TXN-202410-0051,2024-10-13,Grupo Rozas S.A.,9108861125804,61.12,9.17,70.29,PayPhone,AMEX,PAGADA,E-commerce
FAC-001541,TXN-202410-0052,2024-10-17,Hnos Solsona S.Com.,4830657721127,12.37,1.85,14.22,PayPhone,DINERS,PAGADA,Ventas
FAC-001542,TXN-202410-0053,2024-10-22,Despacho SSKL S.A.T.,2368109817663,33.82,5.07,38.89,PayPhone,MASTERCARD,PAGADA,POS
FAC-001543,TXN-202410-0054,2024-10-21,Arribas y Herranz S.Coop.,5721526737110,70.7,10.61,81.31,PayPhone,MASTERCARD,PAGADA,E-commerce
FAC-001544,TXN-202410-0055,2024-10-11,Distribuciones Francisco S.Coop.,6706868646414,57.02,8.55,65.57,Datafast,VISA,PAGADA,E-commerce
FAC-001545,TXN-202410-0056,2024-10-03,Hnos Salgado S.Com.,7035946895374,44.3,6.64,50.94,Datafast,MASTERCARD,PAGADA,POS
FAC-001546,TXN-202410-0057,2024-10-28,Instalaciones Inteligentes S.Com.,3352577689977,2580.16,387.02,2967.18,Datafast,DINERS,PAGADA,Ventas
FAC-001547,TXN-202410-0058,2024-10-05,Tecnologías CM S.L.N.E,3895166032370,17.07,2.56,19.63,PayPhone,MASTERCARD,PAGADA,Ventas
FAC-001548,TXN-202410-0059,2024-10-16,Marita Ribas Montaña S.A.,2240950715199,81.16,12.17,93.33,PayPhone,MASTERCARD,PAGADA,Ventas
FAC-001549,TXN-202410-0060,2024-10-06,Alimentación Cerezo S.C.P,5832304772596,61.4,9.21,70.61,Datafast,MASTERCARD,PAGADA,Ventas
FAC-001550,TXN-202410-0061,2024-10-06,Promociones XSJK S.Com.,1915953384162,20.22,3.03,23.25,PayPhone,VISA,PAGADA,Ventas
FAC-001551,TXN-202410-0062,2024-10-30,Fortuny y Llobet S.Com.,9790628815660,498.3,74.75,573.05,Medianet,VISA,PAGADA,POS
FAC-001552,TXN-202410-0063,2024-10-16,Isidoro Estevez Rocamora S.L.,9430980518343,21.15,3.17,24.32,PayPhone,MASTERCARD,PAGADA,E-commerce
FAC-001553,TXN-202410-0064,2024-10-03,Distribuciones del Levante S.L.,4593635680877,51.66,7.75,59.41,Datafast,VISA,PAGADA,E-commerce
FAC-001554,TXN-202410-0065,2024-10-03,Supermercados Agustí S.L.N.E,8834724416762,406.97,61.05,468.02,Datafast,VISA,PAGADA,E-commerce
FAC-001555,TXN-202410-0066,2024-10-21,Servicios Iberia S.L.N.E,2287430964742,334.36,50.15,384.51,Datafast,AMEX,PAGADA,E-commerce
FAC-001556,TXN-202410-0067,2024-10-09,Comercializadora Española S.A.,8732683487092,19.57,2.93,22.5,Medianet,DINERS,PAGADA,E-commerce
FAC-001557,TXN-202410-0068,2024-10-07,Instalaciones Globales S.L.,8451628908454,42.97,6.45,49.42,Datafast,VISA,PAGADA,E-commerce
FAC-001558,TXN-202410-0069,2024-10-13,Grupo Luís S.A.,7726277331258,24.78,3.72,28.5,PayPhone,MASTERCARD,PAGADA,E-commerce
FAC-001559,TXN-202410-0070,2024-10-13,Banco Castellana S.L.,2228766340419,138.9,20.84,159.74,Medianet,VISA,PAGADA,Ventas
FAC-001560,TXN-202410-0071,2024-10-17,Talleres Ibéricos S.Com.,6644765224696,360.49,54.07,414.56,Datafast,VISA,PAGADA,Ventas
FAC-001561,TXN-202410-0072,2024-10-15,Comercial Blanca S.L.N.E,7651692175171,39.45,5.92,45.37,Medianet,VISA,PAGADA,E-commerce
FAC-001562,TXN-202410-0073,2024-10-15,Hnos Peña S.L.L.,4152845470500,252.11,37.82,289.93,Datafast,DINERS,PAGADA,POS
FAC-001563,TXN-202410-0074,2024-10-23,Fortunata Terrón Fonseca S.Com.,5574580766487,362.21,54.33,416.54,Medianet,VISA,PAGADA,Ventas
FAC-001564,TXN-202410-0075,2024-10-28,Diego & Asociados S.L.,7641383127607,703.18,105.48,808.66,Medianet,VISA,PAGADA,E-commerce
FAC-001565,TXN-202410-0076,2024-10-31,Yolanda Domingo Hernando S.Coop.,7833594822452,23.36,3.5,26.86,Medianet,MASTERCARD,PAGADA,Ventas
FAC-001566,TXN-202410-0077,2024-10-28,Familia Solera S.C.P,4688160353417,51.1,7.66,58.76,Datafast,AMEX,PAGADA,Ventas
FAC-001567,TXN-202410-0078,2024-10-25,Tecnologías del Noroeste S.Com.,6454614119101,406.72,61.01,467.73,PayPhone,VISA,PAGADA,POS
FAC-001568,TXN-202410-0079,2024-10-30,Comercializadora Castellana S.Coop.,4773912983584,57.5,8.63,66.13,PayPhone,MASTERCARD,PAGADA,Ventas
FAC-001569,TXN-202410-0080,2024-10-12,Flores y asociados S.A.,4680127712771,48.56,7.28,55.84,PayPhone,MASTERCARD,PAGADA,E-commerce
FAC-001570,TXN-202410-0081,2024-10-07,Hurtado y Amorós S.L.,5168539091744,49.77,7.46,57.23,Datafast,MASTERCARD,PAGADA,Ventas
FAC-001571,TXN-202410-0082,2024-10-19,Suministros Españolas S.Com.,7294080308922,53.41,8.01,61.42,PayPhone,VISA,PAGADA,E-commerce
FAC-001572,TXN-202410-0083,2024-10-05,Cipriano Burgos Guerrero S.L.,8206419965840,15.03,2.25,17.28,PayPhone,MASTERCARD,PAGADA,Ventas
FAC-001573,TXN-202410-0084,2024-10-24,Elías Alberdi Pinto S.A.,2993764526587,18.57,2.79,21.36,Medianet,VISA,PAGADA,Ventas
FAC-001574,TXN-202410-0085,2024-10-22,Mármol y Barberá S.A.,2680238656260,279.82,41.97,321.79,Medianet,VISA,PAGADA,POS
FAC-001575,TXN-202410-0086,2024-10-02,Familia Cuevas S.Coop.,1180598018880,131.0,19.65,150.65,Datafast,DINERS,PAGADA,Ventas
FAC-001576,TXN-202410-0087,2024-10-17,Ale Méndez Lara S.L.U.,1030053782868,689.89,103.48,793.37,Datafast,VISA,PAGADA,Ventas
FAC-001577,TXN-202410-0088,2024-10-08,Priego y Carrera S.L.,7122030710816,51.47,7.72,59.19,Datafast,VISA,PAGADA,POS
FAC-001578,TXN-202410-0089,2024-10-06,Distribuciones SPD S.Coop.,8322397662154,43.23,6.48,49.71,Datafast,VISA,PAGADA,Ventas
FAC-001579,TXN-202410-0090,2024-10-03,Hernández y Bas S.A.T.,1851980702729,1892.9,283.94,2176.84,Medianet,MASTERCARD,PAGADA,Ventas
FAC-001580,TXN-202410-0091,2024-10-12,Inversiones Española S.L.,9429428635834,46.95,7.04,53.99,PayPhone,MASTERCARD,PAGADA,Ventas
FAC-001581,TXN-202410-0092,2024-10-17,Josué Querol Gárate S.Com.,8426389874955,47.97,7.19,55.16,Datafast,VISA,PAGADA,E-commerce
FAC-001582,TXN-202410-0093,2024-10-24,Familia Samper S.L.N.E,8710923355885,169.53,25.43,194.96,Datafast,MASTERCARD,PAGADA,Ventas
FAC-001583,TXN-202410-0094,2024-10-14,Hermanos Segarra S.A.T.,6828346389161,46.38,6.96,53.34,Medianet,VISA,PAGADA,Ventas
FAC-001584,TXN-202410-0095,2024-10-26,Hnos Barreda S.A.T.,9490558753029,63.63,9.54,73.17,Medianet,VISA,PAGADA,Ventas
FAC-001585,TXN-202410-0096,2024-10-18,Familia Barrera S.L.L.,6214990941679,40.61,6.09,46.7,Datafast,AMEX,PAGADA,E-commerce
FAC-001586,TXN-202410-0097,2024-10-26,Serna y Laguna S.L.,5120279891454,330.23,49.54,379.77,Datafast,MASTERCARD,PAGADA,E-commerce
FAC-001587,TXN-202410-0098,2024-10-06,Soluciones HU S.Com.,7911891728458,2386.1,357.91,2744.01,Datafast,MASTERCARD,PAGADA,Ventas
FAC-001588,TXN-202410-0099,2024-10-02,Minería del Noroeste S.A.,4887494009262,24.84,3.73,28.57,Medianet,VISA,PAGADA,Ventas
FAC-001589,TXN-202410-0100,2024-10-25,Comercial Ibéricos S.A.,8086580720080,21.1,3.16,24.26,Medianet,MASTERCARD,PAGADA,Ventas
FAC-001590,TXN-202410-0101,2024-10-06,Dalila Cantero Lucena S.Coop.,5570197435752,67.37,10.1,77.47,Datafast,VISA,PAGADA,POS
FAC-001591,TXN-202410-0102,2024-10-31,Finanzas Española S.Com.,9492555680846,7.36,1.1,8.46,PayPhone,MASTERCARD,PAGADA,POS
FAC-001592,TXN-202410-0103,2024-10-16,Comercial Ayala y asociados S.Coop.,8600158123624,13.47,2.02,15.49,PayPhone,VISA,PAGADA,POS
FAC-001593,TXN-202410-0104,2024-10-17,Transportes del Sur S.A.,3349470025190,1752.55,262.88,2015.43,Datafast,AMEX,PAGADA,Ventas
FAC-001594,TXN-202410-0105,2024-10-05,Minería EYC S.Coop.,6072446095772,6.75,1.01,7.76,Medianet,MASTERCARD,PAGADA,Ventas
FAC-001595,TXN-202410-0106,2024-10-19,Roldán y Alegre S.Coop.,4687747630835,40.36,6.05,46.41,PayPhone,VISA,PAGADA,Ventas
FAC-001596,TXN-202410-0107,2024-10-09,Finanzas Internacionales S.A.,6628909100634,40.21,6.03,46.24,Datafast,MASTERCARD,PAGADA,Ventas
FAC-001597,TXN-202410-0108,2024-10-22,Rivero & Asociados S.L.N.E,9274180420223,65.97,9.89,75.86,Medianet,VISA,PAGADA,Ventas
FAC-001598,TXN-202410-0109,2024-10-09,Inversiones del Norte S.Coop.,1159757336828,45.41,6.81,52.22,PayPhone,VISA,PAGADA,Ventas
FAC-001599,TXN-202410-0110,2024-10-27,Compañía Cervera y asociados S.Com.,7165755525868,47.22,7.08,54.3,Medianet,VISA,PAGADA,Ventas
FAC-001600,TXN-202410-0111,2024-10-14,Industrias WJ S.A.,5168506648782,69.07,10.36,79.43,Medianet,VISA,PAGADA,Ventas
FAC-001601,TXN-202410-0112,2024-10-04,Pallarès & Asociados S.A.U,9464871300025,12.48,1.87,14.35,Datafast,MASTERCARD,PAGADA,POS
FAC-001602,TXN-202410-0113,2024-10-11,Industrias Reina S.A.,5546453347985,202.07,30.31,232.38,Medianet,VISA,PAGADA,Ventas
FAC-001603,TXN-202410-0114,2024-10-08,Industrias del Norte S.L.,2794844704145,10.74,1.61,12.35,Datafast,MASTERCARD,PAGADA,POS
FAC-001604,TXN-202410-0115,2024-10-29,Jose Ignacio Fiol Acedo S.Com.,1456337069511,38.69,5.8,44.49,PayPhone,MASTERCARD,PAGADA,E-commerce
FAC-001605,TXN-202410-0116,2024-10-19,Diana Montesinos Santamaría S.L.L.,7619613875955,27.1,4.07,31.17,Medianet,AMEX,PAGADA,POS
FAC-001606,TXN-202410-0117,2024-10-31,Alimentación Avanzadas S.L.,8242298133241,131.92,19.79,151.71,Medianet,MASTERCARD,PAGADA,E-commerce
FAC-001607,TXN-202410-0118,2024-10-18,Minería Carrión S.L.N.E,8897711801677,357.63,53.64,411.27,Datafast,AMEX,PAGADA,Ventas
FAC-001608,TXN-202410-0119,2024-10-22,Loreto Aguiló Molins S.Coop.,4736048909859,164.18,24.63,188.81,PayPhone,VISA,PAGADA,POS
FAC-001609,TXN-202410-0120,2024-10-09,Suministros Lago & Asociados S.L.,2971436947493,41.37,6.2,47.57,Medianet,MASTERCARD,PAGADA,E-commerce
FAC-001610,TXN-202410-0121,2024-10-22,Supermercados Integrales S.Coop.,9147688938616,55.05,8.26,63.31,PayPhone,MASTERCARD,PAGADA,POS
FAC-001611,TXN-202410-0122,2024-10-15,Vicens y Guzman S.Coop.,9018776458084,27.43,4.12,31.55,Datafast,VISA,PAGADA,E-commerce
FAC-001612,TXN-202410-0123,2024-10-30,Banca Privada Prats S.L.,3419652179005,51.21,7.68,58.89,Datafast,DINERS,PAGADA,Ventas
FAC-001613,TXN-202410-0124,2024-10-11,Renato Trillo Segarra S.Com.,3412605574028,1318.51,197.78,1516.29,Datafast,AMEX,PAGADA,Ventas
FAC-001614,TXN-202410-0125,2024-10-19,Banca Privada GFBA S.L.N.E,4859587695591,10.45,1.57,12.02,Medianet,VISA,PAGADA,POS
FAC-001615,TXN-202410-0126,2024-10-01,Construcción del Mediterráneo S.L.,9126813078373,2192.06,328.81,2520.87,Datafast,VISA,PAGADA,E-commerce
FAC-001616,TXN-202410-0127,2024-10-22,Familia Vives S.Com.,2383594123459,36.82,5.52,42.34,Medianet,DINERS,PAGADA,Ventas
FAC-001617,TXN-202410-0128,2024-10-30,Cerezo y Mendoza S.L.U.,3232580245571,44.54,6.68,51.22,PayPhone,MASTERCARD,PAGADA,Ventas
FAC-001618,TXN-202410-0129,2024-10-24,Familia Iriarte S.Coop.,2362743514928,26.85,4.03,30.88,Datafast,VISA,PAGADA,E-commerce
FAC-001619,TXN-202410-0130,2024-10-20,Teodoro Asensio Mateos S.L.L.,6232702317402,262.44,39.37,301.81,PayPhone,AMEX,PAGADA,POS
FAC-001620,TXN-202410-0131,2024-10-17,Consultoría IZ S.Coop.,7710607634433,391.66,58.75,450.41,Medianet,DINERS,PAGADA,Ventas
FAC-001621,TXN-202410-0132,2024-10-02,Servicios Globales S.L.N.E,4560263356416,27.39,4.11,31.5,Datafast,VISA,PAGADA,Ventas
FAC-001622,TXN-202410-0133,2024-10-22,Inversiones Cañellas & Asociados S.L.N.E,9129870252151,1169.48,175.42,1344.9,Datafast,VISA,PAGADA,Ventas
FAC-001623,TXN-202410-0134,2024-10-16,Iriarte y asociados S.Coop.,4435172368504,175.5,26.33,201.83,PayPhone,AMEX,PAGADA,Ventas
FAC-001624,TXN-202410-0135,2024-10-30,Maximiano Jordá Hurtado S.Com.,9448526023547,213.32,32.0,245.32,Datafast,VISA,PAGADA,E-commerce
FAC-001625,TXN-202410-0136,2024-10-30,Fábrica Millán S.Com.,2924055306113,62.62,9.39,72.01,PayPhone,DINERS,PAGADA,Ventas
FAC-001626,TXN-202410-0138,2024-10-13,Infraestructuras FVX S.L.,8800458927523,51.46,7.72,59.18,Datafast,VISA,PAGADA,Ventas
FAC-001627,TXN-202410-0139,2024-10-29,González y asociados S.C.P,4408705683355,38.85,5.83,44.68,Datafast,VISA,PAGADA,Ventas
FAC-001628,TXN-202410-0140,2024-10-09,Hnos Talavera S.A.T.,5563859818284,54.53,8.18,62.71,Datafast,AMEX,PAGADA,Ventas
FAC-001629,TXN-202410-0141,2024-10-18,Román y Jordán S.L.N.E,3699748698005,62.53,9.38,71.91,Datafast,VISA,PAGADA,E-commerce
FAC-001630,TXN-202410-0142,2024-10-12,Paco España Segarra S.A.,5673380792660,128.67,19.3,147.97,Datafast,VISA,PAGADA,Ventas
FAC-001631,TXN-202410-0143,2024-10-07,Promociones Díaz S.A.T.,8340447501750,142.05,21.31,163.36,Datafast,VISA,PAGADA,Ventas
FAC-001632,TXN-202410-0144,2024-10-06,Elisa Andrade Peiró S.Com.,5266558990658,398.63,59.79,458.42,Datafast,VISA,PAGADA,Ventas
FAC-001633,TXN-202410-0145,2024-10-14,Cecilia Barón Sedano S.Com.,6097223242043,166.64,25.0,191.64,Datafast,VISA,PAGADA,Ventas
FAC-001634,TXN-202410-0146,2024-10-25,Agustí y Cabañas S.A.,1206319106971,188.22,28.23,216.45,Medianet,MASTERCARD,PAGADA,E-commerce
FAC-001635,TXN-202410-0147,2024-10-04,Transportes Nogués & Asociados S.L.,4163591142028,211.58,31.74,243.32,Medianet,DINERS,PAGADA,Ventas
FAC-001636,TXN-202410-0148,2024-10-22,Pol y Melero S.Com.,6012232861402,5.23,0.79,6.02,Medianet,VISA,PAGADA,POS
FAC-001637,TXN-202410-0149,2024-10-01,Severiano Sales Roman S.A.U,9145422492243,43.29,6.49,49.78,Datafast,AMEX,PAGADA,POS
FAC-001638,TXN-202410-0150,2024-10-20,Finanzas Flores & Asociados S.A.,1223200013278,32.32,4.85,37.17,Datafast,VISA,PAGADA,POS
FAC-001639,TXN-202410-0151,2024-10-09,Restauración Globales S.Coop.,8728243509791,11.85,1.78,13.63,Medianet,VISA,PAGADA,E-commerce
FAC-001640,TXN-202410-0152,2024-10-26,Tormo y Cazorla S.L.L.,3953295617629,50.42,7.56,57.98,Datafast,AMEX,PAGADA,POS
FAC-001641,TXN-202410-0153,2024-10-19,Hermanos Quirós S.Com.,4584676408977,69.08,10.36,79.44,Medianet,MASTERCARD,PAGADA,Ventas
FAC-001642,TXN-202410-0154,2024-10-07,Instalaciones Escobar y asociados S.Coop.,8453614083070,6.85,1.03,7.88,Medianet,VISA,PAGADA,Ventas
FAC-001643,TXN-202410-0155,2024-10-14,Farmaceútica UEFI S.Com.,8606336027315,7.67,1.15,8.82,Datafast,MASTERCARD,PAGADA,Ventas
FAC-001644,TXN-202410-0156,2024-10-16,Alimentación Bernad S.Coop.,6472617362924,26.27,3.94,30.21,Datafast,MASTERCARD,PAGADA,Ventas
FAC-001645,TXN-202410-0157,2024-10-09,Soluciones DOJ S.Coop.,5198977738243,21.9,3.29,25.19,Medianet,MASTERCARD,PAGADA,Ventas
FAC-001646,TXN-202410-0158,2024-10-01,Olegario Prado Carnero S.Coop.,7421462922228,135.95,20.39,156.34,Medianet,VISA,PAGADA,Ventas
FAC-001647,TXN-202410-0159,2024-10-20,Familia Teruel S.A.U,3838138522359,22.62,3.39,26.01,Medianet,VISA,PAGADA,Ventas
FAC-001648,TXN-202410-0160,2024-10-04,Hermanos Báez S.L.N.E,1362709401441,26.15,3.92,30.07,Datafast,VISA,PAGADA,Ventas
FAC-001649,TXN-202410-0161,2024-10-12,Rocamora y Villalba S.Coop.,3145229245670,117.16,17.57,134.73,Medianet,MASTERCARD,PAGADA,Ventas
FAC-001650,TXN-202410-0162,2024-10-08,Jessica Bonilla Llano S.Coop.,7693935046293,290.42,43.56,333.98,PayPhone,MASTERCARD,PAGADA,POS
FAC-001651,TXN-202410-0163,2024-10-21,Logística Ibérica S.C.P,3574153583387,11.29,1.69,12.98,Datafast,MASTERCARD,PAGADA,E-commerce
FAC-001652,TXN-202410-0164,2024-10-27,Instalaciones Ibérica S.A.,7595919053094,2356.61,353.49,2710.1,Medianet,VISA,PAGADA,E-commerce
FAC-001653,TXN-202410-0165,2024-10-20,Hermanos Murcia S.L.L.,5387595082572,65.77,9.87,75.64,Datafast,VISA,PAGADA,POS
FAC-001654,TXN-202410-0166,2024-10-05,Plinio Uría Ugarte S.C.P,3823007086186,264.43,39.66,304.09,Datafast,VISA,PAGADA,E-commerce
FAC-001655,TXN-202410-0167,2024-10-25,Comercial del Mediterráneo S.A.T.,8748467475291,395.19,59.28,454.47,Datafast,VISA,PAGADA,POS
FAC-001656,TXN-202410-0168,2024-10-30,Abascal & Asociados S.C.P,4483565086922,51.13,7.67,58.8,PayPhone,AMEX,PAGADA,Ventas
FAC-001657,TXN-202410-0169,2024-10-01,Pérez y Bertrán S.A.,6802525411055,1530.15,229.52,1759.67,Datafast,VISA,PAGADA,POS
FAC-001658,TXN-202410-0170,2024-10-19,Inversiones YG S.Coop.,6224126676809,7.31,1.1,8.41,Medianet,MASTERCARD,PAGADA,E-commerce
FAC-001659,TXN-202410-0171,2024-10-22,Hermanos Tenorio S.A.,4305964703364,214.74,32.21,246.95,Medianet,MASTERCARD,PAGADA,Ventas
FAC-001660,TXN-202410-0172,2024-10-13,Promociones Yuste S.A.,3145320654326,53.3,8.0,61.3,PayPhone,DINERS,PAGADA,E-commerce
FAC-001661,TXN-202410-0173,2024-10-06,Banco Amo y asociados S.A.T.,9114340371524,16.35,2.45,18.8,Medianet,VISA,PAGADA,Ventas
FAC-001662,TXN-202410-0174,2024-10-15,Distribuciones NLMK S.A.,3410915683095,358.32,53.75,412.07,Datafast,MASTERCARD,PAGADA,Ventas
FAC-001663,TXN-202410-0175,2024-10-23,Humberto Cortés Sanmiguel S.A.,4012252649747,18.72,2.81,21.53,Medianet,MASTERCARD,PAGADA,E-commerce
FAC-001664,TXN-202410-0176,2024-10-02,Promociones WBL S.A.,8070676442863,19.89,2.98,22.87,Medianet,VISA,PAGADA,Ventas
FAC-001665,TXN-202410-0177,2024-10-26,Promociones Ibéricos S.A.,1470781010124,1022.69,153.4,1176.09,Datafast,AMEX,PAGADA,E-commerce
FAC-001666,TXN-202410-0178,2024-10-01,Salvà y Vila S.A.,4780569421187,264.81,39.72,304.53,Medianet,VISA,PAGADA,Ventas
FAC-001667,TXN-202410-0179,2024-10-23,Petrona Haro Alemany S.L.,4990044910072,9.77,1.47,11.24,Datafast,MASTERCARD,PAGADA,Ventas
FAC-001668,TXN-202410-0180,2024-10-02,Chelo Rebollo Calderón S.L.,9931492049930,177.27,26.59,203.86,Datafast,VISA,PAGADA,Ventas
FAC-001669,TXN-202410-0181,2024-10-06,Suministros Castellana S.Com.,6340412107043,67.3,10.09,77.39,PayPhone,AMEX,PAGADA,POS
FAC-001670,TXN-202410-0182,2024-10-25,Consultoría del Mediterráneo S.Com.,1905503158878,2126.49,318.97,2445.46,PayPhone,MASTERCARD,PAGADA,E-commerce
FAC-001671,TXN-202410-0183,2024-10-28,Familia Lerma S.A.,5006606751414,46.99,7.05,54.04,Datafast,MASTERCARD,PAGADA,Ventas
FAC-001672,TXN-202410-0184,2024-10-09,Adora Arrieta Uría S.Coop.,7635156095142,150.15,22.52,172.67,Medianet,MASTERCARD,PAGADA,Ventas
FAC-001673,TXN-202410-0185,2024-10-08,Tecnologías Ibéricos S.A.,6870215386115,126.41,18.96,145.37,Medianet,AMEX,PAGADA,POS
FAC-001674,TXN-202410-0186,2024-10-06,Banco Puente y asociados S.Com.,2511627143593,638.46,95.77,734.23,Medianet,VISA,PAGADA,POS
FAC-001675,TXN-202410-0187,2024-10-24,Inmobiliaria Ricart y asociados S.L.N.E,4310616504725,36.34,5.45,41.79,Datafast,AMEX,PAGADA,Ventas
FAC-001676,TXN-202410-0188,2024-10-13,Transportes Internacionales S.Com.,5431073712207,15.94,2.39,18.33,Medianet,VISA,PAGADA,E-commerce
FAC-001677,TXN-202410-0189,2024-10-30,Grupo Calderón S.Coop.,2850845240886,20.34,3.05,23.39,Medianet,VISA,PAGADA,POS
FAC-001678,TXN-202410-0190,2024-10-26,Hnos Murcia S.C.P,1496925336010,51.75,7.76,59.51,PayPhone,VISA,PAGADA,E-commerce
FAC-001679,TXN-202410-0191,2024-10-25,Suministros VBQ S.L.N.E,8499319140099,58.25,8.74,66.99,Medianet,VISA,PAGADA,Ventas
FAC-001680,TXN-202410-0192,2024-10-31,Servicios Pareja & Asociados S.A.U,9781297192288,167.32,25.1,192.42,PayPhone,VISA,PAGADA,E-commerce
FAC-001681,TXN-202410-0193,2024-10-18,Dorita Hierro Mate S.L.N.E,6741594925434,55.97,8.4,64.37,Medianet,MASTERCARD,PAGADA,Ventas
FAC-001682,TXN-202410-0194,2024-10-25,Transportes Ibérica S.A.,5202664273869,13.43,2.01,15.44,PayPhone,AMEX,PAGADA,Ventas
FAC-001683,TXN-202410-0195,2024-10-08,Suministros Globales S.L.N.E,6064811051292,35.58,5.34,40.92,PayPhone,AMEX,PAGADA,Ventas
FAC-001684,TXN-202410-0196,2024-10-02,Inmobiliaria IC S.Coop.,9972430677798,5.73,0.86,6.59,Medianet,VISA,PAGADA,Ventas
FAC-001685,TXN-202410-0197,2024-10-01,Ripoll & Asociados S.A.,3967781070824,221.23,33.19,254.42,Medianet,VISA,PAGADA,Ventas
FAC-001686,TXN-202410-0198,2024-10-08,Industrias del Sur S.C.P,1689351331579,47.09,7.06,54.15,Datafast,VISA,PAGADA,POS
FAC-001687,TXN-202410-0199,2024-10-06,Transportes Pla S.L.L.,3208236616201,110.62,16.59,127.21,Datafast,AMEX,PAGADA,Ventas
FAC-001688,TXN-202410-0200,2024-10-11,Comercial Integrales S.L.N.E,6729512660869,9.32,1.4,10.72,Datafast,DINERS,PAGADA,Ventas
FAC-001689,TXN-202410-0201,2024-10-05,Hnos Trujillo S.L.N.E,6411084039092,7.17,1.08,8.25,Datafast,DINERS,PAGADA,POS
FAC-001690,TXN-202410-0202,2024-10-29,Villena y asociados S.C.P,9476736086333,32.08,4.81,36.89,Datafast,VISA,PAGADA,POS
FAC-001691,TXN-202410-0203,2024-10-09,Talleres Colom y asociados S.L.,8495066676055,61.44,9.22,70.66,Medianet,MASTERCARD,PAGADA,Ventas
FAC-001692,TXN-202410-0204,2024-10-03,Sandoval y asociados S.L.,1280050908306,329.35,49.4,378.75,Medianet,DINERS,PAGADA,E-commerce
FAC-001693,TXN-202410-0205,2024-10-05,Chus Casanovas Asenjo S.Com.,9092509805564,123.1,18.47,141.57,PayPhone,DINERS,PAGADA,E-commerce
FAC-001694,TXN-202410-0206,2024-10-04,Banca Privada del Noroeste S.L.N.E,4919941243616,2205.76,330.86,2536.62,Datafast,MASTERCARD,PAGADA,POS
FAC-001695,TXN-202410-0207,2024-10-05,Infraestructuras Peralta S.L.U.,1650299907619,25.42,3.81,29.23,Datafast,MASTERCARD,PAGADA,E-commerce
FAC-001696,TXN-202410-0208,2024-10-14,Guijarro y Rosa S.A.,2581498367849,35.74,5.36,41.1,Medianet,VISA,PAGADA,Ventas
FAC-001697,TXN-202410-0209,2024-10-08,Rafael Abascal Salinas S.A.,1132177491176,308.4,46.26,354.66,Medianet,VISA,PAGADA,Ventas
FAC-001698,TXN-202410-0210,2024-10-27,Construcción ZZKK S.C.P,6655004375315,39.08,5.86,44.94,Datafast,VISA,PAGADA,Ventas
FAC-001699,TXN-202410-0211,2024-10-23,Galo Cabañas Valderrama S.L.,6752295083860,42.03,6.31,48.34,Datafast,MASTERCARD,PAGADA,Ventas
FAC-001700,TXN-202410-0212,2024-10-28,Ángel & Asociados S.Coop.,3590367486756,17.61,2.64,20.25,Datafast,VISA,PAGADA,POS
FAC-001701,TXN-202410-0213,2024-10-30,Hnos Ruiz S.A.,7053515347439,11.53,1.73,13.26,Datafast,VISA,PAGADA,Ventas
FAC-001702,TXN-202410-0214,2024-10-15,Infraestructuras Tenorio y asociados S.L.,2770812078003,120.46,18.07,138.53,Datafast,AMEX,PAGADA,Ventas
FAC-001703,TXN-202410-0215,2024-10-07,Despacho Cantón & Asociados S.Com.,7381010320823,1350.17,202.52,1552.69,PayPhone,MASTERCARD,PAGADA,Ventas
FAC-001704,TXN-202410-0216,2024-10-13,Desarrollo Belmonte S.L.N.E,4216099097578,1965.14,294.77,2259.91,Datafast,VISA,PAGADA,POS
FAC-001705,TXN-202410-0217,2024-10-22,Consultoría Mendoza y asociados S.L.,7851661907644,50.1,7.51,57.61,Datafast,DINERS,PAGADA,E-commerce
FAC-001706,TXN-202410-0218,2024-10-12,Promociones Viña y asociados S.A.,4490439461622,80.59,12.09,92.68,Datafast,AMEX,PAGADA,Ventas
FAC-001707,TXN-202410-0219,2024-10-05,Aragonés y Lladó S.L.,9827726105402,366.75,55.01,421.76,Datafast,VISA,PAGADA,Ventas
FAC-001708,TXN-202410-0220,2024-10-16,Grupo Roda S.L.,5802846559218,66.23,9.93,76.16,Datafast,VISA,PAGADA,POS
FAC-001709,TXN-202410-0221,2024-10-04,Familia Pareja S.L.L.,8556886499339,74.39,11.16,85.55,Medianet,VISA,PAGADA,Ventas
FAC-001710,TXN-202410-0222,2024-10-06,Girona y Valenzuela S.C.P,6745391802384,132.96,19.94,152.9,Datafast,MASTERCARD,PAGADA,Ventas
FAC-001711,TXN-202410-0223,2024-10-23,Grupo Sanabria S.A.,8176144433736,1422.38,213.36,1635.74,Datafast,VISA,PAGADA,Ventas
FAC-001712,TXN-202410-0224,2024-10-06,Distribuciones Tamayo S.L.,9209085753794,224.3,33.64,257.94,PayPhone,MASTERCARD,PAGADA,E-commerce
FAC-001713,TXN-202410-0225,2024-10-07,Banca Privada Mateu y asociados S.L.N.E,6663183429002,706.81,106.02,812.83,PayPhone,MASTERCARD,PAGADA,POS
FAC-001714,TXN-202410-0226,2024-10-18,Hermanos Villalba S.A.,4692785234615,53.0,7.95,60.95,Medianet,VISA,PAGADA,E-commerce
FAC-001715,TXN-202410-0227,2024-10-21,Sabater y asociados S.Coop.,1821676089601,24.77,3.72,28.49,PayPhone,AMEX,PAGADA,E-commerce
FAC-001716,TXN-202410-0229,2024-10-01,Calderon y Marco S.L.N.E,1266589782425,378.77,56.81,435.58,Datafast,VISA,PAGADA,E-commerce
FAC-001717,TXN-202410-0230,2024-10-25,Compañía Patiño & Asociados S.A.T.,6358293854044,43.29,6.49,49.78,Datafast,MASTERCARD,PAGADA,Ventas
FAC-001718,TXN-202410-0231,2024-10-03,Cabeza & Asociados S.L.L.,9050398638346,957.25,143.59,1100.84,Datafast,VISA,PAGADA,POS
FAC-001719,TXN-202410-0232,2024-10-11,Belén Aragonés Elorza S.Com.,5990814498602,86.25,12.94,99.19,Medianet,MASTERCARD,PAGADA,Ventas
FAC-001720,TXN-202410-0234,2024-10-23,Soluciones Elías S.A.,8765328315307,425.23,63.79,489.02,Datafast,MASTERCARD,PAGADA,E-commerce
FAC-001721,TXN-202410-0235,2024-10-26,Valencia y Roig S.L.U.,1279190487860,106.45,15.97,122.42,Datafast,VISA,PAGADA,E-commerce
FAC-001722,TXN-202410-0236,2024-10-02,Restauración Barrio S.C.P,1950833451298,61.01,9.15,70.16,Datafast,MASTERCARD,PAGADA,E-commerce
FAC-001723,TXN-202410-0237,2024-10-31,Comercializadora Cantero & Asociados S.Coop.,2994541833788,45.17,6.78,51.95,Datafast,MASTERCARD,PAGADA,E-commerce
FAC-001724,TXN-202410-0238,2024-10-23,Anselma Duran Lladó S.Com.,2347425074382,121.01,18.15,139.16,Datafast,VISA,PAGADA,POS
FAC-001725,TXN-202410-0239,2024-10-17,Suministros Oliva & Asociados S.L.,1539500786775,1758.13,263.72,2021.85,PayPhone,MASTERCARD,PAGADA,E-commerce
FAC-001726,TXN-202410-0240,2024-10-31,Julia Viñas Roura S.L.,5200535760367,45.01,6.75,51.76,Datafast,VISA,PAGADA,E-commerce
FAC-001727,TXN-202410-0241,2024-10-20,Soluciones Española S.L.,3636142474151,156.9,23.53,180.43,Datafast,MASTERCARD,PAGADA,E-commerce
FAC-001728,TXN-202410-0242,2024-10-26,Inversiones Caparrós S.Coop.,6532956614824,251.27,37.69,288.96,Datafast,VISA,PAGADA,Ventas
FAC-001729,TXN-202410-0243,2024-10-26,Alimentación HCAX S.A.,9336485178275,67.54,10.13,77.67,Datafast,AMEX,PAGADA,E-commerce
FAC-001730,TXN-202410-0244,2024-10-03,Hermanos Cáceres S.Com.,7373061460174,23.63,3.54,27.17,Datafast,VISA,PAGADA,E-commerce
FAC-001731,TXN-202410-0245,2024-10-15,Logística RXW S.L.N.E,2196400092568,50.7,7.6,58.3,Medianet,VISA,PAGADA,Ventas
FAC-001732,TXN-202410-0246,2024-10-30,Desarrollo Globales S.L.,3559627838777,231.01,34.65,265.66,PayPhone,DINERS,PAGADA,Ventas
FAC-001733,TXN-202410-0247,2024-10-10,Infraestructuras Ripoll & Asociados S.Coop.,5854023471451,28.05,4.21,32.26,PayPhone,DINERS,PAGADA,POS
FAC-001734,TXN-202410-0248,2024-10-17,Infraestructuras Peñas & Asociados S.L.,3474028265652,230.57,34.58,265.15,Datafast,MASTERCARD,PAGADA,Ventas
FAC-001735,TXN-202410-0249,2024-10-09,Consultoría del Levante S.L.N.E,8236756275454,254.35,38.15,292.5,PayPhone,VISA,PAGADA,POS
FAC-001736,TXN-202410-0250,2024-10-23,Zurita y Girón S.Com.,1134989397595,55.9,8.39,64.29,Datafast,DINERS,PAGADA,POS
FAC-001737,TXN-202410-0251,2024-10-13,Artigas y Álamo S.Coop.,5236422094705,14.67,2.2,16.87,Datafast,AMEX,PAGADA,Ventas
FAC-001738,TXN-202410-0252,2024-10-15,Solano y asociados S.A.,4247658390187,197.0,29.55,226.55,Datafast,AMEX,PAGADA,E-commerce
FAC-001739,TXN-202410-0253,2024-10-04,Rodríguez y asociados S.A.,5992704388528,16.1,2.42,18.52,Medianet,AMEX,PAGADA,Ventas
FAC-001740,TXN-202410-0254,2024-10-20,Millán y Sans S.L.N.E,6715834430299,25.04,3.76,28.8,Medianet,VISA,PAGADA,POS
FAC-001741,TXN-202410-0255,2024-10-18,Soluciones Burgos S.Com.,9873854424029,33.99,5.1,39.09,Datafast,MASTERCARD,PAGADA,E-commerce
FAC-001742,TXN-202410-0256,2024-10-20,Hnos Nogueira S.L.,4380468869890,41.41,6.21,47.62,PayPhone,VISA,PAGADA,POS
FAC-001743,TXN-202410-0257,2024-10-07,Hnos Quesada S.L.,7976342724771,426.96,64.04,491.0,Datafast,AMEX,PAGADA,Ventas
FAC-001744,TXN-202410-0258,2024-10-09,Promociones APBF S.L.L.,2457873781561,224.03,33.6,257.63,Datafast,VISA,PAGADA,POS
FAC-001745,TXN-202410-0259,2024-10-28,Carlos Figuerola Feijoo S.Coop.,6121736713873,9.68,1.45,11.13,Datafast,VISA,PAGADA,Ventas
FAC-001746,TXN-202410-0260,2024-10-06,Ugarte y asociados S.L.,1840319166616,62.59,9.39,71.98,Datafast,VISA,PAGADA,POS
FAC-001747,TXN-202410-0261,2024-10-06,Hnos Almeida S.A.T.,3146988967621,53.47,8.02,61.49,Datafast,AMEX,PAGADA,Ventas
FAC-001748,TXN-202410-0262,2024-10-06,Soluciones NX S.Coop.,7422479224768,49.27,7.39,56.66,Datafast,VISA,PAGADA,Ventas
FAC-001749,TXN-202410-0263,2024-10-18,Cuevas & Asociados S.A.U,6470716714895,370.15,55.52,425.67,Datafast,AMEX,PAGADA,E-commerce
FAC-001750,TXN-202410-0264,2024-10-22,Inmobiliaria Bárcena S.L.N.E,6892578523529,122.38,18.36,140.74,Datafast,MASTERCARD,PAGADA,POS
FAC-001751,TXN-202410-0265,2024-10-15,Flora Izaguirre Torres S.Com.,7400934137345,14.17,2.12,16.29,Medianet,MASTERCARD,PAGADA,Ventas
FAC-001752,TXN-202410-0266,2024-10-09,Infraestructuras Calleja y asociados S.Com.,4424711558221,315.7,47.36,363.06,Datafast,VISA,PAGADA,POS
FAC-001753,TXN-202410-0267,2024-10-21,Haro y asociados S.L.,8119517190706,2298.41,344.76,2643.17,Medianet,DINERS,PAGADA,E-commerce
FAC-001754,TXN-202410-0268,2024-10-07,Hnos Abascal S.Com.,6876931316453,52.98,7.95,60.93,Medianet,MASTERCARD,PAGADA,Ventas
FAC-001755,TXN-202410-0269,2024-10-07,Macias y Fernandez S.Coop.,8033642550353,148.5,22.28,170.78,Medianet,MASTERCARD,PAGADA,E-commerce
FAC-001756,TXN-202410-0270,2024-10-01,Pastor & Asociados S.Coop.,4121012546759,57.42,8.61,66.03,PayPhone,MASTERCARD,PAGADA,E-commerce
FAC-001757,TXN-202410-0271,2024-10-21,Hernandez y Girón S.Com.,1849995977031,324.97,48.74,373.71,PayPhone,MASTERCARD,PAGADA,Ventas
FAC-001758,TXN-202410-0272,2024-10-25,Roda y Martin S.L.N.E,9970568258320,225.1,33.76,258.86,Datafast,VISA,PAGADA,POS
FAC-001759,TXN-202410-0273,2024-10-20,Consultoría Cisneros & Asociados S.Coop.,1843545636798,15.89,2.38,18.27,Datafast,VISA,PAGADA,POS
FAC-001760,TXN-202410-0274,2024-10-14,Suministros del Noroeste S.Com.,7536863644498,321.03,48.16,369.19,Medianet,VISA,PAGADA,POS
FAC-001761,TXN-202410-0275,2024-10-03,Transportes LRMK S.L.N.E,2406326739206,2297.82,344.67,2642.49,Datafast,MASTERCARD,PAGADA,Ventas
FAC-001762,TXN-202410-0276,2024-10-24,Talleres Sainz & Asociados S.Coop.,1242942992119,660.17,99.02,759.19,Datafast,VISA,PAGADA,E-commerce
FAC-001763,TXN-202410-0277,2024-10-02,Promociones Integrales S.L.,3247435069782,42.25,6.34,48.59,PayPhone,VISA,PAGADA,Ventas
FAC-001764,TXN-202410-0278,2024-10-13,Alimentación del Mediterráneo S.C.P,1799387211203,34.0,5.1,39.1,Datafast,VISA,PAGADA,Ventas
FAC-001765,TXN-202410-0279,2024-10-30,Minería Agustí y asociados S.Com.,7529983990150,67.45,10.12,77.57,Datafast,VISA,PAGADA,Ventas
FAC-001766,TXN-202410-0280,2024-10-01,Ayuso y Bueno S.A.,9559547616806,340.24,51.04,391.28,Datafast,AMEX,PAGADA,POS
FAC-001767,TXN-202410-0281,2024-10-10,Grupo Lobo S.L.,7503040054680,47.3,7.1,54.4,Medianet,MASTERCARD,PAGADA,Ventas
FAC-001768,TXN-202410-0282,2024-10-01,Corral y Alvarado S.A.,2031433605743,505.82,75.87,581.69,Medianet,VISA,PAGADA,POS
FAC-001769,TXN-202410-0283,2024-10-11,Madrigal & Asociados S.L.,3311154959929,52.69,7.9,60.59,Medianet,AMEX,PAGADA,POS
FAC-001770,TXN-202410-0284,2024-10-13,Talleres Moles & Asociados S.A.T.,2079196909136,40.59,6.09,46.68,Datafast,MASTERCARD,PAGADA,Ventas
FAC-001771,TXN-202410-0285,2024-10-14,Julio Cerro Guardiola S.L.,4717659205948,65.13,9.77,74.9,Medianet,VISA,PAGADA,Ventas
FAC-001772,TXN-202410-0286,2024-10-11,Instalaciones UZKG S.L.N.E,9136090168011,216.79,32.52,249.31,PayPhone,VISA,PAGADA,Ventas
FAC-001773,TXN-202410-0287,2024-10-04,Familia Solera S.L.,5336096439453,115.7,17.36,133.06,Datafast,VISA,PAGADA,E-commerce
FAC-001774,TXN-202410-0288,2024-10-27,Chico y Alsina S.L.N.E,9349732009601,404.35,60.65,465.0,Medianet,VISA,PAGADA,E-commerce
FAC-001775,TXN-202410-0289,2024-10-01,Logística Bayón y asociados S.Coop.,5735305325624,6.02,0.9,6.92,Datafast,VISA,PAGADA,Ventas
FAC-001776,TXN-202410-0290,2024-10-03,Julia Briones Pozuelo S.C.P,9688880497046,268.12,40.22,308.34,Medianet,VISA,PAGADA,Ventas
FAC-001777,TXN-202410-0291,2024-10-21,Soluciones Perales S.C.P,4585551693240,33.94,5.09,39.03,Datafast,MASTERCARD,PAGADA,E-commerce
FAC-001778,TXN-202410-0292,2024-10-27,Ribes y asociados S.A.,5274119353910,16.99,2.55,19.54,Datafast,MASTERCARD,PAGADA,Ventas
FAC-001779,TXN-202410-0293,2024-10-02,Farmaceútica Céspedes y asociados S.C.P,4089166770952,21.34,3.2,24.54,Medianet,AMEX,PAGADA,Ventas
FAC-001780,TXN-202410-0294,2024-10-28,Servicios Aparicio S.A.,1985868043942,68.57,10.29,78.86,Datafast,VISA,PAGADA,E-commerce
FAC-001781,TXN-202410-0295,2024-10-09,Medina & Asociados S.L.,8500889258578,13.6,2.04,15.64,Datafast,DINERS,PAGADA,POS
FAC-001782,TXN-202410-0296,2024-10-13,Suministros Bejarano S.L.N.E,3598037037731,59.02,8.85,67.87,Datafast,VISA,PAGADA,POS
FAC-001783,TXN-202410-0297,2024-10-03,Comercializadora Canales S.L.,2905886948530,66.9,10.04,76.94,Datafast,VISA,PAGADA,E-commerce
FAC-001784,TXN-202410-0298,2024-10-26,Farmaceútica Barberá S.Com.,6848781340951,63.58,9.54,73.12,Medianet,VISA,PAGADA,Ventas
FAC-001785,TXN-202410-0299,2024-10-20,Fernández y Herrera S.A.,4505018136170,41.35,6.2,47.55,Datafast,VISA,PAGADA,E-commerce
FAC-001786,TXN-202410-0300,2024-10-20,Ferrer y asociados S.Coop.,1004854123481,69.23,10.39,79.62,Datafast,VISA,PAGADA,Ventas
FAC-001787,TXN-202410-0301,2024-10-20,Mínguez y Aramburu S.Com.,1194525539625,12.28,1.84,14.12,Datafast,MASTERCARD,PAGADA,E-commerce
FAC-001788,TXN-202410-0302,2024-10-12,Salvà & Asociados S.Coop.,5661441298701,148.57,22.28,170.85,Medianet,MASTERCARD,PAGADA,Ventas
FAC-001789,TXN-202410-0303,2024-10-23,Hermanos Garzón S.L.N.E,1793215294176,9.79,1.47,11.26,PayPhone,VISA,PAGADA,Ventas
FAC-001790,TXN-202410-0304,2024-10-18,Hnos Rius S.A.,2411483240965,1192.5,178.88,1371.38,Datafast,VISA,PAGADA,POS
FAC-001791,TXN-202410-0305,2024-10-13,Construcción WP S.L.,2761216694810,37.78,5.67,43.45,Datafast,MASTERCARD,PAGADA,POS
FAC-001792,TXN-202410-0306,2024-10-31,Alvarado y asociados S.C.P,1011233016796,331.57,49.74,381.31,Datafast,VISA,PAGADA,Ventas
FAC-001793,TXN-202410-0307,2024-10-07,Sainz y Nogués S.C.P,5356732383684,130.06,19.51,149.57,Datafast,MASTERCARD,PAGADA,Ventas
FAC-001794,TXN-202410-0308,2024-10-27,Fábrica Española S.A.,2243446228074,53.07,7.96,61.03,Datafast,AMEX,PAGADA,Ventas
FAC-001795,TXN-202410-0309,2024-10-12,Granados y Bernad S.L.N.E,9490538905950,41.34,6.2,47.54,Medianet,MASTERCARD,PAGADA,POS
FAC-001796,TXN-202410-0310,2024-10-09,Hilda Torralba Cerezo S.Com.,8842816836257,419.48,62.92,482.4,PayPhone,VISA,PAGADA,E-commerce
FAC-001797,TXN-202410-0311,2024-10-17,Construcción Sáenz y asociados S.Com.,7221087274105,416.66,62.5,479.16,Datafast,MASTERCARD,PAGADA,Ventas
FAC-001798,TXN-202410-0312,2024-10-06,Amor & Asociados S.L.U.,8415798155518,226.38,33.96,260.34,Datafast,VISA,PAGADA,Ventas
FAC-001799,TXN-202410-0313,2024-10-11,Comercial Barco y asociados S.Coop.,4995529643522,13.81,2.07,15.88,Datafast,VISA,PAGADA,Ventas
FAC-001800,TXN-202410-0314,2024-10-19,Fábrica YSN S.L.L.,2273284248729,147.63,22.15,169.78,Datafast,MASTERCARD,PAGADA,E-commerce
FAC-001801,TXN-202410-0315,2024-10-17,Paca Moles Vizcaíno S.A.,7802029172651,43.6,6.54,50.14,PayPhone,MASTERCARD,PAGADA,Ventas
FAC-001802,TXN-202410-0316,2024-10-28,Transportes WMU S.L.N.E,9334204578131,392.18,58.83,451.01,Datafast,VISA,PAGADA,E-commerce
FAC-001803,TXN-202410-0317,2024-10-11,Minería KLY S.Com.,4756253030241,53.67,8.05,61.72,Datafast,AMEX,PAGADA,POS
FAC-001804,TXN-202410-0318,2024-10-09,Elisa Benavente Velasco S.L.,3800113146442,7.4,1.11,8.51,Datafast,VISA,PAGADA,E-commerce
FAC-001805,TXN-202410-0319,2024-10-08,Hermanos Clemente S.L.N.E,2043778055922,285.47,42.82,328.29,Datafast,VISA,PAGADA,E-commerce
FAC-001806,TXN-202410-0320,2024-10-01,Restauración Iriarte y asociados S.A.D,7170260497697,279.84,41.98,321.82,Datafast,VISA,PAGADA,E-commerce
FAC-001807,TXN-202410-0321,2024-10-30,Familia Barragán S.Coop.,8898725696411,62.77,9.42,72.19,Datafast,AMEX,PAGADA,E-commerce
FAC-001808,TXN-202410-0322,2024-10-26,Tecnologías Nuñez & Asociados S.Coop.,3750764996727,10.55,1.58,12.13,Datafast,MASTERCARD,PAGADA,Ventas
FAC-001809,TXN-202410-0323,2024-10-18,Supermercados Almeida y asociados S.Com.,6133968007119,215.77,32.37,248.14,Medianet,VISA,PAGADA,E-commerce
FAC-001810,TXN-202410-0324,2024-10-16,Manufacturas Varela y asociados S.Coop.,4675052201127,68.52,10.28,78.8,Datafast,VISA,PAGADA,Ventas
FAC-001811,TXN-202410-0325,2024-10-01,Comercial Ibéricos S.Com.,1142259332381,44.65,6.7,51.35,PayPhone,VISA,PAGADA,POS
FAC-001812,TXN-202410-0326,2024-10-23,Banca Privada Inteligentes S.A.,4833161669744,25.4,3.81,29.21,Datafast,VISA,PAGADA,POS
FAC-001813,TXN-202410-0327,2024-10-12,Talleres Garmendia & Asociados S.L.,6297071198951,63.19,9.48,72.67,Datafast,VISA,PAGADA,E-commerce
FAC-001814,TXN-202410-0328,2024-10-26,Manufacturas Samper S.L.,2415787239037,164.41,24.66,189.07,PayPhone,DINERS,PAGADA,E-commerce
FAC-001815,TXN-202410-0329,2024-10-20,Cabanillas y Delgado S.L.,2555860264236,25.83,3.87,29.7,Datafast,DINERS,PAGADA,Ventas
FAC-001816,TXN-202410-0330,2024-10-05,Banca Privada Nicolau y asociados S.A.U,3245884693714,34.39,5.16,39.55,Datafast,VISA,PAGADA,Ventas
FAC-001817,TXN-202410-0331,2024-10-14,Logística UB S.L.N.E,6987508057117,422.3,63.35,485.65,PayPhone,MASTERCARD,PAGADA,Ventas
FAC-001818,TXN-202410-0332,2024-10-22,Hnos Tello S.Com.,7744400274894,42.03,6.31,48.34,Datafast,VISA,PAGADA,E-commerce
FAC-001819,TXN-202410-0333,2024-10-09,Banco Román S.Coop.,3144379366604,152.04,22.81,174.85,PayPhone,VISA,PAGADA,Ventas
FAC-001820,TXN-202410-0334,2024-10-21,Alimentación LO S.Com.,4986711881618,158.09,23.71,181.8,Medianet,VISA,PAGADA,Ventas
FAC-001821,TXN-202410-0335,2024-10-07,Hnos Martí S.Coop.,3177347749678,36.61,5.49,42.1,PayPhone,MASTERCARD,PAGADA,Ventas
FAC-001822,TXN-202410-0336,2024-10-11,Inmobiliaria Maza S.L.U.,4752733188156,36.15,5.42,41.57,Medianet,VISA,PAGADA,E-commerce
FAC-001823,TXN-202410-0337,2024-10-31,Servicios Martín S.A.,7354135455797,24.78,3.72,28.5,PayPhone,MASTERCARD,PAGADA,POS
FAC-001824,TXN-202410-0338,2024-10-05,Bauzà y asociados S.Coop.,9107907704553,108.16,16.22,124.38,Medianet,MASTERCARD,PAGADA,POS
FAC-001825,TXN-202410-0339,2024-10-07,Manzanares y Gabaldón S.A.,1301731412725,44.82,6.72,51.54,PayPhone,VISA,PAGADA,Ventas
FAC-001826,TXN-202410-0340,2024-10-28,Farmaceútica Internacionales S.Coop.,8521298567240,24.38,3.66,28.04,Datafast,VISA,PAGADA,E-commerce
FAC-001827,TXN-202410-0341,2024-10-08,Supermercados Bou S.Coop.,5655251774856,341.66,51.25,392.91,Medianet,VISA,PAGADA,Ventas
FAC-001828,TXN-202410-0342,2024-10-15,Instalaciones Oliva & Asociados S.Coop.,5126424374282,47.51,7.13,54.64,PayPhone,VISA,PAGADA,POS
FAC-001829,TXN-202410-0343,2024-10-05,Distribuciones IZTJ S.L.,2902204106496,32.49,4.87,37.36,Datafast,DINERS,PAGADA,E-commerce
FAC-001830,TXN-202410-0344,2024-10-04,Banca Privada Pont y asociados S.A.,1572652014876,22.12,3.32,25.44,Medianet,MASTERCARD,PAGADA,POS
FAC-001831,TXN-202410-0345,2024-10-13,Hnos Pacheco S.L.,1696737250093,23.52,3.53,27.05,Medianet,MASTERCARD,PAGADA,Ventas
FAC-001832,TXN-202410-0346,2024-10-22,Pujol y Piñeiro S.Com.,3019569320506,32.63,4.89,37.52,Medianet,MASTERCARD,PAGADA,E-commerce
FAC-001833,TXN-202410-0347,2024-10-02,Hermanos Bayo S.Coop.,5406961588445,7.82,1.17,8.99,Medianet,DINERS,PAGADA,POS
FAC-001834,TXN-202410-0348,2024-10-20,Distribuciones Recio S.Com.,2636494110020,19.11,2.87,21.98,Datafast,VISA,PAGADA,E-commerce
FAC-001835,TXN-202410-0349,2024-10-29,Desarrollo Velázquez S.Com.,7896760406232,52.21,7.83,60.04,Medianet,VISA,PAGADA,Ventas
FAC-001836,TXN-202410-0350,2024-10-10,Infraestructuras Bermúdez S.Com.,2251751967929,196.53,29.48,226.01,Datafast,VISA,PAGADA,POS
FAC-001837,TXN-202410-0351,2024-10-23,Rosselló y asociados S.Coop.,6205865314342,37.17,5.57,42.74,Medianet,MASTERCARD,PAGADA,Ventas
FAC-001838,TXN-202410-0352,2024-10-11,Tirado & Asociados S.L.,3207043107722,953.52,143.03,1096.55,Datafast,VISA,PAGADA,E-commerce
FAC-001839,TXN-202410-0353,2024-10-01,Inmobiliaria Castillo & Asociados S.Com.,2887499589367,121.37,18.2,139.57,Datafast,VISA,PAGADA,POS
FAC-001840,TXN-202410-0354,2024-10-03,Menéndez y asociados S.Coop.,4728601767873,21.56,3.23,24.79,Datafast,VISA,PAGADA,POS
FAC-001841,TXN-202410-0355,2024-10-19,Comercial IUS S.Com.,7480111305292,423.66,63.55,487.21,Medianet,AMEX,PAGADA,E-commerce
FAC-001842,TXN-202410-0356,2024-10-19,Valentín y Vizcaíno S.A.,3683522377504,57.76,8.66,66.42,Datafast,VISA,PAGADA,Ventas
FAC-001843,TXN-202410-0357,2024-10-05,Manufacturas Hervás y asociados S.Coop.,4680632448968,15.26,2.29,17.55,PayPhone,AMEX,PAGADA,POS
FAC-001844,TXN-202410-0358,2024-10-12,Garay & Asociados S.L.N.E,4260412616554,36.35,5.45,41.8,Datafast,AMEX,PAGADA,POS
FAC-001845,TXN-202410-0359,2024-10-12,Luisa Vara Campo S.Com.,2679339970214,5.23,0.79,6.02,Datafast,VISA,PAGADA,Ventas
FAC-001846,TXN-202410-0360,2024-10-29,Isidro Planas Tamayo S.A.,9561690476102,382.54,57.38,439.92,Medianet,AMEX,PAGADA,E-commerce
FAC-001847,TXN-202410-0361,2024-10-05,Giner y Cordero S.L.U.,8865441904377,46.08,6.91,52.99,Datafast,VISA,PAGADA,E-commerce
FAC-001848,TXN-202410-0362,2024-10-08,Gordillo y Carrión S.A.U,1429670503562,36.82,5.52,42.34,PayPhone,MASTERCARD,PAGADA,POS
FAC-001849,TXN-202410-0363,2024-10-07,Teófilo Gutierrez Torre S.A.,4072464560485,52.9,7.93,60.83,Medianet,DINERS,PAGADA,Ventas
FAC-001850,TXN-202410-0364,2024-10-29,Noelia Arellano Ortega S.Coop.,2119906563226,317.48,47.62,365.1,Medianet,DINERS,PAGADA,Ventas
FAC-001851,TXN-202410-0365,2024-10-12,José Perera Escribano S.L.L.,7291117851259,63.71,9.56,73.27,PayPhone,AMEX,PAGADA,Ventas
FAC-001852,TXN-202410-0366,2024-10-02,Fortunato Echevarría Alfaro S.Coop.,3172916942229,1107.23,166.08,1273.31,Datafast,VISA,PAGADA,POS
FAC-001853,TXN-202410-0367,2024-10-15,Inmobiliaria EJML S.Com.,2853841875761,227.87,34.18,262.05,Medianet,VISA,PAGADA,E-commerce
FAC-001854,TXN-202410-0368,2024-10-16,Benavente y Ripoll S.Com.,7265722458836,67.57,10.14,77.71,PayPhone,MASTERCARD,PAGADA,E-commerce
FAC-001855,TXN-202410-0369,2024-10-18,Infraestructuras Redondo S.Com.,6507983340833,23.24,3.49,26.73,Datafast,MASTERCARD,PAGADA,Ventas
FAC-001856,TXN-202410-0370,2024-10-15,Consultoría Goicoechea y asociados S.L.L.,7083615926686,23.57,3.53,27.1,Datafast,VISA,PAGADA,Ventas
FAC-001857,TXN-202410-0371,2024-10-01,Inversiones Inteligentes S.L.,5880807956530,36.2,5.43,41.63,Datafast,AMEX,PAGADA,Ventas
FAC-001858,TXN-202410-0372,2024-10-29,Celestina Hervia Carbó S.L.L.,1302275093604,13.33,2.0,15.33,Datafast,AMEX,PAGADA,Ventas
FAC-001859,TXN-202410-0373,2024-10-31,Instalaciones Iberia S.L.,7009280337142,1653.8,248.07,1901.87,Medianet,MASTERCARD,PAGADA,Ventas
FAC-001860,TXN-202410-0374,2024-10-30,Logística Internacionales S.C.P,9713747279392,227.36,34.1,261.46,Medianet,VISA,PAGADA,POS
FAC-001861,TXN-202410-0375,2024-10-22,Adriana Carbó Pelayo S.L.U.,9026894954276,975.5,146.32,1121.82,Datafast,VISA,PAGADA,Ventas
FAC-001862,TXN-202410-0376,2024-10-30,Desarrollo VH S.L.,2693369832407,2376.16,356.42,2732.58,Datafast,VISA,PAGADA,Ventas
FAC-001863,TXN-202410-0377,2024-10-26,Hnos Gallo S.Com.,3281959816180,61.47,9.22,70.69,Medianet,VISA,PAGADA,POS
FAC-001864,TXN-202410-0378,2024-10-07,Eleuterio Colomer Tur S.Coop.,8580988040933,31.5,4.72,36.22,Datafast,MASTERCARD,PAGADA,POS
FAC-001865,TXN-202410-0379,2024-10-06,Construcción Globales S.L.N.E,6027244522759,1437.3,215.59,1652.89,Datafast,VISA,PAGADA,E-commerce
FAC-001866,TXN-202410-0380,2024-10-23,Comercializadora Cardona S.L.,4326732722215,38.69,5.8,44.49,Medianet,AMEX,PAGADA,Ventas
FAC-001867,TXN-202410-0381,2024-10-15,Pelayo & Asociados S.Com.,5432501699329,27.44,4.12,31.56,Medianet,MASTERCARD,PAGADA,E-commerce
FAC-001868,TXN-202410-0382,2024-10-25,Ale Ferrán Armas S.L.L.,6645116516086,492.23,73.83,566.06,PayPhone,VISA,PAGADA,Ventas
FAC-001869,TXN-202410-0383,2024-10-19,Rodríguez y asociados S.L.N.E,3249513396605,2144.85,321.73,2466.58,Datafast,VISA,PAGADA,Ventas
FAC-001870,TXN-202410-0384,2024-10-02,Finanzas Lago S.L.,6952966471181,390.16,58.52,448.68,Datafast,MASTERCARD,PAGADA,Ventas
FAC-001871,TXN-202410-0385,2024-10-17,Sanabria y Plaza S.Com.,3720723919184,54.1,8.12,62.22,Datafast,MASTERCARD,PAGADA,E-commerce
FAC-001872,TXN-202410-0386,2024-10-04,Grupo Santiago S.L.L.,6155063698516,68.66,10.3,78.96,PayPhone,VISA,PAGADA,Ventas
FAC-001873,TXN-202410-0387,2024-10-28,Soluciones CEU S.Coop.,6865599919669,321.78,48.27,370.05,Medianet,AMEX,PAGADA,Ventas
FAC-001874,TXN-202410-0388,2024-10-23,Familia Fabregat S.L.N.E,6660223644995,51.1,7.67,58.77,Datafast,MASTERCARD,PAGADA,POS
FAC-001875,TXN-202410-0389,2024-10-29,Inmobiliaria MQ S.C.P,9714370434249,731.31,109.7,841.01,Medianet,MASTERCARD,PAGADA,POS
FAC-001876,TXN-202410-0390,2024-10-30,Tirado & Asociados S.L.U.,2362631777442,332.21,49.83,382.04,Medianet,VISA,PAGADA,POS
FAC-001877,TXN-202410-0391,2024-10-05,Mohamed Tudela Higueras S.A.,3321242197381,8.73,1.31,10.04,PayPhone,MASTERCARD,PAGADA,POS
FAC-001878,TXN-202410-0392,2024-10-01,Ramírez y Santos S.A.,9590347317510,11.1,1.67,12.77,PayPhone,MASTERCARD,PAGADA,E-commerce
FAC-001879,TXN-202410-0393,2024-10-06,Transportes KY S.Com.,9429583850833,30.73,4.61,35.34,Datafast,VISA,PAGADA,E-commerce
FAC-001880,TXN-202410-0394,2024-10-28,Compañía Zamora & Asociados S.Com.,3171045351356,318.39,47.76,366.15,PayPhone,MASTERCARD,PAGADA,Ventas
FAC-001881,TXN-202410-0395,2024-10-27,Seguí & Asociados S.A.T.,3543171916335,137.06,20.56,157.62,Medianet,VISA,PAGADA,Ventas
FAC-001882,TXN-202410-0396,2024-10-16,Instalaciones ZCPG S.L.N.E,4371543382541,269.23,40.38,309.61,Medianet,VISA,PAGADA,POS
FAC-001883,TXN-202410-0397,2024-10-22,Promociones EEM S.L.N.E,7268922068299,1506.44,225.97,1732.41,Datafast,MASTERCARD,PAGADA,E-commerce
FAC-001884,TXN-202410-0398,2024-10-14,Leoncio Palmer Calatayud S.L.N.E,4258028457186,31.54,4.73,36.27,Datafast,MASTERCARD,PAGADA,E-commerce
FAC-001885,TXN-202410-0399,2024-10-10,Transportes Falcó & Asociados S.Coop.,8319816254993,73.59,11.04,84.63,Datafast,VISA,PAGADA,POS
FAC-001886,TXN-202410-0400,2024-10-30,Comercial Nevado S.L.N.E,2345365133861,85.14,12.77,97.91,Medianet,AMEX,PAGADA,POS
FAC-001887,TXN-202410-0401,2024-10-06,Construcción Ibáñez & Asociados S.Com.,3867461616054,170.7,25.6,196.3,PayPhone,VISA,PAGADA,Ventas
FAC-001888,TXN-202410-0402,2024-10-17,Minería Bayona S.L.,4037073671274,63.21,9.48,72.69,Medianet,AMEX,PAGADA,POS
FAC-001889,TXN-202410-0403,2024-10-19,Comercializadora Internacionales S.C.P,7106953121789,47.13,7.07,54.2,Medianet,VISA,PAGADA,E-commerce
FAC-001890,TXN-202410-0404,2024-10-22,Quirós & Asociados S.A.,4806972967204,55.54,8.33,63.87,Datafast,AMEX,PAGADA,Ventas
FAC-001891,TXN-202410-0405,2024-10-31,Valenzuela y Cepeda S.Com.,2186293191678,246.23,36.94,283.17,PayPhone,VISA,PAGADA,E-commerce
FAC-001892,TXN-202410-0406,2024-10-22,Saavedra y asociados S.Coop.,9075864740192,254.72,38.21,292.93,Medianet,VISA,PAGADA,Ventas
FAC-001893,TXN-202410-0407,2024-10-19,Transportes YXGC S.L.,9155317550461,281.65,42.25,323.9,Datafast,MASTERCARD,PAGADA,E-commerce
FAC-001894,TXN-202410-0408,2024-10-08,Inmobiliaria Española S.L.,6514384039726,52.15,7.82,59.97,PayPhone,VISA,PAGADA,E-commerce
FAC-001895,TXN-202410-0409,2024-10-08,Compañía VOSK S.A.,7154576909414,187.77,28.17,215.94,Medianet,VISA,PAGADA,POS
FAC-001896,TXN-202410-0410,2024-10-13,Construcción Cabanillas & Asociados S.A.,2650956360385,335.5,50.33,385.83,Medianet,VISA,PAGADA,POS
FAC-001897,TXN-202410-0411,2024-10-24,Cirino Alcalde Arjona S.Coop.,9252882313299,6.79,1.02,7.81,PayPhone,VISA,PAGADA,Ventas
FAC-001898,TXN-202410-0412,2024-10-06,Inmobiliaria Moreno y asociados S.L.U.,6478343585991,80.32,12.05,92.37,Datafast,VISA,PAGADA,POS
FAC-001899,TXN-202410-0413,2024-10-18,Vives y Moreno S.A.,8777638586922,45.91,6.89,52.8,Datafast,VISA,PAGADA,POS
FAC-001900,TXN-202410-0414,2024-10-24,Construcción del Levante S.A.,5243763662871,151.92,22.79,174.71,Datafast,VISA,PAGADA,Ventas
FAC-001901,TXN-202410-0415,2024-10-01,Promociones Ibéricos S.L.L.,1971653595539,100.98,15.15,116.13,Datafast,MASTERCARD,PAGADA,E-commerce
FAC-001902,TXN-202410-0416,2024-10-01,Fábrica Melero S.Com.,4450698958294,13.51,2.03,15.54,PayPhone,VISA,PAGADA,E-commerce
FAC-001903,TXN-202410-0417,2024-10-22,Aguirre y asociados S.Com.,7863099728554,194.0,29.1,223.1,Medianet,MASTERCARD,PAGADA,Ventas
FAC-001904,TXN-202410-0418,2024-10-07,Fábrica SV S.A.,2579394314914,16.75,2.51,19.26,PayPhone,MASTERCARD,PAGADA,Ventas
FAC-001905,TXN-202410-0419,2024-10-28,Banca Privada Solís y asociados S.A.,3015440967624,63.03,9.45,72.48,PayPhone,MASTERCARD,PAGADA,POS
FAC-001906,TXN-202410-0420,2024-10-19,Montoya y Ferrán S.A.U,2885740405277,388.76,58.31,447.07,PayPhone,VISA,PAGADA,Ventas
FAC-001907,TXN-202410-0421,2024-10-02,Maxi Palomares Beltran S.Com.,1235476630779,36.87,5.53,42.4,Datafast,MASTERCARD,PAGADA,Ventas
FAC-001908,TXN-202410-0422,2024-10-27,Industrias Ibéricos S.L.L.,8775109065194,175.44,26.32,201.76,Medianet,VISA,PAGADA,E-commerce
FAC-001909,TXN-202410-0423,2024-10-10,Gálvez y Huguet S.A.D,1272346150411,127.22,19.08,146.3,Datafast,VISA,PAGADA,POS
FAC-001910,TXN-202410-0424,2024-10-10,Cabo y asociados S.L.,7308292209251,44.21,6.63,50.84,Medianet,VISA,PAGADA,E-commerce
FAC-001911,TXN-202410-0425,2024-10-30,Alcalá y Ángel S.L.,9939002950114,282.4,42.36,324.76,Medianet,MASTERCARD,PAGADA,Ventas
FAC-001912,TXN-202410-0426,2024-10-29,Consultoría Iberia S.L.N.E,6647299055523,17.43,2.61,20.04,Medianet,VISA,PAGADA,Ventas
FAC-001913,TXN-202410-0427,2024-10-22,Grupo Patiño S.A.,7183904975745,407.09,61.06,468.15,Datafast,MASTERCARD,PAGADA,Ventas
FAC-001914,TXN-202410-0428,2024-10-23,Logística QNAP S.L.,5884426333388,2400.7,360.11,2760.81,Datafast,VISA,PAGADA,POS
FAC-001915,TXN-202410-0429,2024-10-30,Vilaplana & Asociados S.L.N.E,4965190348308,52.57,7.88,60.45,Datafast,VISA,PAGADA,E-commerce
FAC-001916,TXN-202410-0430,2024-10-04,Bravo y Isern S.L.,2741301606449,51.52,7.73,59.25,PayPhone,VISA,PAGADA,Ventas
FAC-001917,TXN-202410-0431,2024-10-26,Mateo y Castillo S.L.,1535934177334,35.5,5.32,40.82,Datafast,VISA,PAGADA,E-commerce
FAC-001918,TXN-202410-0432,2024-10-18,Instalaciones Inteligentes S.L.N.E,9730718218216,365.89,54.88,420.77,Datafast,VISA,PAGADA,POS
FAC-001919,TXN-202410-0433,2024-10-02,Banco Almeida y asociados S.A.,9506392318678,271.35,40.7,312.05,PayPhone,MASTERCARD,PAGADA,Ventas
FAC-001920,TXN-202410-0434,2024-10-05,Familia Artigas S.A.,2410802388369,32.18,4.83,37.01,Medianet,MASTERCARD,PAGADA,POS
FAC-001921,TXN-202410-0435,2024-10-07,Gálvez y Rey S.A.,9770257953564,1234.15,185.12,1419.27,Datafast,AMEX,PAGADA,Ventas
FAC-001922,TXN-202410-0436,2024-10-08,Reyna Serrano Barrera S.Com.,4411935472863,42.74,6.41,49.15,Datafast,VISA,PAGADA,Ventas
FAC-001923,TXN-202410-0437,2024-10-26,Aitor Tena Durán S.A.T.,8596240238492,277.03,41.55,318.58,Medianet,AMEX,PAGADA,E-commerce
FAC-001924,TXN-202410-0438,2024-10-15,Mora y Peral S.Com.,1731759145090,8.04,1.21,9.25,PayPhone,VISA,PAGADA,E-commerce
FAC-001925,TXN-202410-0439,2024-10-10,Jerónimo Antón Vidal S.Coop.,8603957286939,394.77,59.21,453.98,Datafast,VISA,PAGADA,POS
FAC-001926,TXN-202410-0440,2024-10-09,Estrella Gordillo Azorin S.Coop.,5339106733382,9.36,1.4,10.76,Medianet,VISA,PAGADA,Ventas
FAC-001927,TXN-202410-0441,2024-10-28,Desarrollo Ríos S.L.,6665348024966,397.4,59.61,457.01,Datafast,MASTERCARD,PAGADA,Ventas
FAC-001928,TXN-202410-0442,2024-10-28,Infraestructuras SOP S.L.U.,7699238585520,40.31,6.05,46.36,Datafast,VISA,PAGADA,POS
FAC-001929,TXN-202410-0443,2024-10-04,Finanzas Font y asociados S.L.,1901544484792,39.66,5.95,45.61,Datafast,AMEX,PAGADA,Ventas
FAC-001930,TXN-202410-0444,2024-10-03,Servicios Terrón & Asociados S.Coop.,1074051870322,1491.76,223.76,1715.52,Datafast,VISA,PAGADA,E-commerce
FAC-001931,TXN-202410-0445,2024-10-18,Hoyos y asociados S.L.,2377599025498,24.23,3.64,27.87,PayPhone,AMEX,PAGADA,POS
FAC-001932,TXN-202410-0446,2024-10-08,Inversiones Quiroga y asociados S.Com.,4091032041037,82.66,12.4,95.06,Datafast,MASTERCARD,PAGADA,Ventas
FAC-001933,TXN-202410-0447,2024-10-27,Costa y Gras S.Com.,2681029729575,481.06,72.16,553.22,Datafast,MASTERCARD,PAGADA,POS
FAC-001934,TXN-202410-0448,2024-10-02,Despacho Rosa S.L.N.E,5512637007963,67.29,10.09,77.38,Datafast,MASTERCARD,PAGADA,POS
FAC-001935,TXN-202410-0449,2024-10-15,Dávila y Canet S.A.T.,3602251766689,29.3,4.39,33.69,PayPhone,VISA,PAGADA,Ventas
FAC-001936,TXN-202410-0450,2024-10-22,Promociones Gallart S.A.U,8821274621334,264.04,39.61,303.65,Datafast,VISA,PAGADA,POS
FAC-001937,TXN-202410-0451,2024-10-25,Hotel ZYYE S.L.,5695829565621,2413.17,361.97,2775.14,Datafast,MASTERCARD,PAGADA,POS
FAC-001938,TXN-202410-0452,2024-10-25,Familia Arnaiz S.A.,8429590994414,285.39,42.81,328.2,PayPhone,AMEX,PAGADA,Ventas
FAC-001939,TXN-202410-0453,2024-10-24,Vicente y asociados S.A.,7353763782564,32.23,4.84,37.07,Datafast,AMEX,PAGADA,Ventas
FAC-001940,TXN-202410-0454,2024-10-30,Comercial AHV S.L.N.E,7558647669557,417.43,62.61,480.04,Medianet,AMEX,PAGADA,E-commerce
FAC-001941,TXN-202410-0455,2024-10-24,Cantón & Asociados S.Com.,7205186506799,31.99,4.8,36.79,Datafast,DINERS,PAGADA,POS
FAC-001942,TXN-202410-0456,2024-10-30,Fabra y Tomas S.L.U.,6245115905925,1450.72,217.61,1668.33,Medianet,VISA,PAGADA,E-commerce
FAC-001943,TXN-202410-0457,2024-10-03,Supermercados Roura y asociados S.Coop.,6287042646979,416.88,62.53,479.41,Datafast,VISA,PAGADA,Ventas
FAC-001944,TXN-202410-0458,2024-10-09,Familia Calderón S.A.,5508046606382,83.66,12.55,96.21,Medianet,VISA,PAGADA,Ventas
FAC-001945,TXN-202410-0459,2024-10-01,Farmaceútica YDD S.L.N.E,7450416275020,351.36,52.7,404.06,Datafast,VISA,PAGADA,E-commerce
FAC-001946,TXN-202410-0460,2024-10-15,Comercial FPBN S.Com.,9192252123802,379.12,56.87,435.99,Datafast,MASTERCARD,PAGADA,E-commerce
FAC-001947,TXN-202410-0461,2024-10-21,Finanzas Barrio S.Com.,8444627635148,27.74,4.16,31.9,Datafast,VISA,PAGADA,Ventas
FAC-001948,TXN-202410-0462,2024-10-20,Construcción Moliner S.L.L.,6949715129545,1035.75,155.36,1191.11,Datafast,VISA,PAGADA,POS
FAC-001949,TXN-202410-0463,2024-10-09,Cuervo y Machado S.L.L.,8193853358499,54.3,8.15,62.45,Datafast,VISA,PAGADA,POS
FAC-001950,TXN-202410-0464,2024-10-20,Ibañez & Asociados S.L.L.,9099169535952,123.22,18.48,141.7,PayPhone,VISA,PAGADA,POS
FAC-001951,TXN-202410-0465,2024-10-28,Castell y Carpio S.Coop.,2787512090181,48.98,7.35,56.33,Datafast,VISA,PAGADA,Ventas
FAC-001952,TXN-202410-0466,2024-10-23,Familia Mendoza S.L.L.,7349731114963,91.77,13.77,105.54,Medianet,VISA,PAGADA,E-commerce
FAC-001953,TXN-202410-0467,2024-10-18,Alimentación Catalá y asociados S.A.,3660989105045,379.78,56.97,436.75,PayPhone,VISA,PAGADA,Ventas
FAC-001954,TXN-202410-0468,2024-10-04,Hermanos Benitez S.A.T.,8761974005975,37.41,5.61,43.02,Datafast,VISA,PAGADA,POS
FAC-001955,TXN-202410-0469,2024-10-22,Promociones HPW S.A.,7634459421042,372.38,55.86,428.24,Datafast,VISA,PAGADA,Ventas
FAC-001956,TXN-202410-0470,2024-10-20,Maribel Valenciano Soria S.Coop.,1284182865490,5.96,0.89,6.85,Datafast,VISA,PAGADA,POS
FAC-001957,TXN-202410-0471,2024-10-10,Mascaró y asociados S.A.,6987255054151,241.47,36.22,277.69,Datafast,VISA,PAGADA,E-commerce
FAC-001958,TXN-202410-0472,2024-10-19,Construcción del Norte S.A.T.,8709375770796,14.13,2.12,16.25,Datafast,VISA,PAGADA,E-commerce
FAC-001959,TXN-202410-0473,2024-10-24,Familia Angulo S.A.,9406169413512,51.03,7.65,58.68,Datafast,VISA,PAGADA,POS
FAC-001960,TXN-202410-0474,2024-10-19,Julio Almagro Dominguez S.A.,7948369559582,1258.35,188.75,1447.1,Medianet,MASTERCARD,PAGADA,POS
FAC-001961,TXN-202410-0475,2024-10-31,Julián & Asociados S.A.,7270699226915,306.67,46.0,352.67,Medianet,VISA,PAGADA,E-commerce
FAC-001962,TXN-202410-0476,2024-10-21,Tecnologías Azorin y asociados S.A.,5994906082761,433.98,65.1,499.08,PayPhone,DINERS,PAGADA,Ventas
FAC-001963,TXN-202410-0477,2024-10-26,Consultoría Corbacho & Asociados S.Coop.,1202351209459,61.64,9.25,70.89,Medianet,MASTERCARD,PAGADA,Ventas
FAC-001964,TXN-202410-0478,2024-10-07,Comercial QX S.L.,5991573494385,25.02,3.75,28.77,Medianet,MASTERCARD,PAGADA,POS
FAC-001965,TXN-202410-0479,2024-10-12,Vila & Asociados S.A.T.,9163375984913,54.41,8.16,62.57,Datafast,VISA,PAGADA,E-commerce
FAC-001966,TXN-202410-0480,2024-10-24,Logística Ibérica S.Com.,7978701881113,20.07,3.01,23.08,Datafast,MASTERCARD,PAGADA,POS
FAC-001967,TXN-202410-0481,2024-10-21,Hnos Dalmau S.Coop.,3979523314324,64.0,9.6,73.6,Datafast,VISA,PAGADA,E-commerce
FAC-001968,TXN-202410-0482,2024-10-27,Castejón & Asociados S.Com.,2070712787963,41.48,6.22,47.7,Medianet,VISA,PAGADA,E-commerce
FAC-001969,TXN-202410-0483,2024-10-22,Inmobiliaria NT S.L.,4187908132208,1900.23,285.03,2185.26,PayPhone,VISA,PAGADA,E-commerce
FAC-001970,TXN-202410-0484,2024-10-14,Minería Morell & Asociados S.L.,2820448435197,12.04,1.81,13.85,Medianet,MASTERCARD,PAGADA,POS
FAC-001971,TXN-202410-0485,2024-10-07,Farmaceútica SKL S.Coop.,7581649571042,61.83,9.28,71.11,Medianet,VISA,PAGADA,Ventas
FAC-001972,TXN-202410-0486,2024-10-18,Grupo Tamarit S.Coop.,9559900284224,21.52,3.23,24.75,PayPhone,VISA,PAGADA,Ventas
FAC-001973,TXN-202410-0487,2024-10-14,Distribuciones Bello & Asociados S.Coop.,2270183137743,6.57,0.99,7.56,PayPhone,MASTERCARD,PAGADA,E-commerce
FAC-001974,TXN-202410-0488,2024-10-30,Heriberto Camino Marqués S.Coop.,4203057925173,60.89,9.13,70.02,Medianet,DINERS,PAGADA,E-commerce
FAC-001975,TXN-202410-0489,2024-10-23,Rosa Pujadas Morera S.Coop.,3835813682201,40.67,6.1,46.77,PayPhone,VISA,PAGADA,Ventas
FAC-001976,TXN-202410-0490,2024-10-20,Acuña & Asociados S.L.L.,9052979685462,285.58,42.84,328.42,Datafast,AMEX,PAGADA,E-commerce
FAC-001977,TXN-202410-0491,2024-10-15,Construcción LFYG S.L.L.,2016700620821,199.2,29.88,229.08,PayPhone,VISA,PAGADA,E-commerce
FAC-001978,TXN-202410-0492,2024-10-23,Banca Privada Hernandez & Asociados S.L.N.E,2640766453629,53.76,8.06,61.82,Medianet,MASTERCARD,PAGADA,E-commerce
FAC-001979,TXN-202410-0493,2024-10-17,Valcárcel & Asociados S.Coop.,2613501134496,369.08,55.36,424.44,Medianet,MASTERCARD,PAGADA,Ventas
FAC-001980,TXN-202410-0494,2024-10-15,Bou & Asociados S.Com.,7995092918489,315.69,47.35,363.04,Datafast,VISA,PAGADA,Ventas
FAC-001981,TXN-202410-0495,2024-10-25,Alimentación Integrales S.L.,8545494972547,171.57,25.74,197.31,Datafast,VISA,PAGADA,E-commerce
FAC-001982,TXN-202410-0496,2024-10-17,Servicios Avanzadas S.L.L.,2804744217563,38.11,5.72,43.83,Datafast,VISA,PAGADA,Ventas
FAC-001983,TXN-202410-0497,2024-10-25,Desarrollo Internacionales S.Coop.,8249046514444,29.4,4.41,33.81,Medianet,DINERS,PAGADA,Ventas
FAC-001984,TXN-202410-0498,2024-10-24,Infraestructuras Torrijos y asociados S.Coop.,6357481452528,2353.01,352.95,2705.96,PayPhone,VISA,PAGADA,E-commerce
FAC-001985,TXN-202410-0499,2024-10-12,Cáceres & Asociados S.A.,7586465089304,184.37,27.66,212.03,Datafast,VISA,PAGADA,Ventas
FAC-001986,TXN-202410-0500,2024-10-06,Guillermo Alonso Galván S.L.,4017842139136,18.93,2.84,21.77,Datafast,VISA,PAGADA,POS
FAC-001987,TXN-202411-0001,2024-11-08,Ceferino Figueroa Pallarès S.L.,9999754839377,108.32,16.25,124.57,PayPhone,VISA,PAGADA,Ventas
FAC-001988,TXN-202411-0002,2024-11-06,Familia Juárez S.A.U,7127154224125,255.35,38.3,293.65,Datafast,VISA,PAGADA,Ventas
FAC-001989,TXN-202411-0003,2024-11-07,Hermanos Soriano S.L.,1038341247223,266.02,39.9,305.92,Medianet,VISA,PAGADA,Ventas
FAC-001990,TXN-202411-0004,2024-11-19,Garrido & Asociados S.L.,6820741975370,22.73,3.41,26.14,Datafast,AMEX,PAGADA,Ventas
FAC-001991,TXN-202411-0005,2024-11-04,Bosch y Palomino S.A.,9606323998877,177.29,26.59,203.88,Medianet,MASTERCARD,PAGADA,Ventas
FAC-001992,TXN-202411-0006,2024-11-09,Ponce & Asociados S.L.,3635210858375,32.54,4.88,37.42,Medianet,AMEX,PAGADA,POS
FAC-001993,TXN-202411-0007,2024-11-12,Minería OOYU S.L.L.,5582632189451,112.1,16.81,128.91,PayPhone,DINERS,PAGADA,POS
FAC-001994,TXN-202411-0008,2024-11-11,Consultoría ERHU S.Com.,1788589981811,14.57,2.18,16.75,Medianet,VISA,PAGADA,E-commerce
FAC-001995,TXN-202411-0009,2024-11-23,Comercial del Levante S.L.L.,8794281783420,96.63,14.49,111.12,Datafast,MASTERCARD,PAGADA,E-commerce
FAC-001996,TXN-202411-0010,2024-11-17,Suministros Neira y asociados S.Com.,6243395534334,50.33,7.55,57.88,PayPhone,VISA,PAGADA,Ventas
FAC-001997,TXN-202411-0011,2024-11-21,Hermanos Lago S.A.,8271972040932,298.22,44.73,342.95,Datafast,MASTERCARD,PAGADA,Ventas
FAC-001998,TXN-202411-0012,2024-11-22,Finanzas Portillo S.Com.,4724300917316,65.86,9.88,75.74,Datafast,VISA,PAGADA,POS
FAC-001999,TXN-202411-0013,2024-11-10,Desarrollo Prieto S.A.,3432430872447,337.48,50.62,388.1,Datafast,VISA,PAGADA,E-commerce
FAC-002000,TXN-202411-0014,2024-11-24,Sosimo Vidal Gordillo S.A.,7439071212579,2298.17,344.72,2642.89,Datafast,AMEX,PAGADA,POS
FAC-002001,TXN-202411-0015,2024-11-06,Bautista Núñez Amorós S.A.,7996910241982,145.73,21.86,167.59,Datafast,VISA,PAGADA,Ventas
FAC-002002,TXN-202411-0016,2024-11-21,Vidal Perea Palomar S.A.,7024495207699,42.43,6.36,48.79,Datafast,VISA,PAGADA,Ventas
FAC-002003,TXN-202411-0017,2024-11-08,Banca Privada Castellana S.L.L.,9015283119778,23.92,3.59,27.51,Datafast,MASTERCARD,PAGADA,POS
FAC-002004,TXN-202411-0018,2024-11-18,Manufacturas Laguna & Asociados S.A.,8351665018005,287.9,43.19,331.09,Medianet,VISA,PAGADA,Ventas
FAC-002005,TXN-202411-0019,2024-11-25,Logística del Sur S.Coop.,4540277601231,2384.39,357.66,2742.05,Datafast,VISA,PAGADA,Ventas
FAC-002006,TXN-202411-0020,2024-11-06,Fábrica IPEJ S.L.,5925751000366,32.05,4.81,36.86,Datafast,VISA,PAGADA,Ventas
FAC-002007,TXN-202411-0021,2024-11-05,Banco ZD S.Coop.,7857439738471,30.31,4.55,34.86,PayPhone,MASTERCARD,PAGADA,Ventas
FAC-002008,TXN-202411-0022,2024-11-01,Hotel Nicolás y asociados S.L.,9884581630212,320.55,48.08,368.63,PayPhone,AMEX,PAGADA,Ventas
FAC-002009,TXN-202411-0023,2024-11-18,Hermanos Verdejo S.L.,8518236372511,218.94,32.84,251.78,Datafast,VISA,PAGADA,Ventas
FAC-002010,TXN-202411-0024,2024-11-13,Marianela Valcárcel Olmedo S.L.,2798031026237,33.17,4.98,38.15,Datafast,VISA,PAGADA,Ventas
FAC-002011,TXN-202411-0025,2024-11-27,Banca Privada Inteligentes S.A.D,1350674825229,193.68,29.05,222.73,PayPhone,VISA,PAGADA,Ventas
FAC-002012,TXN-202411-0026,2024-11-07,Distribuciones XH S.Coop.,3054654763169,130.38,19.56,149.94,Datafast,VISA,PAGADA,POS
FAC-002013,TXN-202411-0027,2024-11-18,Consultoría Farré S.L.,2145590365354,116.76,17.51,134.27,Datafast,DINERS,PAGADA,Ventas
FAC-002014,TXN-202411-0028,2024-11-11,Finanzas CKQE S.Com.,3037246676226,55.24,8.29,63.53,PayPhone,VISA,PAGADA,POS
FAC-002015,TXN-202411-0029,2024-11-12,Distribuciones DI S.Com.,9976174790455,258.98,38.85,297.83,Medianet,MASTERCARD,PAGADA,Ventas
FAC-002016,TXN-202411-0030,2024-11-08,Soluciones Almansa y asociados S.Com.,3124205964254,60.42,9.06,69.48,Datafast,VISA,PAGADA,E-commerce
FAC-002017,TXN-202411-0031,2024-11-24,Baltasar Amor Ferrández S.A.,8778064371960,18.41,2.76,21.17,PayPhone,AMEX,PAGADA,Ventas
FAC-002018,TXN-202411-0032,2024-11-04,Suministros Avanzadas S.L.L.,9834897311601,65.68,9.85,75.53,PayPhone,VISA,PAGADA,Ventas
FAC-002019,TXN-202411-0033,2024-11-08,Consultoría ZQ S.C.P,5465399521154,24.01,3.6,27.61,Datafast,VISA,PAGADA,Ventas
FAC-002020,TXN-202411-0034,2024-11-26,Galan & Asociados S.L.,3340150437908,12.41,1.86,14.27,Medianet,VISA,PAGADA,Ventas
FAC-002021,TXN-202411-0035,2024-11-03,Consultoría Vega S.A.,6380883585583,168.17,25.23,193.4,Medianet,VISA,PAGADA,Ventas
FAC-002022,TXN-202411-0036,2024-11-01,Logística Inteligentes S.Coop.,6445487597997,221.27,33.19,254.46,Datafast,MASTERCARD,PAGADA,E-commerce
FAC-002023,TXN-202411-0037,2024-11-26,Morell & Asociados S.L.L.,4325429043682,52.34,7.85,60.19,PayPhone,MASTERCARD,PAGADA,POS
FAC-002024,TXN-202411-0038,2024-11-17,Logística SJYI S.A.,7156849785078,25.46,3.82,29.28,Datafast,MASTERCARD,PAGADA,E-commerce
FAC-002025,TXN-202411-0039,2024-11-21,Inmobiliaria Coll y asociados S.L.L.,9267253081580,21.58,3.24,24.82,Datafast,VISA,PAGADA,POS
FAC-002026,TXN-202411-0040,2024-11-18,Sarmiento y Gallo S.L.,7967894511932,67.41,10.11,77.52,Datafast,VISA,PAGADA,Ventas
FAC-002027,TXN-202411-0041,2024-11-01,Kike Espejo Arcos S.L.,4667199927523,20.3,3.05,23.35,Datafast,AMEX,PAGADA,E-commerce
FAC-002028,TXN-202411-0042,2024-11-15,Hermanos Donaire S.L.N.E,6610029596351,330.54,49.58,380.12,Medianet,DINERS,PAGADA,Ventas
FAC-002029,TXN-202411-0043,2024-11-16,Lara Franch Hernández S.Coop.,8175705320936,232.85,34.93,267.78,Medianet,VISA,PAGADA,E-commerce
FAC-002030,TXN-202411-0044,2024-11-03,Bauzà y Cervera S.L.L.,1930144641972,45.43,6.81,52.24,Datafast,VISA,PAGADA,Ventas
FAC-002031,TXN-202411-0045,2024-11-03,Navarrete y Asenjo S.Coop.,8241036758069,1724.8,258.72,1983.52,Medianet,VISA,PAGADA,E-commerce
FAC-002032,TXN-202411-0046,2024-11-25,Familia Girona S.L.,3828940117130,59.1,8.87,67.97,Datafast,AMEX,PAGADA,Ventas
FAC-002033,TXN-202411-0047,2024-11-27,Tecnologías Pérez S.A.,4170971846790,52.64,7.9,60.54,Datafast,VISA,PAGADA,Ventas
FAC-002034,TXN-202411-0048,2024-11-09,Galindo y Aroca S.L.U.,8077373169275,387.83,58.17,446.0,Datafast,MASTERCARD,PAGADA,Ventas
FAC-002035,TXN-202411-0049,2024-11-21,Zacarías Sola Saavedra S.L.L.,8827460100697,36.95,5.54,42.49,Datafast,MASTERCARD,PAGADA,Ventas
FAC-002036,TXN-202411-0051,2024-11-01,Suministros Globales S.C.P,7040097018325,12.65,1.9,14.55,PayPhone,VISA,PAGADA,POS
FAC-002037,TXN-202411-0052,2024-11-04,Suministros Iberia S.L.,9066180610853,61.07,9.16,70.23,Medianet,VISA,PAGADA,POS
FAC-002038,TXN-202411-0053,2024-11-05,Perlita Pozuelo Tamayo S.Coop.,6800700102221,261.16,39.17,300.33,PayPhone,VISA,PAGADA,Ventas
FAC-002039,TXN-202411-0054,2024-11-10,Industrias Amador & Asociados S.A.,3168390510118,12.02,1.8,13.82,PayPhone,VISA,PAGADA,Ventas
FAC-002040,TXN-202411-0055,2024-11-12,Instalaciones Lorenzo S.Coop.,1869349106769,44.46,6.67,51.13,PayPhone,MASTERCARD,PAGADA,Ventas
FAC-002041,TXN-202411-0056,2024-11-20,Fábrica VU S.A.,7671014941163,17.68,2.65,20.33,Medianet,VISA,PAGADA,Ventas
FAC-002042,TXN-202411-0057,2024-11-11,Banca Privada del Mediterráneo S.C.P,3282251964295,18.09,2.71,20.8,Datafast,MASTERCARD,PAGADA,POS
FAC-002043,TXN-202411-0058,2024-11-27,Restauración Carballo y asociados S.Com.,7461672117025,38.55,5.78,44.33,Medianet,AMEX,PAGADA,Ventas
FAC-002044,TXN-202411-0059,2024-11-01,Jimena Castellanos Benitez S.Com.,4249655024218,8.72,1.31,10.03,Datafast,VISA,PAGADA,E-commerce
FAC-002045,TXN-202411-0060,2024-11-04,Grupo Coll S.A.,9425480575950,34.25,5.14,39.39,Medianet,VISA,PAGADA,E-commerce
FAC-002046,TXN-202411-0061,2024-11-29,Instalaciones Salazar & Asociados S.Coop.,3142426335231,45.85,6.88,52.73,Medianet,MASTERCARD,PAGADA,POS
FAC-002047,TXN-202411-0062,2024-11-30,Fábrica VD S.Com.,9475487713202,22.88,3.43,26.31,Datafast,VISA,PAGADA,E-commerce
FAC-002048,TXN-202411-0063,2024-11-09,Maite Valentín Navarrete S.A.,1261392031867,216.84,32.53,249.37,Medianet,VISA,PAGADA,Ventas
FAC-002049,TXN-202411-0064,2024-11-24,Distribuciones Baquero S.L.,6474482287807,14.29,2.14,16.43,Medianet,MASTERCARD,PAGADA,POS
FAC-002050,TXN-202411-0065,2024-11-19,Minería Adán & Asociados S.L.,3490049630966,56.32,8.45,64.77,Datafast,VISA,PAGADA,POS
FAC-002051,TXN-202411-0066,2024-11-09,Pelayo y asociados S.A.,6076296029649,285.83,42.88,328.71,Medianet,VISA,PAGADA,E-commerce
FAC-002052,TXN-202411-0067,2024-11-26,Finanzas Castellana S.L.N.E,8610471649545,15.31,2.3,17.61,PayPhone,MASTERCARD,PAGADA,E-commerce
FAC-002053,TXN-202411-0068,2024-11-06,Plácido Agustín Páez S.Coop.,9184465771371,123.07,18.46,141.53,PayPhone,VISA,PAGADA,Ventas
FAC-002054,TXN-202411-0069,2024-11-17,Tejero y asociados S.Coop.,5434278932873,88.63,13.29,101.92,PayPhone,VISA,PAGADA,E-commerce
FAC-002055,TXN-202411-0070,2024-11-08,Servicios Ibéricos S.A.T.,2827665484274,53.91,8.09,62.0,Datafast,VISA,PAGADA,E-commerce
FAC-002056,TXN-202411-0071,2024-11-27,Manufacturas Huertas S.L.,8646454030021,199.22,29.88,229.1,Datafast,MASTERCARD,PAGADA,E-commerce
FAC-002057,TXN-202411-0072,2024-11-06,Campos y Roura S.A.,4836659453882,147.69,22.15,169.84,Datafast,VISA,PAGADA,POS
FAC-002058,TXN-202411-0073,2024-11-16,Guijarro & Asociados S.Coop.,3723453356682,274.26,41.14,315.4,PayPhone,MASTERCARD,PAGADA,Ventas
FAC-002059,TXN-202411-0074,2024-11-12,Rosalva Cantero Iglesia S.L.,2689657549203,228.58,34.29,262.87,Medianet,MASTERCARD,PAGADA,Ventas
FAC-002060,TXN-202411-0075,2024-11-24,Coello y asociados S.Coop.,9998013376191,48.04,7.21,55.25,Datafast,VISA,PAGADA,Ventas
FAC-002061,TXN-202411-0076,2024-11-13,Construcción Cabello & Asociados S.L.L.,5677014111581,2476.97,371.55,2848.52,Datafast,MASTERCARD,PAGADA,E-commerce
FAC-002062,TXN-202411-0077,2024-11-17,Alimentación Internacionales S.L.,9162315394281,33.18,4.98,38.16,Datafast,MASTERCARD,PAGADA,E-commerce
FAC-002063,TXN-202411-0078,2024-11-09,Construcción LGDN S.A.,2458765091639,28.41,4.26,32.67,Datafast,VISA,PAGADA,Ventas
FAC-002064,TXN-202411-0079,2024-11-16,Consultoría KPK S.L.L.,6750579215109,22.28,3.34,25.62,PayPhone,MASTERCARD,PAGADA,Ventas
FAC-002065,TXN-202411-0080,2024-11-19,Arregui & Asociados S.L.N.E,8110094430027,45.13,6.77,51.9,Datafast,MASTERCARD,PAGADA,Ventas
FAC-002066,TXN-202411-0081,2024-11-16,Hermanos Millán S.Com.,7232065694276,1809.22,271.38,2080.6,PayPhone,DINERS,PAGADA,Ventas
FAC-002067,TXN-202411-0082,2024-11-02,Comercial Galán S.Coop.,9038082632676,364.45,54.67,419.12,Datafast,AMEX,PAGADA,Ventas
FAC-002068,TXN-202411-0083,2024-11-28,Promociones EDAN S.L.,3811431075398,52.36,7.85,60.21,Datafast,AMEX,PAGADA,Ventas
FAC-002069,TXN-202411-0084,2024-11-23,Talleres XPR S.C.P,7014142642930,33.26,4.99,38.25,Datafast,AMEX,PAGADA,Ventas
FAC-002070,TXN-202411-0085,2024-11-21,Hnos Corominas S.C.P,5846143838167,59.95,8.99,68.94,Datafast,AMEX,PAGADA,Ventas
FAC-002071,TXN-202411-0086,2024-11-29,Hnos Pont S.L.,4828954058474,398.14,59.72,457.86,Medianet,VISA,PAGADA,Ventas
FAC-002072,TXN-202411-0087,2024-11-01,Sandoval y Lloret S.Coop.,4189475289724,203.33,30.5,233.83,Datafast,DINERS,PAGADA,Ventas
FAC-002073,TXN-202411-0088,2024-11-27,Transportes Ibérica S.Coop.,5297989822455,93.29,13.99,107.28,Datafast,AMEX,PAGADA,E-commerce
FAC-002074,TXN-202411-0089,2024-11-20,Inversiones Riera S.L.,9840421001499,7.25,1.09,8.34,Datafast,VISA,PAGADA,E-commerce
FAC-002075,TXN-202411-0090,2024-11-01,Tecnologías BH S.Com.,6111778545390,377.12,56.57,433.69,Medianet,VISA,PAGADA,E-commerce
FAC-002076,TXN-202411-0091,2024-11-23,Hnos Palomar S.L.N.E,5479866269233,41.4,6.21,47.61,Datafast,VISA,PAGADA,Ventas
FAC-002077,TXN-202411-0092,2024-11-24,Finanzas Española S.L.,8253002553952,10.25,1.54,11.79,Medianet,VISA,PAGADA,E-commerce
FAC-002078,TXN-202411-0093,2024-11-26,Familia Barragán S.A.,9156377312524,2101.57,315.24,2416.81,Datafast,MASTERCARD,PAGADA,POS
FAC-002079,TXN-202411-0094,2024-11-08,Promociones Cardona & Asociados S.Com.,5687013111751,51.58,7.74,59.32,Datafast,VISA,PAGADA,Ventas
FAC-002080,TXN-202411-0095,2024-11-25,Grupo Guillén S.Com.,7233583624921,850.19,127.53,977.72,PayPhone,MASTERCARD,PAGADA,Ventas
FAC-002081,TXN-202411-0096,2024-11-05,Banca Privada Iberia S.L.,5315694438787,134.57,20.19,154.76,Datafast,VISA,PAGADA,Ventas
FAC-002082,TXN-202411-0097,2024-11-06,Sales y Gimenez S.L.N.E,1871359358910,61.97,9.3,71.27,Datafast,VISA,PAGADA,Ventas
FAC-002083,TXN-202411-0098,2024-11-12,Ugarte y Heras S.L.N.E,5448256273964,27.51,4.13,31.64,Datafast,VISA,PAGADA,Ventas
FAC-002084,TXN-202411-0099,2024-11-06,Banca Privada Jerez & Asociados S.Com.,3531612099286,320.49,48.07,368.56,Medianet,MASTERCARD,PAGADA,E-commerce
FAC-002085,TXN-202411-0100,2024-11-23,Infraestructuras Inteligentes S.A.,9487842775153,41.43,6.22,47.65,PayPhone,MASTERCARD,PAGADA,Ventas
FAC-002086,TXN-202411-0101,2024-11-23,Vives y asociados S.L.,6072097506699,145.33,21.8,167.13,Datafast,AMEX,PAGADA,Ventas
FAC-002087,TXN-202411-0102,2024-11-07,Alimentación Coello S.A.,2328568594416,37.83,5.67,43.5,Medianet,MASTERCARD,PAGADA,Ventas
FAC-002088,TXN-202411-0103,2024-11-21,Servicios BNG S.C.P,4693311156854,1558.76,233.81,1792.57,Datafast,VISA,PAGADA,Ventas
FAC-002089,TXN-202411-0104,2024-11-22,Promociones Castellana S.L.,1326218060363,41.11,6.17,47.28,Datafast,VISA,PAGADA,Ventas
FAC-002090,TXN-202411-0105,2024-11-29,Finanzas IEK S.Coop.,3135185229165,27.76,4.16,31.92,PayPhone,VISA,PAGADA,Ventas
FAC-002091,TXN-202411-0106,2024-11-06,Despacho Exposito S.L.,6113073987148,63.23,9.49,72.72,Datafast,VISA,PAGADA,E-commerce
FAC-002092,TXN-202411-0107,2024-11-26,Escamilla y Bosch S.Com.,4754430074577,5.77,0.86,6.63,Datafast,VISA,PAGADA,Ventas
FAC-002093,TXN-202411-0108,2024-11-27,Aguilar y Bartolomé S.A.,7041465183163,30.39,4.56,34.95,Datafast,MASTERCARD,PAGADA,Ventas
FAC-002094,TXN-202411-0109,2024-11-10,Aristides Miguel Palomo S.L.N.E,3525336305757,48.6,7.29,55.89,Datafast,VISA,PAGADA,POS
FAC-002095,TXN-202411-0110,2024-11-17,Manufacturas Chacón y asociados S.Com.,9886607025076,398.57,59.79,458.36,PayPhone,AMEX,PAGADA,POS
FAC-002096,TXN-202411-0111,2024-11-01,Infraestructuras Avanzadas S.Coop.,6460695085261,1305.98,195.9,1501.88,Datafast,MASTERCARD,PAGADA,Ventas
FAC-002097,TXN-202411-0112,2024-11-17,Pili Ángel Berrocal S.Coop.,1668965532647,422.09,63.31,485.4,Medianet,DINERS,PAGADA,Ventas
FAC-002098,TXN-202411-0113,2024-11-26,Restauración ART S.L.N.E,4414124043968,47.62,7.14,54.76,PayPhone,MASTERCARD,PAGADA,POS
FAC-002099,TXN-202411-0114,2024-11-15,Construcción Salgado y asociados S.Com.,4683596000182,362.29,54.34,416.63,PayPhone,VISA,PAGADA,Ventas
FAC-002100,TXN-202411-0115,2024-11-10,Familia Abellán S.L.N.E,1087163881939,61.93,9.29,71.22,Datafast,VISA,PAGADA,Ventas
FAC-002101,TXN-202411-0116,2024-11-08,Tecnologías Moya S.A.T.,9027191899381,10.23,1.53,11.76,Datafast,VISA,PAGADA,Ventas
FAC-002102,TXN-202411-0117,2024-11-12,Promociones SVS S.L.N.E,8887921650181,35.48,5.32,40.8,Medianet,AMEX,PAGADA,Ventas
FAC-002103,TXN-202411-0118,2024-11-22,Renato Sancho Llobet S.L.L.,6957601808675,402.95,60.44,463.39,Datafast,MASTERCARD,PAGADA,E-commerce
FAC-002104,TXN-202411-0119,2024-11-05,Industrias DOV S.L.,2626249152893,104.57,15.68,120.25,PayPhone,MASTERCARD,PAGADA,Ventas
FAC-002105,TXN-202411-0120,2024-11-27,Hermanos Llanos S.Coop.,3181665177313,397.54,59.63,457.17,Medianet,VISA,PAGADA,E-commerce
FAC-002106,TXN-202411-0121,2024-11-16,Inmobiliaria del Noroeste S.C.P,2097493135276,9.02,1.35,10.37,Medianet,VISA,PAGADA,Ventas
FAC-002107,TXN-202411-0122,2024-11-25,Tecnologías Castro S.Com.,3355937651182,44.03,6.61,50.64,Medianet,MASTERCARD,PAGADA,POS
FAC-002108,TXN-202411-0123,2024-11-25,Compañía Oller S.Coop.,5166516391727,292.56,43.88,336.44,Datafast,VISA,PAGADA,Ventas
FAC-002109,TXN-202411-0124,2024-11-07,Ríos y Villalba S.L.,2254836281341,16.61,2.49,19.1,PayPhone,MASTERCARD,PAGADA,Ventas
FAC-002110,TXN-202411-0125,2024-11-10,Suministros Villalobos S.Com.,3950334607496,225.04,33.76,258.8,Datafast,VISA,PAGADA,POS
FAC-002111,TXN-202411-0126,2024-11-14,Cabanillas & Asociados S.L.,9187574465448,66.86,10.03,76.89,Datafast,AMEX,PAGADA,Ventas
FAC-002112,TXN-202411-0127,2024-11-03,Grupo Bertrán S.L.,2818739821255,239.37,35.9,275.27,Datafast,MASTERCARD,PAGADA,E-commerce
FAC-002113,TXN-202411-0128,2024-11-01,Sáez y Abellán S.L.,7587740503151,363.03,54.46,417.49,Medianet,VISA,PAGADA,Ventas
FAC-002114,TXN-202411-0129,2024-11-16,Farmaceútica Española S.L.,3646508656996,34.0,5.1,39.1,Datafast,MASTERCARD,PAGADA,E-commerce
FAC-002115,TXN-202411-0130,2024-11-09,Suministros Antón S.A.,9838744771341,180.21,27.03,207.24,PayPhone,VISA,PAGADA,Ventas
FAC-002116,TXN-202411-0131,2024-11-12,Distribuciones Gallo y asociados S.A.,3153834106572,234.01,35.1,269.11,Medianet,MASTERCARD,PAGADA,E-commerce
FAC-002117,TXN-202411-0132,2024-11-06,Huerta & Asociados S.A.,8897665620670,677.55,101.63,779.18,Medianet,AMEX,PAGADA,POS
FAC-002118,TXN-202411-0133,2024-11-11,Inmobiliaria Jove y asociados S.A.D,4093367774410,124.49,18.67,143.16,Medianet,VISA,PAGADA,E-commerce
FAC-002119,TXN-202411-0134,2024-11-15,Adelaida Uriarte Porcel S.Com.,9784397118200,335.3,50.3,385.6,Medianet,VISA,PAGADA,POS
FAC-002120,TXN-202411-0135,2024-11-12,Compañía Jiménez & Asociados S.A.,3740935827173,36.28,5.44,41.72,Datafast,VISA,PAGADA,Ventas
FAC-002121,TXN-202411-0136,2024-11-10,Finanzas Hernández y asociados S.L.L.,9720310666465,26.36,3.95,30.31,PayPhone,MASTERCARD,PAGADA,Ventas
FAC-002122,TXN-202411-0137,2024-11-11,Grupo Miralles S.L.,2284788797888,5.49,0.82,6.31,Medianet,VISA,PAGADA,E-commerce
FAC-002123,TXN-202411-0138,2024-11-24,Carbajo y Palomar S.Com.,4858795797114,6.74,1.01,7.75,Medianet,MASTERCARD,PAGADA,E-commerce
FAC-002124,TXN-202411-0139,2024-11-21,Construcción JW S.Com.,8617946190692,51.75,7.76,59.51,Datafast,VISA,PAGADA,POS
FAC-002125,TXN-202411-0140,2024-11-08,Mascaró & Asociados S.A.,3895108327866,1932.59,289.89,2222.48,Datafast,VISA,PAGADA,E-commerce
FAC-002126,TXN-202411-0141,2024-11-02,Comercializadora QHID S.Com.,7668998420032,25.64,3.85,29.49,PayPhone,MASTERCARD,PAGADA,Ventas
FAC-002127,TXN-202411-0142,2024-11-17,Arcelia Cazorla Calderón S.Coop.,5950305241142,106.5,15.97,122.47,Medianet,MASTERCARD,PAGADA,Ventas
FAC-002128,TXN-202411-0143,2024-11-01,Inversiones DXKM S.L.N.E,1576513352949,223.88,33.58,257.46,Datafast,DINERS,PAGADA,POS
FAC-002129,TXN-202411-0144,2024-11-27,Consultoría Arregui y asociados S.L.,5776039610849,392.03,58.8,450.83,PayPhone,VISA,PAGADA,Ventas
FAC-002130,TXN-202411-0145,2024-11-20,Antúnez y asociados S.L.,3197045386876,432.93,64.94,497.87,PayPhone,MASTERCARD,PAGADA,Ventas
FAC-002131,TXN-202411-0146,2024-11-19,Finanzas LSBE S.Coop.,1829767621354,87.4,13.11,100.51,Medianet,MASTERCARD,PAGADA,POS
FAC-002132,TXN-202411-0147,2024-11-06,Toribio Mur Corominas S.A.,9056143153834,49.27,7.39,56.66,Datafast,DINERS,PAGADA,Ventas
FAC-002133,TXN-202411-0148,2024-11-10,Talleres KPZ S.Coop.,8199531200859,16.17,2.42,18.59,Medianet,VISA,PAGADA,Ventas
FAC-002134,TXN-202411-0149,2024-11-09,Constanza Lobato Barrios S.L.N.E,1540024170364,309.59,46.44,356.03,Datafast,VISA,PAGADA,E-commerce
FAC-002135,TXN-202411-0150,2024-11-08,Banca Privada del Levante S.L.,3337331342414,105.04,15.76,120.8,Datafast,MASTERCARD,PAGADA,Ventas
FAC-002136,TXN-202411-0151,2024-11-20,Corral & Asociados S.Coop.,9071897621779,335.5,50.33,385.83,Medianet,VISA,PAGADA,Ventas
FAC-002137,TXN-202411-0152,2024-11-30,Comercial Rodríguez S.C.P,9442921017274,29.72,4.46,34.18,Medianet,MASTERCARD,PAGADA,Ventas
FAC-002138,TXN-202411-0153,2024-11-15,Despacho GML S.L.N.E,7921517507963,33.33,5.0,38.33,Datafast,VISA,PAGADA,POS
FAC-002139,TXN-202411-0155,2024-11-12,Compañía Torralba y asociados S.Com.,2032404961965,36.08,5.41,41.49,Medianet,MASTERCARD,PAGADA,Ventas
FAC-002140,TXN-202411-0156,2024-11-11,Distribuciones Estrada y asociados S.A.,2196627145706,23.38,3.51,26.89,Datafast,DINERS,PAGADA,E-commerce
FAC-002141,TXN-202411-0157,2024-11-12,Logística del Norte S.L.,5086862378577,130.46,19.57,150.03,Medianet,VISA,PAGADA,E-commerce
FAC-002142,TXN-202411-0158,2024-11-18,Minería del Mediterráneo S.L.,2271219993917,67.83,10.17,78.0,Datafast,DINERS,PAGADA,E-commerce
FAC-002143,TXN-202411-0159,2024-11-20,Familia Leon S.Coop.,5870700227962,721.08,108.16,829.24,Datafast,VISA,PAGADA,E-commerce
FAC-002144,TXN-202411-0160,2024-11-06,Eliana Anguita Armas S.A.,4545278430039,1675.53,251.33,1926.86,Datafast,VISA,PAGADA,Ventas
FAC-002145,TXN-202411-0161,2024-11-12,Supermercados Alcántara S.L.N.E,7978064659491,1630.59,244.59,1875.18,Medianet,DINERS,PAGADA,Ventas
FAC-002146,TXN-202411-0162,2024-11-04,Porta y Cuadrado S.Coop.,9486849874932,28.03,4.21,32.24,Datafast,MASTERCARD,PAGADA,Ventas
FAC-002147,TXN-202411-0163,2024-11-18,Infraestructuras Solís y asociados S.Com.,1039226868703,185.63,27.84,213.47,PayPhone,DINERS,PAGADA,Ventas
FAC-002148,TXN-202411-0164,2024-11-27,Talleres Bárcena & Asociados S.L.N.E,7055785457653,34.6,5.19,39.79,Datafast,AMEX,PAGADA,E-commerce
FAC-002149,TXN-202411-0165,2024-11-27,Soluciones Avanzadas S.Coop.,1092464308132,4.57,0.68,5.25,Datafast,AMEX,PAGADA,Ventas
FAC-002150,TXN-202411-0166,2024-11-19,Instalaciones Pastor & Asociados S.L.L.,2925750412266,105.48,15.82,121.3,Medianet,MASTERCARD,PAGADA,Ventas
FAC-002151,TXN-202411-0167,2024-11-08,Inversiones Santamaría S.L.,4935094557314,6.24,0.94,7.18,Datafast,VISA,PAGADA,Ventas
FAC-002152,TXN-202411-0168,2024-11-14,Barreda y asociados S.A.,8226622477603,41.56,6.23,47.79,Medianet,MASTERCARD,PAGADA,Ventas
FAC-002153,TXN-202411-0169,2024-11-03,Tecnologías Cortés & Asociados S.A.,8128071002458,241.91,36.29,278.2,Datafast,VISA,PAGADA,E-commerce
FAC-002154,TXN-202411-0170,2024-11-17,Logística Zabaleta y asociados S.Coop.,7764179399697,211.76,31.76,243.52,Datafast,MASTERCARD,PAGADA,Ventas
FAC-002155,TXN-202411-0171,2024-11-06,Inversiones XW S.L.,8733933833876,61.39,9.21,70.6,PayPhone,VISA,PAGADA,Ventas
FAC-002156,TXN-202411-0173,2024-11-08,Ruperta Tur Arrieta S.L.N.E,8083868982581,43.69,6.55,50.24,Datafast,VISA,PAGADA,E-commerce
FAC-002157,TXN-202411-0174,2024-11-11,Fábrica BFPE S.L.N.E,6738681652235,43.74,6.56,50.3,PayPhone,MASTERCARD,PAGADA,Ventas
FAC-002158,TXN-202411-0175,2024-11-22,Restauración Blazquez & Asociados S.A.,1479937873521,53.17,7.98,61.15,Datafast,MASTERCARD,PAGADA,E-commerce
FAC-002159,TXN-202411-0176,2024-11-26,Banco CWGY S.Coop.,8498068496033,29.48,4.42,33.9,Datafast,MASTERCARD,PAGADA,POS
FAC-002160,TXN-202411-0177,2024-11-20,Hnos Nebot S.Com.,4729950867226,51.03,7.65,58.68,PayPhone,AMEX,PAGADA,E-commerce
FAC-002161,TXN-202411-0178,2024-11-02,Vera y Barriga S.L.,9462810767778,58.33,8.75,67.08,PayPhone,MASTERCARD,PAGADA,Ventas
FAC-002162,TXN-202411-0179,2024-11-13,Niño y Cifuentes S.Com.,6273971819059,84.14,12.62,96.76,PayPhone,AMEX,PAGADA,Ventas
FAC-002163,TXN-202411-0180,2024-11-04,Servicios Solera y asociados S.L.,6646899330537,55.7,8.36,64.06,PayPhone,MASTERCARD,PAGADA,Ventas
FAC-002164,TXN-202411-0181,2024-11-24,Banca Privada UPIN S.L.,4506242610332,358.68,53.8,412.48,PayPhone,MASTERCARD,PAGADA,E-commerce
FAC-002165,TXN-202411-0182,2024-11-16,Osorio y Sanjuan S.C.P,4587736518849,20.2,3.03,23.23,Datafast,MASTERCARD,PAGADA,Ventas
FAC-002166,TXN-202411-0183,2024-11-23,Consultoría OI S.L.L.,2498661329406,236.92,35.54,272.46,Datafast,VISA,PAGADA,Ventas
FAC-002167,TXN-202411-0184,2024-11-11,Comercial Ibérica S.A.,4057247639857,49.3,7.39,56.69,Medianet,MASTERCARD,PAGADA,E-commerce
FAC-002168,TXN-202411-0185,2024-11-05,Familia Iriarte S.L.N.E,2868500728438,347.62,52.14,399.76,Medianet,MASTERCARD,PAGADA,E-commerce
FAC-002169,TXN-202411-0186,2024-11-10,Construcción Internacionales S.Coop.,9258009998669,28.0,4.2,32.2,Datafast,VISA,PAGADA,Ventas
FAC-002170,TXN-202411-0187,2024-11-15,Joaquín Valdés Plana S.L.N.E,3045051490487,243.15,36.47,279.62,PayPhone,VISA,PAGADA,Ventas
FAC-002171,TXN-202411-0188,2024-11-10,Abad y Roman S.C.P,3859754345364,123.08,18.46,141.54,Datafast,MASTERCARD,PAGADA,E-commerce
FAC-002172,TXN-202411-0189,2024-11-05,Zamora y Agullo S.Com.,8996107799772,282.57,42.39,324.96,Datafast,VISA,PAGADA,E-commerce
FAC-002173,TXN-202411-0190,2024-11-17,Servicios Piñol y asociados S.Com.,2922646153300,61.1,9.17,70.27,Datafast,VISA,PAGADA,Ventas
FAC-002174,TXN-202411-0191,2024-11-19,Talleres del Norte S.Com.,2870275076976,1834.46,275.17,2109.63,Datafast,AMEX,PAGADA,E-commerce
FAC-002175,TXN-202411-0192,2024-11-06,Landa y asociados S.A.,9893805145386,246.78,37.02,283.8,Datafast,VISA,PAGADA,Ventas
FAC-002176,TXN-202411-0193,2024-11-03,Elías Borrás Giralt S.L.N.E,9390168120750,47.97,7.19,55.16,Datafast,VISA,PAGADA,Ventas
FAC-002177,TXN-202411-0194,2024-11-24,Logística PG S.L.,1606991558593,44.04,6.61,50.65,Datafast,VISA,PAGADA,Ventas
FAC-002178,TXN-202411-0195,2024-11-30,Suministros del Levante S.L.N.E,8422445565232,63.87,9.58,73.45,Medianet,VISA,PAGADA,Ventas
FAC-002179,TXN-202411-0196,2024-11-08,Banco Soria S.L.,2614894413999,260.98,39.15,300.13,PayPhone,AMEX,PAGADA,E-commerce
FAC-002180,TXN-202411-0197,2024-11-11,Hnos Montenegro S.Com.,5717699330381,10.79,1.62,12.41,Datafast,MASTERCARD,PAGADA,Ventas
FAC-002181,TXN-202411-0198,2024-11-28,Consultoría DXCM S.L.,5069590705695,52.69,7.9,60.59,Datafast,MASTERCARD,PAGADA,E-commerce
FAC-002182,TXN-202411-0199,2024-11-09,Román & Asociados S.L.L.,1806361128740,160.13,24.02,184.15,PayPhone,VISA,PAGADA,POS
FAC-002183,TXN-202411-0200,2024-11-23,Ortega y asociados S.Com.,7411730699382,152.96,22.94,175.9,Datafast,DINERS,PAGADA,Ventas
FAC-002184,TXN-202411-0201,2024-11-24,Olivia Anglada Seco S.A.,1845287899996,22.44,3.37,25.81,Datafast,DINERS,PAGADA,E-commerce
FAC-002185,TXN-202411-0202,2024-11-10,Segura y Río S.Coop.,2789302840521,722.93,108.44,831.37,Medianet,AMEX,PAGADA,E-commerce
FAC-002186,TXN-202411-0203,2024-11-04,Inmobiliaria Velázquez S.L.,7450560831912,243.88,36.58,280.46,Datafast,VISA,PAGADA,POS
FAC-002187,TXN-202411-0204,2024-11-16,Matas y Castillo S.Coop.,9360485896549,96.24,14.44,110.68,PayPhone,VISA,PAGADA,Ventas
FAC-002188,TXN-202411-0205,2024-11-20,Solís y Amores S.A.,8018440938654,42.78,6.42,49.2,Datafast,VISA,PAGADA,Ventas
FAC-002189,TXN-202411-0206,2024-11-24,Banco DKU S.Coop.,6819270548748,63.37,9.5,72.87,Datafast,VISA,PAGADA,E-commerce
FAC-002190,TXN-202411-0207,2024-11-15,Márquez y Escobar S.L.L.,7005662300560,293.96,44.09,338.05,Medianet,VISA,PAGADA,Ventas
FAC-002191,TXN-202411-0208,2024-11-11,Industrias Ureña y asociados S.Com.,8444615012350,45.5,6.83,52.33,Datafast,VISA,PAGADA,Ventas
FAC-002192,TXN-202411-0209,2024-11-18,Riera y Andreu S.L.U.,6365660505908,166.05,24.91,190.96,Datafast,VISA,PAGADA,E-commerce
FAC-002193,TXN-202411-0210,2024-11-04,Transportes GHD S.L.,5657657893793,45.17,6.77,51.94,Datafast,MASTERCARD,PAGADA,Ventas
FAC-002194,TXN-202411-0211,2024-11-06,Supermercados ER S.Coop.,8419474372990,1457.63,218.64,1676.27,Datafast,VISA,PAGADA,POS
FAC-002195,TXN-202411-0212,2024-11-15,Transportes Gibert S.L.,3452196091027,64.7,9.7,74.4,Datafast,VISA,PAGADA,Ventas
FAC-002196,TXN-202411-0213,2024-11-25,Luís y asociados S.L.N.E,6447142432111,55.14,8.27,63.41,Medianet,MASTERCARD,PAGADA,Ventas
FAC-002197,TXN-202411-0214,2024-11-04,Nicodemo Barberá Arco S.Coop.,9090266237738,38.94,5.84,44.78,Datafast,MASTERCARD,PAGADA,E-commerce
FAC-002198,TXN-202411-0215,2024-11-06,Aurelia Higueras Cepeda S.Com.,2333098314523,126.03,18.9,144.93,Datafast,MASTERCARD,PAGADA,E-commerce
FAC-002199,TXN-202411-0216,2024-11-06,Consultoría Escrivá S.A.,7280346332874,292.39,43.86,336.25,Medianet,MASTERCARD,PAGADA,Ventas
FAC-002200,TXN-202411-0217,2024-11-25,Pozuelo y asociados S.Com.,9125656866805,357.63,53.64,411.27,PayPhone,DINERS,PAGADA,Ventas
FAC-002201,TXN-202411-0218,2024-11-10,Aureliano Lledó Molina S.L.,8000058953815,60.19,9.03,69.22,Datafast,DINERS,PAGADA,POS
FAC-002202,TXN-202411-0219,2024-11-15,Bellido & Asociados S.A.,7050154385781,52.95,7.94,60.89,Datafast,VISA,PAGADA,Ventas
FAC-002203,TXN-202411-0220,2024-11-13,Hnos Riba S.L.,8107794914881,54.06,8.11,62.17,Datafast,VISA,PAGADA,Ventas
FAC-002204,TXN-202411-0221,2024-11-25,Promociones Avanzadas S.L.,5414466199541,425.64,63.85,489.49,PayPhone,VISA,PAGADA,Ventas
FAC-002205,TXN-202411-0222,2024-11-10,Talleres Iberia S.L.,6810065626668,51.09,7.66,58.75,Datafast,MASTERCARD,PAGADA,Ventas
FAC-002206,TXN-202411-0223,2024-11-24,Distribuciones Valentín S.C.P,8054553637766,40.75,6.11,46.86,Datafast,VISA,PAGADA,Ventas
FAC-002207,TXN-202411-0224,2024-11-03,Industrias Reina S.L.N.E,5699599023442,22.22,3.33,25.55,Medianet,MASTERCARD,PAGADA,POS
FAC-002208,TXN-202411-0225,2024-11-02,Farmaceútica Larrañaga S.A.U,3981622664849,1723.78,258.57,1982.35,Datafast,MASTERCARD,PAGADA,E-commerce
FAC-002209,TXN-202411-0226,2024-11-20,Comercializadora GTWG S.A.,9218614628836,160.82,24.12,184.94,Datafast,DINERS,PAGADA,Ventas
FAC-002210,TXN-202411-0227,2024-11-12,Hnos Rodrigo S.Com.,3758053315131,170.38,25.56,195.94,Datafast,VISA,PAGADA,POS
FAC-002211,TXN-202411-0228,2024-11-11,Distribuciones Ibéricos S.L.N.E,9635611702784,53.25,7.99,61.24,PayPhone,VISA,PAGADA,Ventas
FAC-002212,TXN-202411-0229,2024-11-07,Barragán y Calleja S.Com.,7034479372239,23.83,3.58,27.41,Datafast,VISA,PAGADA,Ventas
FAC-002213,TXN-202411-0230,2024-11-09,Hotel del Noroeste S.L.,2476196822588,348.15,52.22,400.37,Datafast,VISA,PAGADA,POS
FAC-002214,TXN-202411-0231,2024-11-03,Inversiones Montesinos S.L.N.E,5384313574087,54.7,8.21,62.91,Medianet,VISA,PAGADA,Ventas
FAC-002215,TXN-202411-0232,2024-11-15,Restauración Ríos y asociados S.A.,4974073972961,400.12,60.02,460.14,Medianet,VISA,PAGADA,Ventas
FAC-002216,TXN-202411-0233,2024-11-11,Miró & Asociados S.A.,7256577990618,34.4,5.16,39.56,PayPhone,VISA,PAGADA,Ventas
FAC-002217,TXN-202411-0234,2024-11-01,Minería Carbajo S.L.N.E,4144251180954,53.1,7.97,61.07,Medianet,MASTERCARD,PAGADA,Ventas
FAC-002218,TXN-202411-0235,2024-11-02,Manufacturas Oliva & Asociados S.A.,5251924152863,36.07,5.41,41.48,Datafast,VISA,PAGADA,Ventas
FAC-002219,TXN-202411-0236,2024-11-02,Calixta Maza Alvarado S.Com.,4984016170649,41.24,6.19,47.43,Datafast,DINERS,PAGADA,E-commerce
FAC-002220,TXN-202411-0237,2024-11-11,Calderón y Almeida S.L.,2544533752015,22.78,3.42,26.2,PayPhone,VISA,PAGADA,POS
FAC-002221,TXN-202411-0238,2024-11-04,Fábrica Globales S.C.P,5891461641573,40.76,6.11,46.87,Datafast,VISA,PAGADA,Ventas
FAC-002222,TXN-202411-0239,2024-11-15,Restauración VRP S.Coop.,3476840913417,279.17,41.88,321.05,Datafast,MASTERCARD,PAGADA,E-commerce
FAC-002223,TXN-202411-0240,2024-11-27,Gerónimo Niño Cuesta S.L.N.E,7410907195714,48.96,7.34,56.3,Medianet,VISA,PAGADA,E-commerce
FAC-002224,TXN-202411-0241,2024-11-11,Infraestructuras Santamaría S.C.P,5414951495583,765.66,114.85,880.51,Datafast,AMEX,PAGADA,Ventas
FAC-002225,TXN-202411-0242,2024-11-24,Custodia Talavera Mendoza S.Coop.,7973680729661,55.29,8.29,63.58,Datafast,MASTERCARD,PAGADA,E-commerce
FAC-002226,TXN-202411-0243,2024-11-13,Garcés y Marquez S.Coop.,7608438816848,45.03,6.75,51.78,PayPhone,VISA,PAGADA,Ventas
FAC-002227,TXN-202411-0244,2024-11-19,Hnos Jaume S.Coop.,2772309907046,60.15,9.02,69.17,Datafast,VISA,PAGADA,Ventas
FAC-002228,TXN-202411-0245,2024-11-27,Manufacturas RWCC S.Coop.,4545030060451,142.73,21.41,164.14,Medianet,MASTERCARD,PAGADA,POS
FAC-002229,TXN-202411-0246,2024-11-07,Talleres Españolas S.Coop.,9699081873300,280.24,42.04,322.28,PayPhone,AMEX,PAGADA,POS
FAC-002230,TXN-202411-0247,2024-11-28,Puerta y Luz S.L.,3276327223736,43.6,6.54,50.14,Datafast,VISA,PAGADA,Ventas
FAC-002231,TXN-202411-0248,2024-11-11,Servicios AGW S.A.,8850432605904,1146.65,172.0,1318.65,Medianet,MASTERCARD,PAGADA,E-commerce
FAC-002232,TXN-202411-0249,2024-11-08,Manufacturas OO S.L.,6935352265493,68.98,10.35,79.33,Medianet,VISA,PAGADA,E-commerce
FAC-002233,TXN-202411-0250,2024-11-04,Iñiguez & Asociados S.L.N.E,1653973451359,414.47,62.17,476.64,Medianet,VISA,PAGADA,Ventas
FAC-002234,TXN-202411-0251,2024-11-02,Soluciones del Levante S.L.U.,8564260600989,145.75,21.86,167.61,Datafast,AMEX,PAGADA,Ventas
FAC-002235,TXN-202411-0252,2024-11-04,Esperanza Díaz Cervera S.L.N.E,6827405143164,285.12,42.77,327.89,Datafast,VISA,PAGADA,E-commerce
FAC-002236,TXN-202411-0253,2024-11-06,Servicios IHHH S.Coop.,2119913656402,258.2,38.73,296.93,PayPhone,MASTERCARD,PAGADA,E-commerce
FAC-002237,TXN-202411-0254,2024-11-11,Comercial SOGB S.Com.,9954260062892,343.37,51.5,394.87,Datafast,VISA,PAGADA,POS
FAC-002238,TXN-202411-0255,2024-11-09,Correa y Suárez S.L.N.E,3138435799389,200.99,30.15,231.14,Datafast,DINERS,PAGADA,E-commerce
FAC-002239,TXN-202411-0256,2024-11-13,Banco Inteligentes S.L.N.E,5094589225174,56.75,8.51,65.26,Datafast,VISA,PAGADA,E-commerce
FAC-002240,TXN-202411-0257,2024-11-28,Lladó & Asociados S.L.,7252949775655,228.12,34.22,262.34,Datafast,DINERS,PAGADA,Ventas
FAC-002241,TXN-202411-0258,2024-11-13,Farmaceútica del Sur S.A.,2328895638367,46.32,6.95,53.27,Datafast,DINERS,PAGADA,Ventas
FAC-002242,TXN-202411-0259,2024-11-02,Santana y asociados S.L.N.E,6265703101221,397.29,59.59,456.88,Datafast,DINERS,PAGADA,E-commerce
FAC-002243,TXN-202411-0260,2024-11-05,Farmaceútica HKCV S.Coop.,4138753421448,38.17,5.73,43.9,PayPhone,VISA,PAGADA,Ventas
FAC-002244,TXN-202411-0261,2024-11-24,Maxi Casal Barrera S.Com.,3754574988396,146.2,21.93,168.13,Datafast,VISA,PAGADA,Ventas
FAC-002245,TXN-202411-0262,2024-11-06,Hotel Avanzadas S.Coop.,7638252543093,222.68,33.4,256.08,Datafast,MASTERCARD,PAGADA,Ventas
FAC-002246,TXN-202411-0263,2024-11-29,Desarrollo Tomas & Asociados S.L.,5335215173466,135.9,20.38,156.28,PayPhone,MASTERCARD,PAGADA,POS
FAC-002247,TXN-202411-0264,2024-11-12,Banco Iberia S.L.L.,1268992471575,30.67,4.6,35.27,Medianet,VISA,PAGADA,Ventas
FAC-002248,TXN-202411-0265,2024-11-16,Banca Privada Herranz y asociados S.Com.,6310801030221,6.21,0.93,7.14,Medianet,VISA,PAGADA,POS
FAC-002249,TXN-202411-0266,2024-11-25,Servicios Ibérica S.A.,2739551216983,39.53,5.93,45.46,Medianet,VISA,PAGADA,Ventas
FAC-002250,TXN-202411-0267,2024-11-08,Hnos Vicente S.A.,2732854142263,27.09,4.06,31.15,Medianet,VISA,PAGADA,Ventas
FAC-002251,TXN-202411-0268,2024-11-14,Logística Castellana S.A.,9026214453715,1444.42,216.66,1661.08,Datafast,VISA,PAGADA,E-commerce
FAC-002252,TXN-202411-0269,2024-11-16,Ana Belén Pont Marti S.L.N.E,9204519678778,69.83,10.47,80.3,Datafast,AMEX,PAGADA,E-commerce
FAC-002253,TXN-202411-0270,2024-11-20,Viana y Gutiérrez S.C.P,7401159132684,39.57,5.93,45.5,PayPhone,VISA,PAGADA,Ventas
FAC-002254,TXN-202411-0271,2024-11-07,Banca Privada Rivera S.Coop.,3332635546903,380.72,57.11,437.83,Medianet,VISA,PAGADA,E-commerce
FAC-002255,TXN-202411-0272,2024-11-03,Tecnologías CTP S.Com.,3469310571973,925.11,138.77,1063.88,Datafast,VISA,PAGADA,E-commerce
FAC-002256,TXN-202411-0273,2024-11-08,Suministros UHL S.Coop.,3238154552787,108.0,16.2,124.2,Datafast,VISA,PAGADA,Ventas
FAC-002257,TXN-202411-0274,2024-11-22,Restauración OLVL S.L.N.E,6526023564093,67.87,10.18,78.05,Datafast,MASTERCARD,PAGADA,Ventas
FAC-002258,TXN-202411-0275,2024-11-05,Llorente y Donaire S.A.,1199986891950,347.1,52.06,399.16,Medianet,MASTERCARD,PAGADA,E-commerce
FAC-002259,TXN-202411-0276,2024-11-02,Servicios Llabrés S.Coop.,7186796999938,410.9,61.64,472.54,Datafast,MASTERCARD,PAGADA,Ventas
FAC-002260,TXN-202411-0277,2024-11-06,Supermercados Castellana S.Com.,2391948746123,17.25,2.59,19.84,PayPhone,VISA,PAGADA,POS
FAC-002261,TXN-202411-0278,2024-11-11,Manufacturas Gámez y asociados S.Coop.,9419002415517,128.69,19.3,147.99,Datafast,VISA,PAGADA,Ventas
FAC-002262,TXN-202411-0279,2024-11-27,Consultoría Urrutia & Asociados S.L.,5186373533270,45.35,6.8,52.15,Medianet,VISA,PAGADA,POS
FAC-002263,TXN-202411-0280,2024-11-15,Luna Torres Badía S.Coop.,2689966686858,21.49,3.22,24.71,Datafast,DINERS,PAGADA,E-commerce
FAC-002264,TXN-202411-0281,2024-11-29,Machado y asociados S.A.,4431162106514,26.35,3.95,30.3,Medianet,MASTERCARD,PAGADA,Ventas
FAC-002265,TXN-202411-0282,2024-11-22,Tecnologías XM S.A.,9994739654310,40.15,6.02,46.17,Datafast,AMEX,PAGADA,E-commerce
FAC-002266,TXN-202411-0283,2024-11-12,Mateos y Prado S.L.N.E,5357710302759,8.46,1.27,9.73,Medianet,VISA,PAGADA,POS
FAC-002267,TXN-202411-0284,2024-11-15,Farmaceútica DZD S.C.P,6308895869793,19.16,2.87,22.03,Medianet,DINERS,PAGADA,E-commerce
FAC-002268,TXN-202411-0285,2024-11-15,Lucena y Nuñez S.A.,5284342314945,27.02,4.05,31.07,Datafast,MASTERCARD,PAGADA,Ventas
FAC-002269,TXN-202411-0286,2024-11-06,Eulalia Villena Roma S.Coop.,3112586062098,2547.13,382.07,2929.2,Medianet,DINERS,PAGADA,Ventas
FAC-002270,TXN-202411-0288,2024-11-25,Amaya y Castillo S.Coop.,2380409991514,261.51,39.23,300.74,Medianet,VISA,PAGADA,POS
FAC-002271,TXN-202411-0289,2024-11-18,Logística ZBAE S.Com.,2340508501347,39.12,5.87,44.99,Medianet,MASTERCARD,PAGADA,E-commerce
FAC-002272,TXN-202411-0290,2024-11-22,Consultoría Malo y asociados S.L.,9042963641226,14.7,2.21,16.91,Medianet,DINERS,PAGADA,POS
FAC-002273,TXN-202411-0291,2024-11-23,Desarrollo HVZ S.L.L.,4872543924539,65.04,9.76,74.8,Medianet,AMEX,PAGADA,Ventas
FAC-002274,TXN-202411-0292,2024-11-02,Banca Privada del Noroeste S.L.U.,6004240817442,17.53,2.63,20.16,Medianet,DINERS,PAGADA,POS
FAC-002275,TXN-202411-0293,2024-11-15,Desarrollo Clavero & Asociados S.A.,5739685276820,2377.7,356.66,2734.36,Datafast,AMEX,PAGADA,Ventas
FAC-002276,TXN-202411-0294,2024-11-18,Distribuciones QO S.A.U,8218812246614,20.74,3.11,23.85,Datafast,DINERS,PAGADA,POS
FAC-002277,TXN-202411-0295,2024-11-02,Vera & Asociados S.C.P,3080970209790,419.91,62.99,482.9,Datafast,DINERS,PAGADA,E-commerce
FAC-002278,TXN-202411-0296,2024-11-08,Manufacturas Globales S.A.,8763515911753,67.75,10.16,77.91,Datafast,VISA,PAGADA,POS
FAC-002279,TXN-202411-0297,2024-11-27,Fábrica del Noroeste S.C.P,4017025337970,16.96,2.54,19.5,Medianet,MASTERCARD,PAGADA,Ventas
FAC-002280,TXN-202411-0298,2024-11-04,Grupo Sainz S.Coop.,7860437758725,62.57,9.38,71.95,Datafast,DINERS,PAGADA,Ventas
FAC-002281,TXN-202411-0299,2024-11-22,Anguita y Salmerón S.Com.,3571720153330,33.26,4.99,38.25,Medianet,DINERS,PAGADA,Ventas
FAC-002282,TXN-202411-0300,2024-11-04,Manufacturas Internacionales S.L.L.,1032569647413,24.64,3.7,28.34,Medianet,VISA,PAGADA,Ventas
FAC-002283,TXN-202411-0301,2024-11-18,Hnos Roldan S.L.,4011519683948,57.97,8.7,66.67,Medianet,VISA,PAGADA,Ventas
FAC-002284,TXN-202411-0302,2024-11-24,Familia Caro S.A.,9842266315430,345.03,51.76,396.79,Medianet,VISA,PAGADA,Ventas
FAC-002285,TXN-202411-0303,2024-11-09,Finanzas AGE S.A.,8590349131565,59.0,8.85,67.85,PayPhone,DINERS,PAGADA,POS
FAC-002286,TXN-202411-0304,2024-11-28,Transportes Valle S.Com.,3566713646351,50.63,7.6,58.23,Medianet,VISA,PAGADA,POS
FAC-002287,TXN-202411-0305,2024-11-20,Transportes Roig S.Com.,4852282325348,69.41,10.41,79.82,Medianet,VISA,PAGADA,Ventas
FAC-002288,TXN-202411-0306,2024-11-23,Hotel Inteligentes S.L.,9452979934965,250.17,37.53,287.7,PayPhone,VISA,PAGADA,POS
FAC-002289,TXN-202411-0307,2024-11-24,Servicios Llobet S.L.,6675833521970,171.9,25.79,197.69,Datafast,MASTERCARD,PAGADA,Ventas
FAC-002290,TXN-202411-0308,2024-11-27,Banca Privada del Noroeste S.L.,9764064123154,31.71,4.76,36.47,Datafast,VISA,PAGADA,E-commerce
FAC-002291,TXN-202411-0309,2024-11-08,Grupo Real S.L.,1524478307501,56.91,8.54,65.45,PayPhone,VISA,PAGADA,E-commerce
FAC-002292,TXN-202411-0310,2024-11-25,Banco Navarro S.L.,6132703491410,107.54,16.13,123.67,Datafast,MASTERCARD,PAGADA,POS
FAC-002293,TXN-202411-0311,2024-11-28,Comercial Paz S.C.P,9652696364272,291.11,43.67,334.78,Datafast,MASTERCARD,PAGADA,Ventas
FAC-002294,TXN-202411-0312,2024-11-04,Hermanos Pedrero S.A.,1926454367687,359.4,53.91,413.31,Datafast,MASTERCARD,PAGADA,Ventas
FAC-002295,TXN-202411-0313,2024-11-23,Familia Carranza S.A.,8867467269863,42.18,6.33,48.51,Datafast,DINERS,PAGADA,Ventas
FAC-002296,TXN-202411-0314,2024-11-26,Aurelia Villanueva Mariscal S.L.N.E,1013332798821,196.41,29.46,225.87,Datafast,VISA,PAGADA,Ventas
FAC-002297,TXN-202411-0315,2024-11-27,Comercial Españolas S.L.L.,6702671996149,65.66,9.85,75.51,PayPhone,MASTERCARD,PAGADA,POS
FAC-002298,TXN-202411-0316,2024-11-06,Tecnologías Prada S.Coop.,4691851475616,904.43,135.67,1040.1,Medianet,VISA,PAGADA,POS
FAC-002299,TXN-202411-0317,2024-11-01,Arjona y Briones S.Com.,1538495260682,31.23,4.68,35.91,Medianet,VISA,PAGADA,Ventas
FAC-002300,TXN-202411-0318,2024-11-12,Ibañez y Collado S.Com.,3087956141096,48.9,7.33,56.23,Datafast,AMEX,PAGADA,E-commerce
FAC-002301,TXN-202411-0319,2024-11-21,Comercial Yuste S.L.L.,5815929325789,49.94,7.49,57.43,Datafast,MASTERCARD,PAGADA,POS
FAC-002302,TXN-202411-0320,2024-11-21,Alimentación Inteligentes S.Com.,1588506903034,384.92,57.74,442.66,Medianet,VISA,PAGADA,Ventas
FAC-002303,TXN-202411-0321,2024-11-16,Supermercados WT S.A.,7111202730238,132.4,19.86,152.26,Medianet,MASTERCARD,PAGADA,Ventas
FAC-002304,TXN-202411-0322,2024-11-08,Hotel Ibáñez y asociados S.Coop.,9059512920722,374.97,56.25,431.22,Datafast,MASTERCARD,PAGADA,E-commerce
FAC-002305,TXN-202411-0323,2024-11-11,Desarrollo NM S.Coop.,3503358233989,303.1,45.47,348.57,PayPhone,VISA,PAGADA,Ventas
FAC-002306,TXN-202411-0324,2024-11-23,Marina Cazorla Maldonado S.L.N.E,9651113997738,21.61,3.24,24.85,Datafast,VISA,PAGADA,Ventas
FAC-002307,TXN-202411-0325,2024-11-06,Prado y asociados S.L.,9479278767823,345.22,51.78,397.0,Datafast,AMEX,PAGADA,POS
FAC-002308,TXN-202411-0326,2024-11-21,Despacho Reyes S.L.,6008422966514,37.36,5.6,42.96,Datafast,VISA,PAGADA,Ventas
FAC-002309,TXN-202411-0327,2024-11-03,Alarcón & Asociados S.Coop.,4248657430620,44.69,6.7,51.39,Datafast,MASTERCARD,PAGADA,Ventas
FAC-002310,TXN-202411-0328,2024-11-28,Cabeza & Asociados S.Com.,5881484991987,1876.5,281.48,2157.98,Datafast,MASTERCARD,PAGADA,E-commerce
FAC-002311,TXN-202411-0329,2024-11-13,Infraestructuras Chamorro S.Coop.,2802981130084,13.03,1.95,14.98,Datafast,VISA,PAGADA,Ventas
FAC-002312,TXN-202411-0330,2024-11-20,Promociones BX S.Com.,4039141981179,361.18,54.18,415.36,PayPhone,MASTERCARD,PAGADA,Ventas
FAC-002313,TXN-202411-0331,2024-11-08,Banco Figuerola y asociados S.Com.,6233050749504,58.23,8.73,66.96,PayPhone,VISA,PAGADA,Ventas
FAC-002314,TXN-202411-0332,2024-11-23,Farmaceútica del Noroeste S.A.,4632719298028,18.99,2.85,21.84,Datafast,DINERS,PAGADA,E-commerce
FAC-002315,TXN-202411-0333,2024-11-01,Despacho GQQ S.L.N.E,4541616936240,148.44,22.27,170.71,Datafast,VISA,PAGADA,POS
FAC-002316,TXN-202411-0334,2024-11-14,Finanzas Olivera & Asociados S.Com.,7685163238137,375.59,56.34,431.93,Datafast,VISA,PAGADA,Ventas
FAC-002317,TXN-202411-0335,2024-11-19,Promociones Sáenz S.Com.,1157410376226,59.64,8.95,68.59,Medianet,MASTERCARD,PAGADA,E-commerce
FAC-002318,TXN-202411-0336,2024-11-23,Consultoría del Noroeste S.C.P,5294152583851,2058.24,308.74,2366.98,Medianet,AMEX,PAGADA,Ventas
FAC-002319,TXN-202411-0337,2024-11-30,Nidia Palma Pazos S.A.,6535781164466,63.04,9.46,72.5,PayPhone,VISA,PAGADA,POS
FAC-002320,TXN-202411-0338,2024-11-28,Infraestructuras Contreras y asociados S.L.N.E,7447132901029,727.16,109.07,836.23,Datafast,VISA,PAGADA,Ventas
FAC-002321,TXN-202411-0339,2024-11-26,Rovira y asociados S.L.N.E,9315851185811,68.33,10.25,78.58,Datafast,MASTERCARD,PAGADA,E-commerce
FAC-002322,TXN-202411-0340,2024-11-08,Instalaciones del Norte S.A.,1614602353596,58.23,8.74,66.97,Medianet,MASTERCARD,PAGADA,E-commerce
FAC-002323,TXN-202411-0341,2024-11-08,Transportes QGV S.Coop.,7528901408123,2219.73,332.96,2552.69,Datafast,MASTERCARD,PAGADA,Ventas
FAC-002324,TXN-202411-0342,2024-11-19,Solsona y asociados S.Coop.,5363167660271,32.9,4.94,37.84,Datafast,AMEX,PAGADA,E-commerce
FAC-002325,TXN-202411-0343,2024-11-21,Construcción Aroca y asociados S.L.,6089278884787,33.6,5.04,38.64,Datafast,DINERS,PAGADA,E-commerce
FAC-002326,TXN-202411-0344,2024-11-12,Consuelo Zabaleta Durán S.L.,2181938347705,92.86,13.93,106.79,PayPhone,VISA,PAGADA,E-commerce
FAC-002327,TXN-202411-0345,2024-11-01,Iborra y asociados S.Coop.,2104730802821,62.82,9.42,72.24,PayPhone,VISA,PAGADA,Ventas
FAC-002328,TXN-202411-0346,2024-11-13,Martinez y Ayala S.Com.,3711482414304,118.27,17.74,136.01,Medianet,VISA,PAGADA,POS
FAC-002329,TXN-202411-0347,2024-11-08,Rebeca Verdú Sotelo S.L.N.E,4746978942596,180.83,27.13,207.96,Medianet,VISA,PAGADA,Ventas
FAC-002330,TXN-202411-0348,2024-11-22,Vallés y Ramirez S.A.,3849001976893,54.32,8.15,62.47,Medianet,MASTERCARD,PAGADA,E-commerce
FAC-002331,TXN-202411-0349,2024-11-12,Maximiliano Andreu Tejedor S.L.,4145004195113,329.64,49.45,379.09,Datafast,VISA,PAGADA,Ventas
FAC-002332,TXN-202411-0350,2024-11-24,Hnos Cañete S.Coop.,9003076617061,263.04,39.46,302.5,Datafast,DINERS,PAGADA,Ventas
FAC-002333,TXN-202411-0351,2024-11-06,Carrera y asociados S.L.,5968464820987,346.7,52.0,398.7,Medianet,VISA,PAGADA,Ventas
FAC-002334,TXN-202411-0352,2024-11-04,Promociones Salmerón y asociados S.Coop.,2684818186969,190.74,28.61,219.35,Datafast,DINERS,PAGADA,E-commerce
FAC-002335,TXN-202411-0353,2024-11-23,Industrias SIN S.A.,2734440557247,30.93,4.64,35.57,Medianet,DINERS,PAGADA,POS
FAC-002336,TXN-202411-0354,2024-11-23,Casanova y Nadal S.L.,6921396362091,27.51,4.13,31.64,Datafast,VISA,PAGADA,POS
FAC-002337,TXN-202411-0355,2024-11-08,Carnero y Sanabria S.A.,6204941723190,30.53,4.58,35.11,PayPhone,VISA,PAGADA,Ventas
FAC-002338,TXN-202411-0356,2024-11-17,Talleres LUR S.C.P,1870668637218,53.38,8.01,61.39,PayPhone,MASTERCARD,PAGADA,Ventas
FAC-002339,TXN-202411-0357,2024-11-12,Moles y asociados S.L.,5689358404705,563.37,84.5,647.87,Datafast,MASTERCARD,PAGADA,POS
FAC-002340,TXN-202411-0358,2024-11-13,Codina & Asociados S.Coop.,9871265656416,4.65,0.7,5.35,Datafast,DINERS,PAGADA,Ventas
FAC-002341,TXN-202411-0359,2024-11-06,Inmobiliaria Española S.C.P,5066671571112,383.42,57.51,440.93,Datafast,AMEX,PAGADA,Ventas
FAC-002342,TXN-202411-0360,2024-11-04,Hnos Moll S.A.,1470180589359,67.98,10.2,78.18,Medianet,VISA,PAGADA,E-commerce
FAC-002343,TXN-202411-0361,2024-11-23,Hnos Paniagua S.Coop.,6479262552576,395.13,59.27,454.4,PayPhone,MASTERCARD,PAGADA,Ventas
FAC-002344,TXN-202411-0362,2024-11-30,Tomás Porta Castañeda S.C.P,2050335984808,44.92,6.74,51.66,Medianet,AMEX,PAGADA,Ventas
FAC-002345,TXN-202411-0363,2024-11-30,Finanzas Lara & Asociados S.L.U.,6318683043422,65.28,9.79,75.07,PayPhone,MASTERCARD,PAGADA,Ventas
FAC-002346,TXN-202411-0364,2024-11-04,Grupo Leal S.L.L.,8597853210133,130.7,19.6,150.3,Datafast,MASTERCARD,PAGADA,Ventas
FAC-002347,TXN-202411-0365,2024-11-15,Infraestructuras Cañellas S.Coop.,8489309040037,192.79,28.92,221.71,Datafast,VISA,PAGADA,Ventas
FAC-002348,TXN-202411-0366,2024-11-18,Farmaceútica Ibéricos S.L.N.E,6358490140565,11.94,1.79,13.73,Medianet,VISA,PAGADA,E-commerce
FAC-002349,TXN-202411-0367,2024-11-07,Suministros Iberia S.Coop.,1025787090959,57.67,8.65,66.32,Datafast,VISA,PAGADA,Ventas
FAC-002350,TXN-202411-0368,2024-11-27,Manufacturas del Sur S.L.U.,1727990463691,1479.18,221.88,1701.06,Datafast,VISA,PAGADA,E-commerce
FAC-002351,TXN-202411-0369,2024-11-22,Barros & Asociados S.Com.,8691838648836,38.25,5.74,43.99,Medianet,AMEX,PAGADA,Ventas
FAC-002352,TXN-202411-0370,2024-11-13,Construcción Taboada & Asociados S.Coop.,2769616367717,263.83,39.58,303.41,Datafast,MASTERCARD,PAGADA,Ventas
FAC-002353,TXN-202411-0371,2024-11-10,Transportes Fuente S.A.,6852969426915,54.14,8.12,62.26,Medianet,VISA,PAGADA,E-commerce
FAC-002354,TXN-202411-0372,2024-11-04,Aguirre y asociados S.Coop.,4489788141245,5.9,0.89,6.79,Datafast,VISA,PAGADA,Ventas
FAC-002355,TXN-202411-0373,2024-11-25,Vera Ordóñez Busquets S.A.,3077050875505,69.06,10.36,79.42,Medianet,MASTERCARD,PAGADA,Ventas
FAC-002356,TXN-202411-0374,2024-11-03,Infraestructuras Rosselló & Asociados S.A.,6524481888678,7.06,1.06,8.12,Medianet,MASTERCARD,PAGADA,E-commerce
FAC-002357,TXN-202411-0375,2024-11-11,Somoza & Asociados S.Coop.,8550139193870,132.88,19.93,152.81,PayPhone,MASTERCARD,PAGADA,POS
FAC-002358,TXN-202411-0376,2024-11-12,Ariño y asociados S.L.,6641420134984,1271.52,190.73,1462.25,Datafast,VISA,PAGADA,POS
FAC-002359,TXN-202411-0377,2024-11-17,Comercial HR S.Coop.,3782814046247,339.3,50.89,390.19,Datafast,AMEX,PAGADA,Ventas
FAC-002360,TXN-202411-0378,2024-11-15,Ríos y asociados S.L.,7863572362733,18.34,2.75,21.09,Medianet,MASTERCARD,PAGADA,Ventas
FAC-002361,TXN-202411-0379,2024-11-07,Servicios Llamas S.L.,1689034544684,17.63,2.64,20.27,PayPhone,MASTERCARD,PAGADA,POS
FAC-002362,TXN-202411-0380,2024-11-23,Amat & Asociados S.L.,4121095496861,882.67,132.4,1015.07,Medianet,VISA,PAGADA,E-commerce
FAC-002363,TXN-202411-0381,2024-11-27,Infraestructuras Plana S.Coop.,7273079099199,57.41,8.61,66.02,PayPhone,VISA,PAGADA,E-commerce
FAC-002364,TXN-202411-0382,2024-11-27,Arregui y Tapia S.Coop.,9284676170995,205.35,30.8,236.15,PayPhone,DINERS,PAGADA,Ventas
FAC-002365,TXN-202411-0383,2024-11-29,Banco Tirado y asociados S.A.,2510356257621,47.95,7.19,55.14,Datafast,VISA,PAGADA,Ventas
FAC-002366,TXN-202411-0384,2024-11-29,Talleres del Noroeste S.Coop.,1790280579550,1108.13,166.22,1274.35,Medianet,MASTERCARD,PAGADA,Ventas
FAC-002367,TXN-202411-0385,2024-11-14,Soluciones Internacionales S.L.,1304441566305,221.45,33.22,254.67,Medianet,VISA,PAGADA,Ventas
FAC-002368,TXN-202411-0386,2024-11-20,Manufacturas Ibérica S.A.,6727562202175,247.87,37.18,285.05,Datafast,AMEX,PAGADA,Ventas
FAC-002369,TXN-202411-0387,2024-11-22,Burgos y Mayoral S.Com.,7992839053701,233.59,35.04,268.63,Medianet,VISA,PAGADA,E-commerce
FAC-002370,TXN-202411-0388,2024-11-16,Despacho Real y asociados S.Coop.,3976072032489,63.19,9.48,72.67,Datafast,MASTERCARD,PAGADA,E-commerce
FAC-002371,TXN-202411-0389,2024-11-22,Agullo y asociados S.L.,3423775677946,992.39,148.86,1141.25,Datafast,VISA,PAGADA,Ventas
FAC-002372,TXN-202411-0390,2024-11-19,Farmaceútica Ramos S.C.P,5985324148426,22.91,3.44,26.35,PayPhone,VISA,PAGADA,Ventas
FAC-002373,TXN-202411-0391,2024-11-03,Consultoría QMRG S.A.,9389880775746,392.43,58.86,451.29,Datafast,VISA,PAGADA,Ventas
FAC-002374,TXN-202411-0392,2024-11-16,Minería Española S.L.N.E,5485785645192,6.68,1.0,7.68,PayPhone,VISA,PAGADA,E-commerce
FAC-002375,TXN-202411-0393,2024-11-23,Comercial Ordóñez S.Com.,4527934682985,9.8,1.47,11.27,Datafast,VISA,PAGADA,E-commerce
FAC-002376,TXN-202411-0394,2024-11-20,Llorens & Asociados S.Com.,2165228735118,13.66,2.05,15.71,Datafast,MASTERCARD,PAGADA,Ventas
FAC-002377,TXN-202411-0395,2024-11-24,Hermanos Rosa S.L.U.,6978634144877,2105.54,315.83,2421.37,Medianet,MASTERCARD,PAGADA,E-commerce
FAC-002378,TXN-202411-0396,2024-11-09,Recio y Fabra S.A.,6647639710318,60.4,9.06,69.46,Datafast,VISA,PAGADA,Ventas
FAC-002379,TXN-202411-0397,2024-11-05,Moraleda y asociados S.L.N.E,7872779606888,212.48,31.87,244.35,Datafast,VISA,PAGADA,Ventas
FAC-002380,TXN-202411-0398,2024-11-24,Despacho DF S.L.,9567420505784,192.23,28.84,221.07,Medianet,VISA,PAGADA,Ventas
FAC-002381,TXN-202411-0399,2024-11-10,Hermanos Martin S.L.,6122163465186,289.3,43.4,332.7,Datafast,VISA,PAGADA,POS
FAC-002382,TXN-202411-0400,2024-11-03,Llobet y Hidalgo S.Com.,5015312141382,11.61,1.74,13.35,Datafast,MASTERCARD,PAGADA,Ventas
FAC-002383,TXN-202411-0401,2024-11-11,Navarrete y Acevedo S.A.,9098790868651,334.01,50.1,384.11,Medianet,VISA,PAGADA,E-commerce
FAC-002384,TXN-202411-0402,2024-11-01,Industrias Pujadas y asociados S.Com.,9146601705939,71.72,10.76,82.48,Datafast,AMEX,PAGADA,Ventas
FAC-002385,TXN-202411-0403,2024-11-25,Fernando Estevez Posada S.L.N.E,6370155226412,382.56,57.38,439.94,Datafast,VISA,PAGADA,Ventas
FAC-002386,TXN-202411-0404,2024-11-16,Fábrica Pacheco S.L.,4365529578735,58.09,8.71,66.8,Datafast,MASTERCARD,PAGADA,E-commerce
FAC-002387,TXN-202411-0405,2024-11-24,Reyna Ribera Merino S.Com.,2468320227113,233.79,35.07,268.86,Medianet,VISA,PAGADA,Ventas
FAC-002388,TXN-202411-0407,2024-11-05,Talavera y asociados S.L.,9318002149800,27.83,4.18,32.01,PayPhone,VISA,PAGADA,E-commerce
FAC-002389,TXN-202411-0408,2024-11-29,Inversiones Ropero S.L.,7847555773432,2606.83,391.02,2997.85,Medianet,VISA,PAGADA,Ventas
FAC-002390,TXN-202411-0409,2024-11-15,Comercial Mayoral S.Com.,8123913218366,122.15,18.32,140.47,Datafast,VISA,PAGADA,Ventas
FAC-002391,TXN-202411-0410,2024-11-27,Transportes Osorio & Asociados S.L.L.,8449835980846,30.58,4.59,35.17,Medianet,MASTERCARD,PAGADA,Ventas
FAC-002392,TXN-202411-0411,2024-11-24,Fábrica PG S.C.P,8687329758456,31.59,4.74,36.33,Datafast,DINERS,PAGADA,E-commerce
FAC-002393,TXN-202411-0412,2024-11-13,Compañía del Norte S.L.N.E,2871370244698,25.61,3.84,29.45,Datafast,VISA,PAGADA,Ventas
FAC-002394,TXN-202411-0413,2024-11-07,Restauración Águila & Asociados S.L.N.E,4559890906609,16.8,2.52,19.32,Medianet,VISA,PAGADA,Ventas
FAC-002395,TXN-202411-0414,2024-11-25,Inversiones Castellana S.Coop.,4878306264658,1626.53,243.98,1870.51,Medianet,MASTERCARD,PAGADA,POS
FAC-002396,TXN-202411-0415,2024-11-18,Compañía Domínguez S.L.L.,7899872444631,35.02,5.25,40.27,Datafast,VISA,PAGADA,Ventas
FAC-002397,TXN-202411-0416,2024-11-14,Comercial Zaragoza y asociados S.Coop.,2884209274939,2326.33,348.95,2675.28,Datafast,AMEX,PAGADA,POS
FAC-002398,TXN-202411-0417,2024-11-30,Soluciones Parejo S.L.L.,1598112202151,310.48,46.57,357.05,Datafast,VISA,PAGADA,E-commerce
FAC-002399,TXN-202411-0418,2024-11-19,Hnos Batlle S.L.,2785136840541,17.81,2.67,20.48,Datafast,DINERS,PAGADA,POS
FAC-002400,TXN-202411-0419,2024-11-21,Tejada y asociados S.A.U,5952370087775,350.5,52.58,403.08,Datafast,DINERS,PAGADA,Ventas
FAC-002401,TXN-202411-0420,2024-11-08,Promociones Baró & Asociados S.L.,1990032260734,24.99,3.75,28.74,Medianet,AMEX,PAGADA,Ventas
FAC-002402,TXN-202411-0421,2024-11-20,Supermercados Alfonso & Asociados S.L.N.E,6984326748464,65.2,9.78,74.98,Datafast,DINERS,PAGADA,POS
FAC-002403,TXN-202411-0422,2024-11-03,Isern y Valdés S.L.,9131032338543,356.97,53.55,410.52,Medianet,AMEX,PAGADA,POS
FAC-002404,TXN-202411-0423,2024-11-11,Inversiones Bárcena S.L.,6767305858219,59.96,8.99,68.95,Datafast,AMEX,PAGADA,E-commerce
FAC-002405,TXN-202411-0424,2024-11-12,Soluciones KC S.A.D,6445996822431,59.17,8.88,68.05,Datafast,VISA,PAGADA,E-commerce
FAC-002406,TXN-202411-0425,2024-11-23,Distribuciones Manjón & Asociados S.L.,2712558898392,243.08,36.46,279.54,PayPhone,MASTERCARD,PAGADA,Ventas
FAC-002407,TXN-202411-0426,2024-11-05,Agullo y Puerta S.L.N.E,9830781412570,398.56,59.78,458.34,Datafast,VISA,PAGADA,E-commerce
FAC-002408,TXN-202411-0427,2024-11-18,Despacho Lledó S.A.,9467077924454,127.37,19.11,146.48,Datafast,MASTERCARD,PAGADA,POS
FAC-002409,TXN-202411-0428,2024-11-04,Grupo Ferrándiz S.A.,7059711315687,399.59,59.94,459.53,Datafast,DINERS,PAGADA,Ventas
FAC-002410,TXN-202411-0429,2024-11-29,Aramburu y Redondo S.L.,3610242645963,6.91,1.04,7.95,PayPhone,AMEX,PAGADA,Ventas
FAC-002411,TXN-202411-0430,2024-11-27,Briones & Asociados S.L.,8346845831090,283.64,42.55,326.19,Datafast,VISA,PAGADA,Ventas
FAC-002412,TXN-202411-0431,2024-11-16,Industrias Escobar S.A.,3458587263275,62.65,9.4,72.05,PayPhone,MASTERCARD,PAGADA,E-commerce
FAC-002413,TXN-202411-0432,2024-11-03,Rebollo y Villar S.Coop.,1427192642102,2361.94,354.29,2716.23,Medianet,AMEX,PAGADA,E-commerce
FAC-002414,TXN-202411-0433,2024-11-30,Comercializadora Planas S.Coop.,4087288073664,14.1,2.11,16.21,Datafast,VISA,PAGADA,Ventas
FAC-002415,TXN-202411-0434,2024-11-26,Distribuciones RH S.L.,8270695990196,56.05,8.41,64.46,Datafast,MASTERCARD,PAGADA,Ventas
FAC-002416,TXN-202411-0435,2024-11-19,Inversiones Tirado S.Com.,9443356239502,44.9,6.74,51.64,Datafast,DINERS,PAGADA,Ventas
FAC-002417,TXN-202411-0436,2024-11-17,Marcelino Arnal Almansa S.L.U.,1911870000822,37.83,5.68,43.51,PayPhone,VISA,PAGADA,E-commerce
FAC-002418,TXN-202411-0437,2024-11-10,Arcos y Cabanillas S.C.P,2605322089395,19.92,2.99,22.91,Datafast,AMEX,PAGADA,Ventas
FAC-002419,TXN-202411-0438,2024-11-25,Judith Domingo Roda S.C.P,5908980466171,53.26,7.99,61.25,Datafast,VISA,PAGADA,Ventas
FAC-002420,TXN-202411-0439,2024-11-30,Construcción Moya S.A.,1114782475991,117.28,17.59,134.87,Datafast,VISA,PAGADA,POS
FAC-002421,TXN-202411-0440,2024-11-16,Farmaceútica RIGJ S.L.L.,2573906650688,17.37,2.6,19.97,Datafast,MASTERCARD,PAGADA,Ventas
FAC-002422,TXN-202411-0441,2024-11-12,Hnos Marí S.Coop.,9085760273160,28.82,4.32,33.14,Datafast,MASTERCARD,PAGADA,E-commerce
FAC-002423,TXN-202411-0442,2024-11-12,Restauración Ugarte S.Com.,4050245063270,26.66,4.0,30.66,PayPhone,MASTERCARD,PAGADA,Ventas
FAC-002424,TXN-202411-0443,2024-11-15,Familia Cabrero S.A.,9852416945646,9.78,1.47,11.25,Datafast,VISA,PAGADA,Ventas
FAC-002425,TXN-202411-0444,2024-11-04,Glauco Castillo Arco S.C.P,7866764691428,37.53,5.63,43.16,Datafast,MASTERCARD,PAGADA,E-commerce
FAC-002426,TXN-202411-0445,2024-11-12,Suministros Ibérica S.L.,4900001374378,9.2,1.38,10.58,PayPhone,AMEX,PAGADA,POS
FAC-002427,TXN-202411-0446,2024-11-01,Bayo y asociados S.A.T.,4471073823225,385.0,57.75,442.75,Datafast,AMEX,PAGADA,E-commerce
FAC-002428,TXN-202411-0447,2024-11-05,Banco Nuñez S.Coop.,9483376223345,295.07,44.26,339.33,Datafast,AMEX,PAGADA,E-commerce
FAC-002429,TXN-202411-0448,2024-11-26,Moll y Galindo S.L.L.,1515417765786,61.31,9.2,70.51,Medianet,AMEX,PAGADA,Ventas
FAC-002430,TXN-202411-0449,2024-11-24,Leiva y Monreal S.Com.,6510000591186,142.43,21.37,163.8,Datafast,VISA,PAGADA,POS
FAC-002431,TXN-202411-0450,2024-11-22,Manzanares & Asociados S.A.,3047939334891,32.58,4.89,37.47,Datafast,MASTERCARD,PAGADA,Ventas
FAC-002432,TXN-202411-0451,2024-11-07,Wilfredo Cantero Baquero S.Com.,4602696315558,45.14,6.77,51.91,Datafast,MASTERCARD,PAGADA,Ventas
FAC-002433,TXN-202411-0452,2024-11-16,Banca Privada ZUM S.L.N.E,1608757575131,50.41,7.56,57.97,PayPhone,MASTERCARD,PAGADA,POS
FAC-002434,TXN-202411-0453,2024-11-17,Farmaceútica Integrales S.A.,7538237084446,231.18,34.68,265.86,Medianet,MASTERCARD,PAGADA,E-commerce
FAC-002435,TXN-202411-0454,2024-11-19,Logística Cuevas S.Coop.,7850138138541,61.62,9.24,70.86,Datafast,DINERS,PAGADA,Ventas
FAC-002436,TXN-202411-0455,2024-11-11,Cases y Miranda S.L.,8042932645701,16.55,2.48,19.03,Medianet,MASTERCARD,PAGADA,E-commerce
FAC-002437,TXN-202411-0456,2024-11-17,Hnos España S.Coop.,7073370106536,289.26,43.39,332.65,Datafast,MASTERCARD,PAGADA,Ventas
FAC-002438,TXN-202411-0457,2024-11-17,Ibarra & Asociados S.L.,1554971279310,338.17,50.72,388.89,Datafast,VISA,PAGADA,E-commerce
FAC-002439,TXN-202411-0458,2024-11-03,Cañizares y asociados S.L.,7826277569990,53.54,8.03,61.57,Medianet,DINERS,PAGADA,E-commerce
FAC-002440,TXN-202411-0459,2024-11-27,José Noriega Sancho S.L.N.E,6504186960956,295.95,44.39,340.34,Datafast,VISA,PAGADA,Ventas
FAC-002441,TXN-202411-0460,2024-11-24,Logística Carreño S.L.,6111828921075,73.95,11.09,85.04,Datafast,MASTERCARD,PAGADA,POS
FAC-002442,TXN-202411-0461,2024-11-22,Trinidad Alcántara Bermúdez S.A.T.,7464358309753,1220.61,183.09,1403.7,Datafast,MASTERCARD,PAGADA,POS
FAC-002443,TXN-202411-0462,2024-11-15,Carretero y asociados S.A.,3563149289691,59.11,8.87,67.98,Medianet,VISA,PAGADA,E-commerce
FAC-002444,TXN-202411-0463,2024-11-11,Grupo Hernández S.L.,7661756863454,54.14,8.12,62.26,Medianet,VISA,PAGADA,Ventas
FAC-002445,TXN-202411-0464,2024-11-12,Conrado Chaves Amaya S.Com.,8564220699255,85.16,12.77,97.93,PayPhone,VISA,PAGADA,E-commerce
FAC-002446,TXN-202411-0465,2024-11-13,Zaida Bernad Alcántara S.L.,7730035808756,2274.96,341.24,2616.2,Datafast,VISA,PAGADA,POS
FAC-002447,TXN-202411-0466,2024-11-13,Adadia y Salom S.L.N.E,9034491088534,52.47,7.87,60.34,PayPhone,VISA,PAGADA,Ventas
FAC-002448,TXN-202411-0467,2024-11-28,Supermercados Castellana S.Coop.,8183192727783,208.88,31.33,240.21,PayPhone,AMEX,PAGADA,E-commerce
FAC-002449,TXN-202411-0468,2024-11-29,Roxana Expósito Torrens S.L.L.,4607932818167,57.66,8.65,66.31,Datafast,VISA,PAGADA,Ventas
FAC-002450,TXN-202411-0469,2024-11-16,Pedro & Asociados S.L.N.E,2177110340207,5.42,0.81,6.23,Datafast,DINERS,PAGADA,Ventas
FAC-002451,TXN-202411-0470,2024-11-27,Banco Gutiérrez S.L.N.E,3861745741791,14.67,2.2,16.87,Datafast,VISA,PAGADA,Ventas
FAC-002452,TXN-202411-0471,2024-11-14,Posada & Asociados S.Com.,7448000001330,251.86,37.78,289.64,Datafast,VISA,PAGADA,Ventas
FAC-002453,TXN-202411-0472,2024-11-11,Grupo Bastida S.Coop.,9721489040113,11.26,1.69,12.95,Datafast,MASTERCARD,PAGADA,POS
FAC-002454,TXN-202411-0473,2024-11-26,Familia Castelló S.L.U.,9292158192772,65.87,9.88,75.75,Datafast,VISA,PAGADA,E-commerce
FAC-002455,TXN-202411-0474,2024-11-21,Desarrollo AK S.A.,4443764561846,14.7,2.2,16.9,Datafast,VISA,PAGADA,E-commerce
FAC-002456,TXN-202411-0475,2024-11-10,Desarrollo Tello & Asociados S.A.T.,8191583365974,12.79,1.92,14.71,Medianet,VISA,PAGADA,Ventas
FAC-002457,TXN-202411-0476,2024-11-16,Arana y Lastra S.A.,7209148719290,204.54,30.68,235.22,Medianet,AMEX,PAGADA,Ventas
FAC-002458,TXN-202411-0477,2024-11-23,Construcción Globales S.L.N.E,7533826561978,65.95,9.89,75.84,Datafast,VISA,PAGADA,Ventas
FAC-002459,TXN-202411-0478,2024-11-16,Juan y Garriga S.Coop.,9196812666991,398.93,59.84,458.77,PayPhone,AMEX,PAGADA,Ventas
FAC-002460,TXN-202411-0479,2024-11-05,Comercial Lorenzo & Asociados S.A.,5999277086657,17.03,2.55,19.58,Medianet,MASTERCARD,PAGADA,E-commerce
FAC-002461,TXN-202411-0480,2024-11-20,Marco Pulido Pozo S.L.L.,4786597759776,1974.14,296.12,2270.26,Medianet,MASTERCARD,PAGADA,E-commerce
FAC-002462,TXN-202411-0481,2024-11-11,Peláez y Escribano S.A.,7138007506823,394.81,59.22,454.03,PayPhone,VISA,PAGADA,Ventas
FAC-002463,TXN-202411-0482,2024-11-17,Industrias Inteligentes S.Coop.,9337339347412,25.32,3.8,29.12,PayPhone,VISA,PAGADA,Ventas
FAC-002464,TXN-202411-0483,2024-11-03,Gallart & Asociados S.L.U.,6578865707385,2017.02,302.55,2319.57,Datafast,AMEX,PAGADA,Ventas
FAC-002465,TXN-202411-0484,2024-11-12,Vicente y Granados S.A.,4360521732133,329.57,49.43,379.0,Datafast,VISA,PAGADA,E-commerce
FAC-002466,TXN-202411-0485,2024-11-20,Hnos Cabello S.A.,1058789288022,27.57,4.14,31.71,Datafast,VISA,PAGADA,POS
FAC-002467,TXN-202411-0486,2024-11-11,Planas y Sotelo S.Coop.,8555769308883,1488.47,223.27,1711.74,Medianet,MASTERCARD,PAGADA,Ventas
FAC-002468,TXN-202411-0487,2024-11-30,Finanzas Martí S.Coop.,7307991906231,138.3,20.74,159.04,PayPhone,VISA,PAGADA,POS
FAC-002469,TXN-202411-0488,2024-11-17,Flavio Arana Cabezas S.L.,5443449197470,62.05,9.31,71.36,Medianet,VISA,PAGADA,Ventas
FAC-002470,TXN-202411-0489,2024-11-01,Finanzas QPK S.Com.,9184867117249,57.73,8.66,66.39,Datafast,MASTERCARD,PAGADA,E-commerce
FAC-002471,TXN-202411-0490,2024-11-25,Hermanos Garzón S.L.N.E,7759634365094,46.84,7.03,53.87,Datafast,VISA,PAGADA,Ventas
FAC-002472,TXN-202411-0491,2024-11-21,Grupo Pintor S.L.,2362672408962,755.69,113.35,869.04,Datafast,VISA,PAGADA,POS
FAC-002473,TXN-202411-0492,2024-11-09,Hermanos Carlos S.C.P,8170132156670,108.91,16.34,125.25,Medianet,MASTERCARD,PAGADA,POS
FAC-002474,TXN-202411-0493,2024-11-05,Bertrán y Ojeda S.Coop.,1891871710459,14.97,2.25,17.22,Datafast,MASTERCARD,PAGADA,POS
FAC-002475,TXN-202411-0494,2024-11-12,Talleres RJK S.C.P,8392071898022,271.37,40.71,312.08,PayPhone,VISA,PAGADA,Ventas
FAC-002476,TXN-202411-0495,2024-11-21,Gil y Polo S.A.,2031896050346,299.24,44.89,344.13,Datafast,MASTERCARD,PAGADA,E-commerce
FAC-002477,TXN-202411-0496,2024-11-10,Hermanos Aliaga S.L.U.,2317341741465,82.17,12.33,94.5,Datafast,VISA,PAGADA,E-commerce
FAC-002478,TXN-202411-0497,2024-11-23,Leopoldo Vazquez Moya S.Com.,5645123355916,89.97,13.49,103.46,Medianet,MASTERCARD,PAGADA,Ventas
FAC-002479,TXN-202411-0498,2024-11-17,Llanos y asociados S.Coop.,4891566303633,14.23,2.14,16.37,Datafast,VISA,PAGADA,Ventas
FAC-002480,TXN-202411-0499,2024-11-11,Servicios Coello S.Coop.,7564865007443,424.67,63.7,488.37,PayPhone,VISA,PAGADA,POS
FAC-002481,TXN-202411-0500,2024-11-17,Zorrilla & Asociados S.L.N.E,5125019165364,39.9,5.98,45.88,Datafast,MASTERCARD,PAGADA,E-commerce
FAC-002482,TXN-202412-0001,2024-12-27,Díaz y Alberola S.Coop.,6906696778134,58.01,8.7,66.71,Medianet,VISA,PAGADA,POS
FAC-002483,TXN-202412-0002,2024-12-08,Inmobiliaria XEW S.A.,1845244864915,1001.64,150.25,1151.89,Datafast,VISA,PAGADA,Ventas
FAC-002484,TXN-202412-0003,2024-12-08,Tamarit & Asociados S.Coop.,3750904351840,59.32,8.9,68.22,Medianet,MASTERCARD,PAGADA,Ventas
FAC-002485,TXN-202412-0004,2024-12-28,Mario Julián Campos S.Com.,5839294651327,14.3,2.15,16.45,Datafast,VISA,PAGADA,E-commerce
FAC-002486,TXN-202412-0005,2024-12-01,Restauración Internacionales S.L.N.E,2000499126438,314.36,47.15,361.51,Medianet,VISA,PAGADA,E-commerce
FAC-002487,TXN-202412-0006,2024-12-18,Eusebio Roldan Sala S.Coop.,4370981920509,324.17,48.62,372.79,Medianet,VISA,PAGADA,E-commerce
FAC-002488,TXN-202412-0007,2024-12-01,Suministros del Norte S.C.P,2263392362593,42.36,6.35,48.71,Datafast,MASTERCARD,PAGADA,POS
FAC-002489,TXN-202412-0008,2024-12-06,Valcárcel y Guitart S.Coop.,2786571192491,62.95,9.44,72.39,Medianet,MASTERCARD,PAGADA,Ventas
FAC-002490,TXN-202412-0009,2024-12-10,Ruano y Valcárcel S.Com.,2783006238183,2052.72,307.91,2360.63,Datafast,MASTERCARD,PAGADA,E-commerce
FAC-002491,TXN-202412-0010,2024-12-20,Téllez & Asociados S.A.,9392451679177,17.5,2.62,20.12,Medianet,MASTERCARD,PAGADA,Ventas
FAC-002492,TXN-202412-0011,2024-12-10,Amo & Asociados S.L.,6119607911729,12.12,1.82,13.94,Datafast,VISA,PAGADA,POS
FAC-002493,TXN-202412-0012,2024-12-13,Jacobo Pla Roura S.Coop.,2933591335315,256.49,38.47,294.96,Datafast,MASTERCARD,PAGADA,Ventas
FAC-002494,TXN-202412-0013,2024-12-28,Banca Privada Barrena S.A.U,4156287245040,340.85,51.13,391.98,Datafast,VISA,PAGADA,Ventas
FAC-002495,TXN-202412-0014,2024-12-22,Restauración Internacionales S.Coop.,8341477168289,373.77,56.06,429.83,Datafast,MASTERCARD,PAGADA,E-commerce
FAC-002496,TXN-202412-0015,2024-12-21,Pepita Linares Sáez S.L.N.E,7821824468216,7.9,1.18,9.08,PayPhone,AMEX,PAGADA,Ventas
FAC-002497,TXN-202412-0016,2024-12-10,Porfirio Peinado Álvarez S.L.,3462970386473,37.68,5.65,43.33,Medianet,AMEX,PAGADA,E-commerce
FAC-002498,TXN-202412-0017,2024-12-24,Restauración Corral S.A.,2823224263783,36.93,5.54,42.47,Datafast,VISA,PAGADA,Ventas
FAC-002499,TXN-202412-0018,2024-12-30,Soluciones Internacionales S.L.,6081254145287,53.51,8.03,61.54,Medianet,VISA,PAGADA,E-commerce
FAC-002500,TXN-202412-0019,2024-12-31,Criado y asociados S.Com.,7947590447417,313.17,46.98,360.15,Datafast,MASTERCARD,PAGADA,Ventas
FAC-002501,TXN-202412-0020,2024-12-02,Rafael Bernat Hernández S.Coop.,6443441057940,6.38,0.96,7.34,Datafast,VISA,PAGADA,Ventas
FAC-002502,TXN-202412-0021,2024-12-19,Banca Privada EH S.L.,5952532932444,29.23,4.38,33.61,PayPhone,DINERS,PAGADA,E-commerce
FAC-002503,TXN-202412-0022,2024-12-24,Tecnologías Llano & Asociados S.L.,9483451995508,424.17,63.62,487.79,Datafast,VISA,PAGADA,Ventas
FAC-002504,TXN-202412-0023,2024-12-29,Alimentación Urrutia S.L.N.E,9397754728157,54.59,8.19,62.78,Datafast,VISA,PAGADA,Ventas
FAC-002505,TXN-202412-0024,2024-12-26,Inmobiliaria SNG S.Com.,1366250162204,2363.83,354.57,2718.4,Datafast,VISA,PAGADA,E-commerce
FAC-002506,TXN-202412-0025,2024-12-29,Julio Campoy Requena S.L.N.E,3477149487248,2158.18,323.73,2481.91,Datafast,MASTERCARD,PAGADA,Ventas
FAC-002507,TXN-202412-0026,2024-12-29,Familia Arrieta S.A.D,4292615283056,235.83,35.37,271.2,Datafast,VISA,PAGADA,Ventas
FAC-002508,TXN-202412-0027,2024-12-03,Infraestructuras CM S.A.,8020808207809,41.08,6.16,47.24,Medianet,VISA,PAGADA,Ventas
FAC-002509,TXN-202412-0028,2024-12-02,Múgica & Asociados S.L.,7482209252109,28.97,4.34,33.31,Medianet,VISA,PAGADA,E-commerce
FAC-002510,TXN-202412-0029,2024-12-29,Begoña Guillén Amorós S.L.,4523547913027,5.22,0.78,6.0,Datafast,VISA,PAGADA,E-commerce
FAC-002511,TXN-202412-0030,2024-12-24,Manufacturas Morera & Asociados S.Com.,8429902510022,328.83,49.33,378.16,Medianet,DINERS,PAGADA,Ventas
FAC-002512,TXN-202412-0031,2024-12-07,Inversiones NR S.L.L.,7198257998835,421.34,63.2,484.54,Datafast,VISA,PAGADA,E-commerce
FAC-002513,TXN-202412-0032,2024-12-19,Grupo Morcillo S.A.U,8843260322408,530.7,79.61,610.31,Medianet,AMEX,PAGADA,Ventas
FAC-002514,TXN-202412-0033,2024-12-24,Porta & Asociados S.Com.,1077003781715,330.9,49.64,380.54,Medianet,MASTERCARD,PAGADA,POS
FAC-002515,TXN-202412-0034,2024-12-18,Cerdán y Téllez S.A.,1668524608889,57.87,8.68,66.55,Datafast,VISA,PAGADA,Ventas
FAC-002516,TXN-202412-0035,2024-12-11,Supermercados Borrás S.L.N.E,5792085151228,267.06,40.06,307.12,Datafast,AMEX,PAGADA,E-commerce
FAC-002517,TXN-202412-0036,2024-12-12,Raquel Cortés Samper S.A.,6360099974941,205.47,30.82,236.29,Medianet,VISA,PAGADA,Ventas
FAC-002518,TXN-202412-0037,2024-12-14,Farmaceútica Ibérica S.L.N.E,2371590364873,316.35,47.45,363.8,Datafast,MASTERCARD,PAGADA,Ventas
FAC-002519,TXN-202412-0038,2024-12-30,Humberto Armengol Salvador S.L.,7025901259968,13.32,2.0,15.32,PayPhone,VISA,PAGADA,E-commerce
FAC-002520,TXN-202412-0039,2024-12-29,Zabala & Asociados S.L.L.,4583432978671,48.72,7.31,56.03,Medianet,VISA,PAGADA,POS
FAC-002521,TXN-202412-0040,2024-12-11,Jose Angel Peña Vilaplana S.Coop.,5242959957194,750.11,112.52,862.63,Datafast,AMEX,PAGADA,POS
FAC-002522,TXN-202412-0041,2024-12-27,Suministros Ángel & Asociados S.C.P,6670071910353,279.09,41.86,320.95,Medianet,MASTERCARD,PAGADA,E-commerce
FAC-002523,TXN-202412-0042,2024-12-17,Ani Jara Vargas S.Com.,3863592172340,391.22,58.68,449.9,PayPhone,VISA,PAGADA,E-commerce
FAC-002524,TXN-202412-0043,2024-12-22,Cabo & Asociados S.L.L.,5315588663143,65.3,9.79,75.09,Datafast,VISA,PAGADA,Ventas
FAC-002525,TXN-202412-0044,2024-12-11,Hnos Durán S.Coop.,7970611542118,248.23,37.23,285.46,Medianet,MASTERCARD,PAGADA,Ventas
FAC-002526,TXN-202412-0045,2024-12-27,Acero & Asociados S.Com.,7495949192659,1572.0,235.8,1807.8,PayPhone,VISA,PAGADA,E-commerce
FAC-002527,TXN-202412-0046,2024-12-04,Grupo Lorenzo S.Com.,5217336664814,53.37,8.0,61.37,Datafast,VISA,PAGADA,Ventas
FAC-002528,TXN-202412-0047,2024-12-07,Josep Almansa Carbajo S.Com.,3813740019801,396.52,59.48,456.0,Medianet,VISA,PAGADA,Ventas
FAC-002529,TXN-202412-0048,2024-12-05,Cózar y Valentín S.L.N.E,2306382244326,11.38,1.71,13.09,Datafast,MASTERCARD,PAGADA,E-commerce
FAC-002530,TXN-202412-0049,2024-12-07,Suministros Casas & Asociados S.Com.,5449518981978,180.17,27.03,207.2,Medianet,VISA,PAGADA,POS
FAC-002531,TXN-202412-0050,2024-12-10,Distribuciones Ochoa y asociados S.L.,9355179154369,5.41,0.81,6.22,Medianet,DINERS,PAGADA,E-commerce
FAC-002532,TXN-202412-0051,2024-12-15,Hnos Vigil S.L.N.E,8103459489304,94.04,14.11,108.15,Datafast,AMEX,PAGADA,Ventas
FAC-002533,TXN-202412-0052,2024-12-10,Juana Riba Moles S.Coop.,8840809100695,49.86,7.48,57.34,Datafast,VISA,PAGADA,Ventas
FAC-002534,TXN-202412-0053,2024-12-16,Desarrollo Valentín & Asociados S.Coop.,6198198333167,42.81,6.42,49.23,Datafast,VISA,PAGADA,POS
FAC-002535,TXN-202412-0054,2024-12-11,Benavides & Asociados S.L.L.,8526640307505,6.4,0.96,7.36,Medianet,VISA,PAGADA,POS
FAC-002536,TXN-202412-0055,2024-12-18,Restauración CR S.Coop.,8299064081067,209.72,31.46,241.18,Datafast,MASTERCARD,PAGADA,POS
FAC-002537,TXN-202412-0056,2024-12-22,Peral y Jover S.A.D,2409179651059,416.2,62.43,478.63,Datafast,MASTERCARD,PAGADA,E-commerce
FAC-002538,TXN-202412-0057,2024-12-03,Comercial Internacionales S.L.L.,3008653749455,2084.89,312.73,2397.62,PayPhone,VISA,PAGADA,E-commerce
FAC-002539,TXN-202412-0058,2024-12-21,Clara Olivé Cañizares S.Com.,7839318566549,58.52,8.78,67.3,Datafast,VISA,PAGADA,Ventas
FAC-002540,TXN-202412-0059,2024-12-02,Instalaciones Valenciano S.Coop.,4147812688810,68.52,10.28,78.8,Datafast,MASTERCARD,PAGADA,Ventas
FAC-002541,TXN-202412-0060,2024-12-14,Ernesto Almansa Soler S.L.,7086320197030,148.65,22.3,170.95,Datafast,MASTERCARD,PAGADA,Ventas
FAC-002542,TXN-202412-0061,2024-12-30,Construcción del Sur S.A.,7281762325588,354.74,53.21,407.95,Datafast,VISA,PAGADA,Ventas
FAC-002543,TXN-202412-0062,2024-12-13,Inversiones VLAY S.L.,2419127761518,49.81,7.47,57.28,Datafast,MASTERCARD,PAGADA,E-commerce
FAC-002544,TXN-202412-0063,2024-12-16,Instalaciones Internacionales S.Coop.,1378442467600,324.57,48.68,373.25,Medianet,VISA,PAGADA,Ventas
FAC-002545,TXN-202412-0064,2024-12-11,Grupo Alvarez S.L.,4225976571254,23.28,3.49,26.77,PayPhone,VISA,PAGADA,Ventas
FAC-002546,TXN-202412-0065,2024-12-16,Familia Mata S.Coop.,4858479519614,142.29,21.34,163.63,Datafast,VISA,PAGADA,POS
FAC-002547,TXN-202412-0066,2024-12-25,Soluciones Ibéricos S.Coop.,8390140905444,400.23,60.04,460.27,Datafast,MASTERCARD,PAGADA,Ventas
FAC-002548,TXN-202412-0067,2024-12-28,Narcisa Marín Checa S.A.,8362521653897,48.9,7.33,56.23,Datafast,VISA,PAGADA,E-commerce
FAC-002549,TXN-202412-0068,2024-12-04,Distribuciones Internacionales S.L.,3790766675244,402.52,60.38,462.9,Datafast,VISA,PAGADA,Ventas
FAC-002550,TXN-202412-0069,2024-12-15,Desarrollo del Norte S.A.T.,3303157997065,1658.2,248.73,1906.93,Datafast,MASTERCARD,PAGADA,Ventas
FAC-002551,TXN-202412-0070,2024-12-23,Miguel & Asociados S.L.,8111245077836,38.6,5.79,44.39,Datafast,MASTERCARD,PAGADA,E-commerce
FAC-002552,TXN-202412-0071,2024-12-18,Finanzas Guitart S.L.,3850968019227,22.54,3.38,25.92,Medianet,VISA,PAGADA,Ventas
FAC-002553,TXN-202412-0072,2024-12-12,Construcción VNC S.Coop.,2566239352601,66.22,9.93,76.15,Datafast,VISA,PAGADA,Ventas
FAC-002554,TXN-202412-0073,2024-12-04,Servicios KM S.Com.,6972655813261,2338.11,350.72,2688.83,Datafast,AMEX,PAGADA,Ventas
FAC-002555,TXN-202412-0074,2024-12-18,Tecnologías Posada S.A.T.,3454270182332,232.49,34.87,267.36,Datafast,MASTERCARD,PAGADA,E-commerce
FAC-002556,TXN-202412-0075,2024-12-19,Jódar y Román S.Coop.,9200253046740,1861.44,279.22,2140.66,Medianet,VISA,PAGADA,Ventas
FAC-002557,TXN-202412-0076,2024-12-24,Consultoría XP S.Com.,6818533115648,23.94,3.59,27.53,Datafast,VISA,PAGADA,Ventas
FAC-002558,TXN-202412-0077,2024-12-17,Ramirez y Cid S.L.,3856287531848,5.14,0.77,5.91,Datafast,VISA,PAGADA,E-commerce
FAC-002559,TXN-202412-0078,2024-12-11,Mínguez y Solano S.Com.,4036492152964,57.27,8.59,65.86,Datafast,MASTERCARD,PAGADA,Ventas
FAC-002560,TXN-202412-0079,2024-12-16,Comercial Carranza S.A.,5687166393032,35.31,5.3,40.61,PayPhone,AMEX,PAGADA,POS
FAC-002561,TXN-202412-0080,2024-12-26,Pozo y Lorenzo S.Com.,3016880701821,267.3,40.09,307.39,Datafast,VISA,PAGADA,Ventas
FAC-002562,TXN-202412-0081,2024-12-03,Belén Parra Escrivá S.C.P,9955741251218,60.51,9.08,69.59,Datafast,VISA,PAGADA,POS
FAC-002563,TXN-202412-0082,2024-12-25,Salazar y asociados S.Coop.,7933401791944,159.8,23.97,183.77,Medianet,DINERS,PAGADA,POS
FAC-002564,TXN-202412-0083,2024-12-02,Tecnologías Araujo & Asociados S.A.,9955766962536,21.47,3.22,24.69,PayPhone,VISA,PAGADA,POS
FAC-002565,TXN-202412-0084,2024-12-24,Fábrica del Noroeste S.C.P,6711712034574,16.91,2.54,19.45,Datafast,VISA,PAGADA,E-commerce
FAC-002566,TXN-202412-0085,2024-12-05,Hermanos Miguel S.Coop.,2575659230022,342.97,51.45,394.42,Datafast,MASTERCARD,PAGADA,E-commerce
FAC-002567,TXN-202412-0086,2024-12-25,Talleres Piña S.L.,4722371664333,305.51,45.83,351.34,Medianet,MASTERCARD,PAGADA,POS
FAC-002568,TXN-202412-0087,2024-12-14,Transportes AQCC S.Coop.,9851999721115,54.77,8.21,62.98,Datafast,MASTERCARD,PAGADA,POS
FAC-002569,TXN-202412-0088,2024-12-05,Instalaciones MWDE S.L.,2792709930676,62.5,9.37,71.87,Datafast,VISA,PAGADA,E-commerce
FAC-002570,TXN-202412-0089,2024-12-30,Banco Cerdá y asociados S.A.U,9042011731010,46.75,7.01,53.76,Datafast,VISA,PAGADA,Ventas
FAC-002571,TXN-202412-0090,2024-12-31,Compañía Nogués & Asociados S.A.,8810460052049,24.44,3.67,28.11,Datafast,MASTERCARD,PAGADA,POS
FAC-002572,TXN-202412-0091,2024-12-23,Grupo Villanueva S.Coop.,5366865103895,321.0,48.15,369.15,Medianet,VISA,PAGADA,E-commerce
FAC-002573,TXN-202412-0092,2024-12-16,Logística SMOF S.Com.,3672278392902,279.2,41.88,321.08,PayPhone,MASTERCARD,PAGADA,Ventas
FAC-002574,TXN-202412-0093,2024-12-21,Banco Cabrera y asociados S.Coop.,5332448880769,38.06,5.71,43.77,Datafast,VISA,PAGADA,E-commerce
FAC-002575,TXN-202412-0094,2024-12-17,Infraestructuras Bernal S.A.,6557765439592,23.19,3.48,26.67,Datafast,VISA,PAGADA,POS
FAC-002576,TXN-202412-0095,2024-12-12,Fábrica Calvet S.L.,8091463124534,1665.25,249.79,1915.04,Datafast,AMEX,PAGADA,E-commerce
FAC-002577,TXN-202412-0096,2024-12-20,Gallardo y asociados S.L.N.E,6849116084781,171.29,25.69,196.98,Datafast,VISA,PAGADA,Ventas
FAC-002578,TXN-202412-0097,2024-12-26,Grupo Revilla S.L.N.E,8122234494474,356.96,53.54,410.5,Medianet,VISA,PAGADA,Ventas
FAC-002579,TXN-202412-0098,2024-12-11,Eduardo Roura Pina S.L.N.E,7848569445142,39.75,5.96,45.71,Datafast,MASTERCARD,PAGADA,Ventas
FAC-002580,TXN-202412-0099,2024-12-29,Borrell & Asociados S.Com.,2557299142607,51.6,7.74,59.34,Medianet,MASTERCARD,PAGADA,Ventas
FAC-002581,TXN-202412-0100,2024-12-06,Fábrica GE S.Coop.,1833914382764,372.83,55.93,428.76,Medianet,VISA,PAGADA,Ventas
FAC-002582,TXN-202412-0101,2024-12-30,Finanzas Alberdi S.L.,9461239554525,51.11,7.67,58.78,PayPhone,VISA,PAGADA,Ventas
FAC-002583,TXN-202412-0102,2024-12-04,Juan Manuel Sevillano Ibarra S.Com.,8313720677309,9.04,1.36,10.4,Datafast,VISA,PAGADA,E-commerce
FAC-002584,TXN-202412-0103,2024-12-30,Comercial Guardia & Asociados S.L.,9678039934686,16.67,2.5,19.17,PayPhone,DINERS,PAGADA,Ventas
FAC-002585,TXN-202412-0104,2024-12-09,Fábrica VLSF S.L.,3007539191938,1703.44,255.52,1958.96,PayPhone,VISA,PAGADA,POS
FAC-002586,TXN-202412-0105,2024-12-16,Fábrica Rosales y asociados S.Coop.,3089183507398,32.24,4.84,37.08,Medianet,VISA,PAGADA,Ventas
FAC-002587,TXN-202412-0106,2024-12-04,Comercializadora Iberia S.L.L.,4885505068151,13.46,2.02,15.48,Datafast,VISA,PAGADA,Ventas
FAC-002588,TXN-202412-0107,2024-12-04,José Luis Velasco Segovia S.Com.,9714627856621,8.93,1.34,10.27,Medianet,DINERS,PAGADA,POS
FAC-002589,TXN-202412-0108,2024-12-14,Hermanos Santamaría S.A.,7062724381445,52.81,7.92,60.73,Medianet,VISA,PAGADA,POS
FAC-002590,TXN-202412-0109,2024-12-20,Esparza y asociados S.Coop.,6251499753014,11.62,1.74,13.36,Datafast,MASTERCARD,PAGADA,E-commerce
FAC-002591,TXN-202412-0110,2024-12-19,Hnos Acedo S.A.T.,4363384554501,44.67,6.7,51.37,Datafast,VISA,PAGADA,POS
FAC-002592,TXN-202412-0111,2024-12-19,Hotel EB S.L.N.E,2622198848131,5.84,0.88,6.72,PayPhone,VISA,PAGADA,POS
FAC-002593,TXN-202412-0112,2024-12-18,Transportes WG S.Com.,2605930898930,1267.98,190.2,1458.18,Medianet,VISA,PAGADA,E-commerce
FAC-002594,TXN-202412-0113,2024-12-09,Logística Ibéricos S.Coop.,8222202417669,293.86,44.08,337.94,Datafast,VISA,PAGADA,Ventas
FAC-002595,TXN-202412-0114,2024-12-20,Amelia Barreda Redondo S.C.P,6606838282667,20.13,3.02,23.15,Datafast,VISA,PAGADA,POS
FAC-002596,TXN-202412-0115,2024-12-22,Manufacturas Gimenez & Asociados S.Com.,4700097735496,4.56,0.68,5.24,PayPhone,AMEX,PAGADA,E-commerce
FAC-002597,TXN-202412-0116,2024-12-08,Hnos Miralles S.A.U,3359590121355,232.51,34.88,267.39,Datafast,AMEX,PAGADA,E-commerce
FAC-002598,TXN-202412-0118,2024-12-07,Familia Cobo S.L.,3401253436466,54.24,8.14,62.38,PayPhone,MASTERCARD,PAGADA,Ventas
FAC-002599,TXN-202412-0119,2024-12-16,Comercializadora del Sur S.Com.,8437067564403,25.36,3.8,29.16,Datafast,MASTERCARD,PAGADA,Ventas
FAC-002600,TXN-202412-0120,2024-12-23,Transportes Puga y asociados S.C.P,9014822119457,205.77,30.87,236.64,Medianet,AMEX,PAGADA,Ventas
FAC-002601,TXN-202412-0121,2024-12-07,Hermenegildo Ruano Chamorro S.A.,3305553216855,55.75,8.36,64.11,Medianet,MASTERCARD,PAGADA,E-commerce
FAC-002602,TXN-202412-0122,2024-12-08,Hermanos Gálvez S.Com.,5002694505836,23.3,3.5,26.8,Datafast,VISA,PAGADA,E-commerce
FAC-002603,TXN-202412-0123,2024-12-08,Inversiones Viñas S.Coop.,1672288499392,65.34,9.8,75.14,Medianet,VISA,PAGADA,Ventas
FAC-002604,TXN-202412-0124,2024-12-12,Restauración Integrales S.L.L.,7886689801065,211.59,31.74,243.33,Medianet,VISA,PAGADA,POS
FAC-002605,TXN-202412-0125,2024-12-03,Finanzas FES S.A.,3385443052361,401.62,60.24,461.86,Datafast,VISA,PAGADA,POS
FAC-002606,TXN-202412-0126,2024-12-16,Consultoría Ibérica S.L.,4216370727420,69.37,10.41,79.78,Datafast,VISA,PAGADA,POS
FAC-002607,TXN-202412-0127,2024-12-26,Palau y Hernandez S.Com.,1550294079939,288.37,43.25,331.62,Datafast,AMEX,PAGADA,Ventas
FAC-002608,TXN-202412-0128,2024-12-03,Saavedra y Sanz S.L.,6678810485915,53.96,8.09,62.05,PayPhone,DINERS,PAGADA,POS
FAC-002609,TXN-202412-0129,2024-12-03,Construcción OC S.C.P,8605424878404,87.85,13.18,101.03,PayPhone,VISA,PAGADA,Ventas
FAC-002610,TXN-202412-0130,2024-12-09,Compañía Nieto & Asociados S.C.P,2347140887795,60.34,9.05,69.39,PayPhone,VISA,PAGADA,E-commerce
FAC-002611,TXN-202412-0131,2024-12-03,Instalaciones MKGX S.C.P,1956992291379,19.47,2.92,22.39,Datafast,VISA,PAGADA,E-commerce
FAC-002612,TXN-202412-0132,2024-12-31,Instalaciones Oller S.L.,1416884047633,417.92,62.69,480.61,Datafast,MASTERCARD,PAGADA,POS
FAC-002613,TXN-202412-0133,2024-12-08,Vilar y asociados S.A.,1199479141592,2380.27,357.04,2737.31,Datafast,MASTERCARD,PAGADA,POS
FAC-002614,TXN-202412-0134,2024-12-04,Mario Ruano Espejo S.Coop.,7442767741653,94.17,14.13,108.3,PayPhone,VISA,PAGADA,POS
FAC-002615,TXN-202412-0135,2024-12-25,Distribuciones Peña y asociados S.A.,6646678563716,34.51,5.18,39.69,PayPhone,VISA,PAGADA,POS
FAC-002616,TXN-202412-0136,2024-12-01,Barba y Ortiz S.A.,4736111685952,968.8,145.32,1114.12,Medianet,VISA,PAGADA,E-commerce
FAC-002617,TXN-202412-0137,2024-12-17,Piñol y Cerro S.A.,4917168747825,5.7,0.85,6.55,PayPhone,MASTERCARD,PAGADA,Ventas
FAC-002618,TXN-202412-0138,2024-12-08,Suministros Peñas y asociados S.L.N.E,6234325101102,59.56,8.93,68.49,Datafast,VISA,PAGADA,E-commerce
FAC-002619,TXN-202412-0139,2024-12-06,Soluciones Vallés & Asociados S.L.,9488314914101,20.37,3.06,23.43,PayPhone,MASTERCARD,PAGADA,E-commerce
FAC-002620,TXN-202412-0140,2024-12-03,Talleres Globales S.L.N.E,2120174748157,345.13,51.77,396.9,Datafast,VISA,PAGADA,E-commerce
FAC-002621,TXN-202412-0141,2024-12-25,Talleres Fuentes & Asociados S.L.,8261942380212,36.3,5.45,41.75,Datafast,VISA,PAGADA,Ventas
FAC-002622,TXN-202412-0142,2024-12-21,Zabala y asociados S.A.,4258247080709,239.98,36.0,275.98,Medianet,MASTERCARD,PAGADA,Ventas
FAC-002623,TXN-202412-0143,2024-12-25,Peláez y Tapia S.Com.,3378574364254,343.23,51.49,394.72,Datafast,MASTERCARD,PAGADA,E-commerce
FAC-002624,TXN-202412-0144,2024-12-26,Tecnologías KKHK S.L.N.E,3247026915466,36.94,5.54,42.48,Medianet,VISA,PAGADA,E-commerce
FAC-002625,TXN-202412-0145,2024-12-20,Fábrica Ugarte y asociados S.L.,6592072972231,23.81,3.57,27.38,Datafast,MASTERCARD,PAGADA,E-commerce
FAC-002626,TXN-202412-0146,2024-12-25,Aparicio y asociados S.L.,7670863344539,36.12,5.42,41.54,Datafast,VISA,PAGADA,Ventas
FAC-002627,TXN-202412-0147,2024-12-19,Lladó y Llano S.L.,6650829038569,233.89,35.08,268.97,Datafast,MASTERCARD,PAGADA,POS
FAC-002628,TXN-202412-0148,2024-12-29,Hermanos Vallés S.Coop.,7402844027836,13.63,2.04,15.67,Datafast,MASTERCARD,PAGADA,Ventas
FAC-002629,TXN-202412-0149,2024-12-12,Grande y asociados S.Coop.,9826849414790,50.84,7.63,58.47,PayPhone,VISA,PAGADA,Ventas
FAC-002630,TXN-202412-0150,2024-12-29,Lola Matas Lago S.Coop.,4347515379260,66.16,9.92,76.08,Datafast,VISA,PAGADA,Ventas
FAC-002631,TXN-202412-0151,2024-12-13,Despacho del Levante S.L.L.,6508238200029,34.68,5.2,39.88,PayPhone,VISA,PAGADA,Ventas
FAC-002632,TXN-202412-0152,2024-12-18,Suministros Castellanos S.A.,7080678246553,57.9,8.68,66.58,PayPhone,VISA,PAGADA,Ventas
FAC-002633,TXN-202412-0153,2024-12-11,Alimentación GYI S.Coop.,1092222128816,94.31,14.15,108.46,Datafast,DINERS,PAGADA,Ventas
FAC-002634,TXN-202412-0154,2024-12-24,Fábrica Fonseca y asociados S.Com.,8903583223272,10.96,1.64,12.6,Datafast,MASTERCARD,PAGADA,POS
FAC-002635,TXN-202412-0155,2024-12-12,Construcción Avanzadas S.L.,3844241608388,45.48,6.82,52.3,Medianet,VISA,PAGADA,E-commerce
FAC-002636,TXN-202412-0156,2024-12-11,Soluciones Cuevas y asociados S.L.N.E,9214899482233,196.27,29.44,225.71,Datafast,VISA,PAGADA,POS
FAC-002637,TXN-202412-0157,2024-12-25,Banca Privada Corral & Asociados S.L.N.E,2628466199971,392.24,58.84,451.08,Datafast,AMEX,PAGADA,Ventas
FAC-002638,TXN-202412-0158,2024-12-24,Restauración Gil & Asociados S.Com.,1581863213375,269.7,40.46,310.16,Datafast,MASTERCARD,PAGADA,POS
FAC-002639,TXN-202412-0159,2024-12-11,Servicios Mercader S.Com.,9721455447227,58.13,8.72,66.85,Medianet,DINERS,PAGADA,E-commerce
FAC-002640,TXN-202412-0160,2024-12-25,Ferrer & Asociados S.L.,1304899744225,122.14,18.32,140.46,Medianet,MASTERCARD,PAGADA,Ventas
FAC-002641,TXN-202412-0161,2024-12-10,Alberola y asociados S.A.,8873037485083,7.08,1.06,8.14,Datafast,VISA,PAGADA,E-commerce
FAC-002642,TXN-202412-0162,2024-12-27,Hidalgo y Méndez S.Coop.,6643200608307,222.08,33.31,255.39,PayPhone,VISA,PAGADA,Ventas
FAC-002643,TXN-202412-0163,2024-12-03,Minería Española S.Com.,7236675859877,892.64,133.9,1026.54,Datafast,MASTERCARD,PAGADA,POS
FAC-002644,TXN-202412-0165,2024-12-29,Familia Cornejo S.Coop.,2157333538379,34.32,5.15,39.47,PayPhone,VISA,PAGADA,Ventas
FAC-002645,TXN-202412-0166,2024-12-09,Hotel BC S.Coop.,1423894056947,418.59,62.79,481.38,Medianet,DINERS,PAGADA,Ventas
FAC-002646,TXN-202412-0167,2024-12-22,Minería UGTQ S.L.,5819278120796,190.3,28.55,218.85,Medianet,AMEX,PAGADA,Ventas
FAC-002647,TXN-202412-0168,2024-12-22,Despacho NQTZ S.A.,2948099522427,284.97,42.74,327.71,Medianet,MASTERCARD,PAGADA,Ventas
FAC-002648,TXN-202412-0169,2024-12-14,Hermanos Morante S.L.N.E,5161737201701,57.5,8.62,66.12,PayPhone,MASTERCARD,PAGADA,Ventas
FAC-002649,TXN-202412-0170,2024-12-13,Montoya y Bou S.L.,2475556774735,67.79,10.17,77.96,Datafast,DINERS,PAGADA,POS
FAC-002650,TXN-202412-0171,2024-12-05,Suministros Hernando & Asociados S.Com.,2406744499890,108.46,16.27,124.73,PayPhone,VISA,PAGADA,Ventas
FAC-002651,TXN-202412-0172,2024-12-29,Instalaciones ENQO S.L.,7216778803024,160.41,24.06,184.47,Datafast,MASTERCARD,PAGADA,E-commerce
FAC-002652,TXN-202412-0173,2024-12-13,Amada Nevado Durán S.Com.,8323008334187,31.26,4.69,35.95,PayPhone,MASTERCARD,PAGADA,E-commerce
FAC-002653,TXN-202412-0174,2024-12-31,Comercial Gras S.Com.,2555039303803,44.98,6.75,51.73,Medianet,VISA,PAGADA,Ventas
FAC-002654,TXN-202412-0175,2024-12-27,Álvaro Cózar Cuesta S.Com.,5743137312950,228.66,34.3,262.96,Datafast,VISA,PAGADA,Ventas
FAC-002655,TXN-202412-0176,2024-12-04,Artigas & Asociados S.Coop.,4488819875997,65.5,9.82,75.32,Datafast,VISA,PAGADA,Ventas
FAC-002656,TXN-202412-0177,2024-12-19,Logística Lastra S.C.P,3922927809928,66.84,10.03,76.87,Datafast,AMEX,PAGADA,Ventas
FAC-002657,TXN-202412-0178,2024-12-06,Contreras y Alcalde S.A.U,4098639106204,44.17,6.62,50.79,Datafast,AMEX,PAGADA,Ventas
FAC-002658,TXN-202412-0179,2024-12-03,Suministros Inteligentes S.Coop.,6478630381691,9.76,1.46,11.22,Datafast,VISA,PAGADA,Ventas
FAC-002659,TXN-202412-0180,2024-12-03,Ripoll y asociados S.L.,8348670769864,36.48,5.47,41.95,Medianet,VISA,PAGADA,Ventas
FAC-002660,TXN-202412-0181,2024-12-05,Familia Cobo S.L.,4449118510154,15.93,2.39,18.32,Medianet,DINERS,PAGADA,POS
FAC-002661,TXN-202412-0182,2024-12-12,Desarrollo HT S.Coop.,9527255730180,371.51,55.73,427.24,PayPhone,VISA,PAGADA,Ventas
FAC-002662,TXN-202412-0183,2024-12-02,Distribuciones Quintana S.C.P,7772584230227,190.14,28.52,218.66,Medianet,VISA,PAGADA,E-commerce
FAC-002663,TXN-202412-0184,2024-12-26,Mayol y Carrillo S.Com.,3375215272311,64.51,9.68,74.19,Datafast,VISA,PAGADA,Ventas
FAC-002664,TXN-202412-0185,2024-12-10,Hugo Pino Sanjuan S.L.N.E,9943416638267,21.78,3.27,25.05,PayPhone,AMEX,PAGADA,E-commerce
FAC-002665,TXN-202412-0186,2024-12-15,Farmaceútica RM S.Com.,6659727771984,120.19,18.03,138.22,PayPhone,VISA,PAGADA,Ventas
FAC-002666,TXN-202412-0187,2024-12-16,Daza y Ferrer S.A.,6205346574096,257.61,38.64,296.25,PayPhone,VISA,PAGADA,Ventas
FAC-002667,TXN-202412-0188,2024-12-06,Farmaceútica Gual y asociados S.Com.,7834869871646,26.43,3.97,30.4,Datafast,VISA,PAGADA,Ventas
FAC-002668,TXN-202412-0189,2024-12-21,Industrias VJ S.Com.,3092917736053,1100.87,165.13,1266.0,Datafast,VISA,PAGADA,POS
FAC-002669,TXN-202412-0190,2024-12-28,Transportes Globales S.A.,8608110007783,2161.43,324.21,2485.64,PayPhone,VISA,PAGADA,Ventas
FAC-002670,TXN-202412-0191,2024-12-02,Farmaceútica CT S.Com.,2482637419870,50.21,7.53,57.74,Medianet,VISA,PAGADA,POS
FAC-002671,TXN-202412-0192,2024-12-05,Cisneros y asociados S.A.,3622508193392,69.45,10.42,79.87,Datafast,AMEX,PAGADA,Ventas
FAC-002672,TXN-202412-0193,2024-12-08,Familia Guitart S.Com.,3074454544727,25.22,3.78,29.0,Medianet,VISA,PAGADA,POS
FAC-002673,TXN-202412-0194,2024-12-22,Talleres Morcillo & Asociados S.L.N.E,7679244771740,1887.54,283.13,2170.67,Datafast,VISA,PAGADA,Ventas
FAC-002674,TXN-202412-0195,2024-12-21,Logística OT S.L.N.E,6268679942061,396.65,59.5,456.15,Medianet,VISA,PAGADA,E-commerce
FAC-002675,TXN-202412-0196,2024-12-27,Consultoría Castellana S.Com.,3776982376182,7.54,1.13,8.67,Datafast,VISA,PAGADA,Ventas
FAC-002676,TXN-202412-0197,2024-12-26,Lucio Ureña Abril S.L.,5093087879091,67.38,10.11,77.49,Datafast,AMEX,PAGADA,E-commerce
FAC-002677,TXN-202412-0198,2024-12-23,Roberta Borrego Murcia S.A.,3281212635815,341.76,51.26,393.02,PayPhone,VISA,PAGADA,Ventas
FAC-002678,TXN-202412-0199,2024-12-06,Guitart y Ugarte S.L.,6571026225193,386.63,57.99,444.62,Medianet,DINERS,PAGADA,E-commerce
FAC-002679,TXN-202412-0200,2024-12-29,Eligio Pavón Noriega S.Com.,3456284437282,10.43,1.56,11.99,PayPhone,VISA,PAGADA,E-commerce
FAC-002680,TXN-202412-0201,2024-12-31,Rodríguez & Asociados S.A.,7440125200432,43.73,6.56,50.29,Datafast,AMEX,PAGADA,Ventas
FAC-002681,TXN-202412-0203,2024-12-16,Transportes Inteligentes S.L.,1591828124796,4.53,0.68,5.21,Medianet,AMEX,PAGADA,Ventas
FAC-002682,TXN-202412-0204,2024-12-24,Fábrica Bosch S.Coop.,9466783031729,382.84,57.43,440.27,Datafast,VISA,PAGADA,Ventas
FAC-002683,TXN-202412-0205,2024-12-30,Priscila Calleja Cruz S.L.N.E,4409937513768,42.86,6.43,49.29,Datafast,VISA,PAGADA,Ventas
FAC-002684,TXN-202412-0206,2024-12-31,Finanzas del Noroeste S.Com.,4381419679918,83.97,12.59,96.56,Datafast,MASTERCARD,PAGADA,Ventas
FAC-002685,TXN-202412-0207,2024-12-10,Desarrollo Tudela & Asociados S.L.N.E,4751920849653,1427.03,214.06,1641.09,Medianet,VISA,PAGADA,Ventas
FAC-002686,TXN-202412-0208,2024-12-27,Baltasar Coello Roca S.A.,7551940568459,571.3,85.7,657.0,Datafast,MASTERCARD,PAGADA,POS
FAC-002687,TXN-202412-0209,2024-12-11,Hermanos Gutierrez S.L.,3740107528799,153.91,23.09,177.0,PayPhone,AMEX,PAGADA,Ventas
FAC-002688,TXN-202412-0210,2024-12-27,Manufacturas Vázquez y asociados S.L.U.,7022575022593,380.79,57.12,437.91,Datafast,VISA,PAGADA,E-commerce
FAC-002689,TXN-202412-0211,2024-12-08,Benigna Huguet Gimenez S.Coop.,2522725449550,4.63,0.69,5.32,Medianet,MASTERCARD,PAGADA,POS
FAC-002690,TXN-202412-0212,2024-12-02,Manufacturas Izaguirre S.L.,4107958254677,4.5,0.67,5.17,Datafast,AMEX,PAGADA,POS
FAC-002691,TXN-202412-0213,2024-12-14,Comercial Carranza & Asociados S.Com.,2939677839075,269.17,40.38,309.55,PayPhone,VISA,PAGADA,E-commerce
FAC-002692,TXN-202412-0214,2024-12-10,Alcolea y Jurado S.L.L.,2063806626794,303.31,45.5,348.81,Medianet,DINERS,PAGADA,POS
FAC-002693,TXN-202412-0215,2024-12-18,Restauración Taboada S.A.,1199073722917,264.63,39.69,304.32,Medianet,VISA,PAGADA,Ventas
FAC-002694,TXN-202412-0216,2024-12-24,Colom y Alonso S.L.N.E,5948036145440,1280.5,192.07,1472.57,Medianet,AMEX,PAGADA,POS
FAC-002695,TXN-202412-0217,2024-12-11,Comercial MF S.Coop.,9629195650584,32.36,4.85,37.21,Datafast,MASTERCARD,PAGADA,Ventas
FAC-002696,TXN-202412-0218,2024-12-24,Mohamed Bosch Español S.A.U,8141492283560,65.07,9.76,74.83,Datafast,VISA,PAGADA,Ventas
FAC-002697,TXN-202412-0219,2024-12-14,Samuel Acedo Codina S.L.,2729351174863,14.9,2.24,17.14,Datafast,VISA,PAGADA,E-commerce
FAC-002698,TXN-202412-0220,2024-12-18,Infraestructuras Soriano y asociados S.Coop.,6393805846070,175.03,26.26,201.29,Medianet,VISA,PAGADA,Ventas
FAC-002699,TXN-202412-0221,2024-12-28,Suministros Guerra S.L.N.E,9443517593172,2333.09,349.96,2683.05,Medianet,VISA,PAGADA,E-commerce
FAC-002700,TXN-202412-0222,2024-12-09,Fábrica Inteligentes S.A.,6410845631479,346.57,51.98,398.55,PayPhone,VISA,PAGADA,E-commerce
FAC-002701,TXN-202412-0223,2024-12-25,Hnos Cabrero S.A.T.,6012650889975,54.3,8.15,62.45,Datafast,VISA,PAGADA,Ventas
FAC-002702,TXN-202412-0224,2024-12-03,Logística Domingo S.A.,5285379978816,171.21,25.68,196.89,Datafast,VISA,PAGADA,Ventas
FAC-002703,TXN-202412-0225,2024-12-31,Rubio y asociados S.L.,6380965119888,16.7,2.5,19.2,Medianet,VISA,PAGADA,POS
FAC-002704,TXN-202412-0226,2024-12-25,Losada & Asociados S.C.P,6744732177854,423.62,63.54,487.16,Medianet,AMEX,PAGADA,Ventas
FAC-002705,TXN-202412-0227,2024-12-23,Instalaciones Castellana S.Coop.,5074770608558,38.4,5.76,44.16,PayPhone,VISA,PAGADA,Ventas
FAC-002706,TXN-202412-0228,2024-12-11,Despacho Casas S.Com.,7434856432754,197.9,29.68,227.58,Datafast,DINERS,PAGADA,Ventas
FAC-002707,TXN-202412-0229,2024-12-13,Hnos Marti S.L.U.,2015652770156,352.92,52.94,405.86,Medianet,VISA,PAGADA,POS
FAC-002708,TXN-202412-0230,2024-12-23,Distribuciones del Mediterráneo S.Com.,3066998180527,42.59,6.39,48.98,Datafast,MASTERCARD,PAGADA,POS
FAC-002709,TXN-202412-0231,2024-12-25,Desarrollo Heras y asociados S.L.L.,8520085463164,410.6,61.59,472.19,PayPhone,MASTERCARD,PAGADA,Ventas
FAC-002710,TXN-202412-0232,2024-12-29,Hotel Rico S.A.,6206649323755,28.41,4.26,32.67,Medianet,VISA,PAGADA,POS
FAC-002711,TXN-202412-0233,2024-12-22,Desarrollo Padilla S.A.,9883883331493,75.82,11.37,87.19,Datafast,VISA,PAGADA,Ventas
FAC-002712,TXN-202412-0234,2024-12-28,Teobaldo Ocaña Esteban S.L.,9325485928206,423.68,63.55,487.23,Medianet,VISA,PAGADA,POS
FAC-002713,TXN-202412-0235,2024-12-04,Comercial Zaragoza y asociados S.L.N.E,6465347971090,274.6,41.19,315.79,Datafast,AMEX,PAGADA,E-commerce
FAC-002714,TXN-202412-0236,2024-12-11,Hermanos Martinez S.L.,1228100032666,2012.83,301.93,2314.76,Datafast,VISA,PAGADA,E-commerce
FAC-002715,TXN-202412-0237,2024-12-10,Adadia y Gual S.Coop.,2178088644991,185.37,27.8,213.17,Medianet,VISA,PAGADA,Ventas
FAC-002716,TXN-202412-0238,2024-12-10,Hnos Aguilar S.Com.,6027765029425,89.62,13.44,103.06,PayPhone,VISA,PAGADA,Ventas
FAC-002717,TXN-202412-0239,2024-12-05,Rafael Flor Ayala S.L.,1712291535375,29.1,4.37,33.47,PayPhone,VISA,PAGADA,Ventas
FAC-002718,TXN-202412-0240,2024-12-03,Oliva y Torres S.Com.,8427197661624,38.97,5.85,44.82,Datafast,VISA,PAGADA,Ventas
FAC-002719,TXN-202412-0241,2024-12-11,Huerta y Cantero S.Com.,2793380107017,68.34,10.25,78.59,Datafast,VISA,PAGADA,POS
FAC-002720,TXN-202412-0242,2024-12-28,Prado y Diez S.L.,6944608348649,1745.45,261.82,2007.27,Medianet,AMEX,PAGADA,Ventas
FAC-002721,TXN-202412-0243,2024-12-29,Logística Morata & Asociados S.Com.,2475078312331,26.11,3.92,30.03,Datafast,VISA,PAGADA,Ventas
FAC-002722,TXN-202412-0244,2024-12-09,Suministros Ibéricos S.Com.,5034976217410,154.12,23.12,177.24,Datafast,VISA,PAGADA,POS
FAC-002723,TXN-202412-0245,2024-12-26,Hotel Ángel S.A.,9137514164866,60.38,9.06,69.44,PayPhone,MASTERCARD,PAGADA,Ventas
FAC-002724,TXN-202412-0246,2024-12-18,Desarrollo del Noroeste S.Coop.,7798239732786,178.11,26.72,204.83,Medianet,MASTERCARD,PAGADA,Ventas
FAC-002725,TXN-202412-0247,2024-12-30,Finanzas del Levante S.Com.,1428496355501,84.44,12.67,97.11,Datafast,AMEX,PAGADA,Ventas
FAC-002726,TXN-202412-0248,2024-12-04,Hnos Leiva S.L.L.,2819914995253,119.56,17.93,137.49,Datafast,VISA,PAGADA,Ventas
FAC-002727,TXN-202412-0249,2024-12-13,Farmaceútica BFS S.L.L.,5395301965497,57.14,8.57,65.71,Datafast,AMEX,PAGADA,POS
FAC-002728,TXN-202412-0250,2024-12-08,Banca Privada DM S.Coop.,1759445991452,2380.49,357.07,2737.56,Datafast,VISA,PAGADA,E-commerce
FAC-002729,TXN-202412-0251,2024-12-04,Hnos Zamora S.L.,1902038870713,1958.03,293.71,2251.74,Datafast,VISA,PAGADA,Ventas
FAC-002730,TXN-202412-0252,2024-12-24,Distribuciones Crespo & Asociados S.A.,9160421210046,115.83,17.37,133.2,PayPhone,VISA,PAGADA,Ventas
FAC-002731,TXN-202412-0253,2024-12-09,Leonor Rocha Amorós S.L.,7979752100848,38.45,5.77,44.22,Medianet,DINERS,PAGADA,Ventas
FAC-002732,TXN-202412-0254,2024-12-02,Transportes Arribas S.L.N.E,6554255686222,40.06,6.01,46.07,Medianet,MASTERCARD,PAGADA,Ventas
FAC-002733,TXN-202412-0255,2024-12-12,Familia Domínguez S.A.,8905441710567,38.77,5.81,44.58,Datafast,MASTERCARD,PAGADA,Ventas
FAC-002734,TXN-202412-0256,2024-12-08,Llano & Asociados S.A.,3792936907064,1060.14,159.02,1219.16,Datafast,MASTERCARD,PAGADA,E-commerce
FAC-002735,TXN-202412-0257,2024-12-16,Hnos Huertas S.Com.,9687235838951,46.63,7.0,53.63,PayPhone,VISA,PAGADA,E-commerce
FAC-002736,TXN-202412-0258,2024-12-05,Transportes Avanzadas S.Com.,6952047700483,20.84,3.13,23.97,PayPhone,VISA,PAGADA,Ventas
FAC-002737,TXN-202412-0259,2024-12-05,Solana & Asociados S.L.,9907627325538,48.11,7.22,55.33,Datafast,MASTERCARD,PAGADA,Ventas
FAC-002738,TXN-202412-0260,2024-12-22,Perla Raya Larrea S.Com.,3074383262250,336.63,50.5,387.13,Datafast,DINERS,PAGADA,Ventas
FAC-002739,TXN-202412-0261,2024-12-21,Promociones EH S.L.N.E,6434837323014,1683.86,252.58,1936.44,Datafast,VISA,PAGADA,E-commerce
FAC-002740,TXN-202412-0262,2024-12-07,Carro y Pereira S.L.,6246750380954,11.32,1.7,13.02,Medianet,AMEX,PAGADA,E-commerce
FAC-002741,TXN-202412-0263,2024-12-11,Compañía Internacionales S.L.L.,2085203971010,386.87,58.03,444.9,Datafast,MASTERCARD,PAGADA,Ventas
FAC-002742,TXN-202412-0264,2024-12-28,Adelardo Guijarro Revilla S.L.,4543305098099,47.59,7.14,54.73,Datafast,MASTERCARD,PAGADA,E-commerce
FAC-002743,TXN-202412-0265,2024-12-31,Navarro & Asociados S.Coop.,4040960087684,47.77,7.17,54.94,Datafast,VISA,PAGADA,POS
FAC-002744,TXN-202412-0266,2024-12-01,Artigas y asociados S.A.T.,9586558422527,7.54,1.13,8.67,Datafast,VISA,PAGADA,Ventas
FAC-002745,TXN-202412-0267,2024-12-15,Construcción Somoza S.A.,6668575564429,91.33,13.7,105.03,Datafast,VISA,PAGADA,Ventas
FAC-002746,TXN-202412-0268,2024-12-09,Grupo Vila S.L.,3277501932526,120.95,18.14,139.09,Datafast,VISA,PAGADA,POS
FAC-002747,TXN-202412-0269,2024-12-19,Claudio Múgica Diez S.L.,6649422216609,262.98,39.45,302.43,Datafast,VISA,PAGADA,POS
FAC-002748,TXN-202412-0270,2024-12-09,Minería TY S.A.,5523814987142,49.24,7.39,56.63,Datafast,MASTERCARD,PAGADA,Ventas
FAC-002749,TXN-202412-0271,2024-12-05,Blasco y Carrión S.L.N.E,1235777931240,32.92,4.94,37.86,PayPhone,VISA,PAGADA,Ventas
FAC-002750,TXN-202412-0272,2024-12-18,José Roca Jimenez S.L.,4793863623175,68.69,10.3,78.99,Medianet,MASTERCARD,PAGADA,E-commerce
FAC-002751,TXN-202412-0273,2024-12-09,Alimentación Ledesma S.Com.,9153373477630,28.53,4.28,32.81,Medianet,VISA,PAGADA,POS
FAC-002752,TXN-202412-0274,2024-12-13,Hnos Valera S.Com.,6558582765469,24.58,3.69,28.27,Datafast,AMEX,PAGADA,E-commerce
FAC-002753,TXN-202412-0275,2024-12-09,Gomila y asociados S.Com.,8515897303785,62.97,9.44,72.41,Datafast,DINERS,PAGADA,Ventas
FAC-002754,TXN-202412-0276,2024-12-26,Bolaños & Asociados S.A.,7714429836876,293.66,44.05,337.71,Medianet,MASTERCARD,PAGADA,E-commerce
FAC-002755,TXN-202412-0277,2024-12-31,Despacho JEJ S.L.N.E,2490750561155,442.11,66.32,508.43,PayPhone,MASTERCARD,PAGADA,POS
FAC-002756,TXN-202412-0278,2024-12-01,Instalaciones Castellana S.A.T.,5610749818869,276.99,41.55,318.54,Datafast,MASTERCARD,PAGADA,E-commerce
FAC-002757,TXN-202412-0279,2024-12-09,Comercializadora UQ S.C.P,5811588901718,54.18,8.13,62.31,Datafast,VISA,PAGADA,POS
FAC-002758,TXN-202412-0280,2024-12-31,Servicios Prats y asociados S.C.P,6629701268315,314.2,47.13,361.33,PayPhone,MASTERCARD,PAGADA,POS
FAC-002759,TXN-202412-0281,2024-12-29,Despacho del Noroeste S.L.U.,6124206051169,45.09,6.76,51.85,Medianet,VISA,PAGADA,Ventas
FAC-002760,TXN-202412-0282,2024-12-18,Distribuciones Pla S.A.,7169054352682,53.84,8.08,61.92,Datafast,AMEX,PAGADA,POS
FAC-002761,TXN-202412-0283,2024-12-04,Comercializadora VX S.Coop.,1894719023271,321.47,48.22,369.69,Datafast,VISA,PAGADA,Ventas
FAC-002762,TXN-202412-0284,2024-12-14,Hnos Aranda S.L.,1473257592123,144.42,21.66,166.08,PayPhone,VISA,PAGADA,POS
FAC-002763,TXN-202412-0285,2024-12-15,Soluciones Carbó & Asociados S.A.,1434899056431,425.99,63.9,489.89,PayPhone,VISA,PAGADA,Ventas
FAC-002764,TXN-202412-0286,2024-12-09,Supermercados Carrión & Asociados S.A.,6621046311867,10.66,1.6,12.26,Datafast,MASTERCARD,PAGADA,POS
FAC-002765,TXN-202412-0288,2024-12-03,Finanzas Vives & Asociados S.L.L.,1219878350544,1764.73,264.71,2029.44,PayPhone,VISA,PAGADA,POS
FAC-002766,TXN-202412-0289,2024-12-02,Talleres Martin S.Coop.,5693181312547,347.46,52.12,399.58,Medianet,MASTERCARD,PAGADA,Ventas
FAC-002767,TXN-202412-0290,2024-12-01,Alcaraz & Asociados S.L.L.,1099734135054,323.7,48.56,372.26,Medianet,MASTERCARD,PAGADA,Ventas
FAC-002768,TXN-202412-0291,2024-12-03,Supermercados WDGS S.C.P,9807647186294,25.92,3.89,29.81,PayPhone,VISA,PAGADA,Ventas
FAC-002769,TXN-202412-0292,2024-12-12,Consultoría Barreda y asociados S.A.,3468131453948,32.2,4.83,37.03,Medianet,DINERS,PAGADA,Ventas
FAC-002770,TXN-202412-0293,2024-12-21,Echeverría & Asociados S.L.N.E,9307207845845,52.54,7.88,60.42,Medianet,MASTERCARD,PAGADA,POS
FAC-002771,TXN-202412-0294,2024-12-24,Compañía del Sur S.C.P,7840222776021,14.58,2.19,16.77,Datafast,VISA,PAGADA,E-commerce
FAC-002772,TXN-202412-0295,2024-12-15,Familia Ribas S.A.,8006672527934,13.0,1.95,14.95,Medianet,VISA,PAGADA,Ventas
FAC-002773,TXN-202412-0296,2024-12-30,Banco del Mediterráneo S.A.,4245190677421,12.03,1.81,13.84,Medianet,VISA,PAGADA,Ventas
FAC-002774,TXN-202412-0297,2024-12-22,Fábrica Inteligentes S.L.U.,1083063443710,178.98,26.85,205.83,Datafast,MASTERCARD,PAGADA,Ventas
FAC-002775,TXN-202412-0298,2024-12-01,Lillo y Quirós S.L.N.E,9784257542373,1464.63,219.7,1684.33,Datafast,VISA,PAGADA,Ventas
FAC-002776,TXN-202412-0299,2024-12-04,Supermercados Fonseca y asociados S.L.L.,5334972486898,395.67,59.35,455.02,Datafast,MASTERCARD,PAGADA,E-commerce
FAC-002777,TXN-202412-0301,2024-12-22,Transportes Sandoval & Asociados S.Coop.,9332253502277,40.54,6.08,46.62,PayPhone,VISA,PAGADA,Ventas
FAC-002778,TXN-202412-0302,2024-12-11,Gibert & Asociados S.L.N.E,4369033847137,404.52,60.68,465.2,PayPhone,DINERS,PAGADA,POS
FAC-002779,TXN-202412-0303,2024-12-31,Consultoría IA S.L.N.E,1158775222120,41.35,6.2,47.55,Datafast,DINERS,PAGADA,E-commerce
FAC-002780,TXN-202412-0304,2024-12-09,Casandra Cabezas Expósito S.Coop.,1440234203387,171.52,25.73,197.25,Datafast,MASTERCARD,PAGADA,E-commerce
FAC-002781,TXN-202412-0305,2024-12-13,Promociones del Norte S.A.,9138453500215,76.88,11.53,88.41,Datafast,MASTERCARD,PAGADA,E-commerce
FAC-002782,TXN-202412-0306,2024-12-04,Garay y Álamo S.L.,9463836669436,2336.36,350.45,2686.81,Datafast,MASTERCARD,PAGADA,Ventas
FAC-002783,TXN-202412-0307,2024-12-28,Fábrica QXY S.L.N.E,5386949199785,264.43,39.66,304.09,Datafast,VISA,PAGADA,E-commerce
FAC-002784,TXN-202412-0308,2024-12-27,Planas y asociados S.Coop.,9813445532967,329.77,49.46,379.23,Medianet,VISA,PAGADA,Ventas
FAC-002785,TXN-202412-0309,2024-12-08,Rozas y Bernal S.L.L.,7337594283188,361.36,54.2,415.56,Datafast,VISA,PAGADA,POS
FAC-002786,TXN-202412-0310,2024-12-18,Inmobiliaria Plaza y asociados S.Coop.,7761666334280,157.77,23.66,181.43,Medianet,MASTERCARD,PAGADA,POS
FAC-002787,TXN-202412-0311,2024-12-05,Mulet y Escalona S.L.,8711541682497,26.01,3.9,29.91,Datafast,MASTERCARD,PAGADA,POS
FAC-002788,TXN-202412-0312,2024-12-26,Instalaciones Manso y asociados S.A.,6805491140654,120.59,18.09,138.68,Datafast,VISA,PAGADA,POS
FAC-002789,TXN-202412-0313,2024-12-14,Farmaceútica Internacionales S.A.,7365126749075,33.2,4.98,38.18,Medianet,VISA,PAGADA,Ventas
FAC-002790,TXN-202412-0314,2024-12-22,Comercializadora SQE S.L.L.,3851383456293,237.9,35.68,273.58,Medianet,VISA,PAGADA,Ventas
FAC-002791,TXN-202412-0315,2024-12-01,Banca Privada Cabañas & Asociados S.A.,3849565158223,5.1,0.76,5.86,PayPhone,VISA,PAGADA,Ventas
FAC-002792,TXN-202412-0316,2024-12-06,Soluciones Ayuso S.Coop.,1694760596765,100.11,15.02,115.13,Medianet,AMEX,PAGADA,Ventas
FAC-002793,TXN-202412-0317,2024-12-31,Ropero y Galván S.L.L.,9561249833441,16.77,2.51,19.28,PayPhone,MASTERCARD,PAGADA,Ventas
FAC-002794,TXN-202412-0318,2024-12-21,Grupo Lago S.L.U.,4967969389252,90.47,13.57,104.04,Datafast,AMEX,PAGADA,Ventas
FAC-002795,TXN-202412-0319,2024-12-13,Hnos Araujo S.L.,8814937352908,27.39,4.11,31.5,PayPhone,VISA,PAGADA,POS
FAC-002796,TXN-202412-0320,2024-12-09,Mateo y Palma S.Coop.,3811686744786,344.4,51.66,396.06,Datafast,AMEX,PAGADA,Ventas
FAC-002797,TXN-202412-0321,2024-12-16,Aitor Pedro Gutierrez S.L.N.E,7773207181169,280.07,42.01,322.08,Datafast,AMEX,PAGADA,Ventas
FAC-002798,TXN-202412-0322,2024-12-25,Inversiones Bertrán S.Com.,4241826971870,15.81,2.37,18.18,Datafast,AMEX,PAGADA,E-commerce
FAC-002799,TXN-202412-0323,2024-12-17,Familia Blanch S.A.,2453987405419,34.93,5.24,40.17,Medianet,MASTERCARD,PAGADA,Ventas
FAC-002800,TXN-202412-0324,2024-12-29,Grupo Hervia S.A.T.,1899949851174,47.52,7.13,54.65,Datafast,VISA,PAGADA,Ventas
FAC-002801,TXN-202412-0325,2024-12-09,Cebrián Hierro Roldan S.Com.,3161422740451,51.56,7.73,59.29,Datafast,MASTERCARD,PAGADA,Ventas
FAC-002802,TXN-202412-0326,2024-12-26,Transportes del Sur S.L.L.,3128589370810,31.28,4.69,35.97,Datafast,VISA,PAGADA,Ventas
FAC-002803,TXN-202412-0327,2024-12-10,Blanca Dominguez Figueroa S.Coop.,4057431891004,7.54,1.13,8.67,Medianet,DINERS,PAGADA,E-commerce
FAC-002804,TXN-202412-0328,2024-12-21,Hnos Gaya S.Coop.,9292460128549,50.93,7.64,58.57,Medianet,VISA,PAGADA,POS
FAC-002805,TXN-202412-0329,2024-12-18,Desarrollo Ibérica S.Com.,8372631508108,60.17,9.03,69.2,Datafast,VISA,PAGADA,Ventas
FAC-002806,TXN-202412-0330,2024-12-21,Bartolomé Estévez Segura S.L.U.,6567042957903,45.07,6.76,51.83,Medianet,MASTERCARD,PAGADA,E-commerce
FAC-002807,TXN-202412-0331,2024-12-04,Infraestructuras del Noroeste S.Coop.,5140642823598,7.41,1.11,8.52,Datafast,VISA,PAGADA,E-commerce
FAC-002808,TXN-202412-0332,2024-12-24,Infraestructuras Mulet y asociados S.Com.,4588769186484,403.83,60.57,464.4,Datafast,MASTERCARD,PAGADA,POS
FAC-002809,TXN-202412-0333,2024-12-18,Grupo Barranco S.A.,1921234960593,1834.3,275.14,2109.44,Datafast,MASTERCARD,PAGADA,Ventas
FAC-002810,TXN-202412-0334,2024-12-25,Industrias KJQ S.Coop.,7306272352643,29.01,4.35,33.36,Datafast,DINERS,PAGADA,E-commerce
FAC-002811,TXN-202412-0335,2024-12-03,Glauco Diaz Aragonés S.C.P,5811388705716,14.44,2.17,16.61,Medianet,VISA,PAGADA,Ventas
FAC-002812,TXN-202412-0336,2024-12-19,Inmobiliaria Integrales S.L.N.E,3098475487009,15.5,2.32,17.82,Medianet,MASTERCARD,PAGADA,POS
FAC-002813,TXN-202412-0337,2024-12-08,Alcolea y Alcántara S.A.,6546146994838,14.69,2.2,16.89,Medianet,MASTERCARD,PAGADA,Ventas
FAC-002814,TXN-202412-0338,2024-12-14,Distribuciones Moreno y asociados S.Coop.,9056016685867,378.19,56.73,434.92,Medianet,VISA,PAGADA,Ventas
FAC-002815,TXN-202412-0339,2024-12-02,Farmaceútica JOG S.C.P,6689532497539,34.48,5.17,39.65,Datafast,DINERS,PAGADA,Ventas
FAC-002816,TXN-202412-0340,2024-12-25,Dani Solé Checa S.A.,3603619993260,27.48,4.12,31.6,Datafast,DINERS,PAGADA,POS
FAC-002817,TXN-202412-0341,2024-12-08,Talleres Avanzadas S.Com.,4186157423683,30.65,4.6,35.25,Medianet,AMEX,PAGADA,E-commerce
FAC-002818,TXN-202412-0342,2024-12-31,Salomé Montero Giner S.C.P,6780371718658,176.88,26.53,203.41,Medianet,VISA,PAGADA,E-commerce
FAC-002819,TXN-202412-0343,2024-12-09,Manufacturas Bosch S.Coop.,7907461204654,31.17,4.67,35.84,Datafast,VISA,PAGADA,E-commerce
FAC-002820,TXN-202412-0344,2024-12-01,Salas y asociados S.Com.,5165663636381,64.1,9.62,73.72,Medianet,DINERS,PAGADA,E-commerce
FAC-002821,TXN-202412-0345,2024-12-06,Ale Rios Varela S.C.P,3692223042103,252.53,37.88,290.41,Medianet,VISA,PAGADA,Ventas
FAC-002822,TXN-202412-0346,2024-12-02,Familia Amador S.L.,7299820487937,58.59,8.79,67.38,Datafast,DINERS,PAGADA,E-commerce
FAC-002823,TXN-202412-0347,2024-12-28,Joan Zorrilla Clavero S.L.,1512335793775,90.57,13.59,104.16,Medianet,VISA,PAGADA,Ventas
FAC-002824,TXN-202412-0348,2024-12-12,Alimentación Inteligentes S.L.,8601292992920,54.24,8.14,62.38,Datafast,AMEX,PAGADA,POS
FAC-002825,TXN-202412-0349,2024-12-13,Minería Vicente S.L.,1833704574085,50.58,7.59,58.17,PayPhone,VISA,PAGADA,E-commerce
FAC-002826,TXN-202412-0350,2024-12-20,Wilfredo Mas Santana S.L.N.E,1674911392823,10.51,1.58,12.09,Datafast,VISA,PAGADA,Ventas
FAC-002827,TXN-202412-0351,2024-12-20,Hotel Guerra S.A.,6296493826831,268.38,40.26,308.64,Medianet,MASTERCARD,PAGADA,Ventas
FAC-002828,TXN-202412-0352,2024-12-05,Construcción Cabanillas S.Coop.,4080033833673,249.46,37.42,286.88,Datafast,VISA,PAGADA,E-commerce
FAC-002829,TXN-202412-0353,2024-12-02,Hnos Gallart S.L.L.,9961404761945,30.87,4.63,35.5,Medianet,DINERS,PAGADA,Ventas
FAC-002830,TXN-202412-0354,2024-12-16,Hermanos Solsona S.A.T.,6315818110699,347.63,52.14,399.77,Datafast,VISA,PAGADA,Ventas
FAC-002831,TXN-202412-0355,2024-12-25,Terrón y Huerta S.L.L.,4629223197895,2300.83,345.12,2645.95,PayPhone,VISA,PAGADA,E-commerce
FAC-002832,TXN-202412-0356,2024-12-07,Soluciones Globales S.Coop.,9689320108981,63.79,9.57,73.36,Medianet,MASTERCARD,PAGADA,Ventas
FAC-002833,TXN-202412-0357,2024-12-04,Alimentación Juliá S.L.L.,1072322747830,55.13,8.27,63.4,PayPhone,VISA,PAGADA,Ventas
FAC-002834,TXN-202412-0358,2024-12-13,Distribuciones Santamaria S.Com.,2194410883444,966.05,144.91,1110.96,Datafast,MASTERCARD,PAGADA,Ventas
FAC-002835,TXN-202412-0359,2024-12-20,Vicenta Novoa Martorell S.A.,2953742494178,22.84,3.43,26.27,Datafast,MASTERCARD,PAGADA,E-commerce
FAC-002836,TXN-202412-0360,2024-12-22,Merche Macías Madrid S.Coop.,5284770239283,2352.78,352.92,2705.7,PayPhone,AMEX,PAGADA,E-commerce
FAC-002837,TXN-202412-0361,2024-12-03,Consultoría Cerdá S.L.,2009157191043,62.12,9.32,71.44,Datafast,MASTERCARD,PAGADA,Ventas
FAC-002838,TXN-202412-0362,2024-12-19,Máximo Moll Nevado S.L.N.E,8579234102425,303.04,45.46,348.5,Medianet,AMEX,PAGADA,Ventas
FAC-002839,TXN-202412-0363,2024-12-11,Campo y Arana S.L.,1559631062684,38.9,5.84,44.74,Datafast,VISA,PAGADA,POS
FAC-002840,TXN-202412-0364,2024-12-24,Desarrollo Globales S.Coop.,4618776896176,15.48,2.32,17.8,Medianet,MASTERCARD,PAGADA,Ventas
FAC-002841,TXN-202412-0365,2024-12-15,Fábrica CV S.L.L.,9187296204297,9.14,1.37,10.51,PayPhone,MASTERCARD,PAGADA,E-commerce
FAC-002842,TXN-202412-0366,2024-12-23,Concepción Montserrat Bonet S.L.L.,5681014100825,65.24,9.79,75.03,Datafast,VISA,PAGADA,POS
FAC-002843,TXN-202412-0367,2024-12-24,Grupo Bustamante S.L.,8523065117682,30.9,4.64,35.54,PayPhone,VISA,PAGADA,POS
FAC-002844,TXN-202412-0368,2024-12-16,Familia Porras S.L.N.E,5115288004960,192.83,28.92,221.75,PayPhone,MASTERCARD,PAGADA,POS
FAC-002845,TXN-202412-0369,2024-12-04,Royo y Carreras S.C.P,5646905084951,259.23,38.89,298.12,Datafast,DINERS,PAGADA,E-commerce
FAC-002846,TXN-202412-0370,2024-12-31,Logística Quintero S.A.,7004204730878,412.44,61.87,474.31,Medianet,VISA,PAGADA,E-commerce
FAC-002847,TXN-202412-0371,2024-12-13,Piñeiro y asociados S.A.,7975263228441,201.53,30.23,231.76,PayPhone,VISA,PAGADA,E-commerce
FAC-002848,TXN-202412-0372,2024-12-15,Azcona & Asociados S.Com.,3933580210377,14.39,2.16,16.55,Datafast,AMEX,PAGADA,Ventas
FAC-002849,TXN-202412-0373,2024-12-07,Erasmo Priego Tudela S.Com.,1102335823506,15.79,2.37,18.16,Datafast,MASTERCARD,PAGADA,E-commerce
FAC-002850,TXN-202412-0374,2024-12-06,Viñas & Asociados S.L.L.,3274157088328,255.49,38.32,293.81,PayPhone,VISA,PAGADA,E-commerce
FAC-002851,TXN-202412-0375,2024-12-18,Cordero & Asociados S.A.,6004161435434,224.59,33.69,258.28,Medianet,VISA,PAGADA,Ventas
FAC-002852,TXN-202412-0376,2024-12-10,Hotel TQ S.Com.,8418924557464,2242.16,336.32,2578.48,PayPhone,MASTERCARD,PAGADA,POS
FAC-002853,TXN-202412-0377,2024-12-26,Hotel Estevez S.L.N.E,3933040305818,40.51,6.08,46.59,PayPhone,VISA,PAGADA,E-commerce
FAC-002854,TXN-202412-0378,2024-12-28,Transportes Gámez y asociados S.L.L.,2558535062925,19.83,2.98,22.81,PayPhone,MASTERCARD,PAGADA,Ventas
FAC-002855,TXN-202412-0379,2024-12-07,Infraestructuras Fuster y asociados S.L.,7809949194373,30.92,4.64,35.56,PayPhone,MASTERCARD,PAGADA,E-commerce
FAC-002856,TXN-202412-0380,2024-12-12,Finanzas CM S.A.,4031293865568,11.03,1.66,12.69,Medianet,MASTERCARD,PAGADA,Ventas
FAC-002857,TXN-202412-0381,2024-12-19,Familia Nogués S.Coop.,5302208053847,254.88,38.23,293.11,Medianet,VISA,PAGADA,POS
FAC-002858,TXN-202412-0382,2024-12-01,Compañía AGSV S.Com.,9692795132465,16.2,2.43,18.63,Medianet,AMEX,PAGADA,POS
FAC-002859,TXN-202412-0383,2024-12-25,Distribuciones HH S.C.P,1983591461201,130.04,19.51,149.55,PayPhone,DINERS,PAGADA,Ventas
FAC-002860,TXN-202412-0384,2024-12-19,Talleres Lobato & Asociados S.A.,4307983400771,349.55,52.43,401.98,Medianet,MASTERCARD,PAGADA,Ventas
FAC-002861,TXN-202412-0385,2024-12-25,Farmaceútica Gomis & Asociados S.Coop.,9760108317349,303.94,45.59,349.53,PayPhone,MASTERCARD,PAGADA,POS
FAC-002862,TXN-202412-0386,2024-12-03,Infraestructuras Garmendia S.L.,8263215533975,381.53,57.23,438.76,Medianet,MASTERCARD,PAGADA,Ventas
FAC-002863,TXN-202412-0387,2024-12-31,Soluciones Ibéricos S.A.,3517528612240,29.4,4.41,33.81,Datafast,MASTERCARD,PAGADA,POS
FAC-002864,TXN-202412-0388,2024-12-17,Hermanos Cerro S.A.,9200259375818,5.74,0.86,6.6,Datafast,VISA,PAGADA,Ventas
FAC-002865,TXN-202412-0389,2024-12-29,Sastre & Asociados S.A.U,3950022874089,417.72,62.66,480.38,Medianet,MASTERCARD,PAGADA,Ventas
FAC-002866,TXN-202412-0390,2024-12-25,Fábrica Iberia S.A.,7257842351802,151.02,22.65,173.67,Datafast,AMEX,PAGADA,Ventas
FAC-002867,TXN-202412-0391,2024-12-02,Inmobiliaria WHIF S.A.,6542149288416,420.4,63.06,483.46,Medianet,VISA,PAGADA,E-commerce
FAC-002868,TXN-202412-0392,2024-12-21,Alimentación Nuñez y asociados S.L.,3944779279693,126.17,18.93,145.1,Medianet,VISA,PAGADA,E-commerce
FAC-002869,TXN-202412-0393,2024-12-06,Logística XT S.L.,8920551570453,304.01,45.6,349.61,Datafast,VISA,PAGADA,E-commerce
FAC-002870,TXN-202412-0394,2024-12-20,Manufacturas Bayón & Asociados S.Coop.,3904349481598,930.68,139.6,1070.28,Datafast,MASTERCARD,PAGADA,Ventas
FAC-002871,TXN-202412-0395,2024-12-29,Cándido Pineda Luna S.L.U.,7526874433731,1848.23,277.24,2125.47,Datafast,MASTERCARD,PAGADA,Ventas
FAC-002872,TXN-202412-0396,2024-12-10,Familia Escolano S.L.,4302903008103,374.88,56.23,431.11,Datafast,AMEX,PAGADA,POS
FAC-002873,TXN-202412-0397,2024-12-05,Restauración Segovia y asociados S.Com.,8711140755978,112.59,16.89,129.48,PayPhone,DINERS,PAGADA,POS
FAC-002874,TXN-202412-0398,2024-12-26,Minería Hervás S.L.,6521634844305,56.82,8.52,65.34,Medianet,VISA,PAGADA,E-commerce
FAC-002875,TXN-202412-0399,2024-12-22,Gerardo Mínguez Jove S.L.N.E,3744755082382,13.91,2.09,16.0,Datafast,MASTERCARD,PAGADA,Ventas
FAC-002876,TXN-202412-0400,2024-12-21,Supermercados WQ S.Coop.,7788161371958,195.46,29.32,224.78,Datafast,MASTERCARD,PAGADA,POS
FAC-002877,TXN-202412-0401,2024-12-04,Grupo Haro S.L.,7807327146355,364.93,54.74,419.67,PayPhone,VISA,PAGADA,POS
FAC-002878,TXN-202412-0402,2024-12-11,Restauración CF S.L.,4728468638720,364.38,54.66,419.04,PayPhone,AMEX,PAGADA,Ventas
FAC-002879,TXN-202412-0403,2024-12-25,Valero y asociados S.Com.,3623832270494,59.35,8.9,68.25,Datafast,DINERS,PAGADA,Ventas
FAC-002880,TXN-202412-0404,2024-12-28,Talleres Estévez S.A.,4027402655859,351.93,52.79,404.72,Datafast,VISA,PAGADA,POS
FAC-002881,TXN-202412-0405,2024-12-06,Minería SEMI S.L.,3345802331081,373.62,56.04,429.66,Datafast,AMEX,PAGADA,E-commerce
FAC-002882,TXN-202412-0406,2024-12-20,Supermercados Cánovas S.L.,7454805143882,257.25,38.59,295.84,Medianet,VISA,PAGADA,E-commerce
FAC-002883,TXN-202412-0407,2024-12-25,Transportes del Norte S.L.,7037490994471,688.66,103.3,791.96,PayPhone,VISA,PAGADA,Ventas
FAC-002884,TXN-202412-0408,2024-12-11,Inversiones EMLA S.A.T.,7813240621461,366.97,55.04,422.01,Medianet,VISA,PAGADA,E-commerce
FAC-002885,TXN-202412-0409,2024-12-09,Minería TO S.A.,3935473370255,44.27,6.64,50.91,Datafast,VISA,PAGADA,Ventas
FAC-002886,TXN-202412-0410,2024-12-15,Cuesta y Vargas S.Coop.,5463481415771,186.94,28.04,214.98,Datafast,MASTERCARD,PAGADA,E-commerce
FAC-002887,TXN-202412-0411,2024-12-31,Distribuciones Iriarte & Asociados S.A.T.,8107492239665,61.21,9.18,70.39,Medianet,AMEX,PAGADA,Ventas
FAC-002888,TXN-202412-0412,2024-12-21,Hotel Salas S.L.N.E,2785141908274,28.37,4.26,32.63,Medianet,MASTERCARD,PAGADA,Ventas
FAC-002889,TXN-202412-0413,2024-12-13,Catalá & Asociados S.C.P,5074565992507,43.4,6.51,49.91,Datafast,AMEX,PAGADA,Ventas
FAC-002890,TXN-202412-0414,2024-12-25,Tecnologías Rosell S.Coop.,6433736435371,334.72,50.21,384.93,Datafast,DINERS,PAGADA,E-commerce
FAC-002891,TXN-202412-0415,2024-12-03,Eusebia Galván Ricart S.L.N.E,3314630700958,40.57,6.09,46.66,Medianet,MASTERCARD,PAGADA,E-commerce
FAC-002892,TXN-202412-0416,2024-12-30,Finanzas Española S.L.,3604286323102,406.6,60.99,467.59,PayPhone,MASTERCARD,PAGADA,Ventas
FAC-002893,TXN-202412-0417,2024-12-25,Valcárcel y Cárdenas S.Coop.,6155747449366,579.99,87.0,666.99,PayPhone,MASTERCARD,PAGADA,E-commerce
FAC-002894,TXN-202412-0418,2024-12-07,Pinedo y asociados S.L.N.E,7235216083402,165.55,24.83,190.38,Datafast,DINERS,PAGADA,Ventas
FAC-002895,TXN-202412-0419,2024-12-11,Páez y Maza S.Com.,7497409393496,2509.11,376.37,2885.48,Datafast,VISA,PAGADA,POS
FAC-002896,TXN-202412-0420,2024-12-04,Promociones PH S.Coop.,4579353956215,67.03,10.05,77.08,Medianet,VISA,PAGADA,Ventas
FAC-002897,TXN-202412-0421,2024-12-29,Banco KN S.Coop.,4726267188926,59.76,8.96,68.72,Medianet,VISA,PAGADA,POS
FAC-002898,TXN-202412-0422,2024-12-08,Fábrica KF S.L.N.E,7101361916673,29.12,4.37,33.49,Medianet,VISA,PAGADA,E-commerce
FAC-002899,TXN-202412-0423,2024-12-16,Logística Gisbert & Asociados S.Coop.,3321775941447,117.9,17.69,135.59,Datafast,MASTERCARD,PAGADA,Ventas
FAC-002900,TXN-202412-0424,2024-12-03,Supermercados Ibérica S.L.,7120453376979,18.58,2.79,21.37,Medianet,VISA,PAGADA,Ventas
FAC-002901,TXN-202412-0425,2024-12-06,Inmobiliaria Uriarte S.Coop.,2262762439606,334.7,50.21,384.91,Medianet,VISA,PAGADA,Ventas
FAC-002902,TXN-202412-0426,2024-12-27,Hnos Vizcaíno S.Com.,3800798233891,37.63,5.64,43.27,Datafast,VISA,PAGADA,POS
FAC-002903,TXN-202412-0427,2024-12-22,José Fabra Grande S.L.,7087356392118,33.81,5.07,38.88,Datafast,VISA,PAGADA,E-commerce
FAC-002904,TXN-202412-0428,2024-12-29,Bautista & Asociados S.A.,6881626987735,64.85,9.73,74.58,PayPhone,VISA,PAGADA,E-commerce
FAC-002905,TXN-202412-0429,2024-12-03,Restauración Berrocal & Asociados S.Coop.,9610597344685,64.03,9.61,73.64,Medianet,VISA,PAGADA,E-commerce
FAC-002906,TXN-202412-0430,2024-12-19,Talleres Martorell & Asociados S.L.,1009479479293,396.17,59.42,455.59,PayPhone,MASTERCARD,PAGADA,Ventas
FAC-002907,TXN-202412-0431,2024-12-14,Ayllón y Manzano S.L.L.,9261662908792,38.23,5.73,43.96,PayPhone,VISA,PAGADA,POS
FAC-002908,TXN-202412-0432,2024-12-22,Alcaraz y Pascual S.L.,8268636776396,356.04,53.41,409.45,Medianet,VISA,PAGADA,Ventas
FAC-002909,TXN-202412-0433,2024-12-27,Transportes SE S.L.,5935273600755,154.16,23.12,177.28,Datafast,MASTERCARD,PAGADA,Ventas
FAC-002910,TXN-202412-0434,2024-12-11,Comercial Hidalgo S.C.P,1140841383890,39.79,5.97,45.76,Datafast,VISA,PAGADA,E-commerce
FAC-002911,TXN-202412-0435,2024-12-01,Atilio Castañeda Llano S.L.,2217528207907,420.09,63.01,483.1,Datafast,VISA,PAGADA,E-commerce
FAC-002912,TXN-202412-0436,2024-12-22,Fidela Navarro Parra S.Com.,7198861825616,226.13,33.92,260.05,Medianet,MASTERCARD,PAGADA,Ventas
FAC-002913,TXN-202412-0437,2024-12-08,Construcción Cabrero & Asociados S.A.U,6440280280222,65.53,9.83,75.36,Datafast,MASTERCARD,PAGADA,Ventas
FAC-002914,TXN-202412-0438,2024-12-25,Pascual y Aguado S.L.,9644661651758,75.21,11.28,86.49,Medianet,AMEX,PAGADA,E-commerce
FAC-002915,TXN-202412-0439,2024-12-08,Banca Privada Tapia y asociados S.Com.,6566265704388,131.99,19.8,151.79,Datafast,VISA,PAGADA,E-commerce
FAC-002916,TXN-202412-0440,2024-12-28,Alimentación Sotelo & Asociados S.Coop.,3539238409912,30.0,4.5,34.5,Datafast,MASTERCARD,PAGADA,Ventas
FAC-002917,TXN-202412-0441,2024-12-04,Transportes Samper S.A.,6091764985774,33.52,5.03,38.55,Datafast,MASTERCARD,PAGADA,Ventas
FAC-002918,TXN-202412-0442,2024-12-25,Tecnologías Castellanos y asociados S.L.,3173598407054,260.51,39.08,299.59,Datafast,MASTERCARD,PAGADA,Ventas
FAC-002919,TXN-202412-0443,2024-12-15,Baró y Araujo S.A.,6920926465296,30.3,4.54,34.84,Datafast,MASTERCARD,PAGADA,Ventas
FAC-002920,TXN-202412-0444,2024-12-08,Pol y Naranjo S.A.,6894718916680,48.82,7.32,56.14,PayPhone,MASTERCARD,PAGADA,Ventas
FAC-002921,TXN-202412-0445,2024-12-31,Cortes y asociados S.A.D,7231001797766,386.6,57.99,444.59,Medianet,MASTERCARD,PAGADA,E-commerce
FAC-002922,TXN-202412-0446,2024-12-31,Guijarro y Pastor S.Coop.,9500220036423,361.15,54.17,415.32,Datafast,AMEX,PAGADA,POS
FAC-002923,TXN-202412-0447,2024-12-24,Hotel Benito S.A.,7522355220941,227.76,34.16,261.92,Medianet,VISA,PAGADA,POS
FAC-002924,TXN-202412-0448,2024-12-10,Fajardo y Agullo S.A.,3145621202540,1844.29,276.64,2120.93,Medianet,VISA,PAGADA,Ventas
FAC-002925,TXN-202412-0449,2024-12-21,Soluciones Villena S.A.,8341139654525,45.4,6.81,52.21,Datafast,MASTERCARD,PAGADA,POS
FAC-002926,TXN-202412-0450,2024-12-26,Fábrica Mascaró y asociados S.Com.,9851765698364,34.21,5.13,39.34,Datafast,VISA,PAGADA,E-commerce
FAC-002927,TXN-202412-0451,2024-12-29,Nilda Pou Espada S.A.D,8750926289757,16.03,2.4,18.43,Medianet,VISA,PAGADA,E-commerce
FAC-002928,TXN-202412-0452,2024-12-22,Transportes Cuadrado & Asociados S.A.,2903143061432,54.5,8.18,62.68,Datafast,VISA,PAGADA,POS
FAC-002929,TXN-202412-0453,2024-12-31,Tecnologías Peralta S.A.,7585899470990,55.23,8.29,63.52,Datafast,MASTERCARD,PAGADA,Ventas
FAC-002930,TXN-202412-0454,2024-12-18,Poza y Carpio S.Coop.,6399818923710,1510.65,226.6,1737.25,Datafast,MASTERCARD,PAGADA,Ventas
FAC-002931,TXN-202412-0455,2024-12-17,Desarrollo Mateo S.L.,4349071136468,403.85,60.58,464.43,Datafast,VISA,PAGADA,E-commerce
FAC-002932,TXN-202412-0456,2024-12-19,Seguí y asociados S.L.,8806887858039,186.48,27.97,214.45,Medianet,VISA,PAGADA,Ventas
FAC-002933,TXN-202412-0457,2024-12-22,Valenzuela & Asociados S.Coop.,2227790538751,263.91,39.59,303.5,Datafast,MASTERCARD,PAGADA,Ventas
FAC-002934,TXN-202412-0458,2024-12-12,Inmobiliaria Gibert y asociados S.Coop.,9889534297039,358.97,53.84,412.81,Datafast,MASTERCARD,PAGADA,POS
FAC-002935,TXN-202412-0459,2024-12-25,Grupo Sanz S.L.,6973380041432,386.5,57.97,444.47,Medianet,AMEX,PAGADA,Ventas
FAC-002936,TXN-202412-0460,2024-12-01,Sola & Asociados S.A.,9369441042320,277.44,41.62,319.06,Datafast,MASTERCARD,PAGADA,Ventas
FAC-002937,TXN-202412-0461,2024-12-11,Hotel Balaguer & Asociados S.Com.,1486586233487,55.11,8.27,63.38,Datafast,VISA,PAGADA,Ventas
FAC-002938,TXN-202412-0462,2024-12-13,Alejo Palacio Sola S.L.N.E,7719342114746,34.39,5.16,39.55,Datafast,VISA,PAGADA,POS
FAC-002939,TXN-202412-0463,2024-12-08,Zorrilla y asociados S.A.,6957325141561,137.38,20.61,157.99,Datafast,AMEX,PAGADA,Ventas
FAC-002940,TXN-202412-0464,2024-12-26,Instalaciones Otero & Asociados S.C.P,6831243219792,378.81,56.82,435.63,PayPhone,MASTERCARD,PAGADA,E-commerce
FAC-002941,TXN-202412-0465,2024-12-29,Soluciones Pellicer & Asociados S.C.P,4276174035300,1622.14,243.32,1865.46,PayPhone,VISA,PAGADA,E-commerce
FAC-002942,TXN-202412-0466,2024-12-22,Desarrollo Salamanca & Asociados S.A.,5268417273406,9.54,1.43,10.97,PayPhone,VISA,PAGADA,Ventas
FAC-002943,TXN-202412-0467,2024-12-06,Grupo Gracia S.A.,8275413263015,410.01,61.5,471.51,Datafast,MASTERCARD,PAGADA,POS
FAC-002944,TXN-202412-0468,2024-12-08,Prado y Gutierrez S.A.,1789229830922,66.04,9.91,75.95,Datafast,DINERS,PAGADA,Ventas
FAC-002945,TXN-202412-0469,2024-12-08,Banco Gimeno y asociados S.L.N.E,1933704503860,204.71,30.71,235.42,Datafast,MASTERCARD,PAGADA,Ventas
FAC-002946,TXN-202412-0470,2024-12-21,Logística Internacionales S.L.N.E,7329430628734,6.02,0.9,6.92,Datafast,MASTERCARD,PAGADA,Ventas
FAC-002947,TXN-202412-0471,2024-12-01,Banco Española S.Com.,5212951972855,1649.31,247.4,1896.71,Medianet,DINERS,PAGADA,E-commerce
FAC-002948,TXN-202412-0472,2024-12-08,Comercializadora Abellán y asociados S.L.U.,7967931602786,370.82,55.62,426.44,Datafast,VISA,PAGADA,E-commerce
FAC-002949,TXN-202412-0473,2024-12-17,Manufacturas Almeida y asociados S.L.N.E,3548765612806,48.4,7.26,55.66,Datafast,MASTERCARD,PAGADA,E-commerce
FAC-002950,TXN-202412-0474,2024-12-06,Hermanos Pombo S.Coop.,8755211095316,1736.96,260.54,1997.5,Datafast,AMEX,PAGADA,Ventas
FAC-002951,TXN-202412-0475,2024-12-26,Infraestructuras Torrents y asociados S.A.D,2456678597134,19.74,2.96,22.7,Datafast,AMEX,PAGADA,Ventas
FAC-002952,TXN-202412-0476,2024-12-10,Nilo Jaén Perales S.L.N.E,1912928810423,10.1,1.52,11.62,Datafast,VISA,PAGADA,Ventas
FAC-002953,TXN-202412-0477,2024-12-06,Inversiones López S.A.U,8052479655450,18.47,2.77,21.24,Datafast,AMEX,PAGADA,POS
FAC-002954,TXN-202412-0478,2024-12-31,Consultoría Castañeda y asociados S.L.N.E,7455488598069,51.82,7.77,59.59,Medianet,VISA,PAGADA,E-commerce
FAC-002955,TXN-202412-0479,2024-12-01,Moreno & Asociados S.L.N.E,1643987888999,25.04,3.76,28.8,Datafast,MASTERCARD,PAGADA,Ventas
FAC-002956,TXN-202412-0480,2024-12-04,Consultoría Capdevila & Asociados S.A.,4698440602690,304.51,45.68,350.19,Datafast,AMEX,PAGADA,E-commerce
FAC-002957,TXN-202412-0481,2024-12-15,Distribuciones MJK S.A.,8359405219899,27.43,4.11,31.54,PayPhone,MASTERCARD,PAGADA,E-commerce
FAC-002958,TXN-202412-0482,2024-12-16,Botella & Asociados S.Coop.,1220777308815,42.94,6.44,49.38,Medianet,DINERS,PAGADA,Ventas
FAC-002959,TXN-202412-0483,2024-12-09,Industrias ZG S.A.,3902933367705,35.52,5.33,40.85,Datafast,MASTERCARD,PAGADA,Ventas
FAC-002960,TXN-202412-0484,2024-12-12,Vilaplana & Asociados S.L.,2897925384127,60.2,9.03,69.23,Datafast,AMEX,PAGADA,Ventas
FAC-002961,TXN-202412-0485,2024-12-26,Infraestructuras Internacionales S.L.,8513253325888,57.11,8.57,65.68,Datafast,VISA,PAGADA,Ventas
FAC-002962,TXN-202412-0486,2024-12-14,Alimentación Carranza S.Com.,4304162742212,282.7,42.4,325.1,Datafast,DINERS,PAGADA,Ventas
FAC-002963,TXN-202412-0487,2024-12-23,Distribuciones Moliner & Asociados S.L.,9511544485024,120.04,18.01,138.05,Medianet,VISA,PAGADA,E-commerce
FAC-002964,TXN-202412-0488,2024-12-21,Supermercados UHUX S.L.N.E,6210168107137,171.69,25.75,197.44,Medianet,DINERS,PAGADA,POS
FAC-002965,TXN-202412-0489,2024-12-26,Despacho ZEVA S.A.D,7297309514607,60.88,9.13,70.01,Medianet,VISA,PAGADA,Ventas
FAC-002966,TXN-202412-0490,2024-12-20,Transportes Pellicer y asociados S.A.T.,3472040324044,24.21,3.63,27.84,PayPhone,VISA,PAGADA,POS
FAC-002967,TXN-202412-0491,2024-12-05,Talleres OMC S.A.T.,1212178563436,26.02,3.9,29.92,PayPhone,AMEX,PAGADA,E-commerce
FAC-002968,TXN-202412-0492,2024-12-08,Suministros XRF S.L.,1845501290431,205.61,30.84,236.45,PayPhone,VISA,PAGADA,POS
FAC-002969,TXN-202412-0493,2024-12-29,Banco Avanzadas S.A.,3086866775646,719.84,107.98,827.82,Medianet,VISA,PAGADA,Ventas
FAC-002970,TXN-202412-0494,2024-12-11,Supermercados Chaparro S.Com.,8883633209481,4.71,0.71,5.42,Medianet,AMEX,PAGADA,POS
FAC-002971,TXN-202412-0495,2024-12-06,Grupo Cal S.L.U.,6285319990870,272.46,40.87,313.33,Datafast,VISA,PAGADA,Ventas
FAC-002972,TXN-202412-0496,2024-12-13,Inmobiliaria Vaquero & Asociados S.L.N.E,1846187027392,261.23,39.18,300.41,Datafast,VISA,PAGADA,Ventas
FAC-002973,TXN-202412-0497,2024-12-28,Reina Nadal Alegria S.A.,4467831464250,36.93,5.54,42.47,Medianet,DINERS,PAGADA,E-commerce
FAC-002974,TXN-202412-0498,2024-12-15,Comercializadora Salinas y asociados S.Com.,7582324396964,45.91,6.89,52.8,PayPhone,VISA,PAGADA,Ventas
FAC-002975,TXN-202412-0499,2024-12-12,Suministros Simó S.Coop.,9577323724929,4.77,0.71,5.48,PayPhone,MASTERCARD,PAGADA,POS
FAC-002976,TXN-202412-0500,2024-12-31,Rogelio Valverde Pastor S.L.N.E,3113324061869,1060.68,159.1,1219.78,PayPhone,MASTERCARD,PAGADA,E-commerce
