authorization_code,transaction_id,transaction_date,gateway_name,card_type,card_last4,gross_amount,gateway_fee,net_to_bank,currency,status,batch_id
AUTH754082,TXN-202407-0001,2024-07-24,Medianet,VISA,1456,21.74,0.7,19.84,USD,SETTLED,BATCH-9833
AUTH303047,TXN-202407-0002,2024-07-01,Medianet,AMEX,6467,36.64,1.17,33.45,USD,SETTLED,BATCH-2064
AUTH891730,TXN-202407-0003,2024-07-21,Datafast,MASTERCARD,2445,19.91,0.7,18.11,USD,SETTLED,BATCH-4154
AUTH913448,TXN-202407-0004,2024-07-01,Medianet,VISA,9965,419.96,13.44,383.42,USD,SETTLED,BATCH-8658
AUTH357533,TXN-202407-0005,2024-07-11,Medianet,VISA,9959,76.79,2.46,70.1,USD,SETTLED,BATCH-1637
AUTH302111,TXN-202407-0006,2024-07-26,Datafast,VISA,2634,333.56,11.67,303.54,USD,SETTLED,BATCH-6241
AUTH270080,TXN-202407-0007,2024-07-18,Medianet,MASTERCARD,3534,1446.34,46.28,1320.51,USD,SETTLED,BATCH-6096
AUTH408850,TXN-202407-0008,2024-07-23,PayPhone,MASTERCARD,9847,322.49,12.25,292.51,USD,SETTLED,BATCH-3199
AUTH991081,TXN-202407-0009,2024-07-08,Datafast,VISA,9568,10.98,0.38,10.0,USD,SETTLED,BATCH-5916
AUTH358253,TXN-202407-0010,2024-07-12,Datafast,VISA,7340,148.31,5.19,134.97,USD,SETTLED,BATCH-6321
AUTH513258,TXN-202407-0011,2024-07-21,Medianet,MASTERCARD,2610,109.99,3.52,100.42,USD,SETTLED,BATCH-2529
AUTH271139,TXN-202407-0012,2024-07-30,Medianet,VISA,9368,25.25,0.81,23.05,USD,SETTLED,BATCH-1914
AUTH720857,TXN-202407-0013,2024-07-02,Medianet,VISA,3192,62.62,2.0,57.17,USD,SETTLED,BATCH-9332
AUTH547484,TXN-202407-0014,2024-07-30,PayPhone,AMEX,1435,9.96,0.38,9.03,USD,SETTLED,BATCH-3934
AUTH238687,TXN-202407-0015,2024-07-30,PayPhone,VISA,9002,246.17,9.35,223.28,USD,SETTLED,BATCH-7316
AUTH107594,TXN-202407-0016,2024-07-09,Datafast,VISA,1115,47.1,1.65,42.86,USD,SETTLED,BATCH-2246
AUTH951281,TXN-202407-0017,2024-07-05,Medianet,AMEX,7582,21.45,0.69,19.58,USD,SETTLED,BATCH-2156
AUTH663508,TXN-202407-0018,2024-07-06,Datafast,MASTERCARD,7357,144.19,5.05,131.21,USD,SETTLED,BATCH-1445
AUTH127946,TXN-202407-0019,2024-07-17,Datafast,VISA,1600,79.71,2.79,72.53,USD,SETTLED,BATCH-4270
AUTH463666,TXN-202407-0020,2024-07-22,PayPhone,AMEX,2940,59.05,2.24,53.56,USD,SETTLED,BATCH-6215
AUTH691743,TXN-202407-0021,2024-07-06,Medianet,MASTERCARD,1771,27.01,0.86,24.66,USD,SETTLED,BATCH-7280
AUTH882888,TXN-202407-0022,2024-07-25,Datafast,MASTERCARD,8449,488.19,17.09,444.25,USD,SETTLED,BATCH-6235
AUTH876385,TXN-202407-0023,2024-07-17,Medianet,VISA,3161,433.5,13.87,395.79,USD,SETTLED,BATCH-5377
AUTH664517,TXN-202407-0024,2024-07-30,Datafast,VISA,4595,76.51,2.68,69.62,USD,SETTLED,BATCH-3969
AUTH776446,TXN-202407-0025,2024-07-12,PayPhone,MASTERCARD,8881,13.39,0.51,12.15,USD,SETTLED,BATCH-3874
AUTH341687,TXN-202407-0026,2024-07-24,Datafast,VISA,3404,113.08,3.96,102.9,USD,SETTLED,BATCH-1577
AUTH228396,TXN-202407-0027,2024-07-22,PayPhone,DINERS,3358,14.43,0.55,13.09,USD,SETTLED,BATCH-3859
AUTH232461,TXN-202407-0028,2024-07-31,PayPhone,VISA,7350,50.49,1.92,45.8,USD,SETTLED,BATCH-4962
AUTH972051,TXN-202407-0029,2024-07-13,PayPhone,MASTERCARD,4784,379.44,17.04,341.54,USD,SETTLED,BATCH-8868
AUTH926970,TXN-202407-0030,2024-07-08,Medianet,VISA,4668,14.08,0.45,12.86,USD,SETTLED,BATCH-7262
AUTH382555,TXN-202407-0031,2024-07-03,Datafast,MASTERCARD,5503,21.52,0.75,19.58,USD,SETTLED,BATCH-7252
AUTH889219,TXN-202407-0032,2024-07-03,Medianet,VISA,9378,2649.09,84.77,2418.62,USD,SETTLED,BATCH-8090
AUTH383349,TXN-202407-0033,2024-07-30,Datafast,MASTERCARD,8154,14.92,0.52,13.58,USD,SETTLED,BATCH-7937
AUTH194860,TXN-202407-0034,2024-07-04,Medianet,VISA,5977,35.53,1.14,32.43,USD,SETTLED,BATCH-3838
AUTH269546,TXN-202407-0035,2024-07-02,Medianet,VISA,8440,69.79,2.23,63.72,USD,SETTLED,BATCH-3750
AUTH707951,TXN-202407-0036,2024-07-26,Medianet,MASTERCARD,1757,59.62,1.91,54.43,USD,SETTLED,BATCH-6684
AUTH160326,TXN-202407-0037,2024-07-09,Datafast,VISA,4974,36.64,1.28,33.34,USD,SETTLED,BATCH-4829
AUTH565914,TXN-202407-0038,2024-07-18,Datafast,DINERS,6180,69.6,2.44,63.33,USD,SETTLED,BATCH-4796
AUTH917968,TXN-202407-0039,2024-07-30,Datafast,DINERS,1724,486.98,17.04,443.16,USD,SETTLED,BATCH-9802
AUTH449532,TXN-202407-0040,2024-07-02,Datafast,VISA,7893,35.08,1.23,31.92,USD,SETTLED,BATCH-7286
AUTH887854,TXN-202407-0041,2024-07-15,Datafast,DINERS,9041,63.81,2.23,58.07,USD,SETTLED,BATCH-2528
AUTH727514,TXN-202407-0042,2024-07-23,Datafast,DINERS,6372,1889.42,66.13,1719.38,USD,SETTLED,BATCH-5096
AUTH511903,TXN-202407-0043,2024-07-18,Datafast,VISA,8540,1947.95,68.18,1772.63,USD,SETTLED,BATCH-2521
AUTH428263,TXN-202407-0044,2024-07-28,Medianet,VISA,9372,291.2,9.32,265.87,USD,SETTLED,BATCH-2071
AUTH741443,TXN-202407-0045,2024-07-20,Datafast,DINERS,7779,18.94,0.66,17.24,USD,SETTLED,BATCH-9876
AUTH730344,TXN-202407-0046,2024-07-08,Medianet,VISA,9496,71.77,2.67,65.15,USD,SETTLED,BATCH-4143
AUTH744652,TXN-202407-0047,2024-07-17,Medianet,MASTERCARD,4691,48.78,1.56,44.53,USD,SETTLED,BATCH-1266
AUTH240401,TXN-202407-0048,2024-07-13,PayPhone,VISA,4129,180.25,6.85,163.49,USD,SETTLED,BATCH-4776
AUTH159183,TXN-202407-0049,2024-07-03,Medianet,VISA,6543,61.39,1.96,56.06,USD,SETTLED,BATCH-6006
AUTH223631,TXN-202407-0050,2024-07-07,Datafast,DINERS,6805,683.15,23.91,621.67,USD,SETTLED,BATCH-3077
AUTH249571,TXN-202407-0051,2024-07-12,Datafast,DINERS,8308,449.29,15.73,408.85,USD,SETTLED,BATCH-5594
AUTH354517,TXN-202407-0052,2024-07-26,Datafast,AMEX,1217,336.9,11.79,306.58,USD,SETTLED,BATCH-3437
AUTH620526,TXN-202407-0053,2024-07-04,Medianet,MASTERCARD,8976,471.34,15.08,430.34,USD,SETTLED,BATCH-5817
AUTH520991,TXN-202407-0054,2024-07-10,Datafast,AMEX,8245,145.29,5.09,132.21,USD,SETTLED,BATCH-1036
AUTH307710,TXN-202407-0055,2024-07-17,Datafast,VISA,4868,438.22,15.34,398.78,USD,SETTLED,BATCH-7202
AUTH178909,TXN-202407-0056,2024-07-27,Datafast,AMEX,2663,52.57,1.84,47.83,USD,SETTLED,BATCH-7957
AUTH604493,TXN-202407-0057,2024-07-06,Datafast,VISA,3798,78.48,2.75,71.42,USD,SETTLED,BATCH-3911
AUTH582120,TXN-202407-0058,2024-07-31,Datafast,MASTERCARD,4572,126.99,4.44,115.57,USD,SETTLED,BATCH-9394
AUTH423999,TXN-202407-0059,2024-07-05,PayPhone,MASTERCARD,2640,324.65,12.34,294.45,USD,SETTLED,BATCH-4077
AUTH716560,TXN-202407-0060,2024-07-28,Datafast,VISA,6290,414.37,14.5,377.08,USD,SETTLED,BATCH-5426
AUTH489750,TXN-202407-0061,2024-07-25,PayPhone,VISA,6394,12.71,0.48,11.53,USD,SETTLED,BATCH-7719
AUTH391352,TXN-202407-0062,2024-07-30,PayPhone,VISA,6574,144.91,5.51,131.43,USD,SETTLED,BATCH-4134
AUTH267827,TXN-202407-0063,2024-07-01,PayPhone,DINERS,1699,450.19,17.11,408.32,USD,SETTLED,BATCH-4302
AUTH168751,TXN-202407-0064,2024-07-28,Medianet,VISA,6214,2505.59,80.18,2287.6,USD,SETTLED,BATCH-5913
AUTH115610,TXN-202407-0065,2024-07-28,PayPhone,VISA,8208,125.4,4.77,113.74,USD,SETTLED,BATCH-9476
AUTH502580,TXN-202407-0066,2024-07-10,PayPhone,VISA,1536,273.33,10.39,247.91,USD,SETTLED,BATCH-9827
AUTH291105,TXN-202407-0067,2024-07-03,Datafast,MASTERCARD,6856,25.9,0.91,23.56,USD,SETTLED,BATCH-4769
AUTH724214,TXN-202407-0068,2024-07-11,Datafast,MASTERCARD,3080,434.34,15.2,395.25,USD,SETTLED,BATCH-4901
AUTH912514,TXN-202407-0069,2024-07-09,Datafast,DINERS,2533,77.19,2.7,70.25,USD,SETTLED,BATCH-5216
AUTH381229,TXN-202407-0070,2024-07-20,Datafast,VISA,9598,211.74,7.41,192.68,USD,SETTLED,BATCH-4419
AUTH772050,TXN-202407-0071,2024-07-14,Datafast,AMEX,8838,8.33,0.29,7.59,USD,SETTLED,BATCH-8743
AUTH197419,TXN-202407-0072,2024-07-24,Medianet,AMEX,4647,474.91,15.2,433.59,USD,SETTLED,BATCH-7077
AUTH693868,TXN-202407-0073,2024-07-20,Datafast,VISA,9463,2801.93,98.07,2549.75,USD,SETTLED,BATCH-2679
AUTH313017,TXN-202407-0074,2024-07-22,Medianet,VISA,5486,1767.81,56.57,1614.01,USD,SETTLED,BATCH-9631
AUTH569905,TXN-202407-0075,2024-07-22,Datafast,MASTERCARD,5590,160.57,5.62,146.11,USD,SETTLED,BATCH-7246
AUTH458505,TXN-202407-0076,2024-07-18,Medianet,AMEX,5315,206.4,6.6,188.45,USD,SETTLED,BATCH-8146
AUTH752354,TXN-202407-0077,2024-07-11,Datafast,VISA,1732,334.8,11.72,304.66,USD,SETTLED,BATCH-5168
AUTH935536,TXN-202407-0078,2024-07-31,Datafast,MASTERCARD,6098,64.53,2.26,58.72,USD,SETTLED,BATCH-1610
AUTH202539,TXN-202407-0079,2024-07-11,Datafast,VISA,7023,52.47,1.84,47.75,USD,SETTLED,BATCH-9318
AUTH714420,TXN-202407-0080,2024-07-07,PayPhone,MASTERCARD,9341,174.35,6.63,158.13,USD,SETTLED,BATCH-8121
AUTH238872,TXN-202407-0081,2024-07-03,Datafast,VISA,9804,68.73,2.41,62.54,USD,SETTLED,BATCH-6930
AUTH289594,TXN-202407-0082,2024-07-16,Datafast,MASTERCARD,4428,57.23,2.0,52.08,USD,SETTLED,BATCH-5718
AUTH514736,TXN-202407-0083,2024-07-25,Datafast,MASTERCARD,2714,61.32,2.15,55.8,USD,SETTLED,BATCH-3879
AUTH568019,TXN-202407-0084,2024-07-15,Medianet,VISA,2250,372.28,11.91,339.9,USD,SETTLED,BATCH-5657
AUTH179705,TXN-202407-0085,2024-07-15,Medianet,AMEX,6101,15.0,0.48,13.7,USD,SETTLED,BATCH-5081
AUTH837139,TXN-202407-0086,2024-07-15,Medianet,MASTERCARD,2046,61.64,1.97,56.28,USD,SETTLED,BATCH-3893
AUTH340207,TXN-202407-0087,2024-07-15,PayPhone,AMEX,6055,73.01,2.77,66.22,USD,SETTLED,BATCH-7286
AUTH204726,TXN-202407-0088,2024-07-21,Medianet,VISA,8919,23.54,0.75,21.49,USD,SETTLED,BATCH-3188
AUTH605012,TXN-202407-0089,2024-07-03,Medianet,MASTERCARD,1842,195.33,6.25,178.34,USD,SETTLED,BATCH-6402
AUTH490465,TXN-202407-0090,2024-07-05,Datafast,VISA,2677,45.51,1.59,41.41,USD,SETTLED,BATCH-6628
AUTH343394,TXN-202407-0091,2024-07-14,Datafast,MASTERCARD,3496,106.98,3.74,97.34,USD,SETTLED,BATCH-1341
AUTH857645,TXN-202407-0092,2024-07-29,Medianet,VISA,4716,36.51,1.17,33.33,USD,SETTLED,BATCH-8368
AUTH520250,TXN-202407-0093,2024-07-16,PayPhone,VISA,6287,321.79,12.23,291.86,USD,SETTLED,BATCH-5407
AUTH234331,TXN-202407-0094,2024-07-27,PayPhone,VISA,1806,71.87,2.73,65.19,USD,SETTLED,BATCH-4345
AUTH544126,TXN-202407-0095,2024-07-16,Medianet,MASTERCARD,4251,457.08,14.63,417.31,USD,SETTLED,BATCH-6570
AUTH996501,TXN-202407-0096,2024-07-26,Datafast,VISA,7563,55.17,1.93,50.21,USD,SETTLED,BATCH-1355
AUTH387382,TXN-202407-0097,2024-07-18,Medianet,AMEX,9777,2951.8,94.46,2694.99,USD,SETTLED,BATCH-6691
AUTH596450,TXN-202407-0098,2024-07-14,PayPhone,MASTERCARD,8273,115.26,4.38,104.54,USD,SETTLED,BATCH-3672
AUTH433973,TXN-202407-0099,2024-07-15,PayPhone,VISA,2865,29.55,1.12,26.8,USD,SETTLED,BATCH-9569
AUTH258486,TXN-202407-0100,2024-07-14,Datafast,AMEX,6313,76.34,3.1,69.04,USD,SETTLED,BATCH-7114
AUTH800217,TXN-202407-0101,2024-07-31,PayPhone,VISA,7447,101.88,3.87,92.41,USD,SETTLED,BATCH-5456
AUTH994484,TXN-202407-0102,2024-07-01,Datafast,VISA,9746,600.65,21.02,546.59,USD,SETTLED,BATCH-8857
AUTH633406,TXN-202407-0103,2024-07-22,Datafast,VISA,2223,14.47,0.51,13.17,USD,SETTLED,BATCH-1135
AUTH760136,TXN-202407-0104,2024-07-06,Medianet,VISA,1613,402.1,12.87,367.12,USD,SETTLED,BATCH-5075
AUTH518006,TXN-202407-0105,2024-07-31,Medianet,MASTERCARD,8174,66.45,2.13,60.67,USD,SETTLED,BATCH-7994
AUTH364109,TXN-202407-0106,2024-07-31,Datafast,VISA,8378,55.8,1.95,50.78,USD,SETTLED,BATCH-7913
AUTH501704,TXN-202407-0107,2024-07-21,Datafast,MASTERCARD,8313,56.8,1.99,51.68,USD,SETTLED,BATCH-5642
AUTH207883,TXN-202407-0108,2024-07-04,Datafast,MASTERCARD,9810,332.17,11.63,302.27,USD,SETTLED,BATCH-6353
AUTH248758,TXN-202407-0109,2024-07-17,Medianet,VISA,1875,32.79,1.05,29.93,USD,SETTLED,BATCH-4432
AUTH835281,TXN-202407-0110,2024-07-31,Datafast,AMEX,3328,124.33,4.35,113.15,USD,SETTLED,BATCH-6287
AUTH126638,TXN-202407-0111,2024-07-24,Medianet,AMEX,4803,262.9,11.99,236.45,USD,SETTLED,BATCH-2574
AUTH750967,TXN-202407-0112,2024-07-16,PayPhone,VISA,5957,306.03,11.63,277.57,USD,SETTLED,BATCH-8705
AUTH546403,TXN-202407-0113,2024-07-27,Datafast,MASTERCARD,5374,68.88,2.41,62.68,USD,SETTLED,BATCH-7633
AUTH226317,TXN-202407-0114,2024-07-22,Datafast,VISA,6851,319.34,11.18,290.6,USD,SETTLED,BATCH-6376
AUTH570358,TXN-202407-0115,2024-07-12,Datafast,VISA,7985,41.57,1.45,37.83,USD,SETTLED,BATCH-1734
AUTH947932,TXN-202407-0116,2024-07-01,Datafast,AMEX,9394,196.03,6.86,178.39,USD,SETTLED,BATCH-5237
AUTH903683,TXN-202407-0117,2024-07-25,PayPhone,VISA,5782,285.2,10.84,258.68,USD,SETTLED,BATCH-8502
AUTH339671,TXN-202407-0118,2024-07-03,Medianet,MASTERCARD,5315,64.47,2.06,58.87,USD,SETTLED,BATCH-3041
AUTH127734,TXN-202407-0119,2024-07-16,Datafast,MASTERCARD,7750,48.62,1.7,44.24,USD,SETTLED,BATCH-9569
AUTH104728,TXN-202407-0120,2024-07-23,Medianet,VISA,8750,218.93,7.01,199.88,USD,SETTLED,BATCH-4299
AUTH698822,TXN-202407-0121,2024-07-04,Datafast,VISA,5807,19.44,0.68,17.7,USD,SETTLED,BATCH-1074
AUTH721901,TXN-202407-0122,2024-07-16,Medianet,MASTERCARD,1405,21.23,0.68,19.38,USD,SETTLED,BATCH-1616
AUTH266030,TXN-202407-0123,2024-07-04,Medianet,DINERS,4799,26.22,0.84,23.94,USD,SETTLED,BATCH-6574
AUTH791897,TXN-202407-0124,2024-07-05,Datafast,VISA,7934,58.1,2.03,52.88,USD,SETTLED,BATCH-5488
AUTH877861,TXN-202407-0125,2024-07-21,Datafast,VISA,8000,75.81,2.65,68.99,USD,SETTLED,BATCH-3234
AUTH658939,TXN-202407-0126,2024-07-11,Datafast,VISA,5885,40.9,1.43,37.22,USD,SETTLED,BATCH-9333
AUTH381626,TXN-202407-0127,2024-07-03,PayPhone,VISA,1354,127.92,5.62,115.26,USD,SETTLED,BATCH-8460
AUTH430726,TXN-202407-0128,2024-07-26,Datafast,MASTERCARD,2087,143.73,5.03,130.79,USD,SETTLED,BATCH-4477
AUTH244104,TXN-202407-0129,2024-07-14,PayPhone,VISA,8077,46.86,1.78,42.5,USD,SETTLED,BATCH-5501
AUTH383621,TXN-202407-0130,2024-07-30,Medianet,MASTERCARD,4570,239.76,7.67,218.9,USD,SETTLED,BATCH-5666
AUTH164051,TXN-202407-0131,2024-07-02,Datafast,MASTERCARD,3207,47.65,1.67,43.36,USD,SETTLED,BATCH-7585
AUTH300332,TXN-202407-0132,2024-07-09,PayPhone,VISA,6231,342.72,13.02,310.85,USD,SETTLED,BATCH-7181
AUTH274289,TXN-202407-0133,2024-07-14,Datafast,VISA,8860,145.74,5.1,132.62,USD,SETTLED,BATCH-9459
AUTH839403,TXN-202407-0134,2024-07-10,Medianet,VISA,4582,26.61,0.85,24.29,USD,SETTLED,BATCH-8104
AUTH211038,TXN-202407-0135,2024-07-26,PayPhone,VISA,9169,24.84,0.94,22.53,USD,SETTLED,BATCH-8040
AUTH165844,TXN-202407-0136,2024-07-08,Medianet,AMEX,9290,13.61,0.44,12.42,USD,SETTLED,BATCH-8372
AUTH471020,TXN-202407-0137,2024-07-26,Datafast,VISA,4412,9.47,0.33,8.62,USD,SETTLED,BATCH-9829
AUTH824653,TXN-202407-0138,2024-07-15,Medianet,AMEX,2950,1597.88,51.13,1458.87,USD,SETTLED,BATCH-5230
AUTH341457,TXN-202407-0139,2024-07-15,Datafast,VISA,6817,45.5,1.59,41.4,USD,SETTLED,BATCH-8487
AUTH447985,TXN-202407-0140,2024-07-01,Medianet,AMEX,9162,333.56,10.67,304.54,USD,SETTLED,BATCH-1268
AUTH471852,TXN-202407-0141,2024-07-01,Datafast,MASTERCARD,6997,326.59,11.43,297.19,USD,SETTLED,BATCH-7694
AUTH110415,TXN-202407-0142,2024-07-17,PayPhone,MASTERCARD,8422,153.58,5.84,139.29,USD,SETTLED,BATCH-2744
AUTH433232,TXN-202407-0143,2024-07-27,Datafast,VISA,3624,1589.71,55.64,1446.63,USD,SETTLED,BATCH-8496
AUTH198657,TXN-202407-0144,2024-07-04,PayPhone,VISA,3413,29.08,1.11,26.37,USD,SETTLED,BATCH-1364
AUTH384065,TXN-202407-0145,2024-07-27,Datafast,MASTERCARD,8195,75.89,2.66,69.05,USD,SETTLED,BATCH-8098
AUTH320079,TXN-202407-0146,2024-07-25,Datafast,VISA,4826,13.69,0.48,12.45,USD,SETTLED,BATCH-1843
AUTH854760,TXN-202407-0147,2024-07-15,PayPhone,AMEX,2711,70.2,2.67,63.67,USD,SETTLED,BATCH-2392
AUTH909388,TXN-202407-0148,2024-07-15,Datafast,MASTERCARD,9340,289.37,10.13,263.33,USD,SETTLED,BATCH-5273
AUTH246353,TXN-202407-0149,2024-07-23,Datafast,MASTERCARD,7447,1595.29,55.84,1451.71,USD,SETTLED,BATCH-8214
AUTH205242,TXN-202407-0150,2024-07-06,Datafast,DINERS,4414,180.5,6.32,164.26,USD,SETTLED,BATCH-2344
AUTH710152,TXN-202407-0151,2024-07-30,Medianet,MASTERCARD,1618,79.42,2.54,72.52,USD,SETTLED,BATCH-2323
AUTH770928,TXN-202407-0152,2024-07-23,Datafast,VISA,3239,289.32,10.13,263.28,USD,SETTLED,BATCH-1431
AUTH210171,TXN-202407-0153,2024-07-08,Medianet,VISA,2453,491.7,15.73,448.92,USD,SETTLED,BATCH-4520
AUTH414061,TXN-202407-0154,2024-07-29,Medianet,VISA,6430,1770.6,56.66,1616.55,USD,SETTLED,BATCH-9578
AUTH349312,TXN-202407-0155,2024-07-30,PayPhone,VISA,7034,254.28,9.66,230.64,USD,SETTLED,BATCH-5271
AUTH798551,TXN-202407-0156,2024-07-19,Datafast,VISA,5985,431.74,15.11,392.88,USD,SETTLED,BATCH-8340
AUTH982183,TXN-202407-0157,2024-07-18,Datafast,VISA,3681,30.88,1.08,28.1,USD,SETTLED,BATCH-2681
AUTH151767,TXN-202407-0158,2024-07-08,Datafast,DINERS,4715,491.93,17.22,447.65,USD,SETTLED,BATCH-6516
AUTH642559,TXN-202407-0159,2024-07-16,Datafast,AMEX,4713,28.86,1.01,26.26,USD,SETTLED,BATCH-7425
AUTH992707,TXN-202407-0160,2024-07-21,PayPhone,VISA,3868,2480.98,94.28,2250.25,USD,SETTLED,BATCH-8871
AUTH563068,TXN-202407-0161,2024-07-28,Datafast,VISA,5916,49.26,1.72,44.83,USD,SETTLED,BATCH-6873
AUTH608679,TXN-202407-0162,2024-07-24,PayPhone,VISA,2482,39.27,1.49,35.62,USD,SETTLED,BATCH-7862
AUTH720001,TXN-202407-0163,2024-07-09,Datafast,MASTERCARD,7158,40.21,1.41,36.59,USD,SETTLED,BATCH-8080
AUTH583388,TXN-202407-0164,2024-07-22,Medianet,VISA,7108,29.64,0.95,27.06,USD,SETTLED,BATCH-6337
AUTH768688,TXN-202407-0165,2024-07-28,Datafast,VISA,2130,398.95,13.96,363.05,USD,SETTLED,BATCH-1000
AUTH246441,TXN-202407-0166,2024-07-08,Datafast,VISA,6684,466.79,16.34,424.77,USD,SETTLED,BATCH-6549
AUTH373603,TXN-202407-0167,2024-07-04,Datafast,DINERS,5166,375.63,13.15,341.82,USD,SETTLED,BATCH-2254
AUTH588780,TXN-202407-0168,2024-07-02,Datafast,VISA,9807,29.33,1.03,26.69,USD,SETTLED,BATCH-9893
AUTH734875,TXN-202407-0169,2024-07-22,Datafast,VISA,5054,35.9,1.26,32.66,USD,SETTLED,BATCH-9276
AUTH233011,TXN-202407-0170,2024-07-08,Datafast,VISA,8091,340.28,11.91,309.66,USD,SETTLED,BATCH-7920
AUTH492546,TXN-202407-0171,2024-07-09,PayPhone,VISA,7374,24.05,0.91,21.82,USD,SETTLED,BATCH-1327
AUTH826059,TXN-202407-0172,2024-07-06,Datafast,AMEX,1392,2194.03,76.79,1996.57,USD,SETTLED,BATCH-2571
AUTH877255,TXN-202407-0173,2024-07-14,Datafast,VISA,8644,348.35,12.19,317.0,USD,SETTLED,BATCH-7297
AUTH363532,TXN-202407-0174,2024-07-16,Datafast,AMEX,4396,33.85,1.18,30.81,USD,SETTLED,BATCH-9051
AUTH237669,TXN-202407-0175,2024-07-10,Datafast,MASTERCARD,5913,496.93,17.39,452.21,USD,SETTLED,BATCH-5792
AUTH260773,TXN-202407-0176,2024-07-22,PayPhone,MASTERCARD,5778,47.44,1.8,43.04,USD,SETTLED,BATCH-5272
AUTH197962,TXN-202407-0177,2024-07-29,PayPhone,AMEX,7296,429.79,16.33,389.82,USD,SETTLED,BATCH-3960
AUTH626089,TXN-202407-0178,2024-07-07,Medianet,VISA,8715,171.98,5.5,157.02,USD,SETTLED,BATCH-4349
AUTH671742,TXN-202407-0179,2024-07-05,Datafast,MASTERCARD,5171,365.96,12.81,333.02,USD,SETTLED,BATCH-5654
AUTH347743,TXN-202407-0180,2024-07-02,Datafast,MASTERCARD,7369,64.15,2.25,58.37,USD,SETTLED,BATCH-4399
AUTH842597,TXN-202407-0181,2024-07-14,Datafast,VISA,3894,1316.8,46.09,1198.28,USD,SETTLED,BATCH-7028
AUTH958404,TXN-202407-0182,2024-07-17,Datafast,MASTERCARD,3004,233.66,8.18,212.63,USD,SETTLED,BATCH-8126
AUTH366728,TXN-202407-0183,2024-07-26,PayPhone,VISA,6658,282.38,10.73,256.12,USD,SETTLED,BATCH-9472
AUTH758802,TXN-202407-0184,2024-07-05,Medianet,VISA,6844,77.22,2.47,70.51,USD,SETTLED,BATCH-6368
AUTH936653,TXN-202407-0185,2024-07-26,PayPhone,MASTERCARD,9925,2918.17,110.89,2646.78,USD,SETTLED,BATCH-1305
AUTH808214,TXN-202407-0186,2024-07-15,Datafast,MASTERCARD,5643,45.24,1.58,41.17,USD,SETTLED,BATCH-5558
AUTH436945,TXN-202407-0187,2024-07-31,Medianet,MASTERCARD,2348,425.42,13.61,388.42,USD,SETTLED,BATCH-6311
AUTH834435,TXN-202407-0188,2024-07-18,Datafast,VISA,8979,71.32,2.5,64.9,USD,SETTLED,BATCH-1272
AUTH665917,TXN-202407-0189,2024-07-30,PayPhone,VISA,5386,66.79,2.54,60.57,USD,SETTLED,BATCH-6490
AUTH929651,TXN-202407-0190,2024-07-10,Datafast,VISA,2882,75.97,2.66,69.13,USD,SETTLED,BATCH-7700
AUTH214778,TXN-202407-0191,2024-07-12,Datafast,VISA,7958,34.15,1.2,31.07,USD,SETTLED,BATCH-7693
AUTH719394,TXN-202407-0192,2024-07-24,PayPhone,MASTERCARD,2042,49.05,1.86,44.49,USD,SETTLED,BATCH-4757
AUTH289092,TXN-202407-0193,2024-07-31,PayPhone,MASTERCARD,8240,338.57,12.87,307.07,USD,SETTLED,BATCH-8937
AUTH871703,TXN-202407-0194,2024-07-28,Datafast,VISA,1048,76.29,2.67,69.43,USD,SETTLED,BATCH-6622
AUTH107784,TXN-202407-0195,2024-07-12,Datafast,MASTERCARD,6516,78.34,2.74,71.29,USD,SETTLED,BATCH-6093
AUTH417205,TXN-202407-0196,2024-07-15,Datafast,VISA,1215,68.6,2.4,62.42,USD,SETTLED,BATCH-1746
AUTH909144,TXN-202407-0197,2024-07-26,Medianet,MASTERCARD,3647,88.97,2.85,81.23,USD,SETTLED,BATCH-3223
AUTH669095,TXN-202407-0198,2024-07-25,Datafast,VISA,3712,108.82,3.81,99.02,USD,SETTLED,BATCH-5330
AUTH606569,TXN-202407-0199,2024-07-05,Datafast,VISA,2260,218.0,7.63,198.38,USD,SETTLED,BATCH-3915
AUTH616568,TXN-202407-0200,2024-07-09,Datafast,AMEX,9415,14.75,0.52,13.42,USD,SETTLED,BATCH-8121
AUTH143460,TXN-202407-0201,2024-07-26,Datafast,AMEX,2540,31.87,1.12,29.0,USD,SETTLED,BATCH-2181
AUTH552378,TXN-202407-0202,2024-07-14,Medianet,VISA,7627,14.51,0.46,13.25,USD,SETTLED,BATCH-8727
AUTH616643,TXN-202407-0203,2024-07-19,Datafast,VISA,2176,32.15,1.13,29.25,USD,SETTLED,BATCH-9799
AUTH764846,TXN-202407-0204,2024-07-30,Datafast,VISA,5696,385.44,13.49,350.76,USD,SETTLED,BATCH-3749
AUTH500769,TXN-202407-0205,2024-07-16,Medianet,VISA,2620,652.06,20.87,595.33,USD,SETTLED,BATCH-6425
AUTH969809,TXN-202407-0206,2024-07-29,Datafast,VISA,4734,266.3,9.32,242.34,USD,SETTLED,BATCH-8302
AUTH702491,TXN-202407-0207,2024-07-19,Datafast,VISA,5912,51.82,1.81,47.16,USD,SETTLED,BATCH-3037
AUTH307905,TXN-202407-0208,2024-07-17,Medianet,VISA,5480,203.86,6.52,186.13,USD,SETTLED,BATCH-5926
AUTH319120,TXN-202407-0209,2024-07-29,Datafast,MASTERCARD,8856,54.1,1.89,49.24,USD,SETTLED,BATCH-1545
AUTH345868,TXN-202407-0210,2024-07-11,Medianet,VISA,7334,22.14,0.71,20.21,USD,SETTLED,BATCH-3130
AUTH894352,TXN-202407-0211,2024-07-09,Datafast,MASTERCARD,1959,28.44,1.0,25.86,USD,SETTLED,BATCH-6413
AUTH278421,TXN-202407-0212,2024-07-03,PayPhone,MASTERCARD,5180,11.84,0.45,10.74,USD,SETTLED,BATCH-1912
AUTH717518,TXN-202407-0213,2024-07-02,Datafast,MASTERCARD,4332,14.76,0.52,13.43,USD,SETTLED,BATCH-4943
AUTH718206,TXN-202407-0214,2024-07-28,PayPhone,MASTERCARD,8976,252.54,9.6,229.05,USD,SETTLED,BATCH-9829
AUTH685304,TXN-202407-0215,2024-07-10,PayPhone,VISA,8368,628.62,23.89,570.15,USD,SETTLED,BATCH-6303
AUTH550885,TXN-202407-0216,2024-07-16,Datafast,VISA,5715,16.6,0.58,15.1,USD,SETTLED,BATCH-9036
AUTH471500,TXN-202407-0217,2024-07-09,PayPhone,VISA,1423,128.25,4.87,116.33,USD,SETTLED,BATCH-8009
AUTH199903,TXN-202407-0218,2024-07-20,Datafast,VISA,3104,402.32,14.08,366.12,USD,SETTLED,BATCH-3825
AUTH475357,TXN-202407-0219,2024-07-23,Medianet,MASTERCARD,3054,356.29,11.4,325.3,USD,SETTLED,BATCH-7166
AUTH747507,TXN-202407-0220,2024-07-12,Datafast,VISA,9782,467.05,16.35,425.01,USD,SETTLED,BATCH-5929
AUTH159936,TXN-202407-0221,2024-07-24,Datafast,VISA,7636,109.23,3.82,99.4,USD,SETTLED,BATCH-9424
AUTH273989,TXN-202407-0222,2024-07-15,PayPhone,VISA,5728,33.21,1.26,30.13,USD,SETTLED,BATCH-2168
AUTH456823,TXN-202407-0223,2024-07-20,Datafast,VISA,4954,75.61,2.65,68.78,USD,SETTLED,BATCH-7738
AUTH589968,TXN-202407-0224,2024-07-03,PayPhone,VISA,4297,100.9,3.83,91.52,USD,SETTLED,BATCH-5085
AUTH851212,TXN-202407-0225,2024-07-07,Datafast,VISA,1469,253.96,8.89,231.08,USD,SETTLED,BATCH-9475
AUTH669273,TXN-202407-0226,2024-07-16,Datafast,VISA,3483,55.89,1.96,50.85,USD,SETTLED,BATCH-5710
AUTH797840,TXN-202407-0227,2024-07-01,Medianet,VISA,7959,49.95,1.6,45.6,USD,SETTLED,BATCH-5005
AUTH403915,TXN-202407-0228,2024-07-11,Datafast,VISA,6699,24.16,0.85,21.98,USD,SETTLED,BATCH-7671
AUTH554338,TXN-202407-0229,2024-07-23,Datafast,MASTERCARD,1484,33.52,1.17,30.5,USD,SETTLED,BATCH-1848
AUTH388292,TXN-202407-0230,2024-07-28,Medianet,AMEX,7299,110.27,3.53,100.68,USD,SETTLED,BATCH-7313
AUTH160114,TXN-202407-0231,2024-07-19,Datafast,VISA,4066,2655.28,92.93,2416.31,USD,SETTLED,BATCH-4209
AUTH645013,TXN-202407-0232,2024-07-01,Medianet,MASTERCARD,2909,13.64,0.44,12.45,USD,SETTLED,BATCH-6293
AUTH449745,TXN-202407-0233,2024-07-12,Datafast,DINERS,4090,56.72,1.99,51.61,USD,SETTLED,BATCH-9391
AUTH767460,TXN-202407-0234,2024-07-03,Datafast,VISA,7809,35.03,1.23,31.87,USD,SETTLED,BATCH-6747
AUTH627912,TXN-202407-0235,2024-07-03,PayPhone,MASTERCARD,7178,63.43,2.41,57.54,USD,SETTLED,BATCH-4616
AUTH923771,TXN-202407-0236,2024-07-12,Medianet,MASTERCARD,8412,63.22,2.02,57.73,USD,SETTLED,BATCH-1310
AUTH922490,TXN-202407-0237,2024-07-09,PayPhone,MASTERCARD,8531,12.71,0.48,11.53,USD,SETTLED,BATCH-2385
AUTH476729,TXN-202407-0238,2024-07-31,Datafast,VISA,3017,111.65,3.91,101.6,USD,SETTLED,BATCH-1356
AUTH870955,TXN-202407-0239,2024-07-30,Datafast,MASTERCARD,7185,268.54,9.4,244.37,USD,SETTLED,BATCH-2301
AUTH652905,TXN-202407-0240,2024-07-11,Medianet,DINERS,7807,77.82,2.49,71.05,USD,SETTLED,BATCH-3315
AUTH656169,TXN-202407-0241,2024-07-19,Datafast,VISA,7780,414.46,14.51,377.16,USD,SETTLED,BATCH-8197
AUTH301437,TXN-202407-0242,2024-07-12,Datafast,VISA,8135,7.82,0.27,7.12,USD,SETTLED,BATCH-9999
AUTH969838,TXN-202407-0243,2024-07-17,Datafast,AMEX,2277,338.3,11.84,307.86,USD,SETTLED,BATCH-7182
AUTH874706,TXN-202407-0244,2024-07-15,Datafast,MASTERCARD,1024,456.27,15.97,415.21,USD,SETTLED,BATCH-6463
AUTH667789,TXN-202407-0245,2024-07-02,Medianet,VISA,3286,16.31,0.52,14.9,USD,SETTLED,BATCH-2377
AUTH280141,TXN-202407-0246,2024-07-17,Datafast,AMEX,6135,58.57,2.05,53.29,USD,SETTLED,BATCH-4414
AUTH912476,TXN-202407-0247,2024-07-17,Datafast,VISA,7457,37.96,1.33,34.54,USD,SETTLED,BATCH-1025
AUTH436214,TXN-202407-0248,2024-07-11,Datafast,VISA,4940,35.66,1.25,32.46,USD,SETTLED,BATCH-5816
AUTH833448,TXN-202407-0249,2024-07-04,Medianet,MASTERCARD,5552,107.68,3.45,98.3,USD,SETTLED,BATCH-9252
AUTH558482,TXN-202407-0250,2024-07-30,Medianet,VISA,3849,355.76,11.38,324.81,USD,SETTLED,BATCH-7043
AUTH845119,TXN-202407-0251,2024-07-12,PayPhone,VISA,1525,139.4,5.3,126.44,USD,SETTLED,BATCH-3415
AUTH932291,TXN-202407-0252,2024-07-31,PayPhone,MASTERCARD,3202,49.63,1.89,45.01,USD,SETTLED,BATCH-9023
AUTH601036,TXN-202407-0253,2024-07-22,Datafast,VISA,3097,421.54,14.75,383.6,USD,SETTLED,BATCH-8531
AUTH241532,TXN-202407-0254,2024-07-21,PayPhone,MASTERCARD,3189,301.09,11.44,273.09,USD,SETTLED,BATCH-6738
AUTH524181,TXN-202407-0255,2024-07-07,Datafast,VISA,4607,18.52,0.65,16.85,USD,SETTLED,BATCH-9588
AUTH926840,TXN-202407-0256,2024-07-03,PayPhone,VISA,5401,15.32,0.58,13.9,USD,SETTLED,BATCH-7161
AUTH280251,TXN-202407-0257,2024-07-29,PayPhone,VISA,9916,430.75,16.37,390.69,USD,SETTLED,BATCH-8779
AUTH118863,TXN-202407-0258,2024-07-13,Datafast,VISA,1649,135.04,4.73,122.88,USD,SETTLED,BATCH-1799
AUTH875585,TXN-202407-0259,2024-07-06,Datafast,AMEX,2185,419.8,14.69,382.02,USD,SETTLED,BATCH-4542
AUTH632587,TXN-202407-0260,2024-07-15,Datafast,VISA,4420,179.76,6.29,163.58,USD,SETTLED,BATCH-7345
AUTH379052,TXN-202407-0261,2024-07-10,Datafast,MASTERCARD,8171,45.05,1.58,40.99,USD,SETTLED,BATCH-6366
AUTH517226,TXN-202407-0262,2024-07-15,PayPhone,VISA,7936,319.58,12.14,289.86,USD,SETTLED,BATCH-7798
AUTH605681,TXN-202407-0263,2024-07-06,Medianet,MASTERCARD,4616,36.4,1.16,33.24,USD,SETTLED,BATCH-3403
AUTH231417,TXN-202407-0264,2024-07-28,PayPhone,VISA,7897,53.09,2.02,48.15,USD,SETTLED,BATCH-1845
AUTH790447,TXN-202407-0265,2024-07-10,Medianet,VISA,8999,437.49,14.0,399.43,USD,SETTLED,BATCH-4183
AUTH712893,TXN-202407-0266,2024-07-14,Medianet,VISA,6866,868.37,27.79,792.82,USD,SETTLED,BATCH-7921
AUTH916755,TXN-202407-0267,2024-07-01,PayPhone,VISA,1264,31.22,1.19,28.32,USD,SETTLED,BATCH-4532
AUTH276456,TXN-202407-0268,2024-07-12,Datafast,MASTERCARD,2536,79.59,2.79,72.42,USD,SETTLED,BATCH-5157
AUTH480017,TXN-202407-0269,2024-07-26,Datafast,DINERS,8771,352.98,12.35,321.22,USD,SETTLED,BATCH-5981
AUTH419966,TXN-202407-0270,2024-07-05,Datafast,VISA,8411,372.35,13.03,338.84,USD,SETTLED,BATCH-5608
AUTH327233,TXN-202407-0271,2024-07-07,Datafast,MASTERCARD,2182,547.51,19.16,498.23,USD,SETTLED,BATCH-4461
AUTH918035,TXN-202407-0272,2024-07-10,Medianet,MASTERCARD,6364,13.34,0.43,12.18,USD,SETTLED,BATCH-5229
AUTH768622,TXN-202407-0273,2024-07-15,Datafast,VISA,3453,64.54,2.26,58.73,USD,SETTLED,BATCH-7602
AUTH434372,TXN-202407-0274,2024-07-17,Datafast,AMEX,5987,86.9,3.04,79.08,USD,SETTLED,BATCH-9334
AUTH872919,TXN-202407-0275,2024-07-08,Datafast,VISA,5523,51.11,1.79,46.51,USD,SETTLED,BATCH-7185
AUTH491362,TXN-202407-0276,2024-07-03,Datafast,MASTERCARD,7612,78.1,2.73,71.08,USD,SETTLED,BATCH-5007
AUTH184046,TXN-202407-0277,2024-07-28,Medianet,MASTERCARD,2970,6.53,0.21,5.96,USD,SETTLED,BATCH-4811
AUTH923903,TXN-202407-0278,2024-07-12,Datafast,VISA,5494,61.05,2.14,55.55,USD,SETTLED,BATCH-2719
AUTH714048,TXN-202407-0279,2024-07-24,Datafast,MASTERCARD,5813,404.03,14.14,367.67,USD,SETTLED,BATCH-9801
AUTH510821,TXN-202407-0280,2024-07-27,Datafast,VISA,1440,53.21,1.86,48.43,USD,SETTLED,BATCH-2178
AUTH276971,TXN-202407-0281,2024-07-03,Datafast,MASTERCARD,3690,420.83,14.73,382.94,USD,SETTLED,BATCH-3466
AUTH682430,TXN-202407-0282,2024-07-07,Medianet,VISA,4461,8.29,0.27,7.57,USD,SETTLED,BATCH-4214
AUTH266748,TXN-202407-0283,2024-07-16,Datafast,VISA,5019,66.16,2.98,59.54,USD,SETTLED,BATCH-4642
AUTH280998,TXN-202407-0284,2024-07-02,Datafast,MASTERCARD,6741,69.66,2.44,63.39,USD,SETTLED,BATCH-7074
AUTH292483,TXN-202407-0285,2024-07-24,Datafast,VISA,2026,71.71,2.51,65.25,USD,SETTLED,BATCH-8204
AUTH467382,TXN-202407-0286,2024-07-16,PayPhone,VISA,8502,1740.51,66.14,1578.64,USD,SETTLED,BATCH-7908
AUTH109041,TXN-202407-0287,2024-07-03,PayPhone,MASTERCARD,5981,385.37,14.64,349.56,USD,SETTLED,BATCH-2454
AUTH891655,TXN-202407-0288,2024-07-03,Medianet,AMEX,7479,29.09,0.93,26.56,USD,SETTLED,BATCH-8811
AUTH211452,TXN-202407-0289,2024-07-23,Medianet,VISA,6906,258.97,8.29,236.44,USD,SETTLED,BATCH-1783
AUTH659188,TXN-202407-0290,2024-07-14,Datafast,VISA,8115,228.07,7.98,207.55,USD,SETTLED,BATCH-8348
AUTH292257,TXN-202407-0291,2024-07-13,Medianet,MASTERCARD,6032,55.34,1.77,50.53,USD,SETTLED,BATCH-4601
AUTH469799,TXN-202407-0292,2024-07-28,Medianet,MASTERCARD,3295,7.34,0.23,6.71,USD,SETTLED,BATCH-3032
AUTH864764,TXN-202407-0293,2024-07-21,Medianet,VISA,7175,22.7,0.73,20.72,USD,SETTLED,BATCH-8315
AUTH934471,TXN-202407-0294,2024-07-15,Datafast,DINERS,1860,16.51,0.58,15.02,USD,SETTLED,BATCH-5939
AUTH795927,TXN-202407-0295,2024-07-13,Datafast,MASTERCARD,2802,302.37,10.58,275.16,USD,SETTLED,BATCH-5586
AUTH766505,TXN-202407-0296,2024-07-16,Medianet,VISA,7287,60.18,1.93,54.94,USD,SETTLED,BATCH-6854
AUTH525443,TXN-202407-0297,2024-07-15,Datafast,MASTERCARD,5035,24.52,0.86,22.31,USD,SETTLED,BATCH-8552
AUTH276163,TXN-202407-0298,2024-07-04,PayPhone,VISA,9021,1728.0,80.87,1552.09,USD,SETTLED,BATCH-8562
AUTH893701,TXN-202407-0299,2024-07-03,PayPhone,VISA,3101,266.95,10.14,242.13,USD,SETTLED,BATCH-8012
AUTH414442,TXN-202407-0300,2024-07-18,PayPhone,DINERS,7219,378.01,14.36,342.86,USD,SETTLED,BATCH-3835
AUTH568946,TXN-202407-0301,2024-07-23,Datafast,VISA,4574,58.22,2.04,52.98,USD,SETTLED,BATCH-7774
AUTH280463,TXN-202407-0302,2024-07-26,Datafast,VISA,2089,78.88,3.57,70.97,USD,SETTLED,BATCH-3226
AUTH679307,TXN-202407-0303,2024-07-15,Datafast,VISA,6844,47.92,1.68,43.6,USD,SETTLED,BATCH-7359
AUTH531163,TXN-202407-0304,2024-07-23,Datafast,AMEX,7248,34.86,1.22,31.72,USD,SETTLED,BATCH-5014
AUTH297869,TXN-202407-0305,2024-07-05,Datafast,VISA,6486,48.12,1.68,43.79,USD,SETTLED,BATCH-7429
AUTH717592,TXN-202407-0306,2024-07-29,Medianet,VISA,6832,224.7,7.19,205.15,USD,SETTLED,BATCH-8282
AUTH897420,TXN-202407-0307,2024-07-30,Medianet,VISA,3587,1581.55,50.61,1443.95,USD,SETTLED,BATCH-9817
AUTH364190,TXN-202407-0308,2024-07-30,PayPhone,MASTERCARD,3993,17.15,0.65,15.56,USD,SETTLED,BATCH-6130
AUTH289037,TXN-202407-0309,2024-07-03,Datafast,DINERS,8962,26.3,0.92,23.94,USD,SETTLED,BATCH-1674
AUTH777504,TXN-202407-0310,2024-07-20,Datafast,DINERS,8187,51.88,1.82,47.21,USD,SETTLED,BATCH-9346
AUTH113329,TXN-202407-0311,2024-07-06,Datafast,MASTERCARD,7154,323.87,11.34,294.72,USD,SETTLED,BATCH-9001
AUTH195042,TXN-202407-0312,2024-07-02,Medianet,AMEX,5304,74.29,2.38,67.83,USD,SETTLED,BATCH-9124
AUTH992423,TXN-202407-0313,2024-07-07,Datafast,DINERS,2518,191.16,6.69,173.96,USD,SETTLED,BATCH-5341
AUTH277762,TXN-202407-0314,2024-07-10,Datafast,MASTERCARD,5892,52.04,1.82,47.37,USD,SETTLED,BATCH-9123
AUTH931435,TXN-202407-0315,2024-07-10,PayPhone,VISA,1736,367.7,13.97,333.49,USD,SETTLED,BATCH-7133
AUTH270420,TXN-202407-0316,2024-07-07,Datafast,VISA,1431,41.32,1.45,37.6,USD,SETTLED,BATCH-5466
AUTH357618,TXN-202407-0317,2024-07-28,Medianet,VISA,4544,388.36,12.43,354.57,USD,SETTLED,BATCH-5699
AUTH386813,TXN-202407-0318,2024-07-11,PayPhone,VISA,9971,47.12,1.79,42.74,USD,SETTLED,BATCH-4922
AUTH191424,TXN-202407-0319,2024-07-10,Datafast,VISA,6298,12.26,0.43,11.16,USD,SETTLED,BATCH-5673
AUTH401437,TXN-202407-0320,2024-07-27,PayPhone,VISA,1040,2755.78,104.72,2499.49,USD,SETTLED,BATCH-9231
AUTH697406,TXN-202407-0321,2024-07-17,PayPhone,MASTERCARD,3931,16.95,0.64,15.38,USD,SETTLED,BATCH-6476
AUTH701251,TXN-202407-0322,2024-07-17,Datafast,VISA,6480,75.89,2.66,69.05,USD,SETTLED,BATCH-3266
AUTH283504,TXN-202407-0323,2024-07-16,PayPhone,VISA,6624,8.79,0.33,7.97,USD,SETTLED,BATCH-6802
AUTH722876,TXN-202407-0324,2024-07-28,PayPhone,MASTERCARD,2041,45.25,1.72,41.02,USD,SETTLED,BATCH-4117
AUTH112000,TXN-202407-0325,2024-07-12,Datafast,AMEX,4412,400.82,14.03,364.74,USD,SETTLED,BATCH-8309
AUTH926341,TXN-202407-0326,2024-07-03,Datafast,MASTERCARD,5441,46.49,1.63,42.31,USD,SETTLED,BATCH-8531
AUTH114097,TXN-202407-0327,2024-07-22,Medianet,MASTERCARD,5727,79.18,2.53,72.3,USD,SETTLED,BATCH-5157
AUTH734896,TXN-202407-0328,2024-07-11,Datafast,DINERS,5191,64.62,2.26,58.8,USD,SETTLED,BATCH-1450
AUTH836274,TXN-202407-0329,2024-07-17,PayPhone,MASTERCARD,7542,43.18,1.64,39.17,USD,SETTLED,BATCH-4932
AUTH786947,TXN-202407-0330,2024-07-15,Datafast,VISA,8882,40.53,1.42,36.88,USD,SETTLED,BATCH-8802
AUTH537786,TXN-202407-0331,2024-07-06,Medianet,MASTERCARD,3304,50.98,1.63,46.55,USD,SETTLED,BATCH-7378
AUTH513578,TXN-202407-0332,2024-07-27,PayPhone,MASTERCARD,3958,30.23,1.15,27.4,USD,SETTLED,BATCH-8630
AUTH278510,TXN-202407-0333,2024-07-12,Medianet,MASTERCARD,9739,66.18,2.12,60.42,USD,SETTLED,BATCH-7879
AUTH971865,TXN-202407-0334,2024-07-24,Medianet,DINERS,9780,414.64,13.27,378.56,USD,SETTLED,BATCH-8787
AUTH827317,TXN-202407-0335,2024-07-25,Medianet,MASTERCARD,4746,54.17,1.73,49.46,USD,SETTLED,BATCH-5610
AUTH564921,TXN-202407-0336,2024-07-21,Medianet,MASTERCARD,1013,151.62,4.85,138.43,USD,SETTLED,BATCH-1409
AUTH141688,TXN-202407-0337,2024-07-02,Medianet,AMEX,5926,56.05,1.79,51.18,USD,SETTLED,BATCH-5344
AUTH240906,TXN-202407-0338,2024-07-05,PayPhone,VISA,8681,28.53,1.08,25.88,USD,SETTLED,BATCH-3462
AUTH529821,TXN-202407-0339,2024-07-28,Medianet,VISA,4951,466.62,14.93,426.02,USD,SETTLED,BATCH-1369
AUTH517859,TXN-202407-0340,2024-07-22,Medianet,MASTERCARD,4824,47.07,1.51,42.97,USD,SETTLED,BATCH-8864
AUTH100258,TXN-202407-0341,2024-07-11,Medianet,VISA,2083,73.41,2.35,67.03,USD,SETTLED,BATCH-7901
AUTH375016,TXN-202407-0342,2024-07-23,Datafast,MASTERCARD,5140,350.19,12.26,318.67,USD,SETTLED,BATCH-8655
AUTH971412,TXN-202407-0343,2024-07-08,Medianet,VISA,6917,46.86,1.5,42.78,USD,SETTLED,BATCH-6811
AUTH459337,TXN-202407-0344,2024-07-16,Medianet,MASTERCARD,5521,285.38,9.13,260.56,USD,SETTLED,BATCH-2319
AUTH968253,TXN-202407-0345,2024-07-19,Medianet,DINERS,7192,200.87,6.43,183.39,USD,SETTLED,BATCH-6048
AUTH979905,TXN-202407-0346,2024-07-25,Medianet,AMEX,2371,30.89,0.99,28.2,USD,SETTLED,BATCH-8293
AUTH155171,TXN-202407-0347,2024-07-15,Datafast,VISA,7124,225.47,7.89,205.18,USD,SETTLED,BATCH-6746
AUTH708921,TXN-202407-0348,2024-07-30,Datafast,VISA,8900,45.39,1.59,41.31,USD,SETTLED,BATCH-4272
AUTH478857,TXN-202407-0349,2024-07-08,Medianet,VISA,5790,326.47,10.45,298.07,USD,SETTLED,BATCH-5883
AUTH551211,TXN-202407-0350,2024-07-14,Medianet,MASTERCARD,4243,102.05,3.27,93.17,USD,SETTLED,BATCH-2446
AUTH303639,TXN-202407-0351,2024-07-18,Medianet,VISA,3438,82.18,2.63,75.03,USD,SETTLED,BATCH-2245
AUTH294103,TXN-202407-0352,2024-07-07,Datafast,DINERS,6858,280.53,11.78,253.32,USD,SETTLED,BATCH-6195
AUTH169995,TXN-202407-0353,2024-07-19,Datafast,MASTERCARD,2520,723.65,25.33,658.52,USD,SETTLED,BATCH-8719
AUTH600395,TXN-202407-0354,2024-07-06,Medianet,MASTERCARD,2875,2783.07,89.06,2540.94,USD,SETTLED,BATCH-4402
AUTH976561,TXN-202407-0355,2024-07-13,PayPhone,VISA,5271,2992.93,113.73,2714.59,USD,SETTLED,BATCH-4407
AUTH398886,TXN-202407-0356,2024-07-02,Datafast,MASTERCARD,8503,201.58,7.06,183.43,USD,SETTLED,BATCH-1973
AUTH778445,TXN-202407-0357,2024-07-15,Datafast,MASTERCARD,9617,1337.61,46.82,1217.22,USD,SETTLED,BATCH-1953
AUTH141249,TXN-202407-0358,2024-07-15,Medianet,VISA,9471,2627.65,84.08,2399.05,USD,SETTLED,BATCH-1529
AUTH119674,TXN-202407-0359,2024-07-09,Datafast,VISA,8644,39.42,1.38,35.88,USD,SETTLED,BATCH-1762
AUTH852014,TXN-202407-0360,2024-07-25,Datafast,MASTERCARD,6190,318.47,11.15,289.81,USD,SETTLED,BATCH-5550
AUTH342849,TXN-202407-0361,2024-07-17,Datafast,AMEX,4500,427.34,14.96,388.88,USD,SETTLED,BATCH-1548
AUTH744374,TXN-202407-0362,2024-07-11,Datafast,MASTERCARD,2040,15.55,0.54,14.15,USD,SETTLED,BATCH-7701
AUTH178508,TXN-202407-0363,2024-07-11,Datafast,VISA,3195,25.02,0.88,22.76,USD,SETTLED,BATCH-7104
AUTH152326,TXN-202407-0364,2024-07-08,Medianet,MASTERCARD,1132,31.97,1.02,29.19,USD,SETTLED,BATCH-7527
AUTH873140,TXN-202407-0365,2024-07-30,Medianet,VISA,5743,56.46,1.81,51.55,USD,SETTLED,BATCH-6850
AUTH897188,TXN-202407-0366,2024-07-12,Medianet,MASTERCARD,1228,475.07,15.2,433.74,USD,SETTLED,BATCH-9294
AUTH188502,TXN-202407-0367,2024-07-20,Datafast,DINERS,6279,39.12,1.37,35.6,USD,SETTLED,BATCH-3457
AUTH702848,TXN-202407-0368,2024-07-22,Datafast,MASTERCARD,5676,45.31,1.59,41.23,USD,SETTLED,BATCH-4967
AUTH330273,TXN-202407-0369,2024-07-17,Medianet,MASTERCARD,4995,410.7,13.14,374.97,USD,SETTLED,BATCH-5759
AUTH357541,TXN-202407-0370,2024-07-27,Medianet,VISA,8222,780.52,24.98,712.61,USD,SETTLED,BATCH-5315
AUTH488744,TXN-202407-0371,2024-07-28,PayPhone,VISA,9119,17.34,0.66,15.73,USD,SETTLED,BATCH-6626
AUTH900079,TXN-202407-0372,2024-07-29,Datafast,MASTERCARD,8134,285.31,9.99,259.63,USD,SETTLED,BATCH-5000
AUTH310545,TXN-202407-0373,2024-07-19,Datafast,VISA,7961,36.16,1.27,32.9,USD,SETTLED,BATCH-9607
AUTH664913,TXN-202407-0374,2024-07-09,Medianet,MASTERCARD,2552,6.63,0.21,6.05,USD,SETTLED,BATCH-6464
AUTH749264,TXN-202407-0375,2024-07-03,Medianet,MASTERCARD,9418,30.84,0.99,28.15,USD,SETTLED,BATCH-7924
AUTH286265,TXN-202407-0376,2024-07-02,PayPhone,DINERS,4183,75.03,2.85,68.05,USD,SETTLED,BATCH-6987
AUTH241000,TXN-202407-0377,2024-07-21,Datafast,MASTERCARD,1848,490.9,17.18,446.72,USD,SETTLED,BATCH-5030
AUTH268109,TXN-202407-0378,2024-07-13,Datafast,AMEX,9656,73.78,2.58,67.14,USD,SETTLED,BATCH-6602
AUTH412348,TXN-202407-0379,2024-07-28,Datafast,DINERS,7127,135.86,4.76,123.63,USD,SETTLED,BATCH-3953
AUTH976980,TXN-202407-0380,2024-07-08,Datafast,DINERS,9225,14.55,0.51,13.24,USD,SETTLED,BATCH-4281
AUTH586204,TXN-202407-0381,2024-07-14,Medianet,DINERS,1845,58.93,1.89,53.8,USD,SETTLED,BATCH-3132
AUTH198195,TXN-202407-0382,2024-07-07,Datafast,VISA,1979,16.63,0.58,15.13,USD,SETTLED,BATCH-7743
AUTH191062,TXN-202407-0383,2024-07-30,Medianet,VISA,2636,338.27,10.82,308.85,USD,SETTLED,BATCH-8042
AUTH720637,TXN-202407-0384,2024-07-22,Datafast,VISA,9780,267.51,9.36,243.43,USD,SETTLED,BATCH-1522
AUTH332986,TXN-202407-0385,2024-07-18,PayPhone,VISA,8871,37.92,1.44,34.39,USD,SETTLED,BATCH-1220
AUTH500893,TXN-202407-0386,2024-07-08,Medianet,MASTERCARD,4984,79.51,2.54,72.57,USD,SETTLED,BATCH-1603
AUTH993573,TXN-202407-0387,2024-07-08,Medianet,MASTERCARD,2405,423.72,13.56,386.85,USD,SETTLED,BATCH-5263
AUTH106070,TXN-202407-0388,2024-07-09,PayPhone,DINERS,6112,36.02,1.37,32.67,USD,SETTLED,BATCH-8641
AUTH828579,TXN-202407-0389,2024-07-22,Medianet,MASTERCARD,4377,153.56,4.91,140.2,USD,SETTLED,BATCH-1473
AUTH149049,TXN-202407-0390,2024-07-13,Medianet,VISA,2381,53.25,1.7,48.62,USD,SETTLED,BATCH-2289
AUTH540267,TXN-202407-0391,2024-07-25,Datafast,VISA,6317,33.23,1.16,30.24,USD,SETTLED,BATCH-2149
AUTH122300,TXN-202407-0392,2024-07-26,Datafast,AMEX,2508,58.07,2.03,52.85,USD,SETTLED,BATCH-1981
AUTH654567,TXN-202407-0393,2024-07-05,PayPhone,MASTERCARD,2063,1893.22,71.94,1717.16,USD,SETTLED,BATCH-5022
AUTH250540,TXN-202407-0394,2024-07-28,Datafast,VISA,5098,467.33,22.15,419.48,USD,SETTLED,BATCH-6040
AUTH583816,TXN-202407-0395,2024-07-22,Datafast,MASTERCARD,4749,25.13,0.88,22.87,USD,SETTLED,BATCH-6925
AUTH609454,TXN-202407-0396,2024-07-24,Medianet,AMEX,8096,62.13,1.99,56.72,USD,SETTLED,BATCH-7904
AUTH791091,TXN-202407-0397,2024-07-31,Medianet,VISA,8886,219.85,7.04,200.72,USD,SETTLED,BATCH-2274
AUTH139082,TXN-202407-0398,2024-07-25,Datafast,VISA,9763,393.69,13.78,358.25,USD,SETTLED,BATCH-2288
AUTH435933,TXN-202407-0399,2024-07-08,PayPhone,MASTERCARD,7759,246.59,9.37,223.65,USD,SETTLED,BATCH-9222
AUTH519403,TXN-202407-0400,2024-07-10,Datafast,VISA,3798,53.65,1.88,48.82,USD,SETTLED,BATCH-7538
AUTH394635,TXN-202407-0401,2024-07-24,Datafast,AMEX,2702,65.21,2.28,59.35,USD,SETTLED,BATCH-6150
AUTH519675,TXN-202407-0402,2024-07-02,Medianet,VISA,1242,28.47,0.91,26.0,USD,SETTLED,BATCH-2316
AUTH216284,TXN-202407-0403,2024-07-19,PayPhone,MASTERCARD,8960,46.5,1.77,42.17,USD,SETTLED,BATCH-2421
AUTH818366,TXN-202407-0404,2024-07-19,Medianet,VISA,9986,22.25,0.71,20.32,USD,SETTLED,BATCH-9972
AUTH884714,TXN-202407-0405,2024-07-27,Datafast,MASTERCARD,2271,188.08,6.58,171.16,USD,SETTLED,BATCH-2667
AUTH538289,TXN-202407-0406,2024-07-26,PayPhone,MASTERCARD,9991,17.62,0.67,15.98,USD,SETTLED,BATCH-6214
AUTH971317,TXN-202407-0407,2024-07-18,Datafast,MASTERCARD,8472,73.77,2.58,67.13,USD,SETTLED,BATCH-9231
AUTH981373,TXN-202407-0408,2024-07-27,PayPhone,MASTERCARD,2594,111.22,4.23,100.88,USD,SETTLED,BATCH-4523
AUTH157559,TXN-202407-0409,2024-07-03,Datafast,VISA,1742,52.3,1.83,47.6,USD,SETTLED,BATCH-8337
AUTH597026,TXN-202407-0410,2024-07-21,Datafast,VISA,7641,9.53,0.33,8.67,USD,SETTLED,BATCH-5533
AUTH557102,TXN-202407-0411,2024-07-18,PayPhone,AMEX,9593,86.61,3.29,78.55,USD,SETTLED,BATCH-7582
AUTH236104,TXN-202407-0412,2024-07-10,Datafast,VISA,6244,305.01,10.68,277.55,USD,SETTLED,BATCH-7985
AUTH509911,TXN-202407-0413,2024-07-06,Medianet,MASTERCARD,7934,75.48,2.42,68.91,USD,SETTLED,BATCH-2253
AUTH395048,TXN-202407-0414,2024-07-09,PayPhone,MASTERCARD,5934,51.48,1.96,46.69,USD,SETTLED,BATCH-6111
AUTH328997,TXN-202407-0415,2024-07-19,Datafast,VISA,3111,35.45,1.24,32.26,USD,SETTLED,BATCH-6020
AUTH843137,TXN-202407-0416,2024-07-21,PayPhone,VISA,6417,436.1,16.57,395.55,USD,SETTLED,BATCH-8706
AUTH651259,TXN-202407-0417,2024-07-02,Medianet,VISA,8440,46.45,1.49,42.41,USD,SETTLED,BATCH-8351
AUTH847873,TXN-202407-0418,2024-07-26,Datafast,VISA,1866,37.54,1.31,34.16,USD,SETTLED,BATCH-7964
AUTH471183,TXN-202407-0419,2024-07-02,Medianet,AMEX,7660,44.61,1.43,40.72,USD,SETTLED,BATCH-2523
AUTH110824,TXN-202407-0420,2024-07-02,Datafast,AMEX,9977,279.71,9.79,254.53,USD,SETTLED,BATCH-9367
AUTH115440,TXN-202407-0421,2024-07-06,Medianet,VISA,1037,54.36,1.74,49.63,USD,SETTLED,BATCH-7690
AUTH700249,TXN-202407-0422,2024-07-27,Datafast,VISA,3339,66.55,2.33,60.56,USD,SETTLED,BATCH-9374
AUTH441379,TXN-202407-0423,2024-07-28,PayPhone,VISA,8009,318.01,12.08,288.44,USD,SETTLED,BATCH-8976
AUTH339357,TXN-202407-0424,2024-07-26,Medianet,MASTERCARD,4242,60.48,1.94,55.22,USD,SETTLED,BATCH-1000
AUTH585520,TXN-202407-0425,2024-07-14,Medianet,MASTERCARD,5004,634.24,20.3,579.06,USD,SETTLED,BATCH-5598
AUTH281890,TXN-202407-0426,2024-07-13,PayPhone,VISA,2181,481.04,18.28,436.3,USD,SETTLED,BATCH-8562
AUTH309594,TXN-202407-0427,2024-07-12,Datafast,VISA,7099,1726.51,60.43,1571.12,USD,SETTLED,BATCH-7743
AUTH384559,TXN-202407-0428,2024-07-03,PayPhone,VISA,5313,357.48,13.58,324.24,USD,SETTLED,BATCH-7551
AUTH544238,TXN-202407-0429,2024-07-13,Datafast,VISA,3936,25.1,0.88,22.84,USD,SETTLED,BATCH-7281
AUTH194509,TXN-202407-0430,2024-07-03,Medianet,VISA,4214,32.05,1.03,29.26,USD,SETTLED,BATCH-9971
AUTH566294,TXN-202407-0431,2024-07-03,PayPhone,VISA,1200,122.94,4.67,111.51,USD,SETTLED,BATCH-3412
AUTH966294,TXN-202407-0432,2024-07-03,Datafast,MASTERCARD,7623,12.75,0.45,11.6,USD,SETTLED,BATCH-1259
AUTH546285,TXN-202407-0433,2024-07-01,Medianet,MASTERCARD,1544,442.76,14.17,404.24,USD,SETTLED,BATCH-7109
AUTH791048,TXN-202407-0434,2024-07-08,Datafast,MASTERCARD,1864,315.01,11.03,286.65,USD,SETTLED,BATCH-3181
AUTH253735,TXN-202407-0435,2024-07-09,Medianet,MASTERCARD,4025,25.17,0.81,22.98,USD,SETTLED,BATCH-7043
AUTH999038,TXN-202407-0436,2024-07-26,Datafast,VISA,4198,27.48,0.96,25.01,USD,SETTLED,BATCH-7621
AUTH333760,TXN-202407-0437,2024-07-20,Datafast,DINERS,1888,288.24,10.09,262.3,USD,SETTLED,BATCH-6621
AUTH806002,TXN-202407-0438,2024-07-27,Datafast,VISA,4031,34.68,1.21,31.56,USD,SETTLED,BATCH-7142
AUTH216731,TXN-202407-0439,2024-07-27,Datafast,AMEX,9228,37.3,1.31,33.94,USD,SETTLED,BATCH-1274
AUTH315572,TXN-202407-0440,2024-07-07,PayPhone,VISA,8073,76.05,2.89,68.98,USD,SETTLED,BATCH-9630
AUTH307856,TXN-202407-0441,2024-07-23,Datafast,DINERS,6492,1228.62,43.0,1118.04,USD,SETTLED,BATCH-2110
AUTH924705,TXN-202407-0442,2024-07-27,Datafast,MASTERCARD,6490,33.2,1.16,30.22,USD,SETTLED,BATCH-5525
AUTH530300,TXN-202407-0443,2024-07-06,Datafast,DINERS,1309,79.79,2.79,72.61,USD,SETTLED,BATCH-3688
AUTH220236,TXN-202407-0444,2024-07-07,Medianet,VISA,6348,476.05,15.23,434.64,USD,SETTLED,BATCH-4812
AUTH113034,TXN-202407-0445,2024-07-26,Medianet,AMEX,3262,68.58,2.19,62.61,USD,SETTLED,BATCH-4793
AUTH774144,TXN-202407-0446,2024-07-05,Medianet,VISA,3755,23.95,0.77,21.86,USD,SETTLED,BATCH-1059
AUTH931063,TXN-202407-0447,2024-07-19,Datafast,VISA,5723,49.85,1.74,45.37,USD,SETTLED,BATCH-3956
AUTH747200,TXN-202407-0448,2024-07-02,Medianet,DINERS,2565,255.69,8.18,233.44,USD,SETTLED,BATCH-4046
AUTH371555,TXN-202407-0449,2024-07-04,Medianet,AMEX,2570,464.05,14.85,423.68,USD,SETTLED,BATCH-9132
AUTH396866,TXN-202407-0450,2024-07-21,Medianet,VISA,5739,98.6,3.16,90.01,USD,SETTLED,BATCH-7927
AUTH847164,TXN-202407-0451,2024-07-04,Medianet,DINERS,3513,64.72,2.07,59.09,USD,SETTLED,BATCH-5682
AUTH197678,TXN-202407-0452,2024-07-23,Datafast,VISA,1447,314.36,11.0,286.07,USD,SETTLED,BATCH-1284
AUTH556416,TXN-202407-0453,2024-07-23,Datafast,VISA,7614,55.97,1.96,50.93,USD,SETTLED,BATCH-6169
AUTH414227,TXN-202407-0454,2024-07-30,Datafast,DINERS,7698,27.16,0.95,24.72,USD,SETTLED,BATCH-5558
AUTH243882,TXN-202407-0455,2024-07-15,Datafast,DINERS,8870,28.39,0.99,25.84,USD,SETTLED,BATCH-8883
AUTH309767,TXN-202407-0456,2024-07-15,Medianet,VISA,1600,59.15,1.89,54.01,USD,SETTLED,BATCH-4964
AUTH850168,TXN-202407-0457,2024-07-11,Datafast,VISA,2689,89.49,3.13,81.44,USD,SETTLED,BATCH-9765
AUTH203957,TXN-202407-0458,2024-07-17,Datafast,AMEX,6161,2351.22,82.29,2139.62,USD,SETTLED,BATCH-7919
AUTH507989,TXN-202407-0459,2024-07-26,Medianet,VISA,2235,39.65,1.27,36.2,USD,SETTLED,BATCH-3862
AUTH465917,TXN-202407-0460,2024-07-24,Medianet,VISA,5195,246.14,7.88,224.72,USD,SETTLED,BATCH-3548
AUTH389429,TXN-202407-0461,2024-07-07,PayPhone,VISA,6238,5.33,0.2,4.84,USD,SETTLED,BATCH-2099
AUTH956820,TXN-202407-0462,2024-07-26,Datafast,MASTERCARD,3321,322.49,11.29,293.47,USD,SETTLED,BATCH-5151
AUTH401681,TXN-202407-0463,2024-07-28,Datafast,VISA,1312,24.68,0.86,22.46,USD,SETTLED,BATCH-1897
AUTH221953,TXN-202407-0464,2024-07-19,Medianet,MASTERCARD,2563,336.75,10.78,307.45,USD,SETTLED,BATCH-6809
AUTH885242,TXN-202407-0465,2024-07-23,Datafast,AMEX,7583,421.77,14.76,383.81,USD,SETTLED,BATCH-2101
AUTH306178,TXN-202407-0466,2024-07-08,PayPhone,MASTERCARD,7953,211.54,8.04,191.86,USD,SETTLED,BATCH-4543
AUTH582100,TXN-202407-0467,2024-07-20,Datafast,VISA,5093,34.13,1.19,31.06,USD,SETTLED,BATCH-2445
AUTH287356,TXN-202407-0468,2024-07-30,Medianet,VISA,4371,45.3,1.45,41.36,USD,SETTLED,BATCH-9715
AUTH586457,TXN-202407-0469,2024-07-06,PayPhone,VISA,9508,26.66,1.01,24.18,USD,SETTLED,BATCH-7365
AUTH592692,TXN-202407-0470,2024-07-16,PayPhone,MASTERCARD,3304,479.77,18.23,435.15,USD,SETTLED,BATCH-7161
AUTH790479,TXN-202407-0471,2024-07-14,Datafast,VISA,3109,354.29,12.4,322.41,USD,SETTLED,BATCH-1528
AUTH507226,TXN-202407-0472,2024-07-19,Datafast,MASTERCARD,3223,17.54,0.61,15.96,USD,SETTLED,BATCH-6051
AUTH648781,TXN-202407-0473,2024-07-10,Medianet,VISA,3238,21.86,0.7,19.96,USD,SETTLED,BATCH-8938
AUTH479597,TXN-202407-0474,2024-07-17,Medianet,MASTERCARD,5552,288.03,9.22,262.97,USD,SETTLED,BATCH-6038
AUTH599760,TXN-202407-0475,2024-07-18,Medianet,VISA,1612,79.32,2.54,72.42,USD,SETTLED,BATCH-8390
AUTH540636,TXN-202407-0476,2024-07-24,Medianet,VISA,1516,36.89,1.18,33.68,USD,SETTLED,BATCH-4991
AUTH888583,TXN-202407-0477,2024-07-12,Medianet,VISA,6234,1624.33,51.98,1483.02,USD,SETTLED,BATCH-4493
AUTH133183,TXN-202407-0478,2024-07-26,Datafast,DINERS,4802,179.52,6.28,163.36,USD,SETTLED,BATCH-2479
AUTH542488,TXN-202407-0479,2024-07-06,Medianet,VISA,3137,345.76,11.06,315.68,USD,SETTLED,BATCH-5150
AUTH826187,TXN-202407-0480,2024-07-12,Datafast,VISA,4017,9.45,0.33,8.6,USD,SETTLED,BATCH-8434
AUTH318552,TXN-202407-0481,2024-07-10,Datafast,MASTERCARD,3885,57.8,2.02,52.6,USD,SETTLED,BATCH-9197
AUTH928416,TXN-202407-0482,2024-07-04,Datafast,AMEX,1773,2198.25,76.94,2000.41,USD,SETTLED,BATCH-6563
AUTH363200,TXN-202407-0483,2024-07-28,PayPhone,MASTERCARD,7102,2981.22,113.29,2703.97,USD,SETTLED,BATCH-3746
AUTH733764,TXN-202407-0484,2024-07-27,Datafast,AMEX,7189,58.35,2.04,53.1,USD,SETTLED,BATCH-5278
AUTH406517,TXN-202407-0485,2024-07-09,Medianet,MASTERCARD,3291,48.31,1.55,44.11,USD,SETTLED,BATCH-8458
AUTH288807,TXN-202407-0486,2024-07-03,Datafast,VISA,1451,449.65,15.74,409.18,USD,SETTLED,BATCH-5902
AUTH753971,TXN-202407-0487,2024-07-31,Medianet,VISA,2566,1422.68,45.53,1298.9,USD,SETTLED,BATCH-5955
AUTH147188,TXN-202407-0488,2024-07-24,Datafast,VISA,1759,387.74,13.57,352.84,USD,SETTLED,BATCH-3100
AUTH958562,TXN-202407-0489,2024-07-13,Medianet,MASTERCARD,2237,414.18,13.25,378.15,USD,SETTLED,BATCH-1043
AUTH390920,TXN-202407-0490,2024-07-10,PayPhone,AMEX,2865,29.21,1.11,26.5,USD,SETTLED,BATCH-4079
AUTH549384,TXN-202407-0491,2024-07-29,Medianet,VISA,4403,411.09,13.15,375.33,USD,SETTLED,BATCH-6362
AUTH948142,TXN-202407-0492,2024-07-01,Medianet,VISA,5194,431.41,13.81,393.88,USD,SETTLED,BATCH-5300
AUTH172835,TXN-202407-0493,2024-07-14,PayPhone,VISA,9752,79.39,3.02,72.01,USD,SETTLED,BATCH-5620
AUTH596376,TXN-202407-0494,2024-07-28,PayPhone,AMEX,6025,206.78,7.86,187.54,USD,SETTLED,BATCH-2689
AUTH443716,TXN-202407-0495,2024-07-21,Datafast,VISA,4425,54.84,1.92,49.9,USD,SETTLED,BATCH-1273
AUTH456705,TXN-202407-0496,2024-07-14,Datafast,MASTERCARD,4663,397.2,13.9,361.46,USD,SETTLED,BATCH-3727
AUTH204948,TXN-202407-0497,2024-07-19,Datafast,VISA,2655,10.85,0.38,9.87,USD,SETTLED,BATCH-4701
AUTH636448,TXN-202407-0498,2024-07-04,Medianet,VISA,4152,30.77,0.98,28.1,USD,SETTLED,BATCH-9266
AUTH677219,TXN-202407-0499,2024-07-26,Medianet,VISA,4732,11.7,0.37,10.68,USD,SETTLED,BATCH-8878
AUTH562820,TXN-202407-0500,2024-07-27,Datafast,VISA,3855,33.7,1.18,30.66,USD,SETTLED,BATCH-4697
AUTH120733,TXN-202408-0001,2024-08-20,Medianet,MASTERCARD,6957,47.25,1.51,43.14,USD,SETTLED,BATCH-6854
AUTH190746,TXN-202408-0002,2024-08-30,Datafast,VISA,3974,61.12,2.14,55.62,USD,SETTLED,BATCH-2344
AUTH976497,TXN-202408-0003,2024-08-05,Medianet,VISA,9470,72.24,2.31,65.96,USD,SETTLED,BATCH-9802
AUTH987337,TXN-202408-0004,2024-08-05,Medianet,VISA,7206,1286.26,41.16,1174.36,USD,SETTLED,BATCH-7656
AUTH618430,TXN-202408-0005,2024-08-20,Datafast,VISA,2912,332.0,11.62,302.12,USD,SETTLED,BATCH-7776
AUTH749826,TXN-202408-0006,2024-08-10,Medianet,MASTERCARD,4517,356.53,11.41,325.51,USD,SETTLED,BATCH-6080
AUTH745394,TXN-202408-0007,2024-08-02,Medianet,MASTERCARD,3593,204.13,6.53,186.37,USD,SETTLED,BATCH-9141
AUTH692059,TXN-202408-0008,2024-08-17,Datafast,VISA,4985,49.54,1.73,45.08,USD,SETTLED,BATCH-8849
AUTH297956,TXN-202408-0009,2024-08-19,PayPhone,DINERS,5164,69.56,2.64,63.09,USD,SETTLED,BATCH-5955
AUTH280811,TXN-202408-0010,2024-08-25,Datafast,MASTERCARD,6497,480.87,16.83,437.59,USD,SETTLED,BATCH-2564
AUTH414341,TXN-202408-0011,2024-08-02,Datafast,VISA,7745,7.99,0.28,7.27,USD,SETTLED,BATCH-4338
AUTH831206,TXN-202408-0012,2024-08-23,Medianet,MASTERCARD,5641,36.16,1.16,33.02,USD,SETTLED,BATCH-2477
AUTH291629,TXN-202408-0013,2024-08-10,Datafast,MASTERCARD,6460,196.54,6.88,178.85,USD,SETTLED,BATCH-4335
AUTH143176,TXN-202408-0014,2024-08-13,Medianet,VISA,3068,305.28,9.77,278.72,USD,SETTLED,BATCH-7004
AUTH276894,TXN-202408-0015,2024-08-23,Medianet,AMEX,4548,107.77,3.45,98.39,USD,SETTLED,BATCH-2250
AUTH400973,TXN-202408-0016,2024-08-14,Medianet,AMEX,5985,11.47,0.37,10.47,USD,SETTLED,BATCH-9281
AUTH687582,TXN-202408-0017,2024-08-24,Datafast,MASTERCARD,4042,60.63,2.12,55.17,USD,SETTLED,BATCH-4078
AUTH329840,TXN-202408-0018,2024-08-31,Datafast,MASTERCARD,9201,148.81,5.21,135.41,USD,SETTLED,BATCH-1141
AUTH566927,TXN-202408-0019,2024-08-05,Medianet,MASTERCARD,7549,150.12,4.8,137.06,USD,SETTLED,BATCH-3315
AUTH422596,TXN-202408-0020,2024-08-01,Medianet,VISA,5889,404.0,12.93,368.85,USD,SETTLED,BATCH-6821
AUTH379559,TXN-202408-0021,2024-08-19,PayPhone,VISA,5881,58.42,2.22,52.99,USD,SETTLED,BATCH-9423
AUTH908971,TXN-202408-0022,2024-08-19,Datafast,VISA,8253,42.47,1.49,38.65,USD,SETTLED,BATCH-7125
AUTH380304,TXN-202408-0023,2024-08-24,Datafast,VISA,8015,48.04,1.68,43.72,USD,SETTLED,BATCH-4204
AUTH181547,TXN-202408-0024,2024-08-08,Datafast,MASTERCARD,1081,69.72,2.44,63.44,USD,SETTLED,BATCH-5383
AUTH905917,TXN-202408-0025,2024-08-28,Datafast,VISA,3838,74.84,2.62,68.1,USD,SETTLED,BATCH-7855
AUTH620314,TXN-202408-0026,2024-08-11,Medianet,AMEX,5320,256.14,8.2,233.85,USD,SETTLED,BATCH-6214
AUTH276389,TXN-202408-0027,2024-08-12,Datafast,MASTERCARD,9388,10.84,0.38,9.86,USD,SETTLED,BATCH-9757
AUTH329663,TXN-202408-0028,2024-08-02,Medianet,AMEX,8045,65.33,2.09,59.65,USD,SETTLED,BATCH-2286
AUTH381719,TXN-202408-0029,2024-08-11,Datafast,VISA,8035,68.36,2.39,62.21,USD,SETTLED,BATCH-6722
AUTH462126,TXN-202408-0030,2024-08-10,Medianet,VISA,4167,47.29,1.51,43.18,USD,SETTLED,BATCH-4441
AUTH549210,TXN-202408-0031,2024-08-25,Medianet,VISA,5384,287.21,9.19,262.23,USD,SETTLED,BATCH-9638
AUTH918838,TXN-202408-0032,2024-08-30,Medianet,MASTERCARD,3848,143.24,4.58,130.78,USD,SETTLED,BATCH-9814
AUTH451525,TXN-202408-0033,2024-08-01,Datafast,MASTERCARD,1893,371.25,12.99,337.84,USD,SETTLED,BATCH-6974
AUTH934803,TXN-202408-0034,2024-08-04,Datafast,MASTERCARD,6842,385.43,13.49,350.75,USD,SETTLED,BATCH-3749
AUTH305909,TXN-202408-0035,2024-08-05,Medianet,VISA,5055,9.49,0.3,8.67,USD,SETTLED,BATCH-2948
AUTH625318,TXN-202408-0036,2024-08-14,Datafast,VISA,8164,68.41,2.39,62.26,USD,SETTLED,BATCH-9011
AUTH963937,TXN-202408-0037,2024-08-17,PayPhone,VISA,8435,323.92,12.31,293.79,USD,SETTLED,BATCH-6371
AUTH507603,TXN-202408-0038,2024-08-22,Medianet,VISA,8758,106.16,3.4,96.92,USD,SETTLED,BATCH-6631
AUTH700414,TXN-202408-0039,2024-08-23,Datafast,VISA,4973,65.06,2.28,59.2,USD,SETTLED,BATCH-1948
AUTH367940,TXN-202408-0040,2024-08-05,Datafast,VISA,5533,75.77,2.65,68.95,USD,SETTLED,BATCH-9560
AUTH570428,TXN-202408-0041,2024-08-04,Datafast,VISA,6906,28.55,1.0,25.98,USD,SETTLED,BATCH-5973
AUTH697974,TXN-202408-0042,2024-08-28,Datafast,MASTERCARD,3905,39.75,1.39,36.17,USD,SETTLED,BATCH-2244
AUTH897814,TXN-202408-0043,2024-08-20,Datafast,AMEX,8731,57.85,2.02,52.65,USD,SETTLED,BATCH-3798
AUTH111303,TXN-202408-0044,2024-08-31,Datafast,AMEX,4801,58.34,2.04,53.09,USD,SETTLED,BATCH-7145
AUTH273547,TXN-202408-0045,2024-08-06,Datafast,VISA,6836,66.51,2.33,60.52,USD,SETTLED,BATCH-6411
AUTH476371,TXN-202408-0046,2024-08-04,PayPhone,AMEX,7631,311.05,11.82,282.12,USD,SETTLED,BATCH-6914
AUTH407675,TXN-202408-0047,2024-08-25,Datafast,MASTERCARD,2509,9.63,0.34,8.76,USD,SETTLED,BATCH-9500
AUTH910246,TXN-202408-0048,2024-08-21,Datafast,AMEX,6482,52.27,2.56,46.84,USD,SETTLED,BATCH-2812
AUTH662106,TXN-202408-0049,2024-08-03,Medianet,VISA,3909,89.16,2.85,81.41,USD,SETTLED,BATCH-7173
AUTH487682,TXN-202408-0050,2024-08-27,PayPhone,VISA,7285,72.88,2.77,66.1,USD,SETTLED,BATCH-8548
AUTH881563,TXN-202408-0051,2024-08-14,Datafast,DINERS,7623,74.31,2.6,67.63,USD,SETTLED,BATCH-6655
AUTH336343,TXN-202408-0052,2024-08-07,Datafast,VISA,7077,152.58,5.34,138.84,USD,SETTLED,BATCH-3913
AUTH496886,TXN-202408-0053,2024-08-20,Datafast,VISA,6447,51.06,1.79,46.46,USD,SETTLED,BATCH-4524
AUTH982970,TXN-202408-0054,2024-08-03,Medianet,VISA,2086,281.19,9.0,256.73,USD,SETTLED,BATCH-9815
AUTH898034,TXN-202408-0055,2024-08-08,Datafast,VISA,5382,414.82,14.52,377.48,USD,SETTLED,BATCH-4367
AUTH243461,TXN-202408-0056,2024-08-23,PayPhone,MASTERCARD,8994,33.69,1.28,30.55,USD,SETTLED,BATCH-2590
AUTH538327,TXN-202408-0057,2024-08-11,Datafast,MASTERCARD,7391,47.42,1.66,43.16,USD,SETTLED,BATCH-4610
AUTH686585,TXN-202408-0058,2024-08-26,Datafast,VISA,3583,92.31,3.23,84.01,USD,SETTLED,BATCH-6096
AUTH695402,TXN-202408-0059,2024-08-08,Datafast,DINERS,7057,62.51,2.19,56.88,USD,SETTLED,BATCH-9724
AUTH143476,TXN-202408-0060,2024-08-30,Datafast,MASTERCARD,5035,66.22,2.32,60.26,USD,SETTLED,BATCH-2502
AUTH394517,TXN-202408-0061,2024-08-26,Datafast,DINERS,9370,68.49,3.2,61.53,USD,SETTLED,BATCH-9974
AUTH821645,TXN-202408-0062,2024-08-19,Datafast,AMEX,1992,153.96,5.39,140.1,USD,SETTLED,BATCH-1672
AUTH590325,TXN-202408-0063,2024-08-23,PayPhone,MASTERCARD,7824,570.52,21.68,517.46,USD,SETTLED,BATCH-1909
AUTH281358,TXN-202408-0064,2024-08-26,PayPhone,MASTERCARD,7823,159.06,7.56,142.75,USD,SETTLED,BATCH-4212
AUTH307471,TXN-202408-0065,2024-08-20,Medianet,VISA,5917,9.21,0.29,8.42,USD,SETTLED,BATCH-9730
AUTH640769,TXN-202408-0066,2024-08-26,Datafast,VISA,2724,51.06,1.79,46.46,USD,SETTLED,BATCH-2065
AUTH554949,TXN-202408-0067,2024-08-02,Datafast,VISA,5367,444.65,15.56,404.63,USD,SETTLED,BATCH-5230
AUTH869594,TXN-202408-0068,2024-08-17,Datafast,MASTERCARD,8745,13.32,0.47,12.12,USD,SETTLED,BATCH-7310
AUTH840397,TXN-202408-0069,2024-08-04,PayPhone,VISA,7053,1488.99,56.58,1350.52,USD,SETTLED,BATCH-4097
AUTH379152,TXN-202408-0070,2024-08-26,Datafast,VISA,4590,76.15,2.67,69.29,USD,SETTLED,BATCH-5245
AUTH166290,TXN-202408-0071,2024-08-23,PayPhone,MASTERCARD,5083,77.66,2.95,70.44,USD,SETTLED,BATCH-3082
AUTH784549,TXN-202408-0072,2024-08-10,Medianet,VISA,7624,153.65,4.92,140.29,USD,SETTLED,BATCH-3835
AUTH112675,TXN-202408-0073,2024-08-31,Medianet,VISA,7076,478.49,15.31,436.87,USD,SETTLED,BATCH-6107
AUTH103368,TXN-202408-0074,2024-08-20,Datafast,DINERS,3609,580.96,20.33,528.68,USD,SETTLED,BATCH-3572
AUTH724552,TXN-202408-0075,2024-08-30,PayPhone,DINERS,5727,47.42,1.8,43.02,USD,SETTLED,BATCH-2684
AUTH455366,TXN-202408-0076,2024-08-06,Datafast,MASTERCARD,8234,78.68,2.75,71.6,USD,SETTLED,BATCH-7061
AUTH338169,TXN-202408-0077,2024-08-29,PayPhone,VISA,5436,348.42,13.24,316.02,USD,SETTLED,BATCH-8590
AUTH625189,TXN-202408-0078,2024-08-09,Datafast,VISA,7452,10.08,0.35,9.18,USD,SETTLED,BATCH-4967
AUTH453596,TXN-202408-0079,2024-08-06,Medianet,VISA,8115,36.47,1.17,33.3,USD,SETTLED,BATCH-1852
AUTH756221,TXN-202408-0080,2024-08-16,Datafast,VISA,6206,12.61,0.44,11.47,USD,SETTLED,BATCH-2664
AUTH428154,TXN-202408-0081,2024-08-28,Medianet,MASTERCARD,4822,10.53,0.34,9.61,USD,SETTLED,BATCH-3840
AUTH605108,TXN-202408-0082,2024-08-06,Datafast,VISA,6538,685.5,23.99,623.8,USD,SETTLED,BATCH-2037
AUTH877957,TXN-202408-0083,2024-08-11,Datafast,VISA,4414,2945.1,103.08,2680.04,USD,SETTLED,BATCH-9437
AUTH380931,TXN-202408-0084,2024-08-21,PayPhone,AMEX,7680,261.16,9.92,236.88,USD,SETTLED,BATCH-6151
AUTH282851,TXN-202408-0085,2024-08-07,Medianet,VISA,3085,29.83,0.95,27.24,USD,SETTLED,BATCH-3535
AUTH195808,TXN-202408-0086,2024-08-10,Medianet,MASTERCARD,6555,191.41,6.13,174.76,USD,SETTLED,BATCH-8736
AUTH509799,TXN-202408-0087,2024-08-05,Datafast,VISA,5093,432.74,15.15,393.79,USD,SETTLED,BATCH-4165
AUTH861384,TXN-202408-0088,2024-08-20,Datafast,VISA,3524,54.65,1.91,49.73,USD,SETTLED,BATCH-5836
AUTH392056,TXN-202408-0089,2024-08-03,Datafast,VISA,5745,26.89,0.94,24.47,USD,SETTLED,BATCH-2485
AUTH345844,TXN-202408-0090,2024-08-22,PayPhone,VISA,4318,41.68,1.58,37.8,USD,SETTLED,BATCH-2427
AUTH436893,TXN-202408-0091,2024-08-12,Datafast,MASTERCARD,7361,71.41,2.5,64.99,USD,SETTLED,BATCH-5845
AUTH918130,TXN-202408-0092,2024-08-09,Datafast,VISA,9091,21.97,0.77,19.99,USD,SETTLED,BATCH-7579
AUTH718624,TXN-202408-0093,2024-08-12,Datafast,MASTERCARD,3469,116.0,4.06,105.56,USD,SETTLED,BATCH-2443
AUTH732716,TXN-202408-0094,2024-08-13,Datafast,MASTERCARD,5879,9.57,0.33,8.71,USD,SETTLED,BATCH-4221
AUTH116780,TXN-202408-0095,2024-08-29,Datafast,MASTERCARD,2691,279.43,9.78,254.29,USD,SETTLED,BATCH-5087
AUTH975801,TXN-202408-0096,2024-08-17,Datafast,VISA,6550,2285.76,80.0,2080.04,USD,SETTLED,BATCH-2373
AUTH936850,TXN-202408-0097,2024-08-04,PayPhone,AMEX,8779,340.51,12.94,308.84,USD,SETTLED,BATCH-6445
AUTH134080,TXN-202408-0098,2024-08-05,Datafast,DINERS,2340,2521.15,88.24,2294.25,USD,SETTLED,BATCH-6838
AUTH709800,TXN-202408-0099,2024-08-21,Datafast,DINERS,3566,79.8,2.79,72.62,USD,SETTLED,BATCH-6938
AUTH918950,TXN-202408-0100,2024-08-03,PayPhone,VISA,8498,2785.43,105.85,2526.39,USD,SETTLED,BATCH-4207
AUTH331079,TXN-202408-0101,2024-08-15,Datafast,VISA,7854,25.72,0.9,23.4,USD,SETTLED,BATCH-1884
AUTH600124,TXN-202408-0102,2024-08-14,Medianet,MASTERCARD,4219,36.47,1.17,33.3,USD,SETTLED,BATCH-2028
AUTH659552,TXN-202408-0103,2024-08-30,Datafast,MASTERCARD,9962,474.65,16.61,431.93,USD,SETTLED,BATCH-6254
AUTH181424,TXN-202408-0104,2024-08-12,Medianet,VISA,4679,45.17,1.45,41.24,USD,SETTLED,BATCH-4661
AUTH374569,TXN-202408-0105,2024-08-06,Datafast,MASTERCARD,6308,278.68,9.75,253.6,USD,SETTLED,BATCH-1638
AUTH804602,TXN-202408-0106,2024-08-13,Datafast,MASTERCARD,5447,248.72,8.71,226.33,USD,SETTLED,BATCH-4109
AUTH548099,TXN-202408-0107,2024-08-12,Medianet,VISA,4481,25.14,0.8,22.96,USD,SETTLED,BATCH-1964
AUTH152335,TXN-202408-0108,2024-08-28,Datafast,MASTERCARD,5695,68.21,2.39,62.07,USD,SETTLED,BATCH-6034
AUTH419527,TXN-202408-0109,2024-08-24,Medianet,DINERS,7730,27.54,0.88,25.14,USD,SETTLED,BATCH-5863
AUTH612469,TXN-202408-0110,2024-08-03,Medianet,VISA,9987,334.09,10.69,305.03,USD,SETTLED,BATCH-1168
AUTH987546,TXN-202408-0111,2024-08-17,Datafast,AMEX,6382,41.33,1.45,37.61,USD,SETTLED,BATCH-8369
AUTH778998,TXN-202408-0112,2024-08-17,PayPhone,MASTERCARD,9195,28.33,1.08,25.7,USD,SETTLED,BATCH-8224
AUTH765941,TXN-202408-0113,2024-08-07,Datafast,AMEX,8031,92.16,3.23,83.86,USD,SETTLED,BATCH-9729
AUTH530508,TXN-202408-0114,2024-08-23,PayPhone,VISA,5036,73.85,2.81,66.98,USD,SETTLED,BATCH-2440
AUTH872841,TXN-202408-0115,2024-08-04,Datafast,AMEX,1428,52.66,1.84,47.92,USD,SETTLED,BATCH-2635
AUTH198422,TXN-202408-0116,2024-08-28,Datafast,VISA,7765,154.59,5.41,140.67,USD,SETTLED,BATCH-1777
AUTH407861,TXN-202408-0117,2024-08-24,Medianet,VISA,2659,72.09,2.31,65.82,USD,SETTLED,BATCH-7672
AUTH332919,TXN-202408-0118,2024-08-25,Datafast,VISA,7443,69.04,2.42,62.82,USD,SETTLED,BATCH-6907
AUTH577742,TXN-202408-0119,2024-08-14,PayPhone,MASTERCARD,9821,193.02,7.33,175.07,USD,SETTLED,BATCH-9995
AUTH629728,TXN-202408-0120,2024-08-30,Datafast,MASTERCARD,3410,83.74,2.93,76.2,USD,SETTLED,BATCH-5965
AUTH647933,TXN-202408-0121,2024-08-26,Medianet,MASTERCARD,5850,23.93,0.77,21.84,USD,SETTLED,BATCH-6125
AUTH374647,TXN-202408-0122,2024-08-28,Medianet,MASTERCARD,8706,72.16,2.31,65.88,USD,SETTLED,BATCH-6239
AUTH389204,TXN-202408-0123,2024-08-20,Datafast,VISA,4872,44.05,1.54,40.09,USD,SETTLED,BATCH-8481
AUTH322590,TXN-202408-0124,2024-08-27,Medianet,VISA,9951,2916.21,93.32,2662.5,USD,SETTLED,BATCH-7664
AUTH579237,TXN-202408-0125,2024-08-16,Medianet,MASTERCARD,2264,56.33,1.8,51.44,USD,SETTLED,BATCH-8080
AUTH153717,TXN-202408-0126,2024-08-21,Datafast,VISA,7803,25.77,0.9,23.45,USD,SETTLED,BATCH-4889
AUTH515424,TXN-202408-0127,2024-08-08,PayPhone,MASTERCARD,2575,43.8,1.66,39.73,USD,SETTLED,BATCH-6004
AUTH863092,TXN-202408-0128,2024-08-22,PayPhone,AMEX,6807,357.42,13.58,324.19,USD,SETTLED,BATCH-6333
AUTH493401,TXN-202408-0129,2024-08-14,Medianet,MASTERCARD,4679,1148.57,36.75,1048.64,USD,SETTLED,BATCH-5973
AUTH186354,TXN-202408-0130,2024-08-07,Datafast,VISA,9193,320.26,11.21,291.44,USD,SETTLED,BATCH-2960
AUTH668571,TXN-202408-0131,2024-08-30,Medianet,VISA,2364,63.87,2.04,58.3,USD,SETTLED,BATCH-4010
AUTH888992,TXN-202408-0132,2024-08-18,Datafast,VISA,2663,54.32,1.9,49.44,USD,SETTLED,BATCH-2610
AUTH573298,TXN-202408-0133,2024-08-18,Datafast,VISA,7449,384.58,13.46,349.96,USD,SETTLED,BATCH-3316
AUTH984202,TXN-202408-0134,2024-08-08,PayPhone,AMEX,9442,173.35,6.59,157.23,USD,SETTLED,BATCH-7661
AUTH783488,TXN-202408-0135,2024-08-19,PayPhone,VISA,4223,236.11,8.97,214.16,USD,SETTLED,BATCH-5372
AUTH997726,TXN-202408-0136,2024-08-19,Datafast,VISA,8567,52.58,1.84,47.84,USD,SETTLED,BATCH-6590
AUTH468472,TXN-202408-0137,2024-08-13,Datafast,AMEX,2448,70.06,3.36,62.85,USD,SETTLED,BATCH-3501
AUTH535827,TXN-202408-0138,2024-08-07,Datafast,VISA,1478,137.69,4.82,125.29,USD,SETTLED,BATCH-1902
AUTH368862,TXN-202408-0139,2024-08-11,Datafast,MASTERCARD,5011,1643.93,57.54,1495.97,USD,SETTLED,BATCH-7831
AUTH534208,TXN-202408-0140,2024-08-11,Datafast,VISA,1378,79.0,2.77,71.89,USD,SETTLED,BATCH-6026
AUTH990324,TXN-202408-0141,2024-08-19,Datafast,VISA,9144,63.02,2.21,57.34,USD,SETTLED,BATCH-2344
AUTH590056,TXN-202408-0142,2024-08-21,Datafast,MASTERCARD,4411,51.09,1.79,46.49,USD,SETTLED,BATCH-2687
AUTH237755,TXN-202408-0143,2024-08-07,Datafast,DINERS,8765,7.83,0.27,7.13,USD,SETTLED,BATCH-1375
AUTH812440,TXN-202408-0144,2024-08-07,Datafast,VISA,3143,67.49,2.36,61.42,USD,SETTLED,BATCH-7870
AUTH506532,TXN-202408-0145,2024-08-12,Medianet,MASTERCARD,7218,57.01,1.82,52.05,USD,SETTLED,BATCH-2714
AUTH891694,TXN-202408-0146,2024-08-27,Datafast,VISA,1965,150.15,5.26,136.63,USD,SETTLED,BATCH-7265
AUTH345199,TXN-202408-0147,2024-08-11,Datafast,VISA,8725,330.48,11.57,300.74,USD,SETTLED,BATCH-7234
AUTH523763,TXN-202408-0148,2024-08-12,PayPhone,DINERS,3720,72.6,2.76,65.84,USD,SETTLED,BATCH-2528
AUTH680337,TXN-202408-0149,2024-08-08,Datafast,AMEX,1066,88.03,3.08,80.11,USD,SETTLED,BATCH-1282
AUTH948439,TXN-202408-0150,2024-08-04,PayPhone,VISA,2563,42.85,1.63,38.86,USD,SETTLED,BATCH-1964
AUTH920142,TXN-202408-0151,2024-08-25,Medianet,MASTERCARD,5487,53.02,1.7,48.4,USD,SETTLED,BATCH-9625
AUTH170405,TXN-202408-0152,2024-08-27,Medianet,MASTERCARD,9786,13.11,0.42,11.97,USD,SETTLED,BATCH-3169
AUTH485606,TXN-202408-0153,2024-08-09,Datafast,VISA,7940,14.27,0.5,12.99,USD,SETTLED,BATCH-3622
AUTH791139,TXN-202408-0154,2024-08-14,Medianet,VISA,8896,83.91,2.69,76.6,USD,SETTLED,BATCH-5096
AUTH411358,TXN-202408-0155,2024-08-14,Datafast,MASTERCARD,1312,374.31,13.1,340.63,USD,SETTLED,BATCH-3195
AUTH827718,TXN-202408-0156,2024-08-16,Medianet,MASTERCARD,3292,63.86,2.04,58.31,USD,SETTLED,BATCH-3023
AUTH191360,TXN-202408-0157,2024-08-12,Medianet,MASTERCARD,7334,488.71,15.64,446.19,USD,SETTLED,BATCH-7627
AUTH644700,TXN-202408-0158,2024-08-23,Datafast,VISA,5507,73.28,2.56,66.69,USD,SETTLED,BATCH-9774
AUTH490874,TXN-202408-0159,2024-08-27,Datafast,VISA,4407,460.89,16.13,419.41,USD,SETTLED,BATCH-3316
AUTH956137,TXN-202408-0160,2024-08-24,Medianet,VISA,2930,43.38,1.39,39.61,USD,SETTLED,BATCH-7838
AUTH642668,TXN-202408-0161,2024-08-10,Datafast,VISA,3159,79.15,2.77,72.03,USD,SETTLED,BATCH-9248
AUTH882808,TXN-202408-0162,2024-08-10,Datafast,VISA,3006,7.96,0.28,7.24,USD,SETTLED,BATCH-3063
AUTH738508,TXN-202408-0163,2024-08-25,PayPhone,VISA,5677,119.9,4.56,108.74,USD,SETTLED,BATCH-3489
AUTH699002,TXN-202408-0164,2024-08-29,Datafast,VISA,7524,218.04,7.63,198.42,USD,SETTLED,BATCH-2371
AUTH135188,TXN-202408-0165,2024-08-11,PayPhone,VISA,4218,236.5,8.99,214.5,USD,SETTLED,BATCH-9179
AUTH162715,TXN-202408-0166,2024-08-23,Datafast,VISA,5879,67.68,2.37,61.58,USD,SETTLED,BATCH-6830
AUTH256397,TXN-202408-0167,2024-08-23,Medianet,MASTERCARD,8242,127.48,4.08,116.39,USD,SETTLED,BATCH-7588
AUTH574807,TXN-202408-0168,2024-08-19,Datafast,DINERS,7502,36.2,1.27,32.94,USD,SETTLED,BATCH-3793
AUTH598469,TXN-202408-0169,2024-08-12,PayPhone,MASTERCARD,4013,33.48,1.27,30.37,USD,SETTLED,BATCH-7242
AUTH829576,TXN-202408-0170,2024-08-05,Datafast,MASTERCARD,6297,488.85,17.11,444.85,USD,SETTLED,BATCH-7249
AUTH275046,TXN-202408-0171,2024-08-09,PayPhone,VISA,5554,8.45,0.32,7.67,USD,SETTLED,BATCH-3392
AUTH704886,TXN-202408-0172,2024-08-19,Datafast,MASTERCARD,3361,402.36,14.08,366.15,USD,SETTLED,BATCH-1499
AUTH984078,TXN-202408-0173,2024-08-17,Medianet,DINERS,3694,222.09,7.11,202.77,USD,SETTLED,BATCH-9668
AUTH215339,TXN-202408-0174,2024-08-12,Medianet,VISA,7366,184.4,5.9,168.36,USD,SETTLED,BATCH-4171
AUTH111631,TXN-202408-0175,2024-08-20,Medianet,VISA,5858,314.5,10.06,287.14,USD,SETTLED,BATCH-5439
AUTH914817,TXN-202408-0176,2024-08-16,Datafast,DINERS,6643,40.2,1.41,36.58,USD,SETTLED,BATCH-9135
AUTH642138,TXN-202408-0177,2024-08-02,Datafast,VISA,7643,77.76,2.72,70.76,USD,SETTLED,BATCH-2414
AUTH423030,TXN-202408-0178,2024-08-15,Datafast,MASTERCARD,4360,22.62,0.79,20.58,USD,SETTLED,BATCH-1063
AUTH450771,TXN-202408-0179,2024-08-04,PayPhone,VISA,4133,267.77,13.52,239.52,USD,SETTLED,BATCH-1182
AUTH143001,TXN-202408-0180,2024-08-18,Medianet,VISA,2783,7.69,0.25,7.01,USD,SETTLED,BATCH-6656
AUTH831386,TXN-202408-0181,2024-08-29,PayPhone,MASTERCARD,8536,2093.85,79.57,1899.12,USD,SETTLED,BATCH-4774
AUTH576496,TXN-202408-0182,2024-08-27,Medianet,MASTERCARD,3272,30.56,1.27,27.6,USD,SETTLED,BATCH-3279
AUTH781377,TXN-202408-0183,2024-08-20,PayPhone,AMEX,5924,62.56,2.38,56.73,USD,SETTLED,BATCH-6762
AUTH982122,TXN-202408-0184,2024-08-22,Medianet,VISA,1185,12.31,0.39,11.25,USD,SETTLED,BATCH-9065
AUTH978316,TXN-202408-0185,2024-08-18,Datafast,VISA,4526,415.96,14.56,378.52,USD,SETTLED,BATCH-3121
AUTH689403,TXN-202408-0186,2024-08-27,Datafast,VISA,7478,286.82,10.04,261.0,USD,SETTLED,BATCH-3173
AUTH503763,TXN-202408-0187,2024-08-04,Medianet,VISA,5296,19.69,0.63,17.97,USD,SETTLED,BATCH-8468
AUTH121426,TXN-202408-0188,2024-08-25,Datafast,AMEX,9284,30.35,1.06,27.62,USD,SETTLED,BATCH-1805
AUTH404145,TXN-202408-0189,2024-08-29,Datafast,MASTERCARD,2309,131.75,4.61,119.89,USD,SETTLED,BATCH-4297
AUTH347660,TXN-202408-0190,2024-08-01,Datafast,MASTERCARD,2799,77.29,2.71,70.33,USD,SETTLED,BATCH-3587
AUTH480990,TXN-202408-0191,2024-08-30,Medianet,MASTERCARD,3974,48.88,1.56,44.63,USD,SETTLED,BATCH-3388
AUTH531905,TXN-202408-0192,2024-08-27,Medianet,AMEX,7776,152.93,4.89,139.63,USD,SETTLED,BATCH-1499
AUTH889471,TXN-202408-0193,2024-08-29,Datafast,MASTERCARD,7279,215.17,7.53,195.81,USD,SETTLED,BATCH-1763
AUTH549214,TXN-202408-0194,2024-08-13,Datafast,MASTERCARD,5786,184.26,6.45,167.68,USD,SETTLED,BATCH-8590
AUTH134882,TXN-202408-0195,2024-08-23,PayPhone,VISA,8539,35.96,1.37,32.61,USD,SETTLED,BATCH-5379
AUTH453853,TXN-202408-0196,2024-08-24,Medianet,AMEX,2448,28.54,0.91,26.06,USD,SETTLED,BATCH-6564
AUTH138278,TXN-202408-0197,2024-08-12,Medianet,VISA,7717,202.04,6.47,184.46,USD,SETTLED,BATCH-9082
AUTH338963,TXN-202408-0198,2024-08-18,Datafast,MASTERCARD,8397,944.53,33.06,859.52,USD,SETTLED,BATCH-3110
AUTH840177,TXN-202408-0199,2024-08-19,Medianet,MASTERCARD,1419,316.16,10.12,288.65,USD,SETTLED,BATCH-5162
AUTH360024,TXN-202408-0200,2024-08-18,PayPhone,MASTERCARD,7745,455.42,17.31,413.07,USD,SETTLED,BATCH-4135
AUTH565784,TXN-202408-0201,2024-08-13,PayPhone,VISA,4673,12.99,0.49,11.79,USD,SETTLED,BATCH-8587
AUTH379979,TXN-202408-0202,2024-08-10,Datafast,VISA,4579,63.91,2.24,58.15,USD,SETTLED,BATCH-3000
AUTH545441,TXN-202408-0203,2024-08-25,Datafast,AMEX,6384,203.96,7.14,185.6,USD,SETTLED,BATCH-3371
AUTH720903,TXN-202408-0204,2024-08-24,Datafast,AMEX,4615,70.1,2.45,63.8,USD,SETTLED,BATCH-6728
AUTH633930,TXN-202408-0205,2024-08-26,PayPhone,MASTERCARD,2817,179.79,6.83,163.07,USD,SETTLED,BATCH-2447
AUTH357579,TXN-202408-0206,2024-08-31,Datafast,MASTERCARD,1538,1468.89,65.81,1322.29,USD,SETTLED,BATCH-5837
AUTH321536,TXN-202408-0207,2024-08-20,Datafast,MASTERCARD,2718,23.85,0.83,21.71,USD,SETTLED,BATCH-6483
AUTH128363,TXN-202408-0208,2024-08-25,PayPhone,AMEX,7383,352.01,13.38,319.27,USD,SETTLED,BATCH-4051
AUTH515611,TXN-202408-0209,2024-08-10,Medianet,MASTERCARD,2760,485.0,15.52,442.81,USD,SETTLED,BATCH-1732
AUTH606511,TXN-202408-0210,2024-08-17,Datafast,MASTERCARD,3782,18.03,0.63,16.41,USD,SETTLED,BATCH-6426
AUTH775924,TXN-202408-0211,2024-08-19,Datafast,VISA,6732,134.63,4.71,122.51,USD,SETTLED,BATCH-9384
AUTH561406,TXN-202408-0212,2024-08-30,Datafast,VISA,1451,599.85,20.99,545.87,USD,SETTLED,BATCH-1377
AUTH798217,TXN-202408-0213,2024-08-10,Medianet,MASTERCARD,2861,434.12,13.89,396.35,USD,SETTLED,BATCH-3415
AUTH321239,TXN-202408-0214,2024-08-17,Medianet,MASTERCARD,7575,58.08,1.86,53.03,USD,SETTLED,BATCH-9454
AUTH123334,TXN-202408-0215,2024-08-18,PayPhone,MASTERCARD,5045,146.94,5.58,133.28,USD,SETTLED,BATCH-7544
AUTH957130,TXN-202408-0216,2024-08-11,Datafast,VISA,5458,358.6,12.55,326.32,USD,SETTLED,BATCH-1261
AUTH524203,TXN-202408-0217,2024-08-18,Datafast,DINERS,1555,279.44,9.78,254.3,USD,SETTLED,BATCH-7227
AUTH593882,TXN-202408-0218,2024-08-20,Datafast,MASTERCARD,2332,72.84,2.55,66.28,USD,SETTLED,BATCH-1719
AUTH834887,TXN-202408-0219,2024-08-26,Datafast,VISA,4189,240.18,8.41,218.56,USD,SETTLED,BATCH-5719
AUTH929904,TXN-202408-0220,2024-08-27,Datafast,MASTERCARD,4709,73.35,2.57,66.75,USD,SETTLED,BATCH-1469
AUTH226083,TXN-202408-0221,2024-08-21,Medianet,MASTERCARD,4794,27.23,0.87,24.86,USD,SETTLED,BATCH-3842
AUTH674612,TXN-202408-0222,2024-08-25,Datafast,VISA,5459,77.87,2.73,70.86,USD,SETTLED,BATCH-3980
AUTH242228,TXN-202408-0223,2024-08-07,Medianet,MASTERCARD,5454,52.21,1.67,47.67,USD,SETTLED,BATCH-5295
AUTH291927,TXN-202408-0224,2024-08-24,Datafast,VISA,4529,57.71,2.02,52.51,USD,SETTLED,BATCH-1209
AUTH870593,TXN-202408-0225,2024-08-15,Medianet,DINERS,8802,144.58,4.63,131.99,USD,SETTLED,BATCH-7856
AUTH292319,TXN-202408-0226,2024-08-18,Datafast,VISA,7869,64.57,2.26,58.75,USD,SETTLED,BATCH-6875
AUTH541062,TXN-202408-0227,2024-08-21,Medianet,VISA,8897,34.1,1.09,31.14,USD,SETTLED,BATCH-5922
AUTH530243,TXN-202408-0228,2024-08-21,Datafast,VISA,4360,304.63,10.66,277.21,USD,SETTLED,BATCH-8816
AUTH999281,TXN-202408-0229,2024-08-03,Medianet,MASTERCARD,5483,374.37,11.98,341.8,USD,SETTLED,BATCH-5317
AUTH598466,TXN-202408-0230,2024-08-03,PayPhone,VISA,9740,206.57,7.85,187.35,USD,SETTLED,BATCH-8391
AUTH702549,TXN-202408-0231,2024-08-16,Medianet,VISA,2644,54.55,1.75,49.8,USD,SETTLED,BATCH-7539
AUTH773576,TXN-202408-0232,2024-08-18,Medianet,VISA,5611,64.81,2.07,59.17,USD,SETTLED,BATCH-6588
AUTH394869,TXN-202408-0233,2024-08-26,PayPhone,VISA,1746,463.95,17.63,420.8,USD,SETTLED,BATCH-1682
AUTH913801,TXN-202408-0234,2024-08-05,Medianet,DINERS,9937,70.61,2.26,64.46,USD,SETTLED,BATCH-1381
AUTH185230,TXN-202408-0235,2024-08-03,Datafast,MASTERCARD,5346,46.06,1.61,41.92,USD,SETTLED,BATCH-5213
AUTH744149,TXN-202408-0236,2024-08-29,Datafast,MASTERCARD,2451,168.93,5.91,153.73,USD,SETTLED,BATCH-2366
AUTH116928,TXN-202408-0237,2024-08-09,PayPhone,VISA,2017,51.27,1.95,46.5,USD,SETTLED,BATCH-9235
AUTH908554,TXN-202408-0238,2024-08-25,Datafast,MASTERCARD,2165,102.84,3.6,93.58,USD,SETTLED,BATCH-9274
AUTH636766,TXN-202408-0239,2024-08-04,Datafast,MASTERCARD,8113,10.05,0.35,9.15,USD,SETTLED,BATCH-6414
AUTH574084,TXN-202408-0240,2024-08-21,Medianet,VISA,9087,14.62,0.47,13.34,USD,SETTLED,BATCH-8137
AUTH632765,TXN-202408-0241,2024-08-15,Datafast,MASTERCARD,4547,1294.46,45.31,1177.96,USD,SETTLED,BATCH-7424
AUTH778473,TXN-202408-0242,2024-08-12,Medianet,VISA,1617,317.53,10.16,289.9,USD,SETTLED,BATCH-5253
AUTH631697,TXN-202408-0243,2024-08-23,PayPhone,VISA,2210,63.92,2.43,57.97,USD,SETTLED,BATCH-4346
AUTH551839,TXN-202408-0244,2024-08-11,Medianet,VISA,5113,55.97,1.79,51.1,USD,SETTLED,BATCH-1577
AUTH445083,TXN-202408-0245,2024-08-06,Datafast,VISA,9919,46.38,1.62,42.21,USD,SETTLED,BATCH-2536
AUTH328621,TXN-202408-0246,2024-08-18,Medianet,AMEX,2493,138.8,4.44,126.72,USD,SETTLED,BATCH-7372
AUTH626785,TXN-202408-0247,2024-08-01,Datafast,AMEX,2699,10.65,0.37,9.69,USD,SETTLED,BATCH-6394
AUTH896841,TXN-202408-0248,2024-08-07,Medianet,AMEX,7561,403.06,12.9,367.99,USD,SETTLED,BATCH-6806
AUTH445495,TXN-202408-0249,2024-08-25,Medianet,MASTERCARD,1170,1680.26,53.77,1534.08,USD,SETTLED,BATCH-8068
AUTH809102,TXN-202408-0250,2024-08-10,Datafast,VISA,5635,387.96,13.58,353.04,USD,SETTLED,BATCH-3204
AUTH726833,TXN-202408-0251,2024-08-22,Datafast,MASTERCARD,2360,42.66,1.49,38.82,USD,SETTLED,BATCH-4613
AUTH947603,TXN-202408-0252,2024-08-17,PayPhone,AMEX,1408,149.65,5.69,135.75,USD,SETTLED,BATCH-9434
AUTH966597,TXN-202408-0253,2024-08-31,Datafast,VISA,1779,2148.53,75.2,1955.16,USD,SETTLED,BATCH-9063
AUTH148958,TXN-202408-0254,2024-08-16,Medianet,VISA,6104,21.41,0.69,19.56,USD,SETTLED,BATCH-9697
AUTH506019,TXN-202408-0255,2024-08-30,Datafast,VISA,3646,20.51,0.72,18.66,USD,SETTLED,BATCH-9333
AUTH593594,TXN-202408-0256,2024-08-21,Datafast,AMEX,1633,96.76,3.39,88.05,USD,SETTLED,BATCH-9363
AUTH887931,TXN-202408-0257,2024-08-24,Datafast,DINERS,3466,194.87,6.82,177.33,USD,SETTLED,BATCH-8254
AUTH315216,TXN-202408-0258,2024-08-19,Medianet,MASTERCARD,9677,33.39,1.07,30.49,USD,SETTLED,BATCH-7240
AUTH700457,TXN-202408-0259,2024-08-08,PayPhone,VISA,7835,77.95,2.96,70.7,USD,SETTLED,BATCH-6694
AUTH534854,TXN-202408-0260,2024-08-29,Datafast,AMEX,7832,64.45,2.26,58.65,USD,SETTLED,BATCH-7972
AUTH314276,TXN-202408-0261,2024-08-17,Datafast,AMEX,2950,22.25,0.78,20.25,USD,SETTLED,BATCH-4893
AUTH419480,TXN-202408-0262,2024-08-27,Datafast,VISA,7622,50.15,1.76,45.63,USD,SETTLED,BATCH-2213
AUTH812756,TXN-202408-0263,2024-08-22,Medianet,VISA,9917,13.5,0.43,12.32,USD,SETTLED,BATCH-4375
AUTH952708,TXN-202408-0264,2024-08-08,Datafast,MASTERCARD,1540,252.58,8.84,229.84,USD,SETTLED,BATCH-7379
AUTH277377,TXN-202408-0265,2024-08-29,Datafast,MASTERCARD,2185,43.45,1.52,39.54,USD,SETTLED,BATCH-1859
AUTH830202,TXN-202408-0266,2024-08-13,Datafast,VISA,1648,1791.6,62.71,1630.35,USD,SETTLED,BATCH-7827
AUTH640055,TXN-202408-0267,2024-08-27,PayPhone,MASTERCARD,5037,385.75,14.66,349.87,USD,SETTLED,BATCH-3096
AUTH827291,TXN-202408-0268,2024-08-16,PayPhone,VISA,5783,277.99,10.56,252.14,USD,SETTLED,BATCH-3261
AUTH747933,TXN-202408-0269,2024-08-25,Datafast,VISA,3365,48.7,1.7,44.32,USD,SETTLED,BATCH-1377
AUTH989000,TXN-202408-0270,2024-08-30,Medianet,MASTERCARD,2998,56.42,1.81,51.51,USD,SETTLED,BATCH-2444
AUTH628183,TXN-202408-0271,2024-08-01,Medianet,VISA,4286,14.92,0.48,13.62,USD,SETTLED,BATCH-2600
AUTH892659,TXN-202408-0272,2024-08-20,Medianet,AMEX,5224,427.14,13.67,389.98,USD,SETTLED,BATCH-4170
AUTH604970,TXN-202408-0273,2024-08-18,Datafast,AMEX,9223,448.66,15.7,408.28,USD,SETTLED,BATCH-7261
AUTH519225,TXN-202408-0274,2024-08-18,Medianet,VISA,6392,458.83,14.68,418.91,USD,SETTLED,BATCH-1149
AUTH125239,TXN-202408-0275,2024-08-12,PayPhone,MASTERCARD,5953,299.26,11.37,271.43,USD,SETTLED,BATCH-5578
AUTH877929,TXN-202408-0276,2024-08-25,Medianet,VISA,5278,1705.31,54.57,1556.95,USD,SETTLED,BATCH-8896
AUTH984824,TXN-202408-0277,2024-08-19,Datafast,AMEX,3554,2592.98,90.75,2359.62,USD,SETTLED,BATCH-5539
AUTH430209,TXN-202408-0278,2024-08-03,Datafast,VISA,1981,462.24,16.18,420.64,USD,SETTLED,BATCH-8327
AUTH937623,TXN-202408-0279,2024-08-24,Medianet,MASTERCARD,4432,5.41,0.17,4.95,USD,SETTLED,BATCH-2304
AUTH768656,TXN-202408-0280,2024-08-23,Medianet,VISA,6230,54.09,1.73,49.39,USD,SETTLED,BATCH-1252
AUTH438326,TXN-202408-0281,2024-08-09,Datafast,VISA,4235,48.9,1.71,44.5,USD,SETTLED,BATCH-4511
AUTH989360,TXN-202408-0282,2024-08-25,Datafast,VISA,2223,56.05,1.96,51.01,USD,SETTLED,BATCH-9338
AUTH122971,TXN-202408-0283,2024-08-18,Datafast,MASTERCARD,7970,32.77,1.15,29.82,USD,SETTLED,BATCH-1273
AUTH984832,TXN-202408-0284,2024-08-24,Datafast,VISA,2005,57.91,2.03,52.69,USD,SETTLED,BATCH-4396
AUTH803327,TXN-202408-0285,2024-08-23,PayPhone,MASTERCARD,8832,267.57,10.17,242.68,USD,SETTLED,BATCH-6394
AUTH767733,TXN-202408-0286,2024-08-20,Datafast,MASTERCARD,2575,416.36,14.57,378.89,USD,SETTLED,BATCH-2986
AUTH417386,TXN-202408-0287,2024-08-26,Medianet,VISA,8957,52.69,1.69,48.1,USD,SETTLED,BATCH-5200
AUTH698738,TXN-202408-0288,2024-08-09,PayPhone,VISA,2633,117.02,4.45,106.12,USD,SETTLED,BATCH-9536
AUTH244756,TXN-202408-0289,2024-08-13,Datafast,MASTERCARD,4365,470.89,16.48,428.51,USD,SETTLED,BATCH-6286
AUTH245750,TXN-202408-0290,2024-08-25,Medianet,VISA,9905,643.66,20.6,587.66,USD,SETTLED,BATCH-5028
AUTH968677,TXN-202408-0291,2024-08-26,Medianet,VISA,7261,54.27,1.74,49.55,USD,SETTLED,BATCH-3760
AUTH223677,TXN-202408-0292,2024-08-08,Datafast,VISA,1962,296.64,10.38,269.94,USD,SETTLED,BATCH-5748
AUTH828203,TXN-202408-0293,2024-08-06,Datafast,VISA,2308,5.02,0.18,4.56,USD,SETTLED,BATCH-6046
AUTH577533,TXN-202408-0294,2024-08-19,PayPhone,MASTERCARD,6307,34.64,1.32,31.41,USD,SETTLED,BATCH-2202
AUTH161533,TXN-202408-0295,2024-08-10,Medianet,MASTERCARD,8873,11.76,0.38,10.73,USD,SETTLED,BATCH-2999
AUTH375106,TXN-202408-0296,2024-08-09,PayPhone,AMEX,2620,77.25,2.94,70.06,USD,SETTLED,BATCH-5253
AUTH779384,TXN-202408-0297,2024-08-09,Medianet,VISA,2415,1937.27,61.99,1768.73,USD,SETTLED,BATCH-8530
AUTH998050,TXN-202408-0298,2024-08-31,Datafast,VISA,9118,27.07,0.95,24.63,USD,SETTLED,BATCH-1782
AUTH688287,TXN-202408-0299,2024-08-19,PayPhone,DINERS,2900,421.52,16.02,382.31,USD,SETTLED,BATCH-6925
AUTH543115,TXN-202408-0300,2024-08-25,Medianet,DINERS,4330,403.39,12.91,368.3,USD,SETTLED,BATCH-4823
AUTH902154,TXN-202408-0301,2024-08-01,PayPhone,VISA,3215,49.01,1.86,44.45,USD,SETTLED,BATCH-6040
AUTH834169,TXN-202408-0302,2024-08-22,Datafast,VISA,2601,497.56,17.41,452.78,USD,SETTLED,BATCH-8217
AUTH901995,TXN-202408-0303,2024-08-01,Datafast,VISA,6069,1791.26,62.69,1630.05,USD,SETTLED,BATCH-3099
AUTH181526,TXN-202408-0304,2024-08-27,PayPhone,VISA,1265,55.53,2.11,50.36,USD,SETTLED,BATCH-4921
AUTH671542,TXN-202408-0305,2024-08-29,Datafast,DINERS,3217,31.52,1.1,28.68,USD,SETTLED,BATCH-6872
AUTH520974,TXN-202408-0306,2024-08-16,Datafast,DINERS,5971,462.17,16.18,420.57,USD,SETTLED,BATCH-2523
AUTH815961,TXN-202408-0307,2024-08-07,Datafast,MASTERCARD,8601,166.85,5.84,151.83,USD,SETTLED,BATCH-7698
AUTH858422,TXN-202408-0308,2024-08-03,PayPhone,VISA,1070,130.35,4.95,118.23,USD,SETTLED,BATCH-8769
AUTH564290,TXN-202408-0309,2024-08-31,PayPhone,VISA,3647,69.28,2.63,62.84,USD,SETTLED,BATCH-4523
AUTH131184,TXN-202408-0310,2024-08-29,PayPhone,VISA,9532,72.36,2.75,65.63,USD,SETTLED,BATCH-1922
AUTH526911,TXN-202408-0311,2024-08-09,PayPhone,VISA,2446,2790.02,106.02,2530.55,USD,SETTLED,BATCH-6429
AUTH509735,TXN-202408-0312,2024-08-16,Datafast,MASTERCARD,5740,64.95,2.27,59.11,USD,SETTLED,BATCH-4621
AUTH315936,TXN-202408-0313,2024-08-15,Datafast,VISA,2507,405.88,14.21,369.35,USD,SETTLED,BATCH-3065
AUTH295893,TXN-202408-0314,2024-08-07,Medianet,VISA,2953,84.96,2.72,77.55,USD,SETTLED,BATCH-7452
AUTH979688,TXN-202408-0315,2024-08-18,Medianet,VISA,3171,189.07,6.05,172.62,USD,SETTLED,BATCH-9084
AUTH164164,TXN-202408-0316,2024-08-16,Datafast,VISA,9742,233.69,8.18,212.65,USD,SETTLED,BATCH-1128
AUTH899577,TXN-202408-0317,2024-08-09,Datafast,MASTERCARD,8526,69.07,2.42,62.85,USD,SETTLED,BATCH-5191
AUTH173115,TXN-202408-0318,2024-08-04,Datafast,VISA,5900,176.0,6.16,160.16,USD,SETTLED,BATCH-9364
AUTH521757,TXN-202408-0319,2024-08-05,Datafast,VISA,6195,33.57,1.17,30.55,USD,SETTLED,BATCH-9471
AUTH900069,TXN-202408-0320,2024-08-29,Datafast,AMEX,3239,42.47,1.49,38.65,USD,SETTLED,BATCH-7619
AUTH270770,TXN-202408-0321,2024-08-18,Medianet,MASTERCARD,8939,206.01,6.59,188.09,USD,SETTLED,BATCH-9662
AUTH705951,TXN-202408-0322,2024-08-09,Datafast,VISA,2230,21.16,0.74,19.26,USD,SETTLED,BATCH-7780
AUTH809011,TXN-202408-0323,2024-08-12,PayPhone,VISA,4491,189.1,7.19,171.51,USD,SETTLED,BATCH-6435
AUTH115550,TXN-202408-0324,2024-08-12,Medianet,AMEX,8145,35.88,1.15,32.76,USD,SETTLED,BATCH-7225
AUTH597619,TXN-202408-0325,2024-08-06,PayPhone,VISA,8805,352.63,13.4,319.83,USD,SETTLED,BATCH-3445
AUTH300967,TXN-202408-0326,2024-08-29,Datafast,MASTERCARD,9357,60.24,2.11,54.82,USD,SETTLED,BATCH-3732
AUTH948910,TXN-202408-0327,2024-08-06,Datafast,VISA,7037,140.84,4.93,128.16,USD,SETTLED,BATCH-7022
AUTH708401,TXN-202408-0328,2024-08-28,PayPhone,VISA,9042,320.09,12.16,290.33,USD,SETTLED,BATCH-9762
AUTH709594,TXN-202408-0329,2024-08-23,Datafast,VISA,7235,53.98,1.89,49.12,USD,SETTLED,BATCH-4040
AUTH285924,TXN-202408-0330,2024-08-31,Medianet,VISA,5826,408.01,13.06,372.51,USD,SETTLED,BATCH-3602
AUTH903982,TXN-202408-0331,2024-08-28,Medianet,MASTERCARD,8023,17.55,0.56,16.02,USD,SETTLED,BATCH-9610
AUTH977634,TXN-202408-0332,2024-08-24,Datafast,VISA,4072,60.79,2.13,55.31,USD,SETTLED,BATCH-3699
AUTH633693,TXN-202408-0333,2024-08-16,Datafast,VISA,2175,75.26,2.63,68.48,USD,SETTLED,BATCH-9790
AUTH980075,TXN-202408-0334,2024-08-04,Datafast,MASTERCARD,4913,79.7,2.79,72.52,USD,SETTLED,BATCH-1026
AUTH745618,TXN-202408-0335,2024-08-08,Medianet,VISA,2305,1474.62,47.19,1346.32,USD,SETTLED,BATCH-2815
AUTH183982,TXN-202408-0336,2024-08-06,Medianet,VISA,1614,44.51,1.42,40.64,USD,SETTLED,BATCH-9633
AUTH805590,TXN-202408-0337,2024-08-15,Datafast,VISA,9180,2660.6,93.12,2421.14,USD,SETTLED,BATCH-4577
AUTH694175,TXN-202408-0338,2024-08-18,PayPhone,MASTERCARD,5942,76.14,2.89,69.06,USD,SETTLED,BATCH-3527
AUTH956058,TXN-202408-0339,2024-08-14,Medianet,VISA,2821,448.46,14.35,409.45,USD,SETTLED,BATCH-5021
AUTH662569,TXN-202408-0340,2024-08-08,Medianet,MASTERCARD,7208,1704.13,54.53,1555.87,USD,SETTLED,BATCH-7119
AUTH267497,TXN-202408-0341,2024-08-01,Datafast,VISA,3000,27.77,0.97,25.27,USD,SETTLED,BATCH-4435
AUTH614366,TXN-202408-0342,2024-08-01,PayPhone,AMEX,5690,40.19,1.53,36.45,USD,SETTLED,BATCH-1683
AUTH225827,TXN-202408-0343,2024-08-14,PayPhone,DINERS,3774,5.68,0.22,5.14,USD,SETTLED,BATCH-8156
AUTH689144,TXN-202408-0344,2024-08-29,Medianet,MASTERCARD,5087,19.14,0.61,17.5,USD,SETTLED,BATCH-9355
AUTH261395,TXN-202408-0345,2024-08-27,Datafast,VISA,3486,351.32,12.3,319.7,USD,SETTLED,BATCH-9425
AUTH539017,TXN-202408-0346,2024-08-26,Datafast,VISA,2949,296.98,10.39,270.26,USD,SETTLED,BATCH-6617
AUTH836549,TXN-202408-0347,2024-08-26,PayPhone,MASTERCARD,6707,60.72,2.31,55.07,USD,SETTLED,BATCH-7997
AUTH438541,TXN-202408-0348,2024-08-21,Datafast,AMEX,5652,26.72,0.94,24.31,USD,SETTLED,BATCH-9768
AUTH906841,TXN-202408-0349,2024-08-01,Medianet,VISA,1784,158.87,5.08,145.05,USD,SETTLED,BATCH-5882
AUTH313986,TXN-202408-0350,2024-08-09,Datafast,MASTERCARD,2247,12.67,0.44,11.53,USD,SETTLED,BATCH-7920
AUTH910145,TXN-202408-0351,2024-08-16,Medianet,MASTERCARD,4890,16.3,0.52,14.89,USD,SETTLED,BATCH-8945
AUTH943351,TXN-202408-0352,2024-08-15,Datafast,VISA,2350,499.14,17.47,454.22,USD,SETTLED,BATCH-7709
AUTH344717,TXN-202408-0353,2024-08-02,Medianet,VISA,6497,479.69,15.35,437.95,USD,SETTLED,BATCH-9113
AUTH586172,TXN-202408-0354,2024-08-27,Medianet,VISA,4568,19.41,0.62,17.73,USD,SETTLED,BATCH-9231
AUTH194830,TXN-202408-0355,2024-08-08,PayPhone,AMEX,6431,62.61,2.38,56.78,USD,SETTLED,BATCH-1302
AUTH579766,TXN-202408-0356,2024-08-15,Medianet,VISA,1842,94.07,3.01,85.89,USD,SETTLED,BATCH-7540
AUTH873364,TXN-202408-0357,2024-08-22,Medianet,MASTERCARD,7733,1682.06,53.83,1535.72,USD,SETTLED,BATCH-5563
AUTH106370,TXN-202408-0358,2024-08-18,PayPhone,VISA,8099,392.78,14.93,356.24,USD,SETTLED,BATCH-6307
AUTH659827,TXN-202408-0359,2024-08-02,Datafast,VISA,4039,32.03,1.12,29.15,USD,SETTLED,BATCH-4584
AUTH543430,TXN-202408-0360,2024-08-06,Datafast,VISA,7365,216.3,7.57,196.84,USD,SETTLED,BATCH-8858
AUTH962305,TXN-202408-0361,2024-08-19,Medianet,VISA,2088,77.66,2.49,70.9,USD,SETTLED,BATCH-5404
AUTH970798,TXN-202408-0362,2024-08-06,Datafast,MASTERCARD,7660,11.71,0.41,10.65,USD,SETTLED,BATCH-5599
AUTH422920,TXN-202408-0363,2024-08-21,Datafast,MASTERCARD,9976,2992.43,104.74,2723.11,USD,SETTLED,BATCH-6332
AUTH740413,TXN-202408-0364,2024-08-05,Datafast,MASTERCARD,5149,412.42,14.43,375.31,USD,SETTLED,BATCH-8781
AUTH375161,TXN-202408-0365,2024-08-26,Datafast,DINERS,6642,397.81,13.92,362.01,USD,SETTLED,BATCH-6484
AUTH279952,TXN-202408-0366,2024-08-09,Medianet,VISA,6523,59.33,1.9,54.17,USD,SETTLED,BATCH-3401
AUTH524909,TXN-202408-0367,2024-08-07,Datafast,VISA,3739,57.28,2.0,52.13,USD,SETTLED,BATCH-2300
AUTH715841,TXN-202408-0368,2024-08-27,Datafast,VISA,6294,195.64,6.85,178.03,USD,SETTLED,BATCH-4785
AUTH406117,TXN-202408-0369,2024-08-10,PayPhone,MASTERCARD,3875,16.63,0.63,15.08,USD,SETTLED,BATCH-6855
AUTH265397,TXN-202408-0370,2024-08-24,Medianet,VISA,9140,292.5,9.36,267.05,USD,SETTLED,BATCH-4287
AUTH131674,TXN-202408-0371,2024-08-11,PayPhone,MASTERCARD,6109,51.51,1.96,46.71,USD,SETTLED,BATCH-2329
AUTH316265,TXN-202408-0372,2024-08-22,Datafast,DINERS,2229,159.75,5.59,145.37,USD,SETTLED,BATCH-8824
AUTH852839,TXN-202408-0373,2024-08-11,Medianet,VISA,1033,35.74,1.14,32.63,USD,SETTLED,BATCH-6281
AUTH829238,TXN-202408-0374,2024-08-06,Datafast,MASTERCARD,3276,75.33,2.64,68.55,USD,SETTLED,BATCH-6646
AUTH720084,TXN-202408-0375,2024-08-27,Datafast,VISA,6952,47.83,1.67,43.53,USD,SETTLED,BATCH-6402
AUTH661577,TXN-202408-0376,2024-08-12,Medianet,MASTERCARD,5636,187.49,6.0,171.18,USD,SETTLED,BATCH-3599
AUTH820333,TXN-202408-0377,2024-08-16,Medianet,VISA,8971,1021.85,32.7,932.97,USD,SETTLED,BATCH-9240
AUTH797165,TXN-202408-0378,2024-08-29,Datafast,MASTERCARD,2065,60.76,2.13,55.29,USD,SETTLED,BATCH-9004
AUTH345804,TXN-202408-0379,2024-08-17,PayPhone,MASTERCARD,8643,51.27,1.95,46.5,USD,SETTLED,BATCH-5498
AUTH191328,TXN-202408-0380,2024-08-17,Medianet,AMEX,9893,21.19,0.68,19.35,USD,SETTLED,BATCH-9805
AUTH807339,TXN-202408-0381,2024-08-22,Datafast,VISA,5520,19.48,0.68,17.73,USD,SETTLED,BATCH-8493
AUTH908538,TXN-202408-0382,2024-08-24,Medianet,DINERS,9529,314.42,10.06,287.07,USD,SETTLED,BATCH-5529
AUTH348937,TXN-202408-0383,2024-08-14,Medianet,MASTERCARD,9613,375.07,12.0,342.44,USD,SETTLED,BATCH-2425
AUTH442711,TXN-202408-0384,2024-08-06,Datafast,VISA,6880,30.31,1.06,27.59,USD,SETTLED,BATCH-2054
AUTH417180,TXN-202408-0385,2024-08-11,PayPhone,VISA,7978,28.64,1.09,25.97,USD,SETTLED,BATCH-5769
AUTH820463,TXN-202408-0386,2024-08-08,Datafast,MASTERCARD,7396,215.85,7.55,196.43,USD,SETTLED,BATCH-9627
AUTH770809,TXN-202408-0387,2024-08-12,Medianet,VISA,5625,392.72,12.57,358.55,USD,SETTLED,BATCH-7320
AUTH730722,TXN-202408-0388,2024-08-20,Datafast,VISA,9301,492.84,17.25,448.48,USD,SETTLED,BATCH-3563
AUTH825959,TXN-202408-0389,2024-08-08,Medianet,DINERS,4619,27.53,0.88,25.13,USD,SETTLED,BATCH-8021
AUTH120214,TXN-202408-0390,2024-08-09,PayPhone,VISA,1956,369.68,14.05,335.29,USD,SETTLED,BATCH-8270
AUTH218441,TXN-202408-0391,2024-08-15,Medianet,MASTERCARD,1501,119.6,3.83,109.19,USD,SETTLED,BATCH-6295
AUTH395988,TXN-202408-0392,2024-08-09,Datafast,VISA,7049,184.94,6.47,168.3,USD,SETTLED,BATCH-2971
AUTH476221,TXN-202408-0393,2024-08-24,Datafast,VISA,2736,2335.66,81.75,2125.45,USD,SETTLED,BATCH-2930
AUTH912738,TXN-202408-0394,2024-08-19,Medianet,VISA,6582,369.63,11.83,337.47,USD,SETTLED,BATCH-9077
AUTH693054,TXN-202408-0395,2024-08-03,Medianet,VISA,8089,322.04,10.31,294.02,USD,SETTLED,BATCH-7953
AUTH740151,TXN-202408-0396,2024-08-30,PayPhone,VISA,8396,262.41,9.97,238.01,USD,SETTLED,BATCH-5213
AUTH538878,TXN-202408-0397,2024-08-01,PayPhone,VISA,6699,332.97,12.65,302.01,USD,SETTLED,BATCH-6482
AUTH571482,TXN-202408-0398,2024-08-18,Medianet,VISA,7584,8.09,0.26,7.39,USD,SETTLED,BATCH-4670
AUTH128085,TXN-202408-0399,2024-08-24,Datafast,MASTERCARD,4411,8.79,0.31,7.99,USD,SETTLED,BATCH-5394
AUTH498858,TXN-202408-0400,2024-08-14,PayPhone,MASTERCARD,6990,117.83,4.48,106.87,USD,SETTLED,BATCH-7656
AUTH727902,TXN-202408-0401,2024-08-24,Medianet,VISA,6964,40.69,1.3,37.15,USD,SETTLED,BATCH-6826
AUTH288358,TXN-202408-0402,2024-08-23,Medianet,VISA,9271,37.59,1.2,34.32,USD,SETTLED,BATCH-6214
AUTH166594,TXN-202408-0403,2024-08-19,Medianet,VISA,5853,34.65,1.11,31.63,USD,SETTLED,BATCH-2178
AUTH746898,TXN-202408-0404,2024-08-09,Medianet,DINERS,3386,23.17,0.74,21.16,USD,SETTLED,BATCH-6868
AUTH456493,TXN-202408-0405,2024-08-14,Datafast,DINERS,4018,55.38,1.94,50.4,USD,SETTLED,BATCH-8140
AUTH959335,TXN-202408-0406,2024-08-10,Datafast,VISA,8344,90.17,3.16,82.05,USD,SETTLED,BATCH-6090
AUTH664771,TXN-202408-0407,2024-08-05,PayPhone,MASTERCARD,2415,1605.53,61.01,1456.21,USD,SETTLED,BATCH-2828
AUTH560523,TXN-202408-0408,2024-08-25,Datafast,AMEX,8465,33.04,1.16,30.06,USD,SETTLED,BATCH-7607
AUTH299073,TXN-202408-0409,2024-08-30,PayPhone,VISA,3556,76.17,2.89,69.09,USD,SETTLED,BATCH-8218
AUTH102088,TXN-202408-0410,2024-08-04,PayPhone,AMEX,7385,57.03,2.17,51.72,USD,SETTLED,BATCH-9673
AUTH485733,TXN-202408-0411,2024-08-07,Datafast,VISA,7622,45.35,1.59,41.27,USD,SETTLED,BATCH-7992
AUTH371018,TXN-202408-0412,2024-08-05,Medianet,VISA,3183,59.74,1.91,54.54,USD,SETTLED,BATCH-4892
AUTH736756,TXN-202408-0413,2024-08-02,Medianet,VISA,6924,358.68,11.48,327.47,USD,SETTLED,BATCH-1130
AUTH656271,TXN-202408-0414,2024-08-02,Datafast,VISA,7637,339.55,11.88,308.99,USD,SETTLED,BATCH-1816
AUTH270295,TXN-202408-0415,2024-08-28,Medianet,VISA,7012,25.35,0.81,23.15,USD,SETTLED,BATCH-4384
AUTH384745,TXN-202408-0416,2024-08-13,Datafast,VISA,1424,71.26,2.49,64.85,USD,SETTLED,BATCH-6750
AUTH343269,TXN-202408-0417,2024-08-16,PayPhone,MASTERCARD,5243,459.63,17.47,416.88,USD,SETTLED,BATCH-9262
AUTH688682,TXN-202408-0418,2024-08-30,Medianet,VISA,7271,39.35,1.26,35.93,USD,SETTLED,BATCH-4009
AUTH637531,TXN-202408-0419,2024-08-13,Datafast,VISA,1130,30.02,1.05,27.32,USD,SETTLED,BATCH-1999
AUTH878566,TXN-202408-0420,2024-08-08,Datafast,VISA,8805,51.89,1.82,47.21,USD,SETTLED,BATCH-2806
AUTH913457,TXN-202408-0421,2024-08-27,Datafast,VISA,1369,34.04,1.19,30.98,USD,SETTLED,BATCH-7488
AUTH391437,TXN-202408-0422,2024-08-13,PayPhone,DINERS,1701,30.63,1.16,27.78,USD,SETTLED,BATCH-4140
AUTH790685,TXN-202408-0423,2024-08-28,Datafast,MASTERCARD,2359,55.85,1.95,50.83,USD,SETTLED,BATCH-1616
AUTH924547,TXN-202408-0424,2024-08-10,Medianet,VISA,5817,259.12,8.29,236.58,USD,SETTLED,BATCH-2406
AUTH357276,TXN-202408-0425,2024-08-18,Datafast,MASTERCARD,5496,15.39,0.54,14.01,USD,SETTLED,BATCH-6362
AUTH951153,TXN-202408-0426,2024-08-17,PayPhone,AMEX,2822,57.89,2.2,52.5,USD,SETTLED,BATCH-8788
AUTH156941,TXN-202408-0427,2024-08-19,Datafast,AMEX,4645,355.62,12.45,323.61,USD,SETTLED,BATCH-3543
AUTH831250,TXN-202408-0428,2024-08-11,Datafast,MASTERCARD,1083,795.97,27.86,724.33,USD,SETTLED,BATCH-3827
AUTH253824,TXN-202408-0429,2024-08-14,Medianet,MASTERCARD,7194,253.9,8.12,231.81,USD,SETTLED,BATCH-5600
AUTH920835,TXN-202408-0430,2024-08-09,Datafast,DINERS,9343,471.97,16.52,429.49,USD,SETTLED,BATCH-3368
AUTH827436,TXN-202408-0431,2024-08-20,Medianet,VISA,7897,62.18,1.99,56.77,USD,SETTLED,BATCH-3068
AUTH811243,TXN-202408-0432,2024-08-22,Datafast,MASTERCARD,3949,22.41,0.78,20.4,USD,SETTLED,BATCH-9590
AUTH961956,TXN-202408-0433,2024-08-20,Datafast,MASTERCARD,5270,42.67,1.49,38.83,USD,SETTLED,BATCH-5600
AUTH876345,TXN-202408-0434,2024-08-05,Medianet,VISA,1663,286.41,9.17,261.49,USD,SETTLED,BATCH-9871
AUTH179004,TXN-202408-0435,2024-08-09,Datafast,VISA,9387,86.31,3.02,78.55,USD,SETTLED,BATCH-4522
AUTH588540,TXN-202408-0436,2024-08-06,Datafast,MASTERCARD,8292,20.34,0.71,18.51,USD,SETTLED,BATCH-6002
AUTH859881,TXN-202408-0437,2024-08-08,PayPhone,VISA,2681,39.32,1.49,35.67,USD,SETTLED,BATCH-3742
AUTH664948,TXN-202408-0438,2024-08-11,Datafast,VISA,1084,239.76,8.39,218.18,USD,SETTLED,BATCH-8857
AUTH217069,TXN-202408-0439,2024-08-29,Medianet,MASTERCARD,1056,300.6,9.62,274.44,USD,SETTLED,BATCH-7251
AUTH534409,TXN-202408-0440,2024-08-02,Medianet,MASTERCARD,7747,67.03,2.14,61.2,USD,SETTLED,BATCH-7720
AUTH594378,TXN-202408-0441,2024-08-17,Medianet,VISA,7703,314.23,10.06,286.89,USD,SETTLED,BATCH-1799
AUTH626382,TXN-202408-0442,2024-08-25,PayPhone,VISA,9871,71.33,2.71,64.7,USD,SETTLED,BATCH-9518
AUTH105851,TXN-202408-0443,2024-08-17,Datafast,VISA,1966,102.91,3.6,93.65,USD,SETTLED,BATCH-5162
AUTH505132,TXN-202408-0444,2024-08-06,Datafast,MASTERCARD,5455,42.55,1.49,38.72,USD,SETTLED,BATCH-8141
AUTH764815,TXN-202408-0445,2024-08-15,PayPhone,MASTERCARD,2643,36.02,1.37,32.67,USD,SETTLED,BATCH-1807
AUTH495213,TXN-202408-0446,2024-08-15,Datafast,MASTERCARD,8960,164.81,5.77,149.97,USD,SETTLED,BATCH-2356
AUTH772025,TXN-202408-0447,2024-08-23,Datafast,MASTERCARD,3221,2491.22,87.19,2267.02,USD,SETTLED,BATCH-9292
AUTH384247,TXN-202408-0448,2024-08-17,Datafast,VISA,9786,32.22,1.13,29.32,USD,SETTLED,BATCH-1550
AUTH795545,TXN-202408-0449,2024-08-13,Datafast,MASTERCARD,3305,76.23,2.67,69.37,USD,SETTLED,BATCH-5498
AUTH332567,TXN-202408-0450,2024-08-22,Datafast,MASTERCARD,1126,1913.73,66.98,1741.49,USD,SETTLED,BATCH-1132
AUTH810725,TXN-202408-0451,2024-08-10,Datafast,VISA,8728,101.55,3.55,92.41,USD,SETTLED,BATCH-4342
AUTH219430,TXN-202408-0452,2024-08-29,Medianet,DINERS,7678,18.55,0.59,16.94,USD,SETTLED,BATCH-4220
AUTH460437,TXN-202408-0453,2024-08-16,PayPhone,VISA,3760,85.13,3.23,77.22,USD,SETTLED,BATCH-5915
AUTH776541,TXN-202408-0454,2024-08-19,Medianet,VISA,4148,179.91,5.76,164.25,USD,SETTLED,BATCH-1082
AUTH653337,TXN-202408-0455,2024-08-08,Datafast,VISA,9216,50.01,1.75,45.51,USD,SETTLED,BATCH-2179
AUTH708067,TXN-202408-0456,2024-08-06,Datafast,MASTERCARD,2823,167.21,5.85,152.17,USD,SETTLED,BATCH-6466
AUTH892309,TXN-202408-0457,2024-08-19,Datafast,VISA,2994,7.43,0.26,6.77,USD,SETTLED,BATCH-4590
AUTH895474,TXN-202408-0458,2024-08-06,Datafast,DINERS,6753,36.27,1.27,33.01,USD,SETTLED,BATCH-8186
AUTH154321,TXN-202408-0459,2024-08-26,Medianet,MASTERCARD,3643,329.89,10.56,301.18,USD,SETTLED,BATCH-4965
AUTH207957,TXN-202408-0460,2024-08-03,Datafast,VISA,3293,471.22,16.49,428.82,USD,SETTLED,BATCH-7139
AUTH498053,TXN-202408-0461,2024-08-27,Datafast,AMEX,4757,398.55,13.95,362.68,USD,SETTLED,BATCH-9634
AUTH782089,TXN-202408-0462,2024-08-11,Datafast,VISA,3340,69.46,2.43,63.21,USD,SETTLED,BATCH-7539
AUTH992248,TXN-202408-0463,2024-08-19,Datafast,VISA,3426,9.36,0.33,8.52,USD,SETTLED,BATCH-7557
AUTH364867,TXN-202408-0464,2024-08-20,PayPhone,MASTERCARD,3965,59.31,2.25,53.8,USD,SETTLED,BATCH-8962
AUTH909918,TXN-202408-0465,2024-08-20,Datafast,MASTERCARD,3867,44.4,1.55,40.41,USD,SETTLED,BATCH-2709
AUTH709137,TXN-202408-0466,2024-08-16,PayPhone,MASTERCARD,3539,59.69,2.27,54.13,USD,SETTLED,BATCH-6667
AUTH857819,TXN-202408-0467,2024-08-07,PayPhone,AMEX,5651,26.79,1.02,24.29,USD,SETTLED,BATCH-6346
AUTH790141,TXN-202408-0468,2024-08-07,Datafast,VISA,1215,389.74,13.64,354.66,USD,SETTLED,BATCH-5279
AUTH248810,TXN-202408-0469,2024-08-21,PayPhone,VISA,9782,47.03,1.79,42.65,USD,SETTLED,BATCH-5465
AUTH991207,TXN-202408-0470,2024-08-10,Datafast,VISA,5550,64.26,2.25,58.48,USD,SETTLED,BATCH-7829
AUTH785820,TXN-202408-0471,2024-08-11,Medianet,VISA,8717,56.44,1.81,51.53,USD,SETTLED,BATCH-1258
AUTH635824,TXN-202408-0472,2024-08-11,Medianet,MASTERCARD,6353,18.17,0.58,16.59,USD,SETTLED,BATCH-6653
AUTH197678,TXN-202408-0473,2024-08-05,PayPhone,VISA,3548,7.67,0.29,6.95,USD,SETTLED,BATCH-5014
AUTH444528,TXN-202408-0474,2024-08-15,Datafast,VISA,9618,456.29,15.97,415.23,USD,SETTLED,BATCH-3527
AUTH101544,TXN-202408-0475,2024-08-22,PayPhone,VISA,4155,47.37,1.8,42.97,USD,SETTLED,BATCH-7438
AUTH309414,TXN-202408-0476,2024-08-30,Medianet,VISA,6864,219.32,7.02,200.24,USD,SETTLED,BATCH-1670
AUTH570567,TXN-202408-0477,2024-08-13,Datafast,VISA,5868,222.44,7.79,202.42,USD,SETTLED,BATCH-8166
AUTH912343,TXN-202408-0478,2024-08-04,Medianet,VISA,1523,158.7,5.08,144.89,USD,SETTLED,BATCH-8938
AUTH148634,TXN-202408-0479,2024-08-16,Medianet,VISA,1021,36.04,1.15,32.91,USD,SETTLED,BATCH-5379
AUTH219996,TXN-202408-0480,2024-08-06,Datafast,AMEX,5471,44.38,1.55,40.39,USD,SETTLED,BATCH-7601
AUTH599073,TXN-202408-0481,2024-08-17,Datafast,VISA,2511,11.95,0.42,10.87,USD,SETTLED,BATCH-3257
AUTH157041,TXN-202408-0482,2024-08-16,Medianet,AMEX,1639,30.51,0.98,27.85,USD,SETTLED,BATCH-9122
AUTH728177,TXN-202408-0483,2024-08-04,PayPhone,VISA,5390,62.71,2.38,56.88,USD,SETTLED,BATCH-3228
AUTH263657,TXN-202408-0484,2024-08-23,Medianet,VISA,8411,272.93,8.73,249.19,USD,SETTLED,BATCH-1787
AUTH532292,TXN-202408-0485,2024-08-28,Datafast,VISA,2897,68.61,2.4,62.43,USD,SETTLED,BATCH-6451
AUTH761453,TXN-202408-0486,2024-08-24,Datafast,AMEX,4738,62.46,2.19,56.84,USD,SETTLED,BATCH-4378
AUTH412836,TXN-202408-0487,2024-08-07,Datafast,MASTERCARD,7111,168.14,5.88,153.01,USD,SETTLED,BATCH-7473
AUTH144597,TXN-202408-0488,2024-08-09,Datafast,MASTERCARD,2667,361.87,12.67,329.3,USD,SETTLED,BATCH-5897
AUTH567944,TXN-202408-0489,2024-08-04,Datafast,VISA,2891,1899.06,66.47,1728.14,USD,SETTLED,BATCH-2031
AUTH150252,TXN-202408-0490,2024-08-26,Medianet,MASTERCARD,5034,75.75,2.42,69.14,USD,SETTLED,BATCH-2754
AUTH313476,TXN-202408-0491,2024-08-18,Medianet,VISA,6685,71.92,2.3,65.66,USD,SETTLED,BATCH-3509
AUTH132597,TXN-202408-0492,2024-08-13,Datafast,VISA,1486,626.14,21.91,569.79,USD,SETTLED,BATCH-9695
AUTH638105,TXN-202408-0493,2024-08-21,Datafast,VISA,6151,454.34,15.9,413.45,USD,SETTLED,BATCH-6718
AUTH759663,TXN-202408-0494,2024-08-23,Medianet,MASTERCARD,4182,66.31,2.12,60.55,USD,SETTLED,BATCH-7697
AUTH665624,TXN-202408-0495,2024-08-19,PayPhone,VISA,6221,2411.07,91.62,2186.84,USD,SETTLED,BATCH-8281
AUTH132972,TXN-202408-0496,2024-08-10,Datafast,AMEX,8258,120.85,4.23,109.97,USD,SETTLED,BATCH-3515
AUTH642723,TXN-202408-0497,2024-08-05,Medianet,MASTERCARD,3385,76.06,2.43,69.45,USD,SETTLED,BATCH-9213
AUTH771740,TXN-202408-0498,2024-08-11,Datafast,VISA,3698,73.79,2.58,67.15,USD,SETTLED,BATCH-6970
AUTH168776,TXN-202408-0499,2024-08-15,Datafast,VISA,9693,31.36,1.1,28.54,USD,SETTLED,BATCH-1697
AUTH576327,TXN-202408-0500,2024-08-13,Datafast,VISA,3150,293.34,10.27,266.94,USD,SETTLED,BATCH-3796
AUTH267073,TXN-202409-0001,2024-09-18,Medianet,VISA,1125,412.82,13.21,376.9,USD,SETTLED,BATCH-2400
AUTH521644,TXN-202409-0002,2024-09-16,Datafast,VISA,8154,310.14,10.85,282.23,USD,SETTLED,BATCH-6855
AUTH257519,TXN-202409-0003,2024-09-14,Datafast,VISA,5739,261.08,9.14,237.58,USD,SETTLED,BATCH-6258
AUTH654373,TXN-202409-0004,2024-09-03,Medianet,MASTERCARD,2927,54.7,1.75,49.94,USD,SETTLED,BATCH-4563
AUTH273648,TXN-202409-0005,2024-09-15,PayPhone,MASTERCARD,6888,49.41,1.88,44.82,USD,SETTLED,BATCH-5028
AUTH729814,TXN-202409-0006,2024-09-03,Medianet,AMEX,9017,76.69,2.45,70.02,USD,SETTLED,BATCH-1321
AUTH534759,TXN-202409-0007,2024-09-16,Datafast,AMEX,1670,239.14,8.37,217.62,USD,SETTLED,BATCH-9144
AUTH676997,TXN-202409-0008,2024-09-29,Medianet,VISA,8608,452.65,14.48,413.27,USD,SETTLED,BATCH-8438
AUTH282298,TXN-202409-0009,2024-09-10,PayPhone,MASTERCARD,9588,270.25,10.27,245.12,USD,SETTLED,BATCH-6573
AUTH782918,TXN-202409-0010,2024-09-10,Medianet,VISA,4936,70.81,2.27,64.64,USD,SETTLED,BATCH-6243
AUTH907816,TXN-202409-0011,2024-09-23,Medianet,MASTERCARD,1478,2841.69,90.93,2594.46,USD,SETTLED,BATCH-9995
AUTH410360,TXN-202409-0012,2024-09-28,PayPhone,MASTERCARD,3091,294.38,11.19,267.0,USD,SETTLED,BATCH-3273
AUTH973383,TXN-202409-0013,2024-09-01,PayPhone,VISA,9854,2919.75,110.95,2648.21,USD,SETTLED,BATCH-2463
AUTH413678,TXN-202409-0014,2024-09-01,Medianet,DINERS,1281,26.17,0.84,23.89,USD,SETTLED,BATCH-3600
AUTH983370,TXN-202409-0015,2024-09-13,Datafast,MASTERCARD,2192,378.94,13.26,344.84,USD,SETTLED,BATCH-7328
AUTH652156,TXN-202409-0016,2024-09-18,Datafast,VISA,1388,15.43,0.54,14.05,USD,SETTLED,BATCH-3988
AUTH442096,TXN-202409-0017,2024-09-28,PayPhone,VISA,5916,26.64,1.01,24.15,USD,SETTLED,BATCH-7828
AUTH888807,TXN-202409-0018,2024-09-29,Datafast,VISA,2676,140.48,4.92,127.84,USD,SETTLED,BATCH-5256
AUTH131657,TXN-202409-0019,2024-09-26,Medianet,DINERS,5713,15.29,0.49,13.96,USD,SETTLED,BATCH-4564
AUTH792598,TXN-202409-0020,2024-09-20,PayPhone,AMEX,6397,470.73,17.89,426.95,USD,SETTLED,BATCH-7074
AUTH991980,TXN-202409-0021,2024-09-08,Datafast,VISA,4974,241.58,8.46,219.83,USD,SETTLED,BATCH-7515
AUTH120175,TXN-202409-0022,2024-09-23,Datafast,VISA,5936,59.82,2.09,54.44,USD,SETTLED,BATCH-8826
AUTH579873,TXN-202409-0023,2024-09-02,Datafast,DINERS,2264,94.05,3.29,85.59,USD,SETTLED,BATCH-9388
AUTH254460,TXN-202409-0024,2024-09-03,Datafast,VISA,6454,483.93,16.94,440.37,USD,SETTLED,BATCH-5374
AUTH641421,TXN-202409-0025,2024-09-09,Medianet,MASTERCARD,3068,395.24,12.65,360.85,USD,SETTLED,BATCH-5727
AUTH632301,TXN-202409-0026,2024-09-21,Medianet,MASTERCARD,9364,183.0,5.86,167.08,USD,SETTLED,BATCH-7478
AUTH791820,TXN-202409-0027,2024-09-19,Medianet,MASTERCARD,2566,306.46,9.81,279.8,USD,SETTLED,BATCH-1041
AUTH707601,TXN-202409-0028,2024-09-15,Medianet,AMEX,5303,5.81,0.19,5.3,USD,SETTLED,BATCH-8304
AUTH455340,TXN-202409-0029,2024-09-26,PayPhone,MASTERCARD,5717,31.47,1.2,28.54,USD,SETTLED,BATCH-1366
AUTH692389,TXN-202409-0030,2024-09-24,Datafast,VISA,8692,2373.56,83.07,2159.94,USD,SETTLED,BATCH-8872
AUTH292781,TXN-202409-0031,2024-09-22,Datafast,MASTERCARD,7717,320.6,11.22,291.74,USD,SETTLED,BATCH-6626
AUTH772751,TXN-202409-0032,2024-09-17,PayPhone,MASTERCARD,8440,11.19,0.43,10.15,USD,SETTLED,BATCH-2346
AUTH778267,TXN-202409-0033,2024-09-28,PayPhone,VISA,5715,26.07,0.99,23.65,USD,SETTLED,BATCH-2639
AUTH589608,TXN-202409-0034,2024-09-05,Datafast,VISA,3111,49.38,1.73,44.94,USD,SETTLED,BATCH-9271
AUTH762014,TXN-202409-0035,2024-09-16,Datafast,AMEX,1596,57.56,2.01,52.38,USD,SETTLED,BATCH-2059
AUTH388998,TXN-202409-0036,2024-09-05,Medianet,AMEX,3871,11.33,0.36,10.35,USD,SETTLED,BATCH-8472
AUTH193131,TXN-202409-0037,2024-09-25,PayPhone,VISA,2392,79.52,3.02,72.12,USD,SETTLED,BATCH-8917
AUTH178917,TXN-202409-0038,2024-09-24,Datafast,VISA,9354,168.56,5.9,153.38,USD,SETTLED,BATCH-7138
AUTH539299,TXN-202409-0039,2024-09-15,Datafast,VISA,4658,102.06,3.57,92.88,USD,SETTLED,BATCH-7067
AUTH666060,TXN-202409-0040,2024-09-08,Datafast,VISA,1369,2806.15,98.22,2553.59,USD,SETTLED,BATCH-2122
AUTH102288,TXN-202409-0041,2024-09-14,Medianet,VISA,7316,44.78,1.43,40.88,USD,SETTLED,BATCH-3509
AUTH543529,TXN-202409-0042,2024-09-17,Datafast,MASTERCARD,4637,28.68,1.0,26.1,USD,SETTLED,BATCH-5543
AUTH721109,TXN-202409-0043,2024-09-28,PayPhone,VISA,6641,31.54,1.2,28.6,USD,SETTLED,BATCH-5897
AUTH818718,TXN-202409-0044,2024-09-26,Medianet,MASTERCARD,9154,25.27,0.81,23.07,USD,SETTLED,BATCH-2572
AUTH217789,TXN-202409-0045,2024-09-08,Datafast,MASTERCARD,1408,55.65,1.95,50.64,USD,SETTLED,BATCH-6026
AUTH854169,TXN-202409-0046,2024-09-06,Medianet,MASTERCARD,4724,55.83,1.79,50.97,USD,SETTLED,BATCH-3706
AUTH728978,TXN-202409-0047,2024-09-04,Medianet,MASTERCARD,8612,85.02,2.72,77.62,USD,SETTLED,BATCH-6555
AUTH503574,TXN-202409-0048,2024-09-07,Datafast,VISA,2890,26.25,0.92,23.89,USD,SETTLED,BATCH-4375
AUTH215530,TXN-202409-0049,2024-09-27,Datafast,VISA,3390,2141.51,74.95,1948.77,USD,SETTLED,BATCH-2643
AUTH279820,TXN-202409-0050,2024-09-28,PayPhone,MASTERCARD,2594,130.39,4.95,118.27,USD,SETTLED,BATCH-8036
AUTH938660,TXN-202409-0051,2024-09-06,Datafast,MASTERCARD,4635,317.75,11.12,289.15,USD,SETTLED,BATCH-5515
AUTH595187,TXN-202409-0052,2024-09-21,Medianet,VISA,8284,75.21,2.41,68.67,USD,SETTLED,BATCH-9871
AUTH525873,TXN-202409-0053,2024-09-25,PayPhone,VISA,5105,72.75,2.76,65.99,USD,SETTLED,BATCH-3913
AUTH510950,TXN-202409-0054,2024-09-13,Datafast,MASTERCARD,4924,9.68,0.34,8.8,USD,SETTLED,BATCH-9519
AUTH238864,TXN-202409-0055,2024-09-03,PayPhone,VISA,7594,154.73,5.88,140.34,USD,SETTLED,BATCH-5006
AUTH116311,TXN-202409-0056,2024-09-04,PayPhone,VISA,1225,53.41,2.03,48.45,USD,SETTLED,BATCH-9476
AUTH684548,TXN-202409-0057,2024-09-15,Medianet,VISA,6225,124.62,3.99,113.77,USD,SETTLED,BATCH-6510
AUTH134701,TXN-202409-0058,2024-09-25,Datafast,VISA,6438,59.57,2.08,54.21,USD,SETTLED,BATCH-8796
AUTH656147,TXN-202409-0059,2024-09-02,Datafast,VISA,6294,80.36,2.81,73.13,USD,SETTLED,BATCH-5458
AUTH239952,TXN-202409-0060,2024-09-01,Datafast,VISA,6643,34.35,1.2,31.26,USD,SETTLED,BATCH-8208
AUTH981508,TXN-202409-0061,2024-09-24,Medianet,MASTERCARD,9077,35.29,1.13,32.22,USD,SETTLED,BATCH-8289
AUTH117556,TXN-202409-0062,2024-09-16,Medianet,VISA,7096,2544.94,81.44,2323.53,USD,SETTLED,BATCH-8116
AUTH351771,TXN-202409-0063,2024-09-13,Medianet,DINERS,6014,56.14,1.8,51.25,USD,SETTLED,BATCH-6742
AUTH755255,TXN-202409-0064,2024-09-11,Medianet,DINERS,1341,45.1,1.44,41.18,USD,SETTLED,BATCH-7213
AUTH225878,TXN-202409-0065,2024-09-18,PayPhone,MASTERCARD,9924,20.23,0.77,18.35,USD,SETTLED,BATCH-6230
AUTH578454,TXN-202409-0066,2024-09-04,PayPhone,MASTERCARD,5558,34.26,1.3,31.08,USD,SETTLED,BATCH-1601
AUTH159578,TXN-202409-0067,2024-09-07,Medianet,VISA,4056,263.95,8.45,240.98,USD,SETTLED,BATCH-8887
AUTH766477,TXN-202409-0068,2024-09-13,Datafast,VISA,1010,1096.21,38.37,997.55,USD,SETTLED,BATCH-1307
AUTH894201,TXN-202409-0069,2024-09-26,Medianet,MASTERCARD,7866,77.37,2.48,70.64,USD,SETTLED,BATCH-6925
AUTH943542,TXN-202409-0070,2024-09-24,PayPhone,VISA,8043,30.33,1.15,27.52,USD,SETTLED,BATCH-6343
AUTH283742,TXN-202409-0071,2024-09-22,Datafast,VISA,1800,299.71,10.49,272.73,USD,SETTLED,BATCH-5964
AUTH541743,TXN-202409-0072,2024-09-05,Datafast,MASTERCARD,5883,592.19,20.73,538.89,USD,SETTLED,BATCH-5314
AUTH304072,TXN-202409-0073,2024-09-23,Medianet,VISA,6886,614.5,19.66,561.04,USD,SETTLED,BATCH-4444
AUTH805186,TXN-202409-0074,2024-09-26,Datafast,VISA,3510,28.05,0.98,25.53,USD,SETTLED,BATCH-6012
AUTH377413,TXN-202409-0075,2024-09-04,Datafast,VISA,9516,423.48,14.82,385.37,USD,SETTLED,BATCH-4647
AUTH394241,TXN-202409-0076,2024-09-14,Datafast,MASTERCARD,9900,65.33,2.29,59.45,USD,SETTLED,BATCH-8076
AUTH382406,TXN-202409-0077,2024-09-22,PayPhone,DINERS,8031,216.18,8.21,196.08,USD,SETTLED,BATCH-9798
AUTH328948,TXN-202409-0078,2024-09-02,Medianet,VISA,1242,1033.08,33.06,943.2,USD,SETTLED,BATCH-8712
AUTH441902,TXN-202409-0079,2024-09-06,Datafast,VISA,7181,61.82,2.16,56.26,USD,SETTLED,BATCH-9071
AUTH942078,TXN-202409-0080,2024-09-05,Datafast,VISA,2092,48.65,1.7,44.27,USD,SETTLED,BATCH-2668
AUTH723758,TXN-202409-0081,2024-09-29,Medianet,MASTERCARD,1794,16.83,0.54,15.36,USD,SETTLED,BATCH-6509
AUTH500016,TXN-202409-0082,2024-09-19,Datafast,VISA,7365,2266.85,79.34,2062.83,USD,SETTLED,BATCH-7726
AUTH760827,TXN-202409-0083,2024-09-07,Datafast,AMEX,6432,370.79,12.98,337.41,USD,SETTLED,BATCH-3862
AUTH782581,TXN-202409-0084,2024-09-20,Medianet,MASTERCARD,7887,75.36,2.41,68.81,USD,SETTLED,BATCH-3307
AUTH292812,TXN-202409-0085,2024-09-21,Datafast,VISA,8531,76.27,2.67,69.41,USD,SETTLED,BATCH-1043
AUTH773107,TXN-202409-0086,2024-09-17,Datafast,VISA,4941,13.81,0.48,12.57,USD,SETTLED,BATCH-5352
AUTH365375,TXN-202409-0087,2024-09-15,Medianet,AMEX,4826,1768.85,56.6,1614.96,USD,SETTLED,BATCH-1880
AUTH450232,TXN-202409-0088,2024-09-22,Medianet,VISA,8411,64.75,2.07,59.12,USD,SETTLED,BATCH-8976
AUTH647273,TXN-202409-0089,2024-09-12,Datafast,VISA,5478,635.07,22.23,577.91,USD,SETTLED,BATCH-7634
AUTH813521,TXN-202409-0090,2024-09-15,Datafast,VISA,7082,453.83,15.88,412.99,USD,SETTLED,BATCH-4948
AUTH961216,TXN-202409-0091,2024-09-01,Datafast,VISA,8275,16.85,0.59,15.33,USD,SETTLED,BATCH-5889
AUTH608090,TXN-202409-0092,2024-09-19,Medianet,VISA,1708,38.36,1.23,35.02,USD,SETTLED,BATCH-2844
AUTH106154,TXN-202409-0093,2024-09-04,Datafast,MASTERCARD,2359,176.63,6.18,160.73,USD,SETTLED,BATCH-6665
AUTH185168,TXN-202409-0094,2024-09-29,Datafast,VISA,7538,20.0,0.7,18.2,USD,SETTLED,BATCH-4448
AUTH287320,TXN-202409-0095,2024-09-07,Datafast,MASTERCARD,6215,37.69,1.32,34.29,USD,SETTLED,BATCH-6897
AUTH111484,TXN-202409-0096,2024-09-21,Datafast,VISA,3357,58.99,2.06,53.69,USD,SETTLED,BATCH-8599
AUTH871526,TXN-202409-0097,2024-09-02,PayPhone,VISA,8277,56.92,2.16,51.63,USD,SETTLED,BATCH-8645
AUTH882634,TXN-202409-0098,2024-09-11,Datafast,AMEX,7789,17.84,0.62,16.24,USD,SETTLED,BATCH-3047
AUTH409576,TXN-202409-0099,2024-09-20,PayPhone,MASTERCARD,2527,347.96,17.82,311.0,USD,SETTLED,BATCH-1834
AUTH949877,TXN-202409-0100,2024-09-17,Medianet,MASTERCARD,4648,35.88,1.15,32.76,USD,SETTLED,BATCH-1782
AUTH794077,TXN-202409-0101,2024-09-01,PayPhone,VISA,7852,39.71,2.02,35.5,USD,SETTLED,BATCH-2798
AUTH789700,TXN-202409-0102,2024-09-08,Datafast,AMEX,2132,37.57,1.31,34.19,USD,SETTLED,BATCH-3016
AUTH249531,TXN-202409-0103,2024-09-02,PayPhone,AMEX,5896,255.46,9.71,231.7,USD,SETTLED,BATCH-6456
AUTH412744,TXN-202409-0104,2024-09-13,PayPhone,MASTERCARD,1959,36.93,1.4,33.5,USD,SETTLED,BATCH-5133
AUTH270190,TXN-202409-0105,2024-09-03,PayPhone,MASTERCARD,3293,42.15,1.6,38.23,USD,SETTLED,BATCH-8575
AUTH789574,TXN-202409-0106,2024-09-12,Medianet,MASTERCARD,6860,21.35,0.68,19.5,USD,SETTLED,BATCH-8452
AUTH492099,TXN-202409-0107,2024-09-06,Datafast,DINERS,4603,55.18,1.93,50.22,USD,SETTLED,BATCH-4747
AUTH325391,TXN-202409-0108,2024-09-15,Datafast,MASTERCARD,1335,490.1,17.15,446.0,USD,SETTLED,BATCH-5714
AUTH527632,TXN-202409-0109,2024-09-15,PayPhone,VISA,9389,235.58,8.95,213.67,USD,SETTLED,BATCH-5306
AUTH725654,TXN-202409-0110,2024-09-11,Medianet,AMEX,5593,72.01,2.3,65.75,USD,SETTLED,BATCH-4938
AUTH119469,TXN-202409-0111,2024-09-18,Datafast,VISA,4185,75.96,2.66,69.12,USD,SETTLED,BATCH-2175
AUTH714011,TXN-202409-0112,2024-09-24,Medianet,MASTERCARD,8846,71.06,2.27,64.88,USD,SETTLED,BATCH-5299
AUTH194397,TXN-202409-0113,2024-09-13,Medianet,AMEX,7528,8.87,0.28,8.1,USD,SETTLED,BATCH-9790
AUTH263798,TXN-202409-0114,2024-09-23,Datafast,VISA,3633,53.61,1.88,48.78,USD,SETTLED,BATCH-8925
AUTH333653,TXN-202409-0115,2024-09-18,Medianet,MASTERCARD,7517,30.12,0.96,27.5,USD,SETTLED,BATCH-3187
AUTH580802,TXN-202409-0116,2024-09-23,Medianet,MASTERCARD,5845,445.88,14.27,407.09,USD,SETTLED,BATCH-3833
AUTH481924,TXN-202409-0117,2024-09-17,Medianet,MASTERCARD,5413,72.34,2.31,66.05,USD,SETTLED,BATCH-6773
AUTH360722,TXN-202409-0118,2024-09-17,Datafast,VISA,5936,38.93,1.36,35.43,USD,SETTLED,BATCH-6984
AUTH109389,TXN-202409-0119,2024-09-29,PayPhone,VISA,8533,66.9,2.54,60.68,USD,SETTLED,BATCH-8672
AUTH291511,TXN-202409-0120,2024-09-29,Datafast,VISA,9173,371.15,12.99,337.75,USD,SETTLED,BATCH-9199
AUTH678100,TXN-202409-0121,2024-09-06,Datafast,AMEX,3954,34.3,1.2,31.22,USD,SETTLED,BATCH-6517
AUTH379193,TXN-202409-0122,2024-09-05,PayPhone,VISA,6293,13.4,0.51,12.16,USD,SETTLED,BATCH-7574
AUTH697558,TXN-202409-0123,2024-09-14,Datafast,VISA,1149,556.73,19.49,506.62,USD,SETTLED,BATCH-5170
AUTH573273,TXN-202409-0124,2024-09-21,Medianet,VISA,9708,38.29,1.23,34.96,USD,SETTLED,BATCH-2701
AUTH524745,TXN-202409-0125,2024-09-17,Datafast,VISA,5620,177.58,6.22,161.59,USD,SETTLED,BATCH-4657
AUTH962892,TXN-202409-0126,2024-09-16,Datafast,MASTERCARD,4017,410.47,14.37,373.53,USD,SETTLED,BATCH-6613
AUTH956018,TXN-202409-0127,2024-09-19,Medianet,MASTERCARD,4938,39.35,1.26,35.93,USD,SETTLED,BATCH-5429
AUTH838423,TXN-202409-0128,2024-09-12,PayPhone,VISA,3307,175.25,6.66,158.95,USD,SETTLED,BATCH-8992
AUTH161654,TXN-202409-0129,2024-09-06,Medianet,VISA,5104,39.19,1.25,35.79,USD,SETTLED,BATCH-6062
AUTH362065,TXN-202409-0130,2024-09-27,PayPhone,MASTERCARD,3852,77.99,2.96,70.74,USD,SETTLED,BATCH-2560
AUTH739678,TXN-202409-0131,2024-09-02,Medianet,MASTERCARD,4483,22.84,0.73,20.85,USD,SETTLED,BATCH-7447
AUTH495022,TXN-202409-0132,2024-09-23,Medianet,VISA,5939,20.39,0.65,18.62,USD,SETTLED,BATCH-9748
AUTH780552,TXN-202409-0133,2024-09-06,Medianet,DINERS,9393,38.63,1.24,35.26,USD,SETTLED,BATCH-6387
AUTH898013,TXN-202409-0134,2024-09-05,Datafast,DINERS,1078,42.46,1.49,38.64,USD,SETTLED,BATCH-7129
AUTH570663,TXN-202409-0135,2024-09-17,PayPhone,VISA,1522,1865.36,70.88,1691.89,USD,SETTLED,BATCH-8661
AUTH100806,TXN-202409-0136,2024-09-25,Medianet,VISA,5487,487.23,15.59,444.84,USD,SETTLED,BATCH-4506
AUTH238264,TXN-202409-0137,2024-09-11,Medianet,MASTERCARD,2310,467.36,14.96,426.7,USD,SETTLED,BATCH-6145
AUTH890851,TXN-202409-0138,2024-09-04,Datafast,VISA,8444,55.85,1.95,50.83,USD,SETTLED,BATCH-3484
AUTH407908,TXN-202409-0139,2024-09-11,Datafast,MASTERCARD,3064,31.8,1.11,28.94,USD,SETTLED,BATCH-4895
AUTH354052,TXN-202409-0140,2024-09-25,Medianet,VISA,6043,63.6,2.04,58.06,USD,SETTLED,BATCH-3368
AUTH493669,TXN-202409-0141,2024-09-03,Datafast,VISA,2812,364.37,12.75,331.58,USD,SETTLED,BATCH-9788
AUTH433704,TXN-202409-0142,2024-09-02,Datafast,VISA,6423,294.85,10.32,268.31,USD,SETTLED,BATCH-7008
AUTH239416,TXN-202409-0143,2024-09-12,Datafast,VISA,6603,235.24,8.23,214.07,USD,SETTLED,BATCH-7109
AUTH985482,TXN-202409-0144,2024-09-03,Datafast,VISA,5040,2685.75,94.0,2444.03,USD,SETTLED,BATCH-6726
AUTH902008,TXN-202409-0145,2024-09-10,Medianet,VISA,7526,2509.21,93.09,2278.12,USD,SETTLED,BATCH-1289
AUTH823208,TXN-202409-0146,2024-09-05,PayPhone,DINERS,2769,72.23,2.74,65.52,USD,SETTLED,BATCH-6636
AUTH423316,TXN-202409-0147,2024-09-17,Medianet,VISA,6367,79.13,2.53,72.25,USD,SETTLED,BATCH-8962
AUTH144070,TXN-202409-0148,2024-09-14,Datafast,DINERS,9758,117.15,4.1,106.61,USD,SETTLED,BATCH-5938
AUTH469025,TXN-202409-0149,2024-09-25,PayPhone,VISA,6538,378.3,14.38,343.12,USD,SETTLED,BATCH-8992
AUTH472097,TXN-202409-0150,2024-09-27,Datafast,AMEX,6166,41.79,1.46,38.03,USD,SETTLED,BATCH-6933
AUTH333104,TXN-202409-0151,2024-09-01,PayPhone,VISA,8512,274.65,10.44,249.1,USD,SETTLED,BATCH-9217
AUTH832326,TXN-202409-0152,2024-09-04,Datafast,VISA,5616,347.36,12.16,316.1,USD,SETTLED,BATCH-2601
AUTH901215,TXN-202409-0153,2024-09-21,Medianet,VISA,1471,73.01,2.34,66.65,USD,SETTLED,BATCH-7697
AUTH545554,TXN-202409-0154,2024-09-20,Datafast,MASTERCARD,7294,77.8,2.72,70.8,USD,SETTLED,BATCH-7593
AUTH368269,TXN-202409-0155,2024-09-22,Datafast,VISA,3852,24.34,0.85,22.15,USD,SETTLED,BATCH-1725
AUTH625580,TXN-202409-0156,2024-09-01,PayPhone,AMEX,9175,59.97,2.28,54.39,USD,SETTLED,BATCH-3545
AUTH890520,TXN-202409-0157,2024-09-05,Datafast,VISA,7206,70.87,2.48,64.49,USD,SETTLED,BATCH-9698
AUTH183004,TXN-202409-0158,2024-09-12,Datafast,VISA,1244,73.41,2.57,66.81,USD,SETTLED,BATCH-5300
AUTH833911,TXN-202409-0159,2024-09-25,Datafast,MASTERCARD,3656,1784.67,62.46,1624.05,USD,SETTLED,BATCH-2926
AUTH658669,TXN-202409-0160,2024-09-28,Datafast,VISA,5547,308.36,10.79,280.61,USD,SETTLED,BATCH-4168
AUTH954749,TXN-202409-0161,2024-09-23,PayPhone,MASTERCARD,3695,56.41,2.14,51.17,USD,SETTLED,BATCH-7726
AUTH560970,TXN-202409-0162,2024-09-17,Datafast,MASTERCARD,7044,85.42,2.99,77.74,USD,SETTLED,BATCH-3746
AUTH928136,TXN-202409-0163,2024-09-04,Datafast,VISA,8408,73.31,2.57,66.71,USD,SETTLED,BATCH-4904
AUTH485054,TXN-202409-0164,2024-09-20,Datafast,VISA,2006,72.28,2.53,65.78,USD,SETTLED,BATCH-4496
AUTH916719,TXN-202409-0165,2024-09-25,PayPhone,MASTERCARD,4918,46.33,1.76,42.03,USD,SETTLED,BATCH-5947
AUTH391904,TXN-202409-0166,2024-09-01,Datafast,AMEX,4488,14.84,0.52,13.5,USD,SETTLED,BATCH-8275
AUTH812685,TXN-202409-0167,2024-09-20,Datafast,MASTERCARD,4631,38.15,1.34,34.71,USD,SETTLED,BATCH-1030
AUTH117058,TXN-202409-0168,2024-09-27,Medianet,VISA,3365,92.08,2.95,84.07,USD,SETTLED,BATCH-5924
AUTH354879,TXN-202409-0169,2024-09-05,Datafast,AMEX,6536,21.99,0.77,20.01,USD,SETTLED,BATCH-1298
AUTH519543,TXN-202409-0170,2024-09-03,Datafast,VISA,5769,409.29,14.33,372.45,USD,SETTLED,BATCH-8618
AUTH967244,TXN-202409-0171,2024-09-26,Medianet,MASTERCARD,6879,13.09,0.42,11.95,USD,SETTLED,BATCH-2667
AUTH835771,TXN-202409-0172,2024-09-03,Medianet,VISA,3970,23.98,0.77,21.89,USD,SETTLED,BATCH-5122
AUTH385188,TXN-202409-0173,2024-09-07,Medianet,MASTERCARD,4641,466.44,14.93,425.86,USD,SETTLED,BATCH-7560
AUTH981223,TXN-202409-0174,2024-09-28,PayPhone,VISA,2352,11.81,0.45,10.71,USD,SETTLED,BATCH-8284
AUTH634795,TXN-202409-0175,2024-09-17,PayPhone,DINERS,6278,17.04,0.65,15.45,USD,SETTLED,BATCH-2573
AUTH673344,TXN-202409-0176,2024-09-25,Medianet,MASTERCARD,9811,66.47,2.13,60.69,USD,SETTLED,BATCH-5169
AUTH254004,TXN-202409-0177,2024-09-25,Medianet,MASTERCARD,3282,929.43,29.74,848.58,USD,SETTLED,BATCH-9072
AUTH224630,TXN-202409-0178,2024-09-28,Datafast,MASTERCARD,9607,2801.19,98.04,2549.09,USD,SETTLED,BATCH-9014
AUTH469390,TXN-202409-0179,2024-09-04,Datafast,MASTERCARD,7338,55.51,1.94,50.51,USD,SETTLED,BATCH-5023
AUTH851671,TXN-202409-0180,2024-09-14,PayPhone,DINERS,4708,43.57,1.66,39.51,USD,SETTLED,BATCH-5765
AUTH697641,TXN-202409-0181,2024-09-16,Medianet,VISA,1755,43.98,1.41,40.15,USD,SETTLED,BATCH-3039
AUTH573714,TXN-202409-0182,2024-09-04,Medianet,MASTERCARD,5579,29.61,0.95,27.03,USD,SETTLED,BATCH-6722
AUTH622623,TXN-202409-0183,2024-09-15,Datafast,MASTERCARD,1331,78.21,2.74,71.17,USD,SETTLED,BATCH-6232
AUTH360853,TXN-202409-0184,2024-09-03,Medianet,VISA,3290,159.29,5.1,145.43,USD,SETTLED,BATCH-6571
AUTH642921,TXN-202409-0185,2024-09-22,PayPhone,VISA,8128,55.56,2.11,50.39,USD,SETTLED,BATCH-1683
AUTH487384,TXN-202409-0186,2024-09-13,Datafast,MASTERCARD,7427,130.07,4.55,118.37,USD,SETTLED,BATCH-9490
AUTH389873,TXN-202409-0187,2024-09-06,Medianet,DINERS,4011,454.82,14.55,415.26,USD,SETTLED,BATCH-4551
AUTH846900,TXN-202409-0188,2024-09-13,Datafast,VISA,2485,68.3,2.39,62.16,USD,SETTLED,BATCH-9180
AUTH519499,TXN-202409-0189,2024-09-25,Datafast,VISA,8251,62.36,2.18,56.75,USD,SETTLED,BATCH-5643
AUTH531084,TXN-202409-0190,2024-09-12,Medianet,MASTERCARD,3587,476.15,15.24,434.72,USD,SETTLED,BATCH-7108
AUTH259666,TXN-202409-0191,2024-09-05,Medianet,DINERS,2625,1778.54,56.91,1623.81,USD,SETTLED,BATCH-7593
AUTH307183,TXN-202409-0192,2024-09-05,Datafast,VISA,8952,52.13,1.82,47.44,USD,SETTLED,BATCH-1607
AUTH233350,TXN-202409-0193,2024-09-06,Datafast,VISA,5841,55.86,1.96,50.83,USD,SETTLED,BATCH-3009
AUTH342033,TXN-202409-0194,2024-09-25,Medianet,VISA,3571,51.74,1.66,47.23,USD,SETTLED,BATCH-8560
AUTH548672,TXN-202409-0195,2024-09-10,Medianet,MASTERCARD,3274,39.95,1.28,36.47,USD,SETTLED,BATCH-1416
AUTH140307,TXN-202409-0196,2024-09-18,Datafast,MASTERCARD,3146,65.71,2.3,59.79,USD,SETTLED,BATCH-4128
AUTH499674,TXN-202409-0197,2024-09-04,Datafast,MASTERCARD,1433,2700.31,94.51,2457.29,USD,SETTLED,BATCH-7361
AUTH522819,TXN-202409-0198,2024-09-06,Datafast,AMEX,5948,7.7,0.27,7.0,USD,SETTLED,BATCH-2651
AUTH945988,TXN-202409-0199,2024-09-14,Medianet,MASTERCARD,2425,148.94,4.77,135.98,USD,SETTLED,BATCH-1316
AUTH586112,TXN-202409-0200,2024-09-16,Datafast,VISA,7672,318.92,11.16,290.22,USD,SETTLED,BATCH-2275
AUTH733674,TXN-202409-0201,2024-09-06,Medianet,MASTERCARD,8602,47.17,1.51,43.07,USD,SETTLED,BATCH-8538
AUTH913131,TXN-202409-0202,2024-09-22,Datafast,VISA,9873,238.68,8.35,217.2,USD,SETTLED,BATCH-6700
AUTH755285,TXN-202409-0203,2024-09-05,Medianet,VISA,3897,49.28,1.58,44.99,USD,SETTLED,BATCH-1511
AUTH654633,TXN-202409-0204,2024-09-11,Datafast,MASTERCARD,2953,71.85,2.51,65.39,USD,SETTLED,BATCH-1644
AUTH527559,TXN-202409-0205,2024-09-22,Datafast,VISA,6884,31.35,1.1,28.53,USD,SETTLED,BATCH-2718
AUTH397485,TXN-202409-0206,2024-09-03,Datafast,MASTERCARD,4944,462.36,16.18,420.75,USD,SETTLED,BATCH-8181
AUTH713739,TXN-202409-0207,2024-09-22,Datafast,VISA,3885,7.8,0.27,7.1,USD,SETTLED,BATCH-1577
AUTH177269,TXN-202409-0208,2024-09-19,Medianet,AMEX,7653,57.2,1.83,52.23,USD,SETTLED,BATCH-7278
AUTH235630,TXN-202409-0209,2024-09-26,PayPhone,VISA,7266,47.94,1.82,43.48,USD,SETTLED,BATCH-8536
AUTH490943,TXN-202409-0210,2024-09-25,Datafast,MASTERCARD,4439,42.71,1.49,38.87,USD,SETTLED,BATCH-5418
AUTH709722,TXN-202409-0211,2024-09-16,Datafast,MASTERCARD,8779,37.7,1.32,34.3,USD,SETTLED,BATCH-1547
AUTH425490,TXN-202409-0212,2024-09-10,PayPhone,MASTERCARD,1081,305.05,11.59,276.68,USD,SETTLED,BATCH-9009
AUTH694487,TXN-202409-0213,2024-09-24,Datafast,DINERS,7491,21.94,0.77,19.96,USD,SETTLED,BATCH-9896
AUTH956263,TXN-202409-0214,2024-09-19,Medianet,MASTERCARD,4625,194.81,6.23,177.86,USD,SETTLED,BATCH-8085
AUTH608141,TXN-202409-0215,2024-09-10,Datafast,VISA,3067,353.65,12.38,321.82,USD,SETTLED,BATCH-3917
AUTH996867,TXN-202409-0216,2024-09-13,PayPhone,VISA,6815,20.01,0.76,18.15,USD,SETTLED,BATCH-9667
AUTH798956,TXN-202409-0217,2024-09-01,Medianet,VISA,1540,155.85,4.99,142.29,USD,SETTLED,BATCH-6121
AUTH282640,TXN-202409-0218,2024-09-27,Medianet,AMEX,4529,169.44,5.42,154.71,USD,SETTLED,BATCH-6141
AUTH241440,TXN-202409-0219,2024-09-28,PayPhone,VISA,2984,419.75,15.95,380.71,USD,SETTLED,BATCH-2603
AUTH884853,TXN-202409-0220,2024-09-15,PayPhone,MASTERCARD,4778,20.05,0.76,18.19,USD,SETTLED,BATCH-7518
AUTH152950,TXN-202409-0221,2024-09-14,Datafast,MASTERCARD,3570,434.53,15.21,395.42,USD,SETTLED,BATCH-3557
AUTH369035,TXN-202409-0222,2024-09-09,PayPhone,AMEX,9193,435.31,16.54,394.83,USD,SETTLED,BATCH-2799
AUTH295030,TXN-202409-0223,2024-09-04,Medianet,VISA,1739,250.46,8.01,228.68,USD,SETTLED,BATCH-6982
AUTH734212,TXN-202409-0224,2024-09-18,Datafast,VISA,5949,274.95,9.62,250.21,USD,SETTLED,BATCH-4872
AUTH649909,TXN-202409-0225,2024-09-01,Datafast,AMEX,9710,25.45,0.89,23.16,USD,SETTLED,BATCH-7950
AUTH505748,TXN-202409-0226,2024-09-02,Medianet,VISA,6870,350.6,13.29,318.02,USD,SETTLED,BATCH-8293
AUTH293482,TXN-202409-0227,2024-09-20,Datafast,VISA,1124,115.25,4.03,104.88,USD,SETTLED,BATCH-7583
AUTH273838,TXN-202409-0228,2024-09-22,PayPhone,AMEX,4030,32.26,1.23,29.26,USD,SETTLED,BATCH-5095
AUTH530680,TXN-202409-0229,2024-09-19,Datafast,AMEX,3477,179.14,6.27,163.02,USD,SETTLED,BATCH-6782
AUTH691056,TXN-202409-0230,2024-09-25,Medianet,VISA,1738,323.78,10.36,295.61,USD,SETTLED,BATCH-4243
AUTH749994,TXN-202409-0231,2024-09-26,Datafast,AMEX,7848,14.17,0.5,12.89,USD,SETTLED,BATCH-8019
AUTH235067,TXN-202409-0232,2024-09-08,Datafast,MASTERCARD,2560,61.13,2.14,55.63,USD,SETTLED,BATCH-8975
AUTH111617,TXN-202409-0233,2024-09-14,Datafast,VISA,1798,25.59,0.9,23.28,USD,SETTLED,BATCH-4934
AUTH502476,TXN-202409-0234,2024-09-04,PayPhone,VISA,2740,57.47,2.18,52.13,USD,SETTLED,BATCH-7029
AUTH537206,TXN-202409-0235,2024-09-26,Medianet,VISA,4921,25.83,0.83,23.58,USD,SETTLED,BATCH-6833
AUTH517495,TXN-202409-0236,2024-09-29,Datafast,MASTERCARD,4989,88.85,3.11,80.85,USD,SETTLED,BATCH-9637
AUTH176201,TXN-202409-0237,2024-09-30,Datafast,MASTERCARD,4467,102.96,3.6,93.7,USD,SETTLED,BATCH-7676
AUTH575744,TXN-202409-0238,2024-09-12,Datafast,MASTERCARD,7122,76.89,2.69,69.97,USD,SETTLED,BATCH-1745
AUTH696845,TXN-202409-0239,2024-09-30,Datafast,AMEX,4697,243.16,8.51,221.28,USD,SETTLED,BATCH-9012
AUTH711746,TXN-202409-0240,2024-09-25,PayPhone,AMEX,9018,75.22,2.86,68.23,USD,SETTLED,BATCH-1946
AUTH528009,TXN-202409-0241,2024-09-11,Datafast,AMEX,8982,37.91,1.33,34.49,USD,SETTLED,BATCH-8445
AUTH285514,TXN-202409-0242,2024-09-16,Datafast,VISA,2388,425.74,14.9,387.42,USD,SETTLED,BATCH-3098
AUTH298331,TXN-202409-0243,2024-09-30,Medianet,DINERS,2012,36.68,1.17,33.49,USD,SETTLED,BATCH-3176
AUTH461499,TXN-202409-0244,2024-09-20,PayPhone,MASTERCARD,1033,31.39,1.19,28.48,USD,SETTLED,BATCH-9748
AUTH495266,TXN-202409-0245,2024-09-02,PayPhone,MASTERCARD,1952,7.05,0.27,6.39,USD,SETTLED,BATCH-9820
AUTH739917,TXN-202409-0246,2024-09-13,Medianet,MASTERCARD,1355,137.16,4.39,125.23,USD,SETTLED,BATCH-4512
AUTH718668,TXN-202409-0247,2024-09-17,Medianet,VISA,4011,16.84,0.54,15.37,USD,SETTLED,BATCH-5425
AUTH730003,TXN-202409-0248,2024-09-22,PayPhone,AMEX,6596,435.72,16.56,395.19,USD,SETTLED,BATCH-2398
AUTH789233,TXN-202409-0249,2024-09-09,Medianet,VISA,8049,60.14,1.92,54.91,USD,SETTLED,BATCH-4500
AUTH961007,TXN-202409-0250,2024-09-14,Medianet,AMEX,2629,163.44,5.23,149.23,USD,SETTLED,BATCH-4776
AUTH261816,TXN-202409-0251,2024-09-08,Datafast,AMEX,7173,2710.85,94.88,2466.87,USD,SETTLED,BATCH-6659
AUTH716549,TXN-202409-0252,2024-09-30,PayPhone,DINERS,3395,343.18,13.04,311.27,USD,SETTLED,BATCH-2744
AUTH873048,TXN-202409-0253,2024-09-13,PayPhone,VISA,4018,150.88,5.73,136.85,USD,SETTLED,BATCH-4176
AUTH732503,TXN-202409-0254,2024-09-19,Datafast,VISA,6578,32.59,1.14,29.65,USD,SETTLED,BATCH-1119
AUTH929555,TXN-202409-0255,2024-09-27,Datafast,MASTERCARD,7169,469.88,16.45,427.59,USD,SETTLED,BATCH-2219
AUTH869671,TXN-202409-0256,2024-09-27,Datafast,VISA,5600,75.95,2.66,69.11,USD,SETTLED,BATCH-5458
AUTH674789,TXN-202409-0257,2024-09-20,Datafast,VISA,9064,69.23,2.42,63.0,USD,SETTLED,BATCH-4105
AUTH359992,TXN-202409-0258,2024-09-14,PayPhone,VISA,2048,255.7,9.72,231.91,USD,SETTLED,BATCH-1772
AUTH325796,TXN-202409-0259,2024-09-08,Datafast,DINERS,9423,38.82,1.36,35.32,USD,SETTLED,BATCH-8669
AUTH436190,TXN-202409-0260,2024-09-28,Medianet,MASTERCARD,7036,40.17,1.29,36.67,USD,SETTLED,BATCH-6077
AUTH888000,TXN-202409-0261,2024-09-14,PayPhone,VISA,6798,33.76,1.28,30.62,USD,SETTLED,BATCH-3702
AUTH679701,TXN-202409-0262,2024-09-30,Medianet,VISA,6064,101.89,3.26,93.02,USD,SETTLED,BATCH-9069
AUTH870497,TXN-202409-0263,2024-09-26,Datafast,VISA,1040,361.73,12.66,329.17,USD,SETTLED,BATCH-6075
AUTH600652,TXN-202409-0264,2024-09-13,Medianet,AMEX,8364,42.84,1.37,39.11,USD,SETTLED,BATCH-4714
AUTH519238,TXN-202409-0265,2024-09-02,PayPhone,MASTERCARD,3336,71.92,2.73,65.23,USD,SETTLED,BATCH-8081
AUTH682985,TXN-202409-0266,2024-09-15,Datafast,VISA,4717,30.44,1.36,27.41,USD,SETTLED,BATCH-7638
AUTH639773,TXN-202409-0267,2024-09-11,Datafast,MASTERCARD,1007,24.53,0.86,22.32,USD,SETTLED,BATCH-4686
AUTH586530,TXN-202409-0268,2024-09-12,PayPhone,VISA,5680,1202.5,45.7,1090.66,USD,SETTLED,BATCH-6138
AUTH844610,TXN-202409-0269,2024-09-09,Datafast,AMEX,6638,399.86,14.0,363.87,USD,SETTLED,BATCH-8860
AUTH619498,TXN-202409-0270,2024-09-25,Datafast,AMEX,4558,79.59,2.79,72.42,USD,SETTLED,BATCH-7783
AUTH572844,TXN-202409-0271,2024-09-07,Medianet,DINERS,3239,264.8,10.64,239.59,USD,SETTLED,BATCH-8235
AUTH740590,TXN-202409-0272,2024-09-15,Datafast,VISA,4839,17.27,0.6,15.72,USD,SETTLED,BATCH-2024
AUTH296388,TXN-202409-0273,2024-09-23,Datafast,AMEX,2357,38.11,1.33,34.69,USD,SETTLED,BATCH-5391
AUTH490247,TXN-202409-0274,2024-09-04,Datafast,VISA,7308,444.09,15.54,404.13,USD,SETTLED,BATCH-9522
AUTH918926,TXN-202409-0275,2024-09-17,Datafast,AMEX,8679,17.62,0.62,16.03,USD,SETTLED,BATCH-1366
AUTH554901,TXN-202409-0276,2024-09-01,Medianet,MASTERCARD,8626,79.85,2.56,72.9,USD,SETTLED,BATCH-4211
AUTH112957,TXN-202409-0277,2024-09-16,Medianet,VISA,9756,1115.39,35.69,1018.36,USD,SETTLED,BATCH-1180
AUTH415734,TXN-202409-0278,2024-09-04,Datafast,VISA,2236,78.6,2.75,71.52,USD,SETTLED,BATCH-1844
AUTH227316,TXN-202409-0279,2024-09-01,Datafast,DINERS,5667,29.27,1.02,26.64,USD,SETTLED,BATCH-8475
AUTH359060,TXN-202409-0280,2024-09-09,Datafast,MASTERCARD,6431,52.13,1.82,47.44,USD,SETTLED,BATCH-4740
AUTH367184,TXN-202409-0281,2024-09-15,Medianet,VISA,7174,51.68,1.65,47.18,USD,SETTLED,BATCH-6967
AUTH650703,TXN-202409-0282,2024-09-05,PayPhone,DINERS,5745,2492.58,94.72,2260.76,USD,SETTLED,BATCH-8159
AUTH281054,TXN-202409-0283,2024-09-24,PayPhone,AMEX,8226,64.86,2.46,58.83,USD,SETTLED,BATCH-6976
AUTH151228,TXN-202409-0284,2024-09-08,Medianet,MASTERCARD,5717,24.14,0.77,22.04,USD,SETTLED,BATCH-3512
AUTH648675,TXN-202409-0285,2024-09-10,Datafast,AMEX,5015,63.46,2.22,57.75,USD,SETTLED,BATCH-7387
AUTH946703,TXN-202409-0286,2024-09-14,Medianet,MASTERCARD,8273,41.81,1.34,38.17,USD,SETTLED,BATCH-1412
AUTH363684,TXN-202409-0287,2024-09-22,PayPhone,VISA,1210,135.14,5.14,122.57,USD,SETTLED,BATCH-9415
AUTH737543,TXN-202409-0288,2024-09-16,PayPhone,MASTERCARD,2937,71.41,2.71,64.78,USD,SETTLED,BATCH-3852
AUTH952595,TXN-202409-0289,2024-09-20,Medianet,VISA,5844,420.62,13.46,384.02,USD,SETTLED,BATCH-6614
AUTH359018,TXN-202409-0290,2024-09-15,Datafast,VISA,6779,30.63,1.07,27.87,USD,SETTLED,BATCH-3973
AUTH200291,TXN-202409-0291,2024-09-21,Datafast,MASTERCARD,4208,42.15,1.48,38.35,USD,SETTLED,BATCH-7800
AUTH443272,TXN-202409-0292,2024-09-16,Medianet,VISA,2710,73.04,2.34,66.68,USD,SETTLED,BATCH-4887
AUTH309864,TXN-202409-0293,2024-09-17,Datafast,VISA,2315,2603.84,91.13,2369.5,USD,SETTLED,BATCH-8714
AUTH732419,TXN-202409-0294,2024-09-04,Datafast,VISA,8395,8.38,0.29,7.63,USD,SETTLED,BATCH-5332
AUTH653522,TXN-202409-0295,2024-09-09,Datafast,VISA,9174,318.76,11.16,290.07,USD,SETTLED,BATCH-2119
AUTH882275,TXN-202409-0296,2024-09-22,Datafast,VISA,8010,13.55,0.47,12.34,USD,SETTLED,BATCH-3318
AUTH298809,TXN-202409-0297,2024-09-29,Datafast,VISA,7893,11.25,0.39,10.24,USD,SETTLED,BATCH-9299
AUTH901569,TXN-202409-0298,2024-09-20,Datafast,MASTERCARD,8012,55.27,1.93,50.3,USD,SETTLED,BATCH-9570
AUTH728611,TXN-202409-0299,2024-09-03,Datafast,AMEX,6570,168.65,5.9,153.47,USD,SETTLED,BATCH-7395
AUTH188749,TXN-202409-0300,2024-09-01,PayPhone,VISA,1957,262.2,9.96,237.82,USD,SETTLED,BATCH-8031
AUTH262275,TXN-202409-0301,2024-09-13,Datafast,VISA,6645,273.27,9.56,248.68,USD,SETTLED,BATCH-2698
AUTH232177,TXN-202409-0302,2024-09-20,PayPhone,MASTERCARD,3896,51.39,1.95,46.62,USD,SETTLED,BATCH-2449
AUTH522000,TXN-202409-0303,2024-09-03,Medianet,DINERS,8715,417.95,13.37,381.59,USD,SETTLED,BATCH-3068
AUTH110321,TXN-202409-0304,2024-09-07,Datafast,VISA,7849,372.33,13.03,338.83,USD,SETTLED,BATCH-3104
AUTH130755,TXN-202409-0305,2024-09-21,Datafast,MASTERCARD,2096,263.03,9.21,239.35,USD,SETTLED,BATCH-4213
AUTH104633,TXN-202409-0306,2024-09-01,Datafast,VISA,3048,40.55,1.42,36.9,USD,SETTLED,BATCH-3723
AUTH169728,TXN-202409-0307,2024-09-16,Datafast,VISA,1434,484.82,16.97,441.18,USD,SETTLED,BATCH-2237
AUTH403660,TXN-202409-0308,2024-09-27,PayPhone,MASTERCARD,3623,47.71,1.81,43.27,USD,SETTLED,BATCH-5322
AUTH411941,TXN-202409-0309,2024-09-14,Datafast,VISA,2417,379.5,13.28,345.35,USD,SETTLED,BATCH-3726
AUTH152083,TXN-202409-0310,2024-09-16,Medianet,MASTERCARD,6261,202.13,6.47,184.54,USD,SETTLED,BATCH-6280
AUTH784061,TXN-202409-0311,2024-09-27,Datafast,MASTERCARD,8811,365.04,12.78,332.18,USD,SETTLED,BATCH-3606
AUTH790198,TXN-202409-0312,2024-09-18,Datafast,VISA,9969,48.23,1.69,43.89,USD,SETTLED,BATCH-7186
AUTH832320,TXN-202409-0313,2024-09-20,Datafast,MASTERCARD,1900,129.12,4.52,117.5,USD,SETTLED,BATCH-2353
AUTH589066,TXN-202409-0314,2024-09-07,Datafast,MASTERCARD,7664,26.6,0.93,24.2,USD,SETTLED,BATCH-2772
AUTH518272,TXN-202409-0315,2024-09-11,Datafast,VISA,2215,73.18,2.56,66.6,USD,SETTLED,BATCH-9015
AUTH253924,TXN-202409-0316,2024-09-24,PayPhone,MASTERCARD,1980,71.24,2.71,64.61,USD,SETTLED,BATCH-9954
AUTH980883,TXN-202409-0317,2024-09-12,Datafast,VISA,3553,2131.25,74.59,1939.44,USD,SETTLED,BATCH-3404
AUTH746908,TXN-202409-0318,2024-09-24,Medianet,AMEX,3163,198.63,6.36,181.34,USD,SETTLED,BATCH-6458
AUTH859564,TXN-202409-0319,2024-09-04,Medianet,VISA,5028,50.43,1.61,46.05,USD,SETTLED,BATCH-6015
AUTH883278,TXN-202409-0320,2024-09-01,PayPhone,VISA,2134,46.76,1.78,42.41,USD,SETTLED,BATCH-7460
AUTH170609,TXN-202409-0321,2024-09-29,PayPhone,VISA,2865,67.1,2.55,60.86,USD,SETTLED,BATCH-6217
AUTH930901,TXN-202409-0322,2024-09-04,Datafast,VISA,7402,51.32,1.8,46.7,USD,SETTLED,BATCH-8397
AUTH419773,TXN-202409-0323,2024-09-02,Datafast,VISA,8839,31.64,1.11,28.79,USD,SETTLED,BATCH-5327
AUTH877195,TXN-202409-0324,2024-09-22,Datafast,VISA,9963,296.46,10.38,269.78,USD,SETTLED,BATCH-5470
AUTH783737,TXN-202409-0325,2024-09-27,Medianet,DINERS,8238,39.29,1.26,35.87,USD,SETTLED,BATCH-7185
AUTH793459,TXN-202409-0326,2024-09-04,PayPhone,MASTERCARD,1393,440.52,16.74,399.55,USD,SETTLED,BATCH-7099
AUTH337847,TXN-202409-0327,2024-09-30,Datafast,VISA,7330,445.77,15.6,405.65,USD,SETTLED,BATCH-4518
AUTH994337,TXN-202409-0328,2024-09-24,Datafast,VISA,8828,42.94,1.5,39.08,USD,SETTLED,BATCH-3963
AUTH135395,TXN-202409-0329,2024-09-07,Datafast,VISA,8005,131.65,4.61,119.8,USD,SETTLED,BATCH-7140
AUTH398051,TXN-202409-0330,2024-09-16,PayPhone,MASTERCARD,4350,67.61,2.57,61.32,USD,SETTLED,BATCH-6194
AUTH866602,TXN-202409-0331,2024-09-14,Datafast,VISA,6493,58.64,2.05,53.36,USD,SETTLED,BATCH-5590
AUTH691420,TXN-202409-0332,2024-09-26,Medianet,VISA,5031,302.45,9.68,276.14,USD,SETTLED,BATCH-5692
AUTH174152,TXN-202409-0333,2024-09-28,Datafast,VISA,3219,2745.16,96.08,2498.1,USD,SETTLED,BATCH-2251
AUTH328303,TXN-202409-0334,2024-09-01,Medianet,VISA,3476,15.92,0.51,14.53,USD,SETTLED,BATCH-2792
AUTH415117,TXN-202409-0335,2024-09-25,PayPhone,DINERS,4250,28.61,1.09,25.94,USD,SETTLED,BATCH-9532
AUTH223950,TXN-202409-0336,2024-09-05,Datafast,VISA,8967,74.19,2.6,67.51,USD,SETTLED,BATCH-2598
AUTH117493,TXN-202409-0337,2024-09-17,Datafast,MASTERCARD,3016,357.35,12.51,325.19,USD,SETTLED,BATCH-9721
AUTH314040,TXN-202409-0338,2024-09-24,Datafast,AMEX,9833,446.89,15.64,406.67,USD,SETTLED,BATCH-6613
AUTH641679,TXN-202409-0339,2024-09-20,Datafast,VISA,6828,458.09,16.03,416.87,USD,SETTLED,BATCH-2398
AUTH950948,TXN-202409-0340,2024-09-26,Medianet,VISA,3544,45.83,1.47,41.84,USD,SETTLED,BATCH-4503
AUTH702838,TXN-202409-0341,2024-09-13,Medianet,MASTERCARD,2173,408.26,13.06,372.75,USD,SETTLED,BATCH-7259
AUTH619785,TXN-202409-0342,2024-09-24,PayPhone,VISA,3261,34.25,1.3,31.07,USD,SETTLED,BATCH-8375
AUTH437009,TXN-202409-0343,2024-09-17,PayPhone,MASTERCARD,7202,21.03,0.8,19.07,USD,SETTLED,BATCH-4073
AUTH259704,TXN-202409-0344,2024-09-29,Datafast,VISA,9467,89.84,3.14,81.76,USD,SETTLED,BATCH-9375
AUTH766441,TXN-202409-0345,2024-09-17,Medianet,VISA,5660,385.13,12.32,351.63,USD,SETTLED,BATCH-1299
AUTH984596,TXN-202409-0346,2024-09-04,Medianet,AMEX,9398,43.06,1.38,39.31,USD,SETTLED,BATCH-6539
AUTH669968,TXN-202409-0347,2024-09-01,Medianet,DINERS,7023,47.93,1.53,43.76,USD,SETTLED,BATCH-3365
AUTH592911,TXN-202409-0348,2024-09-23,Datafast,VISA,7784,324.27,11.35,295.09,USD,SETTLED,BATCH-1949
AUTH238826,TXN-202409-0349,2024-09-22,Medianet,AMEX,4615,27.44,0.88,25.06,USD,SETTLED,BATCH-4376
AUTH134783,TXN-202409-0350,2024-09-04,Medianet,VISA,9158,60.31,1.93,55.07,USD,SETTLED,BATCH-9845
AUTH720166,TXN-202409-0351,2024-09-05,Medianet,VISA,2372,270.81,8.67,247.24,USD,SETTLED,BATCH-2642
AUTH742669,TXN-202409-0352,2024-09-05,Datafast,VISA,2361,36.87,1.29,33.55,USD,SETTLED,BATCH-4545
AUTH666384,TXN-202409-0353,2024-09-18,Datafast,VISA,5686,249.16,12.06,223.4,USD,SETTLED,BATCH-8283
AUTH555898,TXN-202409-0354,2024-09-15,Medianet,AMEX,3494,347.31,11.11,317.1,USD,SETTLED,BATCH-8026
AUTH775731,TXN-202409-0355,2024-09-05,PayPhone,VISA,6104,2559.53,97.26,2321.49,USD,SETTLED,BATCH-9404
AUTH443120,TXN-202409-0356,2024-09-28,Datafast,MASTERCARD,4154,57.84,2.02,52.64,USD,SETTLED,BATCH-5930
AUTH973278,TXN-202409-0357,2024-09-18,Datafast,VISA,1353,60.99,2.13,55.51,USD,SETTLED,BATCH-2633
AUTH803973,TXN-202409-0358,2024-09-12,PayPhone,VISA,1656,126.34,4.8,114.59,USD,SETTLED,BATCH-9799
AUTH502385,TXN-202409-0359,2024-09-12,Datafast,MASTERCARD,1473,27.87,0.98,25.36,USD,SETTLED,BATCH-5578
AUTH411555,TXN-202409-0360,2024-09-14,Datafast,VISA,5011,63.78,2.23,58.05,USD,SETTLED,BATCH-9137
AUTH267529,TXN-202409-0361,2024-09-24,PayPhone,VISA,8431,18.73,0.71,16.99,USD,SETTLED,BATCH-2315
AUTH878339,TXN-202409-0362,2024-09-16,Datafast,MASTERCARD,6515,8.35,0.29,7.6,USD,SETTLED,BATCH-5262
AUTH924080,TXN-202409-0363,2024-09-27,Datafast,VISA,5024,33.3,1.17,30.3,USD,SETTLED,BATCH-7258
AUTH799535,TXN-202409-0364,2024-09-25,PayPhone,VISA,9812,52.73,2.0,47.83,USD,SETTLED,BATCH-3204
AUTH831166,TXN-202409-0365,2024-09-20,Medianet,VISA,3433,117.51,3.76,107.27,USD,SETTLED,BATCH-3716
AUTH242011,TXN-202409-0366,2024-09-02,Medianet,VISA,4986,1347.49,43.12,1230.26,USD,SETTLED,BATCH-1457
AUTH411271,TXN-202409-0367,2024-09-23,PayPhone,MASTERCARD,2198,443.7,16.86,402.43,USD,SETTLED,BATCH-2220
AUTH111908,TXN-202409-0368,2024-09-04,Medianet,MASTERCARD,4394,315.64,10.1,288.18,USD,SETTLED,BATCH-5276
AUTH445512,TXN-202409-0369,2024-09-02,Medianet,VISA,3346,322.28,10.31,294.25,USD,SETTLED,BATCH-9556
AUTH751254,TXN-202409-0370,2024-09-22,Medianet,MASTERCARD,5254,6.4,0.2,5.85,USD,SETTLED,BATCH-4994
AUTH843881,TXN-202409-0371,2024-09-23,Datafast,VISA,8165,183.02,6.41,166.54,USD,SETTLED,BATCH-4249
AUTH780488,TXN-202409-0372,2024-09-02,Datafast,AMEX,6645,248.76,8.71,226.37,USD,SETTLED,BATCH-4980
AUTH258682,TXN-202409-0373,2024-09-28,PayPhone,VISA,9228,36.12,1.37,32.76,USD,SETTLED,BATCH-6302
AUTH158312,TXN-202409-0374,2024-09-06,Datafast,VISA,7227,12.45,0.44,11.33,USD,SETTLED,BATCH-5373
AUTH643781,TXN-202409-0375,2024-09-14,Datafast,VISA,7225,28.01,0.98,25.49,USD,SETTLED,BATCH-1977
AUTH291523,TXN-202409-0376,2024-09-02,Datafast,MASTERCARD,4419,7.04,0.25,6.4,USD,SETTLED,BATCH-2596
AUTH344876,TXN-202409-0377,2024-09-13,Datafast,VISA,3077,29.32,1.03,26.68,USD,SETTLED,BATCH-2823
AUTH453195,TXN-202409-0378,2024-09-17,Datafast,VISA,8843,179.33,6.28,163.19,USD,SETTLED,BATCH-4024
AUTH972049,TXN-202409-0379,2024-09-14,Datafast,VISA,9771,39.86,1.4,36.27,USD,SETTLED,BATCH-8256
AUTH343403,TXN-202409-0380,2024-09-09,Datafast,VISA,5224,71.46,2.5,65.03,USD,SETTLED,BATCH-3768
AUTH132485,TXN-202409-0381,2024-09-26,PayPhone,MASTERCARD,2692,46.6,1.77,42.26,USD,SETTLED,BATCH-9875
AUTH697927,TXN-202409-0382,2024-09-07,Datafast,VISA,9042,52.68,1.84,47.94,USD,SETTLED,BATCH-4392
AUTH608013,TXN-202409-0383,2024-09-14,Datafast,DINERS,4304,305.76,10.7,278.24,USD,SETTLED,BATCH-7376
AUTH547349,TXN-202409-0384,2024-09-10,Datafast,VISA,9141,67.2,2.35,61.16,USD,SETTLED,BATCH-1187
AUTH548902,TXN-202409-0385,2024-09-20,PayPhone,VISA,7762,1705.47,64.81,1546.86,USD,SETTLED,BATCH-4204
AUTH738196,TXN-202409-0386,2024-09-19,PayPhone,VISA,6611,52.42,1.99,47.55,USD,SETTLED,BATCH-1026
AUTH939279,TXN-202409-0387,2024-09-03,Datafast,VISA,2172,10.25,0.36,9.33,USD,SETTLED,BATCH-9325
AUTH207274,TXN-202409-0388,2024-09-29,Medianet,AMEX,6584,499.5,15.98,456.04,USD,SETTLED,BATCH-8891
AUTH752618,TXN-202409-0389,2024-09-11,Datafast,MASTERCARD,4445,451.25,15.79,410.64,USD,SETTLED,BATCH-7469
AUTH373698,TXN-202409-0390,2024-09-11,Datafast,MASTERCARD,9581,23.44,0.82,21.34,USD,SETTLED,BATCH-5769
AUTH685838,TXN-202409-0391,2024-09-05,Datafast,DINERS,3284,73.55,2.57,66.93,USD,SETTLED,BATCH-8679
AUTH750579,TXN-202409-0392,2024-09-06,PayPhone,MASTERCARD,1675,5.72,0.22,5.18,USD,SETTLED,BATCH-8911
AUTH520142,TXN-202409-0393,2024-09-03,Medianet,MASTERCARD,2544,34.46,1.1,31.47,USD,SETTLED,BATCH-1757
AUTH231179,TXN-202409-0394,2024-09-15,Medianet,MASTERCARD,2611,422.74,13.53,385.96,USD,SETTLED,BATCH-1173
AUTH695994,TXN-202409-0395,2024-09-13,Datafast,DINERS,5502,50.1,2.09,45.25,USD,SETTLED,BATCH-7910
AUTH967469,TXN-202409-0396,2024-09-12,PayPhone,AMEX,1496,811.91,30.85,736.4,USD,SETTLED,BATCH-8916
AUTH914521,TXN-202409-0397,2024-09-30,Datafast,VISA,7354,26.09,0.91,23.75,USD,SETTLED,BATCH-8135
AUTH671682,TXN-202409-0398,2024-09-23,Datafast,VISA,6785,207.33,7.26,188.67,USD,SETTLED,BATCH-2776
AUTH956114,TXN-202409-0399,2024-09-29,Datafast,VISA,3681,26.06,0.91,23.72,USD,SETTLED,BATCH-9904
AUTH135604,TXN-202409-0400,2024-09-13,Medianet,VISA,8011,66.58,2.13,60.78,USD,SETTLED,BATCH-4886
AUTH780562,TXN-202409-0401,2024-09-22,PayPhone,MASTERCARD,7437,46.38,1.76,42.07,USD,SETTLED,BATCH-8619
AUTH998951,TXN-202409-0402,2024-09-05,Medianet,MASTERCARD,5797,107.45,3.44,98.1,USD,SETTLED,BATCH-7180
AUTH487995,TXN-202409-0403,2024-09-17,Datafast,VISA,4014,175.75,6.15,159.93,USD,SETTLED,BATCH-3365
AUTH521840,TXN-202409-0404,2024-09-23,Medianet,VISA,8062,496.62,15.89,453.41,USD,SETTLED,BATCH-7114
AUTH659885,TXN-202409-0405,2024-09-14,Medianet,VISA,8292,270.65,8.66,247.1,USD,SETTLED,BATCH-1042
AUTH238106,TXN-202409-0406,2024-09-28,Medianet,MASTERCARD,4609,215.66,6.9,196.9,USD,SETTLED,BATCH-8916
AUTH104523,TXN-202409-0407,2024-09-25,Datafast,MASTERCARD,7042,32.11,1.12,29.23,USD,SETTLED,BATCH-7898
AUTH189312,TXN-202409-0408,2024-09-15,PayPhone,VISA,2042,36.5,1.39,33.11,USD,SETTLED,BATCH-8909
AUTH596876,TXN-202409-0409,2024-09-01,Datafast,VISA,3367,47.89,1.68,43.57,USD,SETTLED,BATCH-2076
AUTH790887,TXN-202409-0410,2024-09-07,Datafast,MASTERCARD,8992,2792.49,97.74,2541.17,USD,SETTLED,BATCH-7816
AUTH482201,TXN-202409-0411,2024-09-14,Datafast,VISA,3999,91.71,3.21,83.45,USD,SETTLED,BATCH-4039
AUTH357954,TXN-202409-0412,2024-09-04,Medianet,MASTERCARD,5581,23.78,0.76,21.71,USD,SETTLED,BATCH-2536
AUTH758450,TXN-202409-0413,2024-09-26,Datafast,VISA,6176,30.02,1.05,27.32,USD,SETTLED,BATCH-9175
AUTH102913,TXN-202409-0414,2024-09-21,PayPhone,MASTERCARD,6659,400.92,15.23,363.64,USD,SETTLED,BATCH-3413
AUTH570359,TXN-202409-0415,2024-09-11,Medianet,VISA,4614,7.5,0.24,6.85,USD,SETTLED,BATCH-1684
AUTH745594,TXN-202409-0416,2024-09-10,Datafast,VISA,5078,1604.8,56.17,1460.36,USD,SETTLED,BATCH-5619
AUTH528334,TXN-202409-0417,2024-09-10,Medianet,VISA,9011,314.89,10.08,287.49,USD,SETTLED,BATCH-9939
AUTH528909,TXN-202409-0418,2024-09-26,Datafast,MASTERCARD,6987,69.84,2.44,63.56,USD,SETTLED,BATCH-9577
AUTH205386,TXN-202409-0419,2024-09-20,Medianet,VISA,7426,37.11,1.19,33.88,USD,SETTLED,BATCH-9456
AUTH651752,TXN-202409-0420,2024-09-17,Datafast,MASTERCARD,6144,90.91,3.18,82.73,USD,SETTLED,BATCH-7467
AUTH551530,TXN-202409-0421,2024-09-19,Medianet,VISA,7322,58.5,1.87,53.42,USD,SETTLED,BATCH-1808
AUTH699650,TXN-202409-0422,2024-09-16,PayPhone,VISA,8688,31.65,1.2,28.71,USD,SETTLED,BATCH-5911
AUTH449391,TXN-202409-0423,2024-09-05,Medianet,VISA,7729,8.31,0.27,7.59,USD,SETTLED,BATCH-2687
AUTH603622,TXN-202409-0424,2024-09-19,Medianet,MASTERCARD,5262,230.25,7.37,210.22,USD,SETTLED,BATCH-9208
AUTH260364,TXN-202409-0425,2024-09-12,Medianet,VISA,9666,30.72,0.98,28.05,USD,SETTLED,BATCH-7388
AUTH894501,TXN-202409-0426,2024-09-27,Medianet,MASTERCARD,8230,22.8,0.73,20.81,USD,SETTLED,BATCH-4643
AUTH901616,TXN-202409-0427,2024-09-30,PayPhone,VISA,9377,20.03,0.76,18.17,USD,SETTLED,BATCH-1732
AUTH783291,TXN-202409-0428,2024-09-15,Medianet,VISA,5808,371.81,11.9,339.46,USD,SETTLED,BATCH-4705
AUTH868123,TXN-202409-0429,2024-09-10,Medianet,AMEX,7977,220.98,7.07,201.76,USD,SETTLED,BATCH-3651
AUTH773138,TXN-202409-0430,2024-09-16,Datafast,VISA,3617,462.43,16.19,420.81,USD,SETTLED,BATCH-7342
AUTH908707,TXN-202409-0431,2024-09-07,PayPhone,MASTERCARD,3698,275.95,10.49,250.28,USD,SETTLED,BATCH-5872
AUTH404485,TXN-202409-0432,2024-09-13,Datafast,MASTERCARD,5565,419.05,14.67,381.33,USD,SETTLED,BATCH-6382
AUTH990843,TXN-202409-0433,2024-09-12,Datafast,AMEX,5718,5.74,0.2,5.22,USD,SETTLED,BATCH-7563
AUTH987750,TXN-202409-0434,2024-09-30,Medianet,VISA,7022,52.35,1.68,47.79,USD,SETTLED,BATCH-5205
AUTH107054,TXN-202409-0435,2024-09-29,Datafast,VISA,2971,18.06,0.63,16.44,USD,SETTLED,BATCH-8035
AUTH424660,TXN-202409-0436,2024-09-01,Medianet,VISA,1355,154.99,4.96,141.51,USD,SETTLED,BATCH-8655
AUTH359951,TXN-202409-0437,2024-09-13,PayPhone,AMEX,6027,55.81,2.49,50.25,USD,SETTLED,BATCH-5890
AUTH934040,TXN-202409-0438,2024-09-08,Medianet,VISA,7664,1262.68,40.41,1152.82,USD,SETTLED,BATCH-2788
AUTH422283,TXN-202409-0439,2024-09-20,PayPhone,MASTERCARD,3262,2942.75,111.82,2669.08,USD,SETTLED,BATCH-2365
AUTH614591,TXN-202409-0440,2024-09-26,PayPhone,VISA,6159,74.31,2.82,67.41,USD,SETTLED,BATCH-7574
AUTH370142,TXN-202409-0441,2024-09-21,Datafast,VISA,1095,49.97,1.75,45.47,USD,SETTLED,BATCH-1606
AUTH226370,TXN-202409-0442,2024-09-10,PayPhone,MASTERCARD,7771,438.86,16.68,398.06,USD,SETTLED,BATCH-6290
AUTH845350,TXN-202409-0443,2024-09-28,Datafast,VISA,3123,446.6,15.63,406.4,USD,SETTLED,BATCH-4779
AUTH271302,TXN-202409-0444,2024-09-16,PayPhone,AMEX,7861,11.11,0.42,10.08,USD,SETTLED,BATCH-1334
AUTH433434,TXN-202409-0445,2024-09-25,Medianet,VISA,6357,71.18,2.28,64.99,USD,SETTLED,BATCH-7339
AUTH336494,TXN-202409-0446,2024-09-17,Datafast,MASTERCARD,7276,58.44,2.05,53.18,USD,SETTLED,BATCH-5098
AUTH176066,TXN-202409-0447,2024-09-21,Datafast,DINERS,9746,48.59,1.7,44.21,USD,SETTLED,BATCH-1543
AUTH788545,TXN-202409-0448,2024-09-08,Medianet,VISA,6469,269.87,8.64,246.39,USD,SETTLED,BATCH-8971
AUTH303603,TXN-202409-0449,2024-09-27,Datafast,VISA,2799,16.79,0.59,15.27,USD,SETTLED,BATCH-1253
AUTH605583,TXN-202409-0450,2024-09-17,Datafast,VISA,3342,203.92,7.14,185.56,USD,SETTLED,BATCH-4759
AUTH792559,TXN-202409-0451,2024-09-15,Datafast,VISA,1888,30.23,1.06,27.51,USD,SETTLED,BATCH-5888
AUTH748725,TXN-202409-0452,2024-09-01,Datafast,VISA,7909,25.48,0.89,23.19,USD,SETTLED,BATCH-3141
AUTH431086,TXN-202409-0453,2024-09-10,Datafast,VISA,3070,72.61,2.54,66.07,USD,SETTLED,BATCH-6509
AUTH991730,TXN-202409-0454,2024-09-04,Medianet,MASTERCARD,8328,469.17,15.01,428.36,USD,SETTLED,BATCH-2875
AUTH524363,TXN-202409-0455,2024-09-11,Datafast,VISA,7846,19.75,0.69,17.97,USD,SETTLED,BATCH-8383
AUTH201641,TXN-202409-0456,2024-09-23,Datafast,AMEX,9064,195.28,6.83,177.71,USD,SETTLED,BATCH-1869
AUTH113351,TXN-202409-0457,2024-09-30,PayPhone,DINERS,3938,390.72,14.85,354.38,USD,SETTLED,BATCH-3021
AUTH154347,TXN-202409-0458,2024-09-13,Datafast,VISA,4791,408.91,14.31,372.11,USD,SETTLED,BATCH-2132
AUTH620304,TXN-202409-0459,2024-09-25,PayPhone,MASTERCARD,6235,54.06,2.05,49.04,USD,SETTLED,BATCH-7123
AUTH614003,TXN-202409-0460,2024-09-08,PayPhone,VISA,1356,168.15,6.39,152.51,USD,SETTLED,BATCH-2635
AUTH619955,TXN-202409-0461,2024-09-11,Medianet,MASTERCARD,8222,66.08,2.11,60.34,USD,SETTLED,BATCH-4077
AUTH305992,TXN-202409-0462,2024-09-07,Datafast,VISA,4530,373.14,13.06,339.56,USD,SETTLED,BATCH-7506
AUTH773567,TXN-202409-0463,2024-09-05,Datafast,MASTERCARD,5217,48.31,1.69,43.97,USD,SETTLED,BATCH-9926
AUTH277794,TXN-202409-0464,2024-09-11,PayPhone,VISA,5412,430.41,16.36,390.38,USD,SETTLED,BATCH-3329
AUTH176833,TXN-202409-0465,2024-09-18,Datafast,MASTERCARD,3268,63.4,2.22,57.7,USD,SETTLED,BATCH-7410
AUTH620438,TXN-202409-0466,2024-09-05,Datafast,VISA,2195,467.3,16.36,425.24,USD,SETTLED,BATCH-8611
AUTH466594,TXN-202409-0467,2024-09-13,Medianet,MASTERCARD,3146,1934.7,61.91,1766.38,USD,SETTLED,BATCH-1176
AUTH165126,TXN-202409-0468,2024-09-04,Datafast,VISA,2806,19.13,0.67,17.41,USD,SETTLED,BATCH-8575
AUTH336722,TXN-202409-0469,2024-09-04,Medianet,VISA,5934,119.16,3.81,108.8,USD,SETTLED,BATCH-5542
AUTH539399,TXN-202409-0470,2024-09-06,Medianet,VISA,8161,285.22,9.13,260.41,USD,SETTLED,BATCH-3869
AUTH190346,TXN-202409-0471,2024-09-22,Datafast,DINERS,7082,22.48,0.79,20.46,USD,SETTLED,BATCH-2931
AUTH894369,TXN-202409-0472,2024-09-28,Datafast,VISA,1071,17.89,0.63,16.27,USD,SETTLED,BATCH-6441
AUTH703559,TXN-202409-0473,2024-09-24,Datafast,DINERS,4048,36.38,1.27,33.11,USD,SETTLED,BATCH-5040
AUTH898800,TXN-202409-0474,2024-09-10,Datafast,AMEX,3414,70.28,2.46,63.96,USD,SETTLED,BATCH-2097
AUTH795458,TXN-202409-0475,2024-09-10,PayPhone,MASTERCARD,4209,48.13,1.83,43.65,USD,SETTLED,BATCH-5079
AUTH288050,TXN-202409-0476,2024-09-05,Datafast,MASTERCARD,5795,20.13,0.7,18.32,USD,SETTLED,BATCH-7520
AUTH147173,TXN-202409-0477,2024-09-30,Datafast,VISA,9084,300.86,10.53,273.78,USD,SETTLED,BATCH-3269
AUTH253734,TXN-202409-0478,2024-09-10,PayPhone,VISA,8560,389.66,14.81,353.42,USD,SETTLED,BATCH-6585
AUTH828770,TXN-202409-0479,2024-09-10,PayPhone,VISA,1102,378.89,14.4,343.65,USD,SETTLED,BATCH-3815
AUTH449727,TXN-202409-0480,2024-09-29,Medianet,AMEX,5700,23.69,0.76,21.62,USD,SETTLED,BATCH-7578
AUTH973805,TXN-202409-0481,2024-09-19,Medianet,VISA,6650,958.61,30.68,875.2,USD,SETTLED,BATCH-1056
AUTH752228,TXN-202409-0482,2024-09-09,Datafast,DINERS,9073,70.29,2.46,63.97,USD,SETTLED,BATCH-3303
AUTH880361,TXN-202409-0483,2024-09-29,Medianet,MASTERCARD,8596,59.49,1.9,54.32,USD,SETTLED,BATCH-3854
AUTH976426,TXN-202409-0484,2024-09-12,PayPhone,VISA,3243,130.92,4.97,118.75,USD,SETTLED,BATCH-2852
AUTH712188,TXN-202409-0485,2024-09-06,Medianet,MASTERCARD,7120,252.24,8.07,230.3,USD,SETTLED,BATCH-7937
AUTH726650,TXN-202409-0486,2024-09-22,Datafast,VISA,2904,52.91,1.85,48.15,USD,SETTLED,BATCH-1410
AUTH857316,TXN-202409-0487,2024-09-02,Datafast,VISA,9515,19.58,0.69,17.81,USD,SETTLED,BATCH-9356
AUTH174430,TXN-202409-0488,2024-09-15,Datafast,MASTERCARD,5772,55.27,1.93,50.3,USD,SETTLED,BATCH-8462
AUTH719484,TXN-202409-0489,2024-09-15,Datafast,VISA,1850,379.7,13.29,345.52,USD,SETTLED,BATCH-7010
AUTH307907,TXN-202409-0490,2024-09-20,Datafast,VISA,8519,67.89,2.38,61.77,USD,SETTLED,BATCH-5527
AUTH640683,TXN-202409-0491,2024-09-22,Datafast,VISA,1396,150.75,5.28,137.18,USD,SETTLED,BATCH-9427
AUTH607803,TXN-202409-0492,2024-09-02,Medianet,VISA,4335,21.25,0.68,19.4,USD,SETTLED,BATCH-1171
AUTH302769,TXN-202409-0493,2024-09-17,Medianet,VISA,4771,52.61,1.68,48.03,USD,SETTLED,BATCH-3319
AUTH320166,TXN-202409-0494,2024-09-15,Medianet,MASTERCARD,9678,56.78,1.82,51.83,USD,SETTLED,BATCH-4799
AUTH581948,TXN-202409-0495,2024-09-08,Medianet,VISA,3194,20.13,0.64,18.38,USD,SETTLED,BATCH-4260
AUTH142273,TXN-202409-0496,2024-09-01,PayPhone,VISA,2533,7.1,0.27,6.44,USD,SETTLED,BATCH-7030
AUTH299100,TXN-202409-0497,2024-09-04,PayPhone,MASTERCARD,5794,76.91,2.92,69.76,USD,SETTLED,BATCH-9933
AUTH412758,TXN-202409-0498,2024-09-11,Datafast,VISA,8418,13.08,0.46,11.9,USD,SETTLED,BATCH-4781
AUTH867308,TXN-202409-0499,2024-09-14,Medianet,VISA,3359,45.63,1.46,41.66,USD,SETTLED,BATCH-9249
AUTH292779,TXN-202409-0500,2024-09-21,Datafast,VISA,4981,6.12,0.21,5.57,USD,SETTLED,BATCH-5883
AUTH949729,TXN-202410-0001,2024-10-09,Datafast,VISA,4163,54.35,1.9,49.46,USD,SETTLED,BATCH-4147
AUTH408200,TXN-202410-0002,2024-10-25,Medianet,VISA,8286,252.66,8.09,230.67,USD,SETTLED,BATCH-2354
AUTH993160,TXN-202410-0003,2024-10-30,Datafast,DINERS,3556,412.33,14.43,375.23,USD,SETTLED,BATCH-1069
AUTH425592,TXN-202410-0004,2024-10-23,Datafast,DINERS,1919,492.19,17.23,447.89,USD,SETTLED,BATCH-7688
AUTH388423,TXN-202410-0005,2024-10-21,Medianet,DINERS,5419,219.46,7.02,200.37,USD,SETTLED,BATCH-6932
AUTH987754,TXN-202410-0006,2024-10-20,Datafast,AMEX,6188,30.13,1.05,27.42,USD,SETTLED,BATCH-8350
AUTH570342,TXN-202410-0007,2024-10-23,Datafast,MASTERCARD,2049,291.44,10.2,265.22,USD,SETTLED,BATCH-4920
AUTH400533,TXN-202410-0008,2024-10-24,Datafast,MASTERCARD,7466,209.72,7.34,190.84,USD,SETTLED,BATCH-6345
AUTH676664,TXN-202410-0009,2024-10-10,Medianet,MASTERCARD,8999,33.09,1.35,29.92,USD,SETTLED,BATCH-2383
AUTH738513,TXN-202410-0010,2024-10-20,Datafast,VISA,7556,74.26,2.6,67.58,USD,SETTLED,BATCH-8864
AUTH100089,TXN-202410-0011,2024-10-25,Medianet,VISA,8295,53.27,1.7,48.64,USD,SETTLED,BATCH-6103
AUTH917606,TXN-202410-0012,2024-10-01,Medianet,DINERS,1192,201.15,6.44,183.65,USD,SETTLED,BATCH-6538
AUTH384094,TXN-202410-0013,2024-10-30,PayPhone,VISA,7478,45.45,1.73,41.22,USD,SETTLED,BATCH-5156
AUTH617348,TXN-202410-0014,2024-10-28,PayPhone,AMEX,4229,173.43,6.59,157.31,USD,SETTLED,BATCH-7183
AUTH552200,TXN-202410-0015,2024-10-16,Medianet,VISA,7668,107.14,3.43,97.82,USD,SETTLED,BATCH-4566
AUTH126919,TXN-202410-0016,2024-10-05,PayPhone,VISA,4599,2845.69,108.14,2581.03,USD,SETTLED,BATCH-6655
AUTH565495,TXN-202410-0017,2024-10-17,Datafast,MASTERCARD,3303,165.84,5.8,150.92,USD,SETTLED,BATCH-3000
AUTH886214,TXN-202410-0018,2024-10-14,Datafast,VISA,9523,19.82,0.69,18.04,USD,SETTLED,BATCH-1425
AUTH660511,TXN-202410-0019,2024-10-07,Medianet,VISA,7985,486.44,15.57,444.12,USD,SETTLED,BATCH-3669
AUTH536189,TXN-202410-0020,2024-10-13,PayPhone,VISA,4284,1398.95,53.16,1268.85,USD,SETTLED,BATCH-2335
AUTH234921,TXN-202410-0021,2024-10-05,Datafast,VISA,1071,262.04,11.9,235.73,USD,SETTLED,BATCH-5984
AUTH912087,TXN-202410-0022,2024-10-30,Datafast,VISA,2848,398.72,13.96,362.83,USD,SETTLED,BATCH-1771
AUTH336446,TXN-202410-0023,2024-10-15,Medianet,VISA,2103,188.06,6.02,171.7,USD,SETTLED,BATCH-2448
AUTH430525,TXN-202410-0024,2024-10-05,Datafast,VISA,3266,110.21,3.86,100.29,USD,SETTLED,BATCH-3466
AUTH168879,TXN-202410-0025,2024-10-17,Datafast,VISA,3482,5.96,0.21,5.42,USD,SETTLED,BATCH-9897
AUTH105387,TXN-202410-0026,2024-10-24,Medianet,VISA,1443,2850.71,91.22,2602.71,USD,SETTLED,BATCH-5006
AUTH825434,TXN-202410-0027,2024-10-29,Datafast,VISA,1802,678.09,23.73,617.07,USD,SETTLED,BATCH-4103
AUTH977595,TXN-202410-0028,2024-10-25,PayPhone,VISA,9486,905.91,34.42,821.66,USD,SETTLED,BATCH-2421
AUTH593287,TXN-202410-0029,2024-10-23,PayPhone,MASTERCARD,5787,226.4,8.6,205.35,USD,SETTLED,BATCH-6413
AUTH533626,TXN-202410-0030,2024-10-14,Medianet,VISA,9247,33.9,1.08,30.95,USD,SETTLED,BATCH-7023
AUTH436962,TXN-202410-0031,2024-10-23,Datafast,VISA,5397,1403.54,49.12,1277.22,USD,SETTLED,BATCH-9408
AUTH179918,TXN-202410-0032,2024-10-31,Datafast,MASTERCARD,3072,50.41,1.76,45.88,USD,SETTLED,BATCH-8900
AUTH915154,TXN-202410-0033,2024-10-06,Datafast,VISA,7352,358.29,12.54,326.05,USD,SETTLED,BATCH-1195
AUTH893830,TXN-202410-0034,2024-10-23,Datafast,VISA,5147,241.43,8.45,219.71,USD,SETTLED,BATCH-4613
AUTH737849,TXN-202410-0035,2024-10-06,PayPhone,VISA,9898,2690.02,102.22,2439.85,USD,SETTLED,BATCH-6552
AUTH174755,TXN-202410-0036,2024-10-13,Datafast,VISA,4334,2146.22,75.12,1953.06,USD,SETTLED,BATCH-8434
AUTH924629,TXN-202410-0037,2024-10-03,Datafast,VISA,4352,385.61,13.5,350.9,USD,SETTLED,BATCH-2637
AUTH594106,TXN-202410-0038,2024-10-24,Medianet,MASTERCARD,4481,15.7,0.5,14.33,USD,SETTLED,BATCH-9073
AUTH760471,TXN-202410-0039,2024-10-27,PayPhone,VISA,7928,79.03,3.0,71.68,USD,SETTLED,BATCH-9076
AUTH135773,TXN-202410-0040,2024-10-21,Datafast,VISA,8395,300.48,10.52,273.44,USD,SETTLED,BATCH-2334
AUTH821484,TXN-202410-0041,2024-10-07,Medianet,VISA,7242,57.8,1.85,52.77,USD,SETTLED,BATCH-8961
AUTH684437,TXN-202410-0042,2024-10-06,Datafast,DINERS,1375,66.08,2.31,60.14,USD,SETTLED,BATCH-1439
AUTH994783,TXN-202410-0043,2024-10-29,Datafast,VISA,9347,188.93,6.61,171.93,USD,SETTLED,BATCH-4149
AUTH919198,TXN-202410-0044,2024-10-03,Datafast,AMEX,3726,52.73,1.85,47.98,USD,SETTLED,BATCH-1535
AUTH474635,TXN-202410-0045,2024-10-08,Datafast,VISA,9851,7.22,0.25,6.58,USD,SETTLED,BATCH-6659
AUTH194191,TXN-202410-0046,2024-10-31,Datafast,MASTERCARD,7643,24.96,0.87,22.72,USD,SETTLED,BATCH-7730
AUTH606799,TXN-202410-0047,2024-10-26,Medianet,MASTERCARD,9171,20.83,0.67,19.01,USD,SETTLED,BATCH-9197
AUTH828840,TXN-202410-0048,2024-10-16,Datafast,MASTERCARD,2405,1164.59,40.76,1059.77,USD,SETTLED,BATCH-8403
AUTH350496,TXN-202410-0049,2024-10-11,Medianet,MASTERCARD,4388,56.14,1.8,51.25,USD,SETTLED,BATCH-1933
AUTH789344,TXN-202410-0050,2024-10-02,PayPhone,DINERS,7245,238.94,9.08,216.72,USD,SETTLED,BATCH-5971
AUTH274544,TXN-202410-0051,2024-10-13,PayPhone,AMEX,1142,70.29,2.67,63.76,USD,SETTLED,BATCH-2207
AUTH664357,TXN-202410-0052,2024-10-17,PayPhone,DINERS,6497,14.22,0.54,12.9,USD,SETTLED,BATCH-3122
AUTH721899,TXN-202410-0053,2024-10-22,PayPhone,MASTERCARD,5148,38.89,1.48,35.27,USD,SETTLED,BATCH-5155
AUTH463974,TXN-202410-0054,2024-10-21,PayPhone,MASTERCARD,5686,81.31,3.09,73.75,USD,SETTLED,BATCH-7258
AUTH182268,TXN-202410-0055,2024-10-11,Datafast,VISA,8124,65.57,2.29,59.67,USD,SETTLED,BATCH-1078
AUTH381002,TXN-202410-0056,2024-10-03,Datafast,MASTERCARD,3180,50.94,1.78,46.36,USD,SETTLED,BATCH-6406
AUTH468758,TXN-202410-0057,2024-10-28,Datafast,DINERS,1393,2967.18,103.85,2700.14,USD,SETTLED,BATCH-2527
AUTH502156,TXN-202410-0058,2024-10-05,PayPhone,MASTERCARD,7069,19.63,0.75,17.8,USD,SETTLED,BATCH-7425
AUTH301940,TXN-202410-0059,2024-10-16,PayPhone,MASTERCARD,7869,93.33,3.55,84.66,USD,SETTLED,BATCH-5151
AUTH368218,TXN-202410-0060,2024-10-06,Datafast,MASTERCARD,5586,70.61,2.47,64.25,USD,SETTLED,BATCH-9861
AUTH138838,TXN-202410-0061,2024-10-06,PayPhone,VISA,1851,23.25,0.88,21.09,USD,SETTLED,BATCH-4798
AUTH734407,TXN-202410-0062,2024-10-30,Medianet,VISA,2863,573.05,18.34,523.19,USD,SETTLED,BATCH-6255
AUTH953481,TXN-202410-0063,2024-10-16,PayPhone,MASTERCARD,4076,24.32,0.92,22.07,USD,SETTLED,BATCH-4421
AUTH176938,TXN-202410-0064,2024-10-03,Datafast,VISA,3385,59.41,2.08,54.07,USD,SETTLED,BATCH-4916
AUTH685466,TXN-202410-0065,2024-10-03,Datafast,VISA,5285,468.02,16.38,425.9,USD,SETTLED,BATCH-8343
AUTH933393,TXN-202410-0066,2024-10-21,Datafast,AMEX,7055,384.51,13.46,349.9,USD,SETTLED,BATCH-7310
AUTH471214,TXN-202410-0067,2024-10-09,Medianet,DINERS,2533,22.5,0.72,20.54,USD,SETTLED,BATCH-5241
AUTH633603,TXN-202410-0068,2024-10-07,Datafast,VISA,4525,49.42,1.73,44.98,USD,SETTLED,BATCH-2889
AUTH101526,TXN-202410-0069,2024-10-13,PayPhone,MASTERCARD,7130,28.5,1.08,25.85,USD,SETTLED,BATCH-8430
AUTH461038,TXN-202410-0070,2024-10-13,Medianet,VISA,1817,159.74,5.11,145.84,USD,SETTLED,BATCH-7614
AUTH463139,TXN-202410-0071,2024-10-17,Datafast,VISA,1014,414.56,14.51,377.24,USD,SETTLED,BATCH-8495
AUTH671063,TXN-202410-0072,2024-10-15,Medianet,VISA,2268,45.37,1.45,41.43,USD,SETTLED,BATCH-8615
AUTH878030,TXN-202410-0073,2024-10-15,Datafast,DINERS,2774,289.93,10.15,263.83,USD,SETTLED,BATCH-8136
AUTH182893,TXN-202410-0074,2024-10-23,Medianet,VISA,6436,416.54,13.33,380.3,USD,SETTLED,BATCH-1993
AUTH864327,TXN-202410-0075,2024-10-28,Medianet,VISA,5780,808.66,25.88,738.3,USD,SETTLED,BATCH-1153
AUTH872387,TXN-202410-0076,2024-10-31,Medianet,MASTERCARD,7414,26.86,0.86,24.52,USD,SETTLED,BATCH-7353
AUTH946998,TXN-202410-0077,2024-10-28,Datafast,AMEX,2797,58.76,2.06,53.47,USD,SETTLED,BATCH-5584
AUTH200072,TXN-202410-0078,2024-10-25,PayPhone,VISA,8785,467.73,17.77,424.23,USD,SETTLED,BATCH-4677
AUTH436551,TXN-202410-0079,2024-10-30,PayPhone,MASTERCARD,6652,66.13,2.51,59.98,USD,SETTLED,BATCH-6081
AUTH975736,TXN-202410-0080,2024-10-12,PayPhone,MASTERCARD,9693,55.84,2.12,50.65,USD,SETTLED,BATCH-6318
AUTH573842,TXN-202410-0081,2024-10-07,Datafast,MASTERCARD,1983,57.23,2.0,52.08,USD,SETTLED,BATCH-8455
AUTH373229,TXN-202410-0082,2024-10-19,PayPhone,VISA,9861,61.42,2.33,55.72,USD,SETTLED,BATCH-4820
AUTH384424,TXN-202410-0083,2024-10-05,PayPhone,MASTERCARD,1799,17.28,0.66,15.67,USD,SETTLED,BATCH-2311
AUTH853206,TXN-202410-0084,2024-10-24,Medianet,VISA,4551,21.36,0.68,19.51,USD,SETTLED,BATCH-8740
AUTH939664,TXN-202410-0085,2024-10-22,Medianet,VISA,9583,321.79,10.3,293.79,USD,SETTLED,BATCH-4872
AUTH749230,TXN-202410-0086,2024-10-02,Datafast,DINERS,9348,150.65,5.27,137.09,USD,SETTLED,BATCH-1730
AUTH511461,TXN-202410-0087,2024-10-17,Datafast,VISA,1585,793.37,27.77,721.97,USD,SETTLED,BATCH-4729
AUTH801577,TXN-202410-0088,2024-10-08,Datafast,VISA,5683,59.19,2.07,53.87,USD,SETTLED,BATCH-4699
AUTH483511,TXN-202410-0089,2024-10-06,Datafast,VISA,5182,49.71,1.74,45.23,USD,SETTLED,BATCH-3900
AUTH360965,TXN-202410-0090,2024-10-03,Medianet,MASTERCARD,2116,2176.84,69.66,1987.45,USD,SETTLED,BATCH-5328
AUTH731533,TXN-202410-0091,2024-10-12,PayPhone,MASTERCARD,2003,53.99,2.05,48.97,USD,SETTLED,BATCH-7884
AUTH798776,TXN-202410-0092,2024-10-17,Datafast,VISA,5617,55.16,1.93,50.2,USD,SETTLED,BATCH-8392
AUTH222655,TXN-202410-0093,2024-10-24,Datafast,MASTERCARD,2006,194.96,6.82,177.42,USD,SETTLED,BATCH-6461
AUTH517722,TXN-202410-0094,2024-10-14,Medianet,VISA,5455,53.34,1.71,48.7,USD,SETTLED,BATCH-9189
AUTH149168,TXN-202410-0095,2024-10-26,Medianet,VISA,4964,73.17,2.34,66.81,USD,SETTLED,BATCH-5325
AUTH778022,TXN-202410-0096,2024-10-18,Datafast,AMEX,2046,46.7,1.63,42.5,USD,SETTLED,BATCH-6575
AUTH615791,TXN-202410-0097,2024-10-26,Datafast,MASTERCARD,6710,379.77,16.18,342.7,USD,SETTLED,BATCH-2905
AUTH961151,TXN-202410-0098,2024-10-06,Datafast,MASTERCARD,7646,2744.01,96.04,2497.05,USD,SETTLED,BATCH-1005
AUTH595761,TXN-202410-0099,2024-10-02,Medianet,VISA,7307,28.57,0.91,26.08,USD,SETTLED,BATCH-5951
AUTH102823,TXN-202410-0100,2024-10-25,Medianet,MASTERCARD,9338,24.26,0.78,22.15,USD,SETTLED,BATCH-9893
AUTH153035,TXN-202410-0101,2024-10-06,Datafast,VISA,6569,77.47,2.71,70.5,USD,SETTLED,BATCH-5602
AUTH398903,TXN-202410-0102,2024-10-31,PayPhone,MASTERCARD,2242,8.46,0.32,7.68,USD,SETTLED,BATCH-9738
AUTH111857,TXN-202410-0103,2024-10-16,PayPhone,VISA,4499,15.49,0.59,14.05,USD,SETTLED,BATCH-1707
AUTH716386,TXN-202410-0104,2024-10-17,Datafast,AMEX,6409,2015.43,70.54,1834.05,USD,SETTLED,BATCH-5972
AUTH357771,TXN-202410-0105,2024-10-05,Medianet,MASTERCARD,4128,7.76,0.25,7.08,USD,SETTLED,BATCH-8189
AUTH969138,TXN-202410-0106,2024-10-19,PayPhone,VISA,9559,46.41,1.76,42.1,USD,SETTLED,BATCH-4558
AUTH940076,TXN-202410-0107,2024-10-09,Datafast,MASTERCARD,2688,46.24,1.62,42.08,USD,SETTLED,BATCH-2918
AUTH113213,TXN-202410-0108,2024-10-22,Medianet,VISA,5496,75.86,3.16,68.53,USD,SETTLED,BATCH-9870
AUTH851644,TXN-202410-0109,2024-10-09,PayPhone,VISA,9438,52.22,1.98,47.37,USD,SETTLED,BATCH-2519
AUTH426612,TXN-202410-0110,2024-10-27,Medianet,VISA,4559,54.3,1.74,49.58,USD,SETTLED,BATCH-6643
AUTH434425,TXN-202410-0111,2024-10-14,Medianet,VISA,8820,79.43,2.54,72.53,USD,SETTLED,BATCH-7340
AUTH426902,TXN-202410-0112,2024-10-04,Datafast,MASTERCARD,6083,14.35,0.5,13.06,USD,SETTLED,BATCH-1320
AUTH222924,TXN-202410-0113,2024-10-11,Medianet,VISA,8505,232.38,7.44,212.16,USD,SETTLED,BATCH-6585
AUTH665786,TXN-202410-0114,2024-10-08,Datafast,MASTERCARD,6238,12.35,0.43,11.24,USD,SETTLED,BATCH-5743
AUTH389712,TXN-202410-0115,2024-10-29,PayPhone,MASTERCARD,6771,44.49,1.69,40.36,USD,SETTLED,BATCH-3657
AUTH119267,TXN-202410-0116,2024-10-19,Medianet,AMEX,9285,31.17,1.0,28.46,USD,SETTLED,BATCH-8924
AUTH898112,TXN-202410-0117,2024-10-31,Medianet,MASTERCARD,1818,151.71,4.85,138.51,USD,SETTLED,BATCH-1843
AUTH360722,TXN-202410-0118,2024-10-18,Datafast,AMEX,4229,411.27,14.39,374.26,USD,SETTLED,BATCH-8454
AUTH733556,TXN-202410-0119,2024-10-22,PayPhone,VISA,1689,188.81,7.17,171.25,USD,SETTLED,BATCH-6896
AUTH926762,TXN-202410-0120,2024-10-09,Medianet,MASTERCARD,1196,47.57,1.52,43.43,USD,SETTLED,BATCH-5897
AUTH846421,TXN-202410-0121,2024-10-22,PayPhone,MASTERCARD,2689,63.31,2.41,57.42,USD,SETTLED,BATCH-8820
AUTH672450,TXN-202410-0122,2024-10-15,Datafast,VISA,7607,31.55,1.1,28.71,USD,SETTLED,BATCH-7775
AUTH256878,TXN-202410-0123,2024-10-30,Datafast,DINERS,9459,58.89,2.06,53.59,USD,SETTLED,BATCH-2922
AUTH286867,TXN-202410-0124,2024-10-11,Datafast,AMEX,6206,1516.29,53.07,1379.83,USD,SETTLED,BATCH-2723
AUTH185390,TXN-202410-0125,2024-10-19,Medianet,VISA,7249,12.02,0.38,10.98,USD,SETTLED,BATCH-2761
AUTH943340,TXN-202410-0126,2024-10-01,Datafast,VISA,5617,2520.87,88.23,2293.99,USD,SETTLED,BATCH-1839
AUTH665840,TXN-202410-0127,2024-10-22,Medianet,DINERS,8329,42.34,1.35,38.66,USD,SETTLED,BATCH-8931
AUTH125305,TXN-202410-0128,2024-10-30,PayPhone,MASTERCARD,2802,51.22,1.95,46.46,USD,SETTLED,BATCH-8744
AUTH814051,TXN-202410-0129,2024-10-24,Datafast,VISA,8979,30.88,1.08,28.1,USD,SETTLED,BATCH-7425
AUTH319158,TXN-202410-0130,2024-10-20,PayPhone,AMEX,8385,301.81,11.47,273.74,USD,SETTLED,BATCH-6024
AUTH717156,TXN-202410-0131,2024-10-17,Medianet,DINERS,9993,450.41,14.41,411.23,USD,SETTLED,BATCH-8365
AUTH501205,TXN-202410-0132,2024-10-02,Datafast,VISA,5296,31.5,1.1,28.66,USD,SETTLED,BATCH-6931
AUTH512778,TXN-202410-0133,2024-10-22,Datafast,VISA,1591,1344.9,47.07,1223.86,USD,SETTLED,BATCH-5750
AUTH906297,TXN-202410-0134,2024-10-16,PayPhone,AMEX,2494,201.83,7.67,183.06,USD,SETTLED,BATCH-6752
AUTH268106,TXN-202410-0135,2024-10-30,Datafast,VISA,1609,245.32,8.59,223.24,USD,SETTLED,BATCH-7853
AUTH904446,TXN-202410-0136,2024-10-30,PayPhone,DINERS,3535,72.01,2.74,65.31,USD,SETTLED,BATCH-6593
AUTH874284,TXN-202410-0137,2024-10-15,PayPhone,AMEX,8579,5.44,0.21,4.94,USD,SETTLED,BATCH-8558
AUTH866912,TXN-202410-0138,2024-10-13,Datafast,VISA,2682,59.18,2.07,53.86,USD,SETTLED,BATCH-3455
AUTH141844,TXN-202410-0139,2024-10-29,Datafast,VISA,7632,44.68,1.56,40.66,USD,SETTLED,BATCH-9384
AUTH350135,TXN-202410-0140,2024-10-09,Datafast,AMEX,9636,62.71,2.19,57.07,USD,SETTLED,BATCH-8469
AUTH638697,TXN-202410-0141,2024-10-18,Datafast,VISA,4345,71.91,2.52,65.43,USD,SETTLED,BATCH-3485
AUTH489804,TXN-202410-0142,2024-10-12,Datafast,VISA,8925,147.97,5.18,134.65,USD,SETTLED,BATCH-3726
AUTH960637,TXN-202410-0143,2024-10-07,Datafast,VISA,2684,163.36,5.72,148.66,USD,SETTLED,BATCH-7347
AUTH670412,TXN-202410-0144,2024-10-06,Datafast,VISA,8142,458.42,16.04,417.17,USD,SETTLED,BATCH-4442
AUTH681627,TXN-202410-0145,2024-10-14,Datafast,VISA,2530,191.64,6.71,174.39,USD,SETTLED,BATCH-5850
AUTH518738,TXN-202410-0146,2024-10-25,Medianet,MASTERCARD,2748,216.45,6.93,197.62,USD,SETTLED,BATCH-9305
AUTH817742,TXN-202410-0147,2024-10-04,Medianet,DINERS,6993,243.32,7.79,222.15,USD,SETTLED,BATCH-6535
AUTH392239,TXN-202410-0148,2024-10-22,Medianet,VISA,9453,6.02,0.19,5.5,USD,SETTLED,BATCH-5396
AUTH758864,TXN-202410-0149,2024-10-01,Datafast,AMEX,7377,49.78,1.74,45.3,USD,SETTLED,BATCH-1405
AUTH827054,TXN-202410-0150,2024-10-20,Datafast,VISA,7951,37.17,1.3,33.83,USD,SETTLED,BATCH-4329
AUTH879871,TXN-202410-0151,2024-10-09,Medianet,VISA,9476,13.63,0.44,12.44,USD,SETTLED,BATCH-1170
AUTH122063,TXN-202410-0152,2024-10-26,Datafast,AMEX,7920,57.98,2.03,52.76,USD,SETTLED,BATCH-9314
AUTH792135,TXN-202410-0153,2024-10-19,Medianet,MASTERCARD,2848,79.44,2.54,72.54,USD,SETTLED,BATCH-5224
AUTH566423,TXN-202410-0154,2024-10-07,Medianet,VISA,2395,7.88,0.25,7.2,USD,SETTLED,BATCH-7229
AUTH660126,TXN-202410-0155,2024-10-14,Datafast,MASTERCARD,8700,8.82,0.31,8.02,USD,SETTLED,BATCH-9657
AUTH666739,TXN-202410-0156,2024-10-16,Datafast,MASTERCARD,7314,30.21,1.06,27.49,USD,SETTLED,BATCH-6715
AUTH113052,TXN-202410-0157,2024-10-09,Medianet,MASTERCARD,8185,25.19,0.81,23.0,USD,SETTLED,BATCH-7829
AUTH258913,TXN-202410-0158,2024-10-01,Medianet,VISA,6836,156.34,5.0,142.74,USD,SETTLED,BATCH-1186
AUTH510771,TXN-202410-0159,2024-10-20,Medianet,VISA,9541,26.01,0.83,23.75,USD,SETTLED,BATCH-8108
AUTH437322,TXN-202410-0160,2024-10-04,Datafast,VISA,4308,30.07,1.05,27.37,USD,SETTLED,BATCH-7208
AUTH265096,TXN-202410-0161,2024-10-12,Medianet,MASTERCARD,4263,134.73,4.31,123.01,USD,SETTLED,BATCH-3981
AUTH737618,TXN-202410-0162,2024-10-08,PayPhone,MASTERCARD,3618,333.98,12.69,302.92,USD,SETTLED,BATCH-7680
AUTH831711,TXN-202410-0163,2024-10-21,Datafast,MASTERCARD,7780,12.98,0.45,11.82,USD,SETTLED,BATCH-2108
AUTH454362,TXN-202410-0164,2024-10-27,Medianet,VISA,2075,2710.1,86.72,2474.33,USD,SETTLED,BATCH-4579
AUTH194941,TXN-202410-0165,2024-10-20,Datafast,VISA,8806,75.64,2.65,68.83,USD,SETTLED,BATCH-9509
AUTH500699,TXN-202410-0166,2024-10-05,Datafast,VISA,1682,304.09,10.64,276.73,USD,SETTLED,BATCH-3166
AUTH396206,TXN-202410-0167,2024-10-25,Datafast,VISA,6256,454.47,15.91,413.57,USD,SETTLED,BATCH-7713
AUTH825666,TXN-202410-0168,2024-10-30,PayPhone,AMEX,1460,58.8,2.23,53.33,USD,SETTLED,BATCH-9976
AUTH558573,TXN-202410-0169,2024-10-01,Datafast,VISA,6453,1759.67,61.59,1601.29,USD,SETTLED,BATCH-8804
AUTH843748,TXN-202410-0170,2024-10-19,Medianet,MASTERCARD,9786,8.41,0.27,7.68,USD,SETTLED,BATCH-1553
AUTH729473,TXN-202410-0171,2024-10-22,Medianet,MASTERCARD,4397,246.95,7.9,225.47,USD,SETTLED,BATCH-8255
AUTH316684,TXN-202410-0172,2024-10-13,PayPhone,DINERS,7142,61.3,2.33,55.6,USD,SETTLED,BATCH-8220
AUTH313619,TXN-202410-0173,2024-10-06,Medianet,VISA,4106,18.8,0.6,17.16,USD,SETTLED,BATCH-8474
AUTH857464,TXN-202410-0174,2024-10-15,Datafast,MASTERCARD,5187,412.07,14.42,374.99,USD,SETTLED,BATCH-8193
AUTH348229,TXN-202410-0175,2024-10-23,Medianet,MASTERCARD,6841,21.53,0.69,19.66,USD,SETTLED,BATCH-7137
AUTH459185,TXN-202410-0176,2024-10-02,Medianet,VISA,9832,22.87,0.73,20.88,USD,SETTLED,BATCH-8674
AUTH855848,TXN-202410-0177,2024-10-26,Datafast,AMEX,2097,1176.09,41.16,1070.25,USD,SETTLED,BATCH-1669
AUTH537805,TXN-202410-0178,2024-10-01,Medianet,VISA,6697,304.53,9.74,278.04,USD,SETTLED,BATCH-4360
AUTH238570,TXN-202410-0179,2024-10-23,Datafast,MASTERCARD,7913,11.24,0.39,10.23,USD,SETTLED,BATCH-7656
AUTH309806,TXN-202410-0180,2024-10-02,Datafast,VISA,6360,203.86,7.14,185.51,USD,SETTLED,BATCH-3364
AUTH158189,TXN-202410-0181,2024-10-06,PayPhone,AMEX,8204,77.39,2.94,70.2,USD,SETTLED,BATCH-7164
AUTH299096,TXN-202410-0182,2024-10-25,PayPhone,MASTERCARD,3456,2445.46,92.93,2218.03,USD,SETTLED,BATCH-4650
AUTH734285,TXN-202410-0183,2024-10-28,Datafast,MASTERCARD,9936,54.04,1.89,49.18,USD,SETTLED,BATCH-9142
AUTH591176,TXN-202410-0184,2024-10-09,Medianet,MASTERCARD,7055,172.67,5.53,157.64,USD,SETTLED,BATCH-8674
AUTH414552,TXN-202410-0185,2024-10-08,Medianet,AMEX,5045,145.37,4.65,132.73,USD,SETTLED,BATCH-4010
AUTH376454,TXN-202410-0186,2024-10-06,Medianet,VISA,6975,734.23,23.5,670.35,USD,SETTLED,BATCH-8275
AUTH991294,TXN-202410-0187,2024-10-24,Datafast,AMEX,4922,41.79,1.46,38.03,USD,SETTLED,BATCH-2142
AUTH121668,TXN-202410-0188,2024-10-13,Medianet,VISA,5054,18.33,0.59,16.74,USD,SETTLED,BATCH-2399
AUTH627577,TXN-202410-0189,2024-10-30,Medianet,VISA,9342,23.39,0.75,21.36,USD,SETTLED,BATCH-1903
AUTH631867,TXN-202410-0190,2024-10-26,PayPhone,VISA,3672,59.51,2.26,53.97,USD,SETTLED,BATCH-8172
AUTH156016,TXN-202410-0191,2024-10-25,Medianet,VISA,5625,66.99,2.14,61.17,USD,SETTLED,BATCH-4905
AUTH899106,TXN-202410-0192,2024-10-31,PayPhone,VISA,3608,192.42,7.31,174.53,USD,SETTLED,BATCH-6858
AUTH905958,TXN-202410-0193,2024-10-18,Medianet,MASTERCARD,7355,64.37,2.06,58.77,USD,SETTLED,BATCH-3018
AUTH981256,TXN-202410-0194,2024-10-25,PayPhone,AMEX,7556,15.44,0.59,14.01,USD,SETTLED,BATCH-3130
AUTH552987,TXN-202410-0195,2024-10-08,PayPhone,AMEX,3326,40.92,1.55,37.12,USD,SETTLED,BATCH-7872
AUTH611057,TXN-202410-0196,2024-10-02,Medianet,VISA,2544,6.59,0.21,6.0,USD,SETTLED,BATCH-3824
AUTH144639,TXN-202410-0197,2024-10-01,Medianet,VISA,8669,254.42,8.14,232.29,USD,SETTLED,BATCH-4070
AUTH630148,TXN-202410-0198,2024-10-08,Datafast,VISA,8896,54.15,1.9,49.27,USD,SETTLED,BATCH-1532
AUTH854800,TXN-202410-0199,2024-10-06,Datafast,AMEX,6491,127.21,4.45,115.77,USD,SETTLED,BATCH-7666
AUTH734513,TXN-202410-0200,2024-10-11,Datafast,DINERS,1709,10.72,0.38,9.75,USD,SETTLED,BATCH-9841
AUTH685513,TXN-202410-0201,2024-10-05,Datafast,DINERS,2090,8.25,0.29,7.51,USD,SETTLED,BATCH-3751
AUTH606428,TXN-202410-0202,2024-10-29,Datafast,VISA,6410,36.89,1.29,33.57,USD,SETTLED,BATCH-5709
AUTH144627,TXN-202410-0203,2024-10-09,Medianet,MASTERCARD,9837,70.66,2.26,64.51,USD,SETTLED,BATCH-4304
AUTH725560,TXN-202410-0204,2024-10-03,Medianet,DINERS,5385,378.75,12.12,345.8,USD,SETTLED,BATCH-3686
AUTH276357,TXN-202410-0205,2024-10-05,PayPhone,DINERS,7968,141.57,5.38,128.4,USD,SETTLED,BATCH-4798
AUTH143019,TXN-202410-0206,2024-10-04,Datafast,MASTERCARD,8008,2536.62,88.78,2308.32,USD,SETTLED,BATCH-4155
AUTH812506,TXN-202410-0207,2024-10-05,Datafast,MASTERCARD,9979,29.23,1.02,26.6,USD,SETTLED,BATCH-4962
AUTH850401,TXN-202410-0208,2024-10-14,Medianet,VISA,8944,41.1,1.32,37.52,USD,SETTLED,BATCH-1850
AUTH223191,TXN-202410-0209,2024-10-08,Medianet,VISA,4408,354.66,11.35,323.8,USD,SETTLED,BATCH-3344
AUTH728605,TXN-202410-0210,2024-10-27,Datafast,VISA,1070,44.94,1.57,40.9,USD,SETTLED,BATCH-4533
AUTH833260,TXN-202410-0211,2024-10-23,Datafast,MASTERCARD,4316,48.34,1.69,43.99,USD,SETTLED,BATCH-4764
AUTH745014,TXN-202410-0212,2024-10-28,Datafast,VISA,1105,20.25,0.71,18.43,USD,SETTLED,BATCH-5132
AUTH197157,TXN-202410-0213,2024-10-30,Datafast,VISA,3484,13.26,0.46,12.07,USD,SETTLED,BATCH-5586
AUTH667123,TXN-202410-0214,2024-10-15,Datafast,AMEX,9444,138.53,4.85,126.06,USD,SETTLED,BATCH-7210
AUTH979855,TXN-202410-0215,2024-10-07,PayPhone,MASTERCARD,6586,1552.69,59.0,1408.29,USD,SETTLED,BATCH-1369
AUTH858000,TXN-202410-0216,2024-10-13,Datafast,VISA,4350,2259.91,79.1,2056.51,USD,SETTLED,BATCH-7572
AUTH962269,TXN-202410-0217,2024-10-22,Datafast,DINERS,3581,57.61,2.02,52.42,USD,SETTLED,BATCH-1451
AUTH826406,TXN-202410-0218,2024-10-12,Datafast,AMEX,8569,92.68,3.24,84.34,USD,SETTLED,BATCH-7190
AUTH759765,TXN-202410-0219,2024-10-05,Datafast,VISA,3928,421.76,14.76,383.8,USD,SETTLED,BATCH-5236
AUTH395853,TXN-202410-0220,2024-10-16,Datafast,VISA,8847,76.16,2.67,69.3,USD,SETTLED,BATCH-4712
AUTH333159,TXN-202410-0221,2024-10-04,Medianet,VISA,7295,85.55,2.74,78.1,USD,SETTLED,BATCH-1037
AUTH182691,TXN-202410-0222,2024-10-06,Datafast,MASTERCARD,8045,152.9,5.35,139.14,USD,SETTLED,BATCH-7534
AUTH196338,TXN-202410-0223,2024-10-23,Datafast,VISA,4636,1635.74,57.25,1488.52,USD,SETTLED,BATCH-6632
AUTH309392,TXN-202410-0224,2024-10-06,PayPhone,MASTERCARD,5178,257.94,9.8,233.95,USD,SETTLED,BATCH-3138
AUTH813817,TXN-202410-0225,2024-10-07,PayPhone,MASTERCARD,6188,812.83,30.89,737.23,USD,SETTLED,BATCH-4124
AUTH997747,TXN-202410-0226,2024-10-18,Medianet,VISA,2140,60.95,1.95,55.65,USD,SETTLED,BATCH-6587
AUTH252315,TXN-202410-0227,2024-10-21,PayPhone,AMEX,7078,28.49,1.08,25.85,USD,SETTLED,BATCH-8170
AUTH950140,TXN-202410-0228,2024-10-07,PayPhone,VISA,2003,351.59,13.36,318.89,USD,SETTLED,BATCH-9809
AUTH508732,TXN-202410-0229,2024-10-01,Datafast,VISA,3696,435.58,15.25,396.37,USD,SETTLED,BATCH-7419
AUTH496961,TXN-202410-0230,2024-10-25,Datafast,MASTERCARD,6241,49.78,1.74,45.3,USD,SETTLED,BATCH-6293
AUTH205130,TXN-202410-0231,2024-10-03,Datafast,VISA,3060,1100.84,38.53,1001.76,USD,SETTLED,BATCH-3303
AUTH200923,TXN-202410-0232,2024-10-11,Medianet,MASTERCARD,9484,99.19,3.17,90.57,USD,SETTLED,BATCH-6005
AUTH451572,TXN-202410-0233,2024-10-13,PayPhone,VISA,7072,26.18,0.99,23.75,USD,SETTLED,BATCH-2480
AUTH663204,TXN-202410-0234,2024-10-23,Datafast,MASTERCARD,5912,489.02,17.12,445.0,USD,SETTLED,BATCH-3237
AUTH389068,TXN-202410-0235,2024-10-26,Datafast,VISA,7987,122.42,4.28,111.43,USD,SETTLED,BATCH-9287
AUTH680433,TXN-202410-0236,2024-10-02,Datafast,MASTERCARD,2744,70.16,2.46,63.84,USD,SETTLED,BATCH-6630
AUTH454946,TXN-202410-0237,2024-10-31,Datafast,MASTERCARD,4908,51.95,1.82,47.27,USD,SETTLED,BATCH-4972
AUTH688122,TXN-202410-0238,2024-10-23,Datafast,VISA,1072,139.16,4.87,126.64,USD,SETTLED,BATCH-8903
AUTH149330,TXN-202410-0239,2024-10-17,PayPhone,MASTERCARD,9918,2021.85,76.83,1833.82,USD,SETTLED,BATCH-1795
AUTH459567,TXN-202410-0240,2024-10-31,Datafast,VISA,8653,51.76,1.81,47.1,USD,SETTLED,BATCH-1540
AUTH270927,TXN-202410-0241,2024-10-20,Datafast,MASTERCARD,4120,180.43,6.32,164.19,USD,SETTLED,BATCH-7267
AUTH939219,TXN-202410-0242,2024-10-26,Datafast,VISA,1125,288.96,10.11,262.96,USD,SETTLED,BATCH-5340
AUTH518739,TXN-202410-0243,2024-10-26,Datafast,AMEX,9768,77.67,2.72,70.67,USD,SETTLED,BATCH-5158
AUTH352674,TXN-202410-0244,2024-10-03,Datafast,VISA,8731,27.17,0.95,24.73,USD,SETTLED,BATCH-9700
AUTH295528,TXN-202410-0245,2024-10-15,Medianet,VISA,3049,58.3,1.87,53.23,USD,SETTLED,BATCH-6510
AUTH790109,TXN-202410-0246,2024-10-30,PayPhone,DINERS,1130,265.66,10.1,240.95,USD,SETTLED,BATCH-5706
AUTH225100,TXN-202410-0247,2024-10-10,PayPhone,DINERS,8482,32.26,1.23,29.26,USD,SETTLED,BATCH-9711
AUTH216851,TXN-202410-0248,2024-10-17,Datafast,MASTERCARD,4666,265.15,9.28,241.29,USD,SETTLED,BATCH-8845
AUTH722853,TXN-202410-0249,2024-10-09,PayPhone,VISA,3734,292.5,11.12,265.29,USD,SETTLED,BATCH-6581
AUTH788073,TXN-202410-0250,2024-10-23,Datafast,DINERS,8926,64.29,2.25,58.51,USD,SETTLED,BATCH-5020
AUTH522867,TXN-202410-0251,2024-10-13,Datafast,AMEX,8784,16.87,0.59,15.35,USD,SETTLED,BATCH-2747
AUTH133919,TXN-202410-0252,2024-10-15,Datafast,AMEX,8686,226.55,7.93,206.16,USD,SETTLED,BATCH-2907
AUTH409611,TXN-202410-0253,2024-10-04,Medianet,AMEX,8469,18.52,0.59,16.91,USD,SETTLED,BATCH-9524
AUTH576915,TXN-202410-0254,2024-10-20,Medianet,VISA,2899,28.8,0.92,26.29,USD,SETTLED,BATCH-1160
AUTH937519,TXN-202410-0255,2024-10-18,Datafast,MASTERCARD,2980,39.09,1.37,35.57,USD,SETTLED,BATCH-5193
AUTH816957,TXN-202410-0256,2024-10-20,PayPhone,VISA,9212,47.62,1.81,43.19,USD,SETTLED,BATCH-3731
AUTH804890,TXN-202410-0257,2024-10-07,Datafast,AMEX,5792,491.0,17.19,446.81,USD,SETTLED,BATCH-6932
AUTH266652,TXN-202410-0258,2024-10-09,Datafast,VISA,3297,257.63,9.02,234.44,USD,SETTLED,BATCH-6735
AUTH253868,TXN-202410-0259,2024-10-28,Datafast,VISA,6227,11.13,0.39,10.13,USD,SETTLED,BATCH-6095
AUTH118968,TXN-202410-0260,2024-10-06,Datafast,VISA,3101,71.98,2.52,65.5,USD,SETTLED,BATCH-3345
AUTH428769,TXN-202410-0261,2024-10-06,Datafast,AMEX,8876,61.49,2.15,55.96,USD,SETTLED,BATCH-9673
AUTH336863,TXN-202410-0262,2024-10-06,Datafast,VISA,9256,56.66,1.98,51.56,USD,SETTLED,BATCH-1105
AUTH729795,TXN-202410-0263,2024-10-18,Datafast,AMEX,7388,425.67,14.9,387.35,USD,SETTLED,BATCH-6308
AUTH593233,TXN-202410-0264,2024-10-22,Datafast,MASTERCARD,4250,140.74,4.93,128.07,USD,SETTLED,BATCH-5056
AUTH811060,TXN-202410-0265,2024-10-15,Medianet,MASTERCARD,1017,16.29,0.52,14.88,USD,SETTLED,BATCH-8275
AUTH107350,TXN-202410-0266,2024-10-09,Datafast,VISA,2007,363.06,12.71,330.38,USD,SETTLED,BATCH-7720
AUTH599173,TXN-202410-0267,2024-10-21,Medianet,DINERS,1141,2643.17,84.58,2413.22,USD,SETTLED,BATCH-5959
AUTH600597,TXN-202410-0268,2024-10-07,Medianet,MASTERCARD,8251,60.93,1.95,55.63,USD,SETTLED,BATCH-3162
AUTH385880,TXN-202410-0269,2024-10-07,Medianet,MASTERCARD,2358,170.78,5.46,155.92,USD,SETTLED,BATCH-6982
AUTH481008,TXN-202410-0270,2024-10-01,PayPhone,MASTERCARD,3399,66.03,2.51,59.89,USD,SETTLED,BATCH-6456
AUTH845713,TXN-202410-0271,2024-10-21,PayPhone,MASTERCARD,2199,373.71,14.2,338.95,USD,SETTLED,BATCH-1489
AUTH392045,TXN-202410-0272,2024-10-25,Datafast,VISA,1787,258.86,9.06,235.56,USD,SETTLED,BATCH-8858
AUTH410657,TXN-202410-0273,2024-10-20,Datafast,VISA,3319,18.27,0.64,16.63,USD,SETTLED,BATCH-7951
AUTH603576,TXN-202410-0274,2024-10-14,Medianet,VISA,5565,369.19,11.81,337.08,USD,SETTLED,BATCH-9684
AUTH861695,TXN-202410-0275,2024-10-03,Datafast,MASTERCARD,3307,2642.49,92.49,2404.67,USD,SETTLED,BATCH-8317
AUTH832140,TXN-202410-0276,2024-10-24,Datafast,VISA,4169,759.19,26.57,690.87,USD,SETTLED,BATCH-9918
AUTH928332,TXN-202410-0277,2024-10-02,PayPhone,VISA,5836,48.59,1.85,44.06,USD,SETTLED,BATCH-7502
AUTH159459,TXN-202410-0278,2024-10-13,Datafast,VISA,5755,39.1,1.37,35.58,USD,SETTLED,BATCH-1449
AUTH657656,TXN-202410-0279,2024-10-30,Datafast,VISA,9009,77.57,2.71,70.59,USD,SETTLED,BATCH-3956
AUTH811874,TXN-202410-0280,2024-10-01,Datafast,AMEX,4548,391.28,13.69,356.07,USD,SETTLED,BATCH-1688
AUTH811890,TXN-202410-0281,2024-10-10,Medianet,MASTERCARD,1849,54.4,1.74,49.67,USD,SETTLED,BATCH-4746
AUTH910104,TXN-202410-0282,2024-10-01,Medianet,VISA,6714,581.69,18.61,531.08,USD,SETTLED,BATCH-3130
AUTH244270,TXN-202410-0283,2024-10-11,Medianet,AMEX,8920,60.59,1.94,55.31,USD,SETTLED,BATCH-3765
AUTH771688,TXN-202410-0284,2024-10-13,Datafast,MASTERCARD,8324,46.68,1.63,42.48,USD,SETTLED,BATCH-3004
AUTH306240,TXN-202410-0285,2024-10-14,Medianet,VISA,8694,74.9,2.4,68.38,USD,SETTLED,BATCH-5081
AUTH183810,TXN-202410-0286,2024-10-11,PayPhone,VISA,2539,249.31,10.75,224.85,USD,SETTLED,BATCH-2231
AUTH565350,TXN-202410-0287,2024-10-04,Datafast,VISA,7999,133.06,4.66,121.08,USD,SETTLED,BATCH-8873
AUTH887181,TXN-202410-0288,2024-10-27,Medianet,VISA,2971,465.0,14.88,424.54,USD,SETTLED,BATCH-1560
AUTH166609,TXN-202410-0289,2024-10-01,Datafast,VISA,8778,6.92,0.24,6.3,USD,SETTLED,BATCH-2524
AUTH403327,TXN-202410-0290,2024-10-03,Medianet,VISA,2774,308.34,9.87,281.51,USD,SETTLED,BATCH-6341
AUTH509365,TXN-202410-0291,2024-10-21,Datafast,MASTERCARD,7163,39.03,1.37,35.51,USD,SETTLED,BATCH-7574
AUTH882130,TXN-202410-0292,2024-10-27,Datafast,MASTERCARD,6976,19.54,0.68,17.78,USD,SETTLED,BATCH-7794
AUTH176995,TXN-202410-0293,2024-10-02,Medianet,AMEX,8118,24.54,0.79,22.4,USD,SETTLED,BATCH-4421
AUTH962846,TXN-202410-0294,2024-10-28,Datafast,VISA,6732,78.86,2.76,71.76,USD,SETTLED,BATCH-3158
AUTH747586,TXN-202410-0295,2024-10-09,Datafast,DINERS,7533,15.64,0.55,14.23,USD,SETTLED,BATCH-9846
AUTH700094,TXN-202410-0296,2024-10-13,Datafast,VISA,7596,67.87,2.38,61.76,USD,SETTLED,BATCH-8732
AUTH455423,TXN-202410-0297,2024-10-03,Datafast,VISA,8458,76.94,2.69,70.02,USD,SETTLED,BATCH-9593
AUTH864616,TXN-202410-0298,2024-10-26,Medianet,VISA,7663,73.12,2.34,66.76,USD,SETTLED,BATCH-8930
AUTH355727,TXN-202410-0299,2024-10-20,Datafast,VISA,5849,47.55,1.66,43.27,USD,SETTLED,BATCH-3612
AUTH704586,TXN-202410-0300,2024-10-20,Datafast,VISA,1666,79.62,2.79,72.45,USD,SETTLED,BATCH-9509
AUTH385526,TXN-202410-0301,2024-10-20,Datafast,MASTERCARD,7187,14.12,0.49,12.85,USD,SETTLED,BATCH-9143
AUTH541685,TXN-202410-0302,2024-10-12,Medianet,MASTERCARD,9585,170.85,5.47,155.98,USD,SETTLED,BATCH-4325
AUTH931177,TXN-202410-0303,2024-10-23,PayPhone,VISA,4842,11.26,0.43,10.21,USD,SETTLED,BATCH-2249
AUTH609521,TXN-202410-0304,2024-10-18,Datafast,VISA,4191,1371.38,48.0,1247.96,USD,SETTLED,BATCH-5122
AUTH942957,TXN-202410-0305,2024-10-13,Datafast,MASTERCARD,5711,43.45,1.52,39.54,USD,SETTLED,BATCH-3580
AUTH506308,TXN-202410-0306,2024-10-31,Datafast,VISA,5358,381.31,13.35,346.99,USD,SETTLED,BATCH-6074
AUTH528001,TXN-202410-0307,2024-10-07,Datafast,MASTERCARD,1263,149.57,5.23,136.11,USD,SETTLED,BATCH-6935
AUTH238695,TXN-202410-0308,2024-10-27,Datafast,AMEX,1286,61.03,2.14,55.53,USD,SETTLED,BATCH-7696
AUTH527237,TXN-202410-0309,2024-10-12,Medianet,MASTERCARD,7007,47.54,1.52,43.4,USD,SETTLED,BATCH-3845
AUTH288536,TXN-202410-0310,2024-10-09,PayPhone,VISA,3495,482.4,18.33,437.54,USD,SETTLED,BATCH-2853
AUTH360253,TXN-202410-0311,2024-10-17,Datafast,MASTERCARD,3645,479.16,16.77,436.04,USD,SETTLED,BATCH-8764
AUTH442587,TXN-202410-0312,2024-10-06,Datafast,VISA,5612,260.34,9.11,236.91,USD,SETTLED,BATCH-7427
AUTH837277,TXN-202410-0313,2024-10-11,Datafast,VISA,3267,15.88,0.56,14.45,USD,SETTLED,BATCH-6074
AUTH895810,TXN-202410-0314,2024-10-19,Datafast,MASTERCARD,7223,169.78,5.94,154.5,USD,SETTLED,BATCH-5922
AUTH704208,TXN-202410-0315,2024-10-17,PayPhone,MASTERCARD,6972,50.14,1.91,45.47,USD,SETTLED,BATCH-2881
AUTH494187,TXN-202410-0316,2024-10-28,Datafast,VISA,4215,451.01,15.79,410.41,USD,SETTLED,BATCH-7997
AUTH102910,TXN-202410-0317,2024-10-11,Datafast,AMEX,8518,61.72,2.16,56.16,USD,SETTLED,BATCH-1136
AUTH480949,TXN-202410-0318,2024-10-09,Datafast,VISA,4281,8.51,0.3,7.74,USD,SETTLED,BATCH-4841
AUTH343363,TXN-202410-0319,2024-10-08,Datafast,VISA,3986,328.29,11.49,298.75,USD,SETTLED,BATCH-4189
AUTH114270,TXN-202410-0320,2024-10-01,Datafast,VISA,3083,321.82,11.26,292.86,USD,SETTLED,BATCH-3994
AUTH244564,TXN-202410-0321,2024-10-30,Datafast,AMEX,2445,72.19,2.53,65.69,USD,SETTLED,BATCH-9878
AUTH885425,TXN-202410-0322,2024-10-26,Datafast,MASTERCARD,2244,12.13,0.42,11.04,USD,SETTLED,BATCH-9299
AUTH503038,TXN-202410-0323,2024-10-18,Medianet,VISA,5233,248.14,7.94,226.55,USD,SETTLED,BATCH-1108
AUTH177251,TXN-202410-0324,2024-10-16,Datafast,VISA,4995,78.8,2.76,71.7,USD,SETTLED,BATCH-8716
AUTH875802,TXN-202410-0325,2024-10-01,PayPhone,VISA,1217,51.35,1.95,46.58,USD,SETTLED,BATCH-1073
AUTH660590,TXN-202410-0326,2024-10-23,Datafast,VISA,8514,29.21,1.02,26.59,USD,SETTLED,BATCH-1317
AUTH415838,TXN-202410-0327,2024-10-12,Datafast,VISA,1348,72.67,2.54,66.13,USD,SETTLED,BATCH-6311
AUTH117242,TXN-202410-0328,2024-10-26,PayPhone,DINERS,6928,189.07,7.18,171.49,USD,SETTLED,BATCH-2287
AUTH236042,TXN-202410-0329,2024-10-20,Datafast,DINERS,5661,29.7,1.04,27.02,USD,SETTLED,BATCH-1677
AUTH492136,TXN-202410-0330,2024-10-05,Datafast,VISA,8835,39.55,1.38,35.99,USD,SETTLED,BATCH-3929
AUTH609777,TXN-202410-0331,2024-10-14,PayPhone,MASTERCARD,4985,485.65,18.45,440.49,USD,SETTLED,BATCH-9635
AUTH952444,TXN-202410-0332,2024-10-22,Datafast,VISA,7903,48.34,1.69,43.99,USD,SETTLED,BATCH-8989
AUTH682509,TXN-202410-0333,2024-10-09,PayPhone,VISA,1820,174.85,6.64,158.59,USD,SETTLED,BATCH-6115
AUTH570207,TXN-202410-0334,2024-10-21,Medianet,VISA,2868,181.8,5.82,165.98,USD,SETTLED,BATCH-6545
AUTH106226,TXN-202410-0335,2024-10-07,PayPhone,MASTERCARD,6481,42.1,1.6,38.19,USD,SETTLED,BATCH-2299
AUTH326578,TXN-202410-0336,2024-10-11,Medianet,VISA,9074,41.57,1.33,37.95,USD,SETTLED,BATCH-3458
AUTH507121,TXN-202410-0337,2024-10-31,PayPhone,MASTERCARD,2872,28.5,1.08,25.85,USD,SETTLED,BATCH-1347
AUTH642047,TXN-202410-0338,2024-10-05,Medianet,MASTERCARD,2353,124.38,3.98,113.56,USD,SETTLED,BATCH-3410
AUTH520777,TXN-202410-0339,2024-10-07,PayPhone,VISA,6386,51.54,1.96,46.74,USD,SETTLED,BATCH-3608
AUTH150770,TXN-202410-0340,2024-10-28,Datafast,VISA,1608,28.04,0.98,25.52,USD,SETTLED,BATCH-1059
AUTH446705,TXN-202410-0341,2024-10-08,Medianet,VISA,2575,392.91,12.57,358.73,USD,SETTLED,BATCH-2347
AUTH952073,TXN-202410-0342,2024-10-15,PayPhone,VISA,1718,54.64,2.08,49.55,USD,SETTLED,BATCH-9013
AUTH154351,TXN-202410-0343,2024-10-05,Datafast,DINERS,2134,37.36,1.31,34.0,USD,SETTLED,BATCH-6912
AUTH512479,TXN-202410-0344,2024-10-04,Medianet,MASTERCARD,7503,25.44,0.81,23.24,USD,SETTLED,BATCH-5875
AUTH347992,TXN-202410-0345,2024-10-13,Medianet,MASTERCARD,3480,27.05,0.87,24.69,USD,SETTLED,BATCH-7005
AUTH143547,TXN-202410-0346,2024-10-22,Medianet,MASTERCARD,7865,37.52,1.2,34.25,USD,SETTLED,BATCH-5449
AUTH515473,TXN-202410-0347,2024-10-02,Medianet,DINERS,1146,8.99,0.29,8.21,USD,SETTLED,BATCH-2094
AUTH515036,TXN-202410-0348,2024-10-20,Datafast,VISA,1503,21.98,0.77,20.0,USD,SETTLED,BATCH-7526
AUTH350301,TXN-202410-0349,2024-10-29,Medianet,VISA,9256,60.04,1.92,54.82,USD,SETTLED,BATCH-5512
AUTH555053,TXN-202410-0350,2024-10-10,Datafast,VISA,1535,226.01,7.91,205.67,USD,SETTLED,BATCH-9680
AUTH969515,TXN-202410-0351,2024-10-23,Medianet,MASTERCARD,3204,42.74,1.37,39.02,USD,SETTLED,BATCH-9163
AUTH108769,TXN-202410-0352,2024-10-11,Datafast,VISA,7575,1096.55,38.38,997.86,USD,SETTLED,BATCH-3252
AUTH488984,TXN-202410-0353,2024-10-01,Datafast,VISA,6712,139.57,4.88,127.01,USD,SETTLED,BATCH-2116
AUTH146154,TXN-202410-0354,2024-10-03,Datafast,VISA,4423,24.79,0.87,22.55,USD,SETTLED,BATCH-1910
AUTH235544,TXN-202410-0355,2024-10-19,Medianet,AMEX,5286,487.21,15.59,444.83,USD,SETTLED,BATCH-5408
AUTH866439,TXN-202410-0356,2024-10-19,Datafast,VISA,8679,66.42,2.32,60.45,USD,SETTLED,BATCH-7648
AUTH656690,TXN-202410-0357,2024-10-05,PayPhone,AMEX,6509,17.55,0.67,15.91,USD,SETTLED,BATCH-7800
AUTH772211,TXN-202410-0358,2024-10-12,Datafast,AMEX,8466,41.8,1.46,38.04,USD,SETTLED,BATCH-3156
AUTH191991,TXN-202410-0359,2024-10-12,Datafast,VISA,4330,6.02,0.21,5.48,USD,SETTLED,BATCH-8642
AUTH778407,TXN-202410-0360,2024-10-29,Medianet,AMEX,4615,439.92,14.08,401.64,USD,SETTLED,BATCH-6235
AUTH764049,TXN-202410-0361,2024-10-05,Datafast,VISA,6220,52.99,1.85,48.23,USD,SETTLED,BATCH-1293
AUTH549770,TXN-202410-0362,2024-10-08,PayPhone,MASTERCARD,5735,42.34,1.61,38.41,USD,SETTLED,BATCH-2600
AUTH378902,TXN-202410-0363,2024-10-07,Medianet,DINERS,9316,60.83,1.95,55.53,USD,SETTLED,BATCH-6824
AUTH978098,TXN-202410-0364,2024-10-29,Medianet,DINERS,9198,365.1,11.68,333.32,USD,SETTLED,BATCH-3803
AUTH108403,TXN-202410-0365,2024-10-12,PayPhone,AMEX,4391,73.27,2.78,66.46,USD,SETTLED,BATCH-7647
AUTH754148,TXN-202410-0366,2024-10-02,Datafast,VISA,6868,1273.31,44.57,1158.71,USD,SETTLED,BATCH-8328
AUTH671493,TXN-202410-0367,2024-10-15,Medianet,VISA,9060,262.05,8.39,239.25,USD,SETTLED,BATCH-5142
AUTH716319,TXN-202410-0368,2024-10-16,PayPhone,MASTERCARD,2462,77.71,2.95,70.48,USD,SETTLED,BATCH-5518
AUTH226545,TXN-202410-0369,2024-10-18,Datafast,MASTERCARD,4062,26.73,0.94,24.32,USD,SETTLED,BATCH-3798
AUTH111480,TXN-202410-0370,2024-10-15,Datafast,VISA,2766,27.1,0.95,24.66,USD,SETTLED,BATCH-1832
AUTH326865,TXN-202410-0371,2024-10-01,Datafast,AMEX,5647,41.63,1.46,37.88,USD,SETTLED,BATCH-4765
AUTH715138,TXN-202410-0372,2024-10-29,Datafast,AMEX,7601,15.33,0.54,13.95,USD,SETTLED,BATCH-7524
AUTH145929,TXN-202410-0373,2024-10-31,Medianet,MASTERCARD,8733,1901.87,60.86,1736.41,USD,SETTLED,BATCH-1907
AUTH721139,TXN-202410-0374,2024-10-30,Medianet,VISA,2495,261.46,8.37,238.71,USD,SETTLED,BATCH-8885
AUTH224010,TXN-202410-0375,2024-10-22,Datafast,VISA,5131,1121.82,39.26,1020.86,USD,SETTLED,BATCH-9758
AUTH272919,TXN-202410-0376,2024-10-30,Datafast,VISA,7298,2732.58,95.64,2486.64,USD,SETTLED,BATCH-6597
AUTH161553,TXN-202410-0377,2024-10-26,Medianet,VISA,4972,70.69,2.26,64.54,USD,SETTLED,BATCH-5789
AUTH944621,TXN-202410-0378,2024-10-07,Datafast,MASTERCARD,9279,36.22,1.27,32.96,USD,SETTLED,BATCH-9894
AUTH876764,TXN-202410-0379,2024-10-06,Datafast,VISA,7769,1652.89,57.85,1504.13,USD,SETTLED,BATCH-4090
AUTH348782,TXN-202410-0380,2024-10-23,Medianet,AMEX,7346,44.49,1.42,40.63,USD,SETTLED,BATCH-4304
AUTH770139,TXN-202410-0381,2024-10-15,Medianet,MASTERCARD,5647,31.56,1.01,28.81,USD,SETTLED,BATCH-1219
AUTH130212,TXN-202410-0382,2024-10-25,PayPhone,VISA,4933,566.06,21.51,513.42,USD,SETTLED,BATCH-7102
AUTH250116,TXN-202410-0383,2024-10-19,Datafast,VISA,3552,2466.58,86.33,2244.58,USD,SETTLED,BATCH-9317
AUTH482558,TXN-202410-0384,2024-10-02,Datafast,MASTERCARD,1375,448.68,15.7,408.3,USD,SETTLED,BATCH-9084
AUTH241825,TXN-202410-0385,2024-10-17,Datafast,MASTERCARD,4402,62.22,2.18,56.62,USD,SETTLED,BATCH-3322
AUTH124437,TXN-202410-0386,2024-10-04,PayPhone,VISA,2501,78.96,3.0,71.62,USD,SETTLED,BATCH-4897
AUTH737859,TXN-202410-0387,2024-10-28,Medianet,AMEX,9107,370.05,11.84,337.86,USD,SETTLED,BATCH-4541
AUTH375033,TXN-202410-0388,2024-10-23,Datafast,MASTERCARD,3272,58.77,2.06,53.48,USD,SETTLED,BATCH-7519
AUTH455432,TXN-202410-0389,2024-10-29,Medianet,MASTERCARD,7679,841.01,26.91,767.84,USD,SETTLED,BATCH-9763
AUTH265758,TXN-202410-0390,2024-10-30,Medianet,VISA,7935,382.04,12.23,348.8,USD,SETTLED,BATCH-1171
AUTH822007,TXN-202410-0391,2024-10-05,PayPhone,MASTERCARD,6977,10.04,0.38,9.11,USD,SETTLED,BATCH-7983
AUTH309747,TXN-202410-0392,2024-10-01,PayPhone,MASTERCARD,3396,12.77,0.49,11.58,USD,SETTLED,BATCH-1802
AUTH904669,TXN-202410-0393,2024-10-06,Datafast,VISA,9494,35.34,1.24,32.16,USD,SETTLED,BATCH-2440
AUTH582416,TXN-202410-0394,2024-10-28,PayPhone,MASTERCARD,3326,366.15,13.91,332.1,USD,SETTLED,BATCH-5253
AUTH893747,TXN-202410-0395,2024-10-27,Medianet,VISA,6085,157.62,5.04,143.91,USD,SETTLED,BATCH-6498
AUTH489050,TXN-202410-0396,2024-10-16,Medianet,VISA,7436,309.61,9.91,282.67,USD,SETTLED,BATCH-8297
AUTH696035,TXN-202410-0397,2024-10-22,Datafast,MASTERCARD,9826,1732.41,60.63,1576.5,USD,SETTLED,BATCH-3515
AUTH590199,TXN-202410-0398,2024-10-14,Datafast,MASTERCARD,6457,36.27,1.27,33.01,USD,SETTLED,BATCH-4753
AUTH829928,TXN-202410-0399,2024-10-10,Datafast,VISA,5323,84.63,2.96,77.01,USD,SETTLED,BATCH-3204
AUTH726477,TXN-202410-0400,2024-10-30,Medianet,AMEX,3727,97.91,3.13,89.39,USD,SETTLED,BATCH-7575
AUTH484479,TXN-202410-0401,2024-10-06,PayPhone,VISA,9160,196.3,7.46,178.05,USD,SETTLED,BATCH-8953
AUTH342499,TXN-202410-0402,2024-10-17,Medianet,AMEX,3105,72.69,2.33,66.36,USD,SETTLED,BATCH-2236
AUTH999120,TXN-202410-0403,2024-10-19,Medianet,VISA,5752,54.2,1.73,49.5,USD,SETTLED,BATCH-5389
AUTH217559,TXN-202410-0404,2024-10-22,Datafast,AMEX,1042,63.87,2.24,58.12,USD,SETTLED,BATCH-9708
AUTH702383,TXN-202410-0405,2024-10-31,PayPhone,VISA,1645,283.17,10.76,256.84,USD,SETTLED,BATCH-6607
AUTH780806,TXN-202410-0406,2024-10-22,Medianet,VISA,1563,292.93,9.37,267.45,USD,SETTLED,BATCH-9194
AUTH964424,TXN-202410-0407,2024-10-19,Datafast,MASTERCARD,3314,323.9,11.34,294.74,USD,SETTLED,BATCH-2633
AUTH295740,TXN-202410-0408,2024-10-08,PayPhone,VISA,1340,59.97,2.28,54.39,USD,SETTLED,BATCH-8541
AUTH511485,TXN-202410-0409,2024-10-08,Medianet,VISA,9947,215.94,6.91,197.15,USD,SETTLED,BATCH-1114
AUTH143683,TXN-202410-0410,2024-10-13,Medianet,VISA,7408,385.83,12.35,352.26,USD,SETTLED,BATCH-2567
AUTH151945,TXN-202410-0411,2024-10-24,PayPhone,VISA,1813,7.81,0.3,7.08,USD,SETTLED,BATCH-6979
AUTH753557,TXN-202410-0412,2024-10-06,Datafast,VISA,2414,92.37,3.23,84.06,USD,SETTLED,BATCH-1725
AUTH851417,TXN-202410-0413,2024-10-18,Datafast,VISA,5983,52.8,1.85,48.04,USD,SETTLED,BATCH-2750
AUTH659358,TXN-202410-0414,2024-10-24,Datafast,VISA,7176,174.71,6.11,158.99,USD,SETTLED,BATCH-8082
AUTH551289,TXN-202410-0415,2024-10-01,Datafast,MASTERCARD,1286,116.13,4.06,105.68,USD,SETTLED,BATCH-9132
AUTH145086,TXN-202410-0416,2024-10-01,PayPhone,VISA,6236,15.54,0.59,14.09,USD,SETTLED,BATCH-8919
AUTH239510,TXN-202410-0417,2024-10-22,Medianet,MASTERCARD,2409,223.1,7.14,203.69,USD,SETTLED,BATCH-3166
AUTH585981,TXN-202410-0418,2024-10-07,PayPhone,MASTERCARD,1394,19.26,0.73,17.47,USD,SETTLED,BATCH-1453
AUTH465761,TXN-202410-0419,2024-10-28,PayPhone,MASTERCARD,6536,72.48,2.75,65.75,USD,SETTLED,BATCH-3115
AUTH954303,TXN-202410-0420,2024-10-19,PayPhone,VISA,5584,447.07,16.99,405.49,USD,SETTLED,BATCH-6740
AUTH616944,TXN-202410-0421,2024-10-02,Datafast,MASTERCARD,4415,42.4,1.48,38.59,USD,SETTLED,BATCH-2206
AUTH409619,TXN-202410-0422,2024-10-27,Medianet,VISA,3346,201.76,6.46,184.2,USD,SETTLED,BATCH-3141
AUTH793723,TXN-202410-0423,2024-10-10,Datafast,VISA,9118,146.3,5.12,133.14,USD,SETTLED,BATCH-1757
AUTH437306,TXN-202410-0424,2024-10-10,Medianet,VISA,2876,50.84,1.63,46.41,USD,SETTLED,BATCH-2952
AUTH370311,TXN-202410-0425,2024-10-30,Medianet,MASTERCARD,7564,324.76,10.39,296.51,USD,SETTLED,BATCH-3535
AUTH950730,TXN-202410-0426,2024-10-29,Medianet,VISA,4324,20.04,0.64,18.3,USD,SETTLED,BATCH-6780
AUTH386632,TXN-202410-0427,2024-10-22,Datafast,MASTERCARD,1934,468.15,16.39,426.01,USD,SETTLED,BATCH-3069
AUTH760775,TXN-202410-0428,2024-10-23,Datafast,VISA,4246,2760.81,96.63,2512.33,USD,SETTLED,BATCH-4903
AUTH719221,TXN-202410-0429,2024-10-30,Datafast,VISA,4841,60.45,2.12,55.01,USD,SETTLED,BATCH-4716
AUTH243720,TXN-202410-0430,2024-10-04,PayPhone,VISA,6247,59.25,2.25,53.74,USD,SETTLED,BATCH-3447
AUTH145974,TXN-202410-0431,2024-10-26,Datafast,VISA,7894,40.82,1.43,37.14,USD,SETTLED,BATCH-8372
AUTH434519,TXN-202410-0432,2024-10-18,Datafast,VISA,4556,420.77,14.73,382.9,USD,SETTLED,BATCH-1061
AUTH399714,TXN-202410-0433,2024-10-02,PayPhone,MASTERCARD,7248,312.05,11.86,283.03,USD,SETTLED,BATCH-5401
AUTH883460,TXN-202410-0434,2024-10-05,Medianet,MASTERCARD,4289,37.01,1.18,33.79,USD,SETTLED,BATCH-4239
AUTH683885,TXN-202410-0435,2024-10-07,Datafast,AMEX,1210,1419.27,49.67,1291.54,USD,SETTLED,BATCH-8808
AUTH734362,TXN-202410-0436,2024-10-08,Datafast,VISA,2464,49.15,1.72,44.73,USD,SETTLED,BATCH-6578
AUTH395190,TXN-202410-0437,2024-10-26,Medianet,AMEX,1953,318.58,10.19,290.86,USD,SETTLED,BATCH-9282
AUTH827172,TXN-202410-0438,2024-10-15,PayPhone,VISA,1931,9.25,0.35,8.39,USD,SETTLED,BATCH-3646
AUTH399172,TXN-202410-0439,2024-10-10,Datafast,VISA,1617,453.98,15.89,413.12,USD,SETTLED,BATCH-2689
AUTH445377,TXN-202410-0440,2024-10-09,Medianet,VISA,1858,10.76,0.34,9.83,USD,SETTLED,BATCH-6630
AUTH336064,TXN-202410-0441,2024-10-28,Datafast,MASTERCARD,9623,457.01,16.0,415.87,USD,SETTLED,BATCH-9774
AUTH638752,TXN-202410-0442,2024-10-28,Datafast,VISA,4846,46.36,1.62,42.19,USD,SETTLED,BATCH-7094
AUTH194962,TXN-202410-0443,2024-10-04,Datafast,AMEX,2080,45.61,1.6,41.5,USD,SETTLED,BATCH-6287
AUTH230396,TXN-202410-0444,2024-10-03,Datafast,VISA,8264,1715.52,60.04,1561.12,USD,SETTLED,BATCH-3046
AUTH684516,TXN-202410-0445,2024-10-18,PayPhone,AMEX,9536,27.87,1.06,25.28,USD,SETTLED,BATCH-2266
AUTH117081,TXN-202410-0446,2024-10-08,Datafast,MASTERCARD,2867,95.06,3.33,86.5,USD,SETTLED,BATCH-8034
AUTH761254,TXN-202410-0447,2024-10-27,Datafast,MASTERCARD,1058,553.22,19.36,503.44,USD,SETTLED,BATCH-4457
AUTH688313,TXN-202410-0448,2024-10-02,Datafast,MASTERCARD,6074,77.38,2.71,70.42,USD,SETTLED,BATCH-8268
AUTH226642,TXN-202410-0449,2024-10-15,PayPhone,VISA,9711,33.69,1.28,30.55,USD,SETTLED,BATCH-2364
AUTH853261,TXN-202410-0450,2024-10-22,Datafast,VISA,1734,303.65,10.63,276.32,USD,SETTLED,BATCH-5627
AUTH674644,TXN-202410-0451,2024-10-25,Datafast,MASTERCARD,3842,2775.14,97.13,2525.38,USD,SETTLED,BATCH-3701
AUTH724157,TXN-202410-0452,2024-10-25,PayPhone,AMEX,9629,328.2,12.47,297.68,USD,SETTLED,BATCH-1317
AUTH508199,TXN-202410-0453,2024-10-24,Datafast,AMEX,4778,37.07,1.3,33.73,USD,SETTLED,BATCH-8645
AUTH464758,TXN-202410-0454,2024-10-30,Medianet,AMEX,6503,480.04,15.36,438.28,USD,SETTLED,BATCH-6476
AUTH759816,TXN-202410-0455,2024-10-24,Datafast,DINERS,5565,36.79,1.29,33.47,USD,SETTLED,BATCH-8528
AUTH467411,TXN-202410-0456,2024-10-30,Medianet,VISA,2056,1668.33,53.39,1523.19,USD,SETTLED,BATCH-5959
AUTH655108,TXN-202410-0457,2024-10-03,Datafast,VISA,6490,479.41,16.78,436.27,USD,SETTLED,BATCH-2813
AUTH321628,TXN-202410-0458,2024-10-09,Medianet,VISA,9908,96.21,4.07,86.85,USD,SETTLED,BATCH-6075
AUTH397159,TXN-202410-0459,2024-10-01,Datafast,VISA,3944,404.06,14.14,367.7,USD,SETTLED,BATCH-4006
AUTH979721,TXN-202410-0460,2024-10-15,Datafast,MASTERCARD,1828,435.99,15.26,396.75,USD,SETTLED,BATCH-5899
AUTH986327,TXN-202410-0461,2024-10-21,Datafast,VISA,4770,31.9,1.12,29.02,USD,SETTLED,BATCH-8663
AUTH396736,TXN-202410-0462,2024-10-20,Datafast,VISA,1808,1191.11,41.69,1083.91,USD,SETTLED,BATCH-4903
AUTH899108,TXN-202410-0463,2024-10-09,Datafast,VISA,5300,62.45,2.19,56.83,USD,SETTLED,BATCH-7750
AUTH446209,TXN-202410-0464,2024-10-20,PayPhone,VISA,4614,141.7,5.38,128.52,USD,SETTLED,BATCH-3596
AUTH517476,TXN-202410-0465,2024-10-28,Datafast,VISA,8266,56.33,1.97,51.27,USD,SETTLED,BATCH-7315
AUTH525873,TXN-202410-0466,2024-10-23,Medianet,VISA,7834,105.54,3.38,96.35,USD,SETTLED,BATCH-3134
AUTH264521,TXN-202410-0467,2024-10-18,PayPhone,VISA,7958,436.75,16.6,396.13,USD,SETTLED,BATCH-6666
AUTH276028,TXN-202410-0468,2024-10-04,Datafast,VISA,2450,43.02,1.51,39.14,USD,SETTLED,BATCH-2306
AUTH726123,TXN-202410-0469,2024-10-22,Datafast,VISA,4972,428.24,14.99,389.7,USD,SETTLED,BATCH-9472
AUTH932781,TXN-202410-0470,2024-10-20,Datafast,VISA,7840,6.85,0.24,6.23,USD,SETTLED,BATCH-9936
AUTH819143,TXN-202410-0471,2024-10-10,Datafast,VISA,7453,277.69,9.72,252.69,USD,SETTLED,BATCH-4895
AUTH489016,TXN-202410-0472,2024-10-19,Datafast,VISA,3791,16.25,0.57,14.79,USD,SETTLED,BATCH-2148
AUTH256665,TXN-202410-0473,2024-10-24,Datafast,VISA,9745,58.68,2.05,53.4,USD,SETTLED,BATCH-3913
AUTH229339,TXN-202410-0474,2024-10-19,Medianet,MASTERCARD,1405,1447.1,46.31,1321.2,USD,SETTLED,BATCH-5921
AUTH617287,TXN-202410-0475,2024-10-31,Medianet,VISA,9386,352.67,11.29,321.98,USD,SETTLED,BATCH-8697
AUTH746479,TXN-202410-0476,2024-10-21,PayPhone,DINERS,2349,499.08,18.97,452.66,USD,SETTLED,BATCH-8365
AUTH619088,TXN-202410-0477,2024-10-26,Medianet,MASTERCARD,3299,70.89,2.27,64.72,USD,SETTLED,BATCH-4860
AUTH154875,TXN-202410-0478,2024-10-07,Medianet,MASTERCARD,3246,28.77,0.92,26.27,USD,SETTLED,BATCH-8114
AUTH430193,TXN-202410-0479,2024-10-12,Datafast,VISA,8030,62.57,2.19,56.93,USD,SETTLED,BATCH-8554
AUTH833385,TXN-202410-0480,2024-10-24,Datafast,MASTERCARD,9518,23.08,0.81,21.0,USD,SETTLED,BATCH-8864
AUTH527191,TXN-202410-0481,2024-10-21,Datafast,VISA,2094,73.6,2.58,66.97,USD,SETTLED,BATCH-3815
AUTH498339,TXN-202410-0482,2024-10-27,Medianet,VISA,6714,47.7,1.53,43.54,USD,SETTLED,BATCH-5225
AUTH112658,TXN-202410-0483,2024-10-22,PayPhone,VISA,5965,2185.26,83.04,1982.03,USD,SETTLED,BATCH-5867
AUTH346136,TXN-202410-0484,2024-10-14,Medianet,MASTERCARD,8518,13.85,0.44,12.65,USD,SETTLED,BATCH-4133
AUTH951042,TXN-202410-0485,2024-10-07,Medianet,VISA,5201,71.11,2.28,64.92,USD,SETTLED,BATCH-6008
AUTH528226,TXN-202410-0486,2024-10-18,PayPhone,VISA,8503,24.75,0.94,22.45,USD,SETTLED,BATCH-4236
AUTH207530,TXN-202410-0487,2024-10-14,PayPhone,MASTERCARD,1061,7.56,0.29,6.85,USD,SETTLED,BATCH-6613
AUTH950248,TXN-202410-0488,2024-10-30,Medianet,DINERS,6693,70.02,2.24,63.93,USD,SETTLED,BATCH-5985
AUTH540400,TXN-202410-0489,2024-10-23,PayPhone,VISA,4609,46.77,1.78,42.42,USD,SETTLED,BATCH-8576
AUTH981177,TXN-202410-0490,2024-10-20,Datafast,AMEX,2206,328.42,11.49,298.87,USD,SETTLED,BATCH-9501
AUTH246318,TXN-202410-0491,2024-10-15,PayPhone,VISA,2446,229.08,8.71,207.77,USD,SETTLED,BATCH-9116
AUTH424635,TXN-202410-0492,2024-10-23,Medianet,MASTERCARD,1595,61.82,1.98,56.44,USD,SETTLED,BATCH-3699
AUTH668077,TXN-202410-0493,2024-10-17,Medianet,MASTERCARD,6715,424.44,13.58,387.52,USD,SETTLED,BATCH-7166
AUTH543607,TXN-202410-0494,2024-10-15,Datafast,VISA,9986,363.04,12.71,330.36,USD,SETTLED,BATCH-6929
AUTH131964,TXN-202410-0495,2024-10-25,Datafast,VISA,4474,197.31,6.91,179.55,USD,SETTLED,BATCH-8807
AUTH569389,TXN-202410-0496,2024-10-17,Datafast,VISA,5006,43.83,1.53,39.89,USD,SETTLED,BATCH-2807
AUTH110994,TXN-202410-0497,2024-10-25,Medianet,DINERS,1137,33.81,1.08,30.87,USD,SETTLED,BATCH-6530
AUTH410727,TXN-202410-0498,2024-10-24,PayPhone,VISA,8088,2705.96,102.83,2454.3,USD,SETTLED,BATCH-7653
AUTH570715,TXN-202410-0499,2024-10-12,Datafast,VISA,9146,212.03,7.42,192.95,USD,SETTLED,BATCH-6036
AUTH771452,TXN-202410-0500,2024-10-06,Datafast,VISA,4322,21.77,0.76,19.81,USD,SETTLED,BATCH-4650
AUTH261756,TXN-202411-0001,2024-11-08,PayPhone,VISA,8337,124.57,4.73,112.98,USD,SETTLED,BATCH-9495
AUTH894578,TXN-202411-0002,2024-11-06,Datafast,VISA,9254,293.65,10.28,267.22,USD,SETTLED,BATCH-1704
AUTH542078,TXN-202411-0003,2024-11-07,Medianet,VISA,5754,305.92,9.79,279.3,USD,SETTLED,BATCH-3567
AUTH525831,TXN-202411-0004,2024-11-19,Datafast,AMEX,3285,26.14,0.91,23.79,USD,SETTLED,BATCH-1768
AUTH116814,TXN-202411-0005,2024-11-04,Medianet,MASTERCARD,2550,203.88,6.52,186.15,USD,SETTLED,BATCH-4709
AUTH237449,TXN-202411-0006,2024-11-09,Medianet,AMEX,3044,37.42,1.2,34.17,USD,SETTLED,BATCH-5427
AUTH306297,TXN-202411-0007,2024-11-12,PayPhone,DINERS,6053,128.91,4.9,116.92,USD,SETTLED,BATCH-9748
AUTH470482,TXN-202411-0008,2024-11-11,Medianet,VISA,3292,16.75,0.54,15.29,USD,SETTLED,BATCH-1307
AUTH938626,TXN-202411-0009,2024-11-23,Datafast,MASTERCARD,7917,111.12,3.89,101.12,USD,SETTLED,BATCH-5863
AUTH165942,TXN-202411-0010,2024-11-17,PayPhone,VISA,4813,57.88,2.2,52.5,USD,SETTLED,BATCH-3053
AUTH483749,TXN-202411-0011,2024-11-21,Datafast,MASTERCARD,8772,342.95,12.0,312.09,USD,SETTLED,BATCH-5800
AUTH628448,TXN-202411-0012,2024-11-22,Datafast,VISA,7687,75.74,2.65,68.92,USD,SETTLED,BATCH-8715
AUTH482904,TXN-202411-0013,2024-11-10,Datafast,VISA,6832,388.1,13.58,353.18,USD,SETTLED,BATCH-7860
AUTH128493,TXN-202411-0014,2024-11-24,Datafast,AMEX,1471,2642.89,92.5,2405.03,USD,SETTLED,BATCH-1828
AUTH174455,TXN-202411-0015,2024-11-06,Datafast,VISA,2701,167.59,5.87,152.5,USD,SETTLED,BATCH-1500
AUTH492648,TXN-202411-0016,2024-11-21,Datafast,VISA,7644,48.79,1.71,44.39,USD,SETTLED,BATCH-1816
AUTH308716,TXN-202411-0017,2024-11-08,Datafast,MASTERCARD,8959,27.51,0.96,25.03,USD,SETTLED,BATCH-5703
AUTH813970,TXN-202411-0018,2024-11-18,Medianet,VISA,7998,331.09,10.59,302.29,USD,SETTLED,BATCH-1155
AUTH104580,TXN-202411-0019,2024-11-25,Datafast,VISA,8846,2742.05,95.97,2495.27,USD,SETTLED,BATCH-2078
AUTH171147,TXN-202411-0020,2024-11-06,Datafast,VISA,2610,36.86,1.29,33.54,USD,SETTLED,BATCH-7864
AUTH562651,TXN-202411-0021,2024-11-05,PayPhone,MASTERCARD,9340,34.86,1.55,31.39,USD,SETTLED,BATCH-6805
AUTH341591,TXN-202411-0022,2024-11-01,PayPhone,AMEX,9114,368.63,14.01,334.34,USD,SETTLED,BATCH-8912
AUTH812392,TXN-202411-0023,2024-11-18,Datafast,VISA,8843,251.78,8.81,229.12,USD,SETTLED,BATCH-4736
AUTH861093,TXN-202411-0024,2024-11-13,Datafast,VISA,7522,38.15,1.34,34.71,USD,SETTLED,BATCH-8829
AUTH765644,TXN-202411-0025,2024-11-27,PayPhone,VISA,3052,222.73,8.46,202.02,USD,SETTLED,BATCH-7802
AUTH194546,TXN-202411-0026,2024-11-07,Datafast,VISA,9696,149.94,5.25,136.44,USD,SETTLED,BATCH-3088
AUTH543715,TXN-202411-0027,2024-11-18,Datafast,DINERS,9891,134.27,4.7,122.19,USD,SETTLED,BATCH-5718
AUTH621195,TXN-202411-0028,2024-11-11,PayPhone,VISA,4551,63.53,2.83,57.2,USD,SETTLED,BATCH-3749
AUTH948259,TXN-202411-0029,2024-11-12,Medianet,MASTERCARD,7703,297.83,9.53,271.92,USD,SETTLED,BATCH-7643
AUTH198450,TXN-202411-0030,2024-11-08,Datafast,VISA,4869,69.48,2.43,63.23,USD,SETTLED,BATCH-7257
AUTH431385,TXN-202411-0031,2024-11-24,PayPhone,AMEX,8085,21.17,0.8,19.21,USD,SETTLED,BATCH-3267
AUTH543806,TXN-202411-0032,2024-11-04,PayPhone,VISA,9925,75.53,2.87,68.5,USD,SETTLED,BATCH-3062
AUTH156590,TXN-202411-0033,2024-11-08,Datafast,VISA,9617,27.61,0.97,25.12,USD,SETTLED,BATCH-6996
AUTH463710,TXN-202411-0034,2024-11-26,Medianet,VISA,6857,14.27,0.46,13.03,USD,SETTLED,BATCH-5287
AUTH652137,TXN-202411-0035,2024-11-03,Medianet,VISA,1402,193.4,6.19,176.58,USD,SETTLED,BATCH-3519
AUTH561412,TXN-202411-0036,2024-11-01,Datafast,MASTERCARD,2438,254.46,8.91,231.56,USD,SETTLED,BATCH-1541
AUTH699871,TXN-202411-0037,2024-11-26,PayPhone,MASTERCARD,7496,60.19,2.29,54.59,USD,SETTLED,BATCH-4617
AUTH164842,TXN-202411-0038,2024-11-17,Datafast,MASTERCARD,3645,29.28,1.02,26.65,USD,SETTLED,BATCH-7759
AUTH491558,TXN-202411-0039,2024-11-21,Datafast,VISA,8534,24.82,0.87,22.58,USD,SETTLED,BATCH-4783
AUTH235212,TXN-202411-0040,2024-11-18,Datafast,VISA,7578,77.52,2.71,70.54,USD,SETTLED,BATCH-1869
AUTH287949,TXN-202411-0041,2024-11-01,Datafast,AMEX,3816,23.35,0.82,21.25,USD,SETTLED,BATCH-2384
AUTH368079,TXN-202411-0042,2024-11-15,Medianet,DINERS,3603,380.12,12.16,347.05,USD,SETTLED,BATCH-5397
AUTH416902,TXN-202411-0043,2024-11-16,Medianet,VISA,4015,267.78,8.57,244.48,USD,SETTLED,BATCH-1960
AUTH178699,TXN-202411-0044,2024-11-03,Datafast,VISA,7965,52.24,1.83,47.54,USD,SETTLED,BATCH-2642
AUTH319350,TXN-202411-0045,2024-11-03,Medianet,VISA,8082,1983.52,63.47,1810.95,USD,SETTLED,BATCH-6440
AUTH357210,TXN-202411-0046,2024-11-25,Datafast,AMEX,8126,67.97,2.38,61.85,USD,SETTLED,BATCH-3429
AUTH719425,TXN-202411-0047,2024-11-27,Datafast,VISA,8272,60.54,2.12,55.09,USD,SETTLED,BATCH-8647
AUTH442252,TXN-202411-0048,2024-11-09,Datafast,MASTERCARD,9433,446.0,15.61,405.86,USD,SETTLED,BATCH-4960
AUTH422532,TXN-202411-0049,2024-11-21,Datafast,MASTERCARD,9435,42.49,1.96,38.2,USD,SETTLED,BATCH-2781
AUTH563824,TXN-202411-0050,2024-11-24,Datafast,MASTERCARD,1183,69.4,2.43,63.16,USD,SETTLED,BATCH-2862
AUTH694718,TXN-202411-0051,2024-11-01,PayPhone,VISA,4190,14.55,0.55,13.2,USD,SETTLED,BATCH-8538
AUTH378237,TXN-202411-0052,2024-11-04,Medianet,VISA,8332,70.23,2.25,64.12,USD,SETTLED,BATCH-4020
AUTH159364,TXN-202411-0053,2024-11-05,PayPhone,VISA,7505,300.33,11.41,272.41,USD,SETTLED,BATCH-3986
AUTH844127,TXN-202411-0054,2024-11-10,PayPhone,VISA,2402,13.82,0.53,12.53,USD,SETTLED,BATCH-7488
AUTH493610,TXN-202411-0055,2024-11-12,PayPhone,MASTERCARD,7474,51.13,1.94,46.38,USD,SETTLED,BATCH-6091
AUTH377048,TXN-202411-0056,2024-11-20,Medianet,VISA,6322,20.33,0.65,18.57,USD,SETTLED,BATCH-2078
AUTH867476,TXN-202411-0057,2024-11-11,Datafast,MASTERCARD,3769,20.8,0.73,18.92,USD,SETTLED,BATCH-5237
AUTH881543,TXN-202411-0058,2024-11-27,Medianet,AMEX,4068,44.33,1.42,40.48,USD,SETTLED,BATCH-9050
AUTH483114,TXN-202411-0059,2024-11-01,Datafast,VISA,9810,10.03,0.35,9.13,USD,SETTLED,BATCH-6378
AUTH324179,TXN-202411-0060,2024-11-04,Medianet,VISA,1011,39.39,1.26,35.97,USD,SETTLED,BATCH-7899
AUTH201789,TXN-202411-0061,2024-11-29,Medianet,MASTERCARD,8598,52.73,1.69,48.14,USD,SETTLED,BATCH-1208
AUTH813041,TXN-202411-0062,2024-11-30,Datafast,VISA,5774,26.31,0.92,23.95,USD,SETTLED,BATCH-1188
AUTH951077,TXN-202411-0063,2024-11-09,Medianet,VISA,4962,249.37,7.98,227.68,USD,SETTLED,BATCH-2077
AUTH435412,TXN-202411-0064,2024-11-24,Medianet,MASTERCARD,6209,16.43,0.53,15.0,USD,SETTLED,BATCH-9547
AUTH828127,TXN-202411-0065,2024-11-19,Datafast,VISA,9772,64.77,2.27,58.94,USD,SETTLED,BATCH-5356
AUTH590249,TXN-202411-0066,2024-11-09,Medianet,VISA,2739,328.71,10.52,300.11,USD,SETTLED,BATCH-3062
AUTH711869,TXN-202411-0067,2024-11-26,PayPhone,MASTERCARD,3221,17.61,0.67,15.97,USD,SETTLED,BATCH-4649
AUTH157057,TXN-202411-0068,2024-11-06,PayPhone,VISA,6299,141.53,5.38,128.36,USD,SETTLED,BATCH-4562
AUTH434829,TXN-202411-0069,2024-11-17,PayPhone,VISA,6593,101.92,3.87,92.44,USD,SETTLED,BATCH-6406
AUTH857786,TXN-202411-0070,2024-11-08,Datafast,VISA,8808,62.0,2.17,56.42,USD,SETTLED,BATCH-9642
AUTH582591,TXN-202411-0071,2024-11-27,Datafast,MASTERCARD,8868,229.1,8.02,208.48,USD,SETTLED,BATCH-5471
AUTH229088,TXN-202411-0072,2024-11-06,Datafast,VISA,8616,169.84,5.94,154.56,USD,SETTLED,BATCH-8346
AUTH700487,TXN-202411-0073,2024-11-16,PayPhone,MASTERCARD,3495,315.4,11.99,286.07,USD,SETTLED,BATCH-6016
AUTH871059,TXN-202411-0074,2024-11-12,Medianet,MASTERCARD,8107,262.87,8.41,240.0,USD,SETTLED,BATCH-3680
AUTH183835,TXN-202411-0075,2024-11-24,Datafast,VISA,6287,55.25,1.93,50.28,USD,SETTLED,BATCH-3587
AUTH895314,TXN-202411-0076,2024-11-13,Datafast,MASTERCARD,9126,2848.52,99.7,2592.15,USD,SETTLED,BATCH-9826
AUTH774219,TXN-202411-0077,2024-11-17,Datafast,MASTERCARD,7228,38.16,1.34,34.72,USD,SETTLED,BATCH-4970
AUTH650201,TXN-202411-0078,2024-11-09,Datafast,VISA,5855,32.67,1.14,29.73,USD,SETTLED,BATCH-6292
AUTH768178,TXN-202411-0079,2024-11-16,PayPhone,MASTERCARD,1408,25.62,0.97,23.24,USD,SETTLED,BATCH-7836
AUTH703538,TXN-202411-0080,2024-11-19,Datafast,MASTERCARD,9995,51.9,1.82,47.22,USD,SETTLED,BATCH-7806
AUTH657336,TXN-202411-0081,2024-11-16,PayPhone,DINERS,4079,2080.6,79.06,1887.1,USD,SETTLED,BATCH-8885
AUTH517186,TXN-202411-0082,2024-11-02,Datafast,AMEX,7051,419.12,14.67,381.4,USD,SETTLED,BATCH-8809
AUTH555844,TXN-202411-0083,2024-11-28,Datafast,AMEX,9719,60.21,2.11,54.79,USD,SETTLED,BATCH-2350
AUTH879715,TXN-202411-0084,2024-11-23,Datafast,AMEX,1403,38.25,1.34,34.81,USD,SETTLED,BATCH-6782
AUTH414933,TXN-202411-0085,2024-11-21,Datafast,AMEX,6195,68.94,2.41,62.74,USD,SETTLED,BATCH-5082
AUTH988786,TXN-202411-0086,2024-11-29,Medianet,VISA,1480,457.86,14.65,418.03,USD,SETTLED,BATCH-1325
AUTH853406,TXN-202411-0087,2024-11-01,Datafast,DINERS,2186,233.83,8.18,212.79,USD,SETTLED,BATCH-3765
AUTH524270,TXN-202411-0088,2024-11-27,Datafast,AMEX,5766,107.28,5.16,96.22,USD,SETTLED,BATCH-3722
AUTH708946,TXN-202411-0089,2024-11-20,Datafast,VISA,3044,8.34,0.29,7.59,USD,SETTLED,BATCH-8066
AUTH325242,TXN-202411-0090,2024-11-01,Medianet,VISA,8222,433.69,13.88,395.95,USD,SETTLED,BATCH-3679
AUTH550557,TXN-202411-0091,2024-11-23,Datafast,VISA,2791,47.61,1.67,43.32,USD,SETTLED,BATCH-5934
AUTH446132,TXN-202411-0092,2024-11-24,Medianet,VISA,7349,11.79,0.38,10.76,USD,SETTLED,BATCH-8618
AUTH507207,TXN-202411-0093,2024-11-26,Datafast,MASTERCARD,6401,2416.81,84.59,2199.29,USD,SETTLED,BATCH-4871
AUTH229032,TXN-202411-0094,2024-11-08,Datafast,VISA,8910,59.32,2.08,53.98,USD,SETTLED,BATCH-7597
AUTH680626,TXN-202411-0095,2024-11-25,PayPhone,MASTERCARD,4087,977.72,37.15,886.79,USD,SETTLED,BATCH-6315
AUTH346469,TXN-202411-0096,2024-11-05,Datafast,VISA,2146,154.76,5.42,140.83,USD,SETTLED,BATCH-1173
AUTH304271,TXN-202411-0097,2024-11-06,Datafast,VISA,3278,71.27,2.49,64.86,USD,SETTLED,BATCH-1699
AUTH437923,TXN-202411-0098,2024-11-12,Datafast,VISA,6775,31.64,1.11,28.79,USD,SETTLED,BATCH-4322
AUTH848141,TXN-202411-0099,2024-11-06,Medianet,MASTERCARD,7495,368.56,11.79,336.49,USD,SETTLED,BATCH-3347
AUTH736772,TXN-202411-0100,2024-11-23,PayPhone,MASTERCARD,6749,47.65,1.81,43.22,USD,SETTLED,BATCH-1260
AUTH618936,TXN-202411-0101,2024-11-23,Datafast,AMEX,2520,167.13,5.85,152.09,USD,SETTLED,BATCH-1621
AUTH376659,TXN-202411-0102,2024-11-07,Medianet,MASTERCARD,9755,43.5,1.39,39.72,USD,SETTLED,BATCH-1910
AUTH757668,TXN-202411-0103,2024-11-21,Datafast,VISA,9730,1792.57,62.74,1631.23,USD,SETTLED,BATCH-8083
AUTH803125,TXN-202411-0104,2024-11-22,Datafast,VISA,8231,47.28,1.65,43.03,USD,SETTLED,BATCH-5925
AUTH686747,TXN-202411-0105,2024-11-29,PayPhone,VISA,2315,31.92,1.21,28.95,USD,SETTLED,BATCH-8426
AUTH582351,TXN-202411-0106,2024-11-06,Datafast,VISA,2870,72.72,2.55,66.17,USD,SETTLED,BATCH-7661
AUTH515223,TXN-202411-0107,2024-11-26,Datafast,VISA,6052,6.63,0.23,6.03,USD,SETTLED,BATCH-2106
AUTH673506,TXN-202411-0108,2024-11-27,Datafast,MASTERCARD,9611,34.95,1.22,31.81,USD,SETTLED,BATCH-6107
AUTH107251,TXN-202411-0109,2024-11-10,Datafast,VISA,8021,55.89,1.96,50.85,USD,SETTLED,BATCH-5933
AUTH492435,TXN-202411-0110,2024-11-17,PayPhone,AMEX,1645,458.36,17.42,415.73,USD,SETTLED,BATCH-3386
AUTH820020,TXN-202411-0111,2024-11-01,Datafast,MASTERCARD,1918,1501.88,52.57,1366.71,USD,SETTLED,BATCH-8399
AUTH591475,TXN-202411-0112,2024-11-17,Medianet,DINERS,6915,485.4,15.53,443.18,USD,SETTLED,BATCH-9245
AUTH151564,TXN-202411-0113,2024-11-26,PayPhone,MASTERCARD,1714,54.76,2.08,49.67,USD,SETTLED,BATCH-9009
AUTH909497,TXN-202411-0114,2024-11-15,PayPhone,VISA,1071,416.63,15.83,377.88,USD,SETTLED,BATCH-5086
AUTH294757,TXN-202411-0115,2024-11-10,Datafast,VISA,4008,71.22,2.49,64.82,USD,SETTLED,BATCH-6322
AUTH354685,TXN-202411-0116,2024-11-08,Datafast,VISA,5290,11.76,0.41,10.7,USD,SETTLED,BATCH-6211
AUTH882334,TXN-202411-0117,2024-11-12,Medianet,AMEX,5419,40.8,1.31,37.24,USD,SETTLED,BATCH-5256
AUTH827779,TXN-202411-0118,2024-11-22,Datafast,MASTERCARD,3964,463.39,16.22,421.69,USD,SETTLED,BATCH-1860
AUTH601501,TXN-202411-0119,2024-11-05,PayPhone,MASTERCARD,9566,120.25,4.57,109.07,USD,SETTLED,BATCH-5655
AUTH988736,TXN-202411-0120,2024-11-27,Medianet,VISA,8327,457.17,14.63,417.4,USD,SETTLED,BATCH-3884
AUTH597075,TXN-202411-0121,2024-11-16,Medianet,VISA,9049,10.37,0.33,9.47,USD,SETTLED,BATCH-5072
AUTH940212,TXN-202411-0122,2024-11-25,Medianet,MASTERCARD,6727,50.64,1.62,46.23,USD,SETTLED,BATCH-3047
AUTH866547,TXN-202411-0123,2024-11-25,Datafast,VISA,8586,336.44,11.78,306.16,USD,SETTLED,BATCH-7562
AUTH193010,TXN-202411-0124,2024-11-07,PayPhone,MASTERCARD,1815,19.1,0.73,17.32,USD,SETTLED,BATCH-9072
AUTH668392,TXN-202411-0125,2024-11-10,Datafast,VISA,4816,258.8,9.06,235.5,USD,SETTLED,BATCH-3352
AUTH378249,TXN-202411-0126,2024-11-14,Datafast,AMEX,1272,76.89,2.69,69.97,USD,SETTLED,BATCH-2002
AUTH356230,TXN-202411-0127,2024-11-03,Datafast,MASTERCARD,3314,275.27,9.63,250.5,USD,SETTLED,BATCH-8092
AUTH997097,TXN-202411-0128,2024-11-01,Medianet,VISA,4214,417.49,13.36,381.17,USD,SETTLED,BATCH-8256
AUTH106269,TXN-202411-0129,2024-11-16,Datafast,MASTERCARD,1295,39.1,1.37,35.58,USD,SETTLED,BATCH-6958
AUTH944848,TXN-202411-0130,2024-11-09,PayPhone,VISA,3023,207.24,7.88,187.96,USD,SETTLED,BATCH-5385
AUTH773593,TXN-202411-0131,2024-11-12,Medianet,MASTERCARD,2665,269.11,8.61,245.7,USD,SETTLED,BATCH-4680
AUTH205131,TXN-202411-0132,2024-11-06,Medianet,AMEX,3456,779.18,24.93,711.4,USD,SETTLED,BATCH-4218
AUTH691042,TXN-202411-0133,2024-11-11,Medianet,VISA,6568,143.16,4.58,130.71,USD,SETTLED,BATCH-6009
AUTH294624,TXN-202411-0134,2024-11-15,Medianet,VISA,1216,385.6,12.34,352.05,USD,SETTLED,BATCH-4787
AUTH271906,TXN-202411-0135,2024-11-12,Datafast,VISA,2045,41.72,1.46,37.96,USD,SETTLED,BATCH-7557
AUTH126773,TXN-202411-0136,2024-11-10,PayPhone,MASTERCARD,9309,30.31,1.15,27.5,USD,SETTLED,BATCH-1314
AUTH732784,TXN-202411-0137,2024-11-11,Medianet,VISA,7413,6.31,0.2,5.77,USD,SETTLED,BATCH-5541
AUTH477362,TXN-202411-0138,2024-11-24,Medianet,MASTERCARD,1591,7.75,0.25,7.07,USD,SETTLED,BATCH-6234
AUTH553495,TXN-202411-0139,2024-11-21,Datafast,VISA,9083,59.51,2.08,54.15,USD,SETTLED,BATCH-4473
AUTH612616,TXN-202411-0140,2024-11-08,Datafast,VISA,5509,2222.48,77.79,2022.46,USD,SETTLED,BATCH-4001
AUTH353645,TXN-202411-0141,2024-11-02,PayPhone,MASTERCARD,3800,29.49,1.12,26.75,USD,SETTLED,BATCH-6681
AUTH327555,TXN-202411-0142,2024-11-17,Medianet,MASTERCARD,1376,122.47,3.92,111.82,USD,SETTLED,BATCH-3859
AUTH298866,TXN-202411-0143,2024-11-01,Datafast,DINERS,7578,257.46,9.01,234.29,USD,SETTLED,BATCH-9411
AUTH991613,TXN-202411-0144,2024-11-27,PayPhone,VISA,6646,450.83,17.13,408.9,USD,SETTLED,BATCH-8680
AUTH957084,TXN-202411-0145,2024-11-20,PayPhone,MASTERCARD,3445,497.87,18.92,451.57,USD,SETTLED,BATCH-4644
AUTH250634,TXN-202411-0146,2024-11-19,Medianet,MASTERCARD,3968,100.51,3.22,91.76,USD,SETTLED,BATCH-6478
AUTH823730,TXN-202411-0147,2024-11-06,Datafast,DINERS,3655,56.66,1.98,51.56,USD,SETTLED,BATCH-8482
AUTH840785,TXN-202411-0148,2024-11-10,Medianet,VISA,4720,18.59,0.59,16.97,USD,SETTLED,BATCH-4246
AUTH733029,TXN-202411-0149,2024-11-09,Datafast,VISA,4097,356.03,12.46,323.99,USD,SETTLED,BATCH-5065
AUTH832538,TXN-202411-0150,2024-11-08,Datafast,MASTERCARD,7685,120.8,4.23,109.92,USD,SETTLED,BATCH-9371
AUTH602328,TXN-202411-0151,2024-11-20,Medianet,VISA,4454,385.83,12.35,352.27,USD,SETTLED,BATCH-2615
AUTH323033,TXN-202411-0152,2024-11-30,Medianet,MASTERCARD,2950,34.18,1.09,31.21,USD,SETTLED,BATCH-4626
AUTH924321,TXN-202411-0153,2024-11-15,Datafast,VISA,1256,38.33,1.34,34.89,USD,SETTLED,BATCH-5034
AUTH815770,TXN-202411-0154,2024-11-13,Datafast,MASTERCARD,7298,34.25,1.2,31.17,USD,SETTLED,BATCH-1322
AUTH239734,TXN-202411-0155,2024-11-12,Medianet,MASTERCARD,3754,41.49,1.33,37.88,USD,SETTLED,BATCH-8887
AUTH320550,TXN-202411-0156,2024-11-11,Datafast,DINERS,1685,26.89,0.94,24.47,USD,SETTLED,BATCH-4808
AUTH692993,TXN-202411-0157,2024-11-12,Medianet,VISA,1223,150.03,6.5,135.28,USD,SETTLED,BATCH-5542
AUTH524539,TXN-202411-0158,2024-11-18,Datafast,DINERS,9167,78.0,2.73,70.98,USD,SETTLED,BATCH-6576
AUTH403138,TXN-202411-0159,2024-11-20,Datafast,VISA,4204,829.24,29.02,754.61,USD,SETTLED,BATCH-5072
AUTH371661,TXN-202411-0160,2024-11-06,Datafast,VISA,1324,1926.86,67.44,1753.44,USD,SETTLED,BATCH-4411
AUTH141857,TXN-202411-0161,2024-11-12,Medianet,DINERS,3229,1875.18,60.01,1712.04,USD,SETTLED,BATCH-1826
AUTH295080,TXN-202411-0162,2024-11-04,Datafast,MASTERCARD,5287,32.24,1.13,29.34,USD,SETTLED,BATCH-3962
AUTH687906,TXN-202411-0163,2024-11-18,PayPhone,DINERS,3830,213.47,8.11,193.62,USD,SETTLED,BATCH-4768
AUTH239850,TXN-202411-0164,2024-11-27,Datafast,AMEX,7306,39.79,1.39,36.21,USD,SETTLED,BATCH-7932
AUTH437809,TXN-202411-0165,2024-11-27,Datafast,AMEX,7938,5.25,0.18,4.78,USD,SETTLED,BATCH-6082
AUTH351734,TXN-202411-0166,2024-11-19,Medianet,MASTERCARD,3275,121.3,3.88,110.75,USD,SETTLED,BATCH-2662
AUTH900154,TXN-202411-0167,2024-11-08,Datafast,VISA,5252,7.18,0.25,6.54,USD,SETTLED,BATCH-3928
AUTH271825,TXN-202411-0168,2024-11-14,Medianet,MASTERCARD,8392,47.79,1.53,43.63,USD,SETTLED,BATCH-3499
AUTH955089,TXN-202411-0169,2024-11-03,Datafast,VISA,6955,278.2,9.74,253.16,USD,SETTLED,BATCH-5802
AUTH513960,TXN-202411-0170,2024-11-17,Datafast,MASTERCARD,4919,243.52,8.52,221.6,USD,SETTLED,BATCH-8793
AUTH942944,TXN-202411-0171,2024-11-06,PayPhone,VISA,8693,70.6,2.68,64.03,USD,SETTLED,BATCH-5153
AUTH582543,TXN-202411-0172,2024-11-29,PayPhone,DINERS,5723,26.97,1.02,24.47,USD,SETTLED,BATCH-1354
AUTH494329,TXN-202411-0173,2024-11-08,Datafast,VISA,1407,50.24,1.76,45.72,USD,SETTLED,BATCH-9826
AUTH747298,TXN-202411-0174,2024-11-11,PayPhone,MASTERCARD,6351,50.3,1.91,45.63,USD,SETTLED,BATCH-7132
AUTH722580,TXN-202411-0175,2024-11-22,Datafast,MASTERCARD,9107,61.15,2.14,55.65,USD,SETTLED,BATCH-4127
AUTH784448,TXN-202411-0176,2024-11-26,Datafast,MASTERCARD,2507,33.9,1.19,30.84,USD,SETTLED,BATCH-8514
AUTH295907,TXN-202411-0177,2024-11-20,PayPhone,AMEX,5539,58.68,2.23,53.22,USD,SETTLED,BATCH-3576
AUTH370833,TXN-202411-0178,2024-11-02,PayPhone,MASTERCARD,5998,67.08,3.11,60.28,USD,SETTLED,BATCH-1900
AUTH273369,TXN-202411-0179,2024-11-13,PayPhone,AMEX,7406,96.76,3.68,87.76,USD,SETTLED,BATCH-4960
AUTH560635,TXN-202411-0180,2024-11-04,PayPhone,MASTERCARD,7020,64.06,2.43,58.11,USD,SETTLED,BATCH-4770
AUTH596393,TXN-202411-0181,2024-11-24,PayPhone,MASTERCARD,7684,412.48,15.67,374.13,USD,SETTLED,BATCH-6682
AUTH348257,TXN-202411-0182,2024-11-16,Datafast,MASTERCARD,9127,23.23,0.81,21.14,USD,SETTLED,BATCH-1734
AUTH752161,TXN-202411-0183,2024-11-23,Datafast,VISA,5189,272.46,9.54,247.94,USD,SETTLED,BATCH-6311
AUTH843554,TXN-202411-0184,2024-11-11,Medianet,MASTERCARD,1814,56.69,1.81,51.76,USD,SETTLED,BATCH-2189
AUTH267199,TXN-202411-0185,2024-11-05,Medianet,MASTERCARD,7232,399.76,12.79,364.98,USD,SETTLED,BATCH-7549
AUTH334707,TXN-202411-0186,2024-11-10,Datafast,VISA,9892,32.2,1.13,29.3,USD,SETTLED,BATCH-1789
AUTH855949,TXN-202411-0187,2024-11-15,PayPhone,VISA,9076,279.62,10.63,253.61,USD,SETTLED,BATCH-3056
AUTH660901,TXN-202411-0188,2024-11-10,Datafast,MASTERCARD,4412,141.54,4.95,128.8,USD,SETTLED,BATCH-5072
AUTH454573,TXN-202411-0189,2024-11-05,Datafast,VISA,6929,324.96,11.37,295.72,USD,SETTLED,BATCH-3163
AUTH783362,TXN-202411-0190,2024-11-17,Datafast,VISA,5979,70.27,2.46,63.95,USD,SETTLED,BATCH-6351
AUTH247525,TXN-202411-0191,2024-11-19,Datafast,AMEX,5147,2109.63,73.84,1919.76,USD,SETTLED,BATCH-2570
AUTH149004,TXN-202411-0192,2024-11-06,Datafast,VISA,7105,283.8,9.93,258.26,USD,SETTLED,BATCH-1464
AUTH243299,TXN-202411-0193,2024-11-03,Datafast,VISA,4585,55.16,1.93,50.2,USD,SETTLED,BATCH-8986
AUTH349874,TXN-202411-0194,2024-11-24,Datafast,VISA,5167,50.65,1.77,46.09,USD,SETTLED,BATCH-2470
AUTH819334,TXN-202411-0195,2024-11-30,Medianet,VISA,6411,73.45,2.35,67.06,USD,SETTLED,BATCH-6990
AUTH291219,TXN-202411-0196,2024-11-08,PayPhone,AMEX,2074,300.13,11.4,272.22,USD,SETTLED,BATCH-6840
AUTH122744,TXN-202411-0197,2024-11-11,Datafast,MASTERCARD,5598,12.41,0.43,11.3,USD,SETTLED,BATCH-6312
AUTH703174,TXN-202411-0198,2024-11-28,Datafast,MASTERCARD,7239,60.59,2.12,55.13,USD,SETTLED,BATCH-9754
AUTH198483,TXN-202411-0199,2024-11-09,PayPhone,VISA,8030,184.15,7.0,167.02,USD,SETTLED,BATCH-9169
AUTH363572,TXN-202411-0200,2024-11-23,Datafast,DINERS,9994,175.9,6.16,160.06,USD,SETTLED,BATCH-1887
AUTH822196,TXN-202411-0201,2024-11-24,Datafast,DINERS,9789,25.81,0.9,23.49,USD,SETTLED,BATCH-5370
AUTH100139,TXN-202411-0202,2024-11-10,Medianet,AMEX,7862,831.37,26.6,759.05,USD,SETTLED,BATCH-1857
AUTH168428,TXN-202411-0203,2024-11-04,Datafast,VISA,6798,280.46,9.82,255.22,USD,SETTLED,BATCH-5479
AUTH543841,TXN-202411-0204,2024-11-16,PayPhone,VISA,9423,110.68,4.21,100.38,USD,SETTLED,BATCH-3488
AUTH746811,TXN-202411-0205,2024-11-20,Datafast,VISA,4254,49.2,1.72,44.78,USD,SETTLED,BATCH-3495
AUTH298074,TXN-202411-0206,2024-11-24,Datafast,VISA,5385,72.87,2.55,66.31,USD,SETTLED,BATCH-5901
AUTH339026,TXN-202411-0207,2024-11-15,Medianet,VISA,9301,338.05,10.82,308.64,USD,SETTLED,BATCH-6585
AUTH898118,TXN-202411-0208,2024-11-11,Datafast,VISA,4248,52.33,1.83,47.63,USD,SETTLED,BATCH-7443
AUTH937158,TXN-202411-0209,2024-11-18,Datafast,VISA,5860,190.96,6.68,173.78,USD,SETTLED,BATCH-6006
AUTH283697,TXN-202411-0210,2024-11-04,Datafast,MASTERCARD,4746,51.94,1.82,47.27,USD,SETTLED,BATCH-2166
AUTH641343,TXN-202411-0211,2024-11-06,Datafast,VISA,6786,1676.27,58.67,1525.41,USD,SETTLED,BATCH-2289
AUTH392448,TXN-202411-0212,2024-11-15,Datafast,VISA,9962,74.4,2.6,67.71,USD,SETTLED,BATCH-3560
AUTH407584,TXN-202411-0213,2024-11-25,Medianet,MASTERCARD,8028,63.41,2.03,57.9,USD,SETTLED,BATCH-7083
AUTH245018,TXN-202411-0214,2024-11-04,Datafast,MASTERCARD,3621,44.78,1.57,40.74,USD,SETTLED,BATCH-7099
AUTH322736,TXN-202411-0215,2024-11-06,Datafast,MASTERCARD,7823,144.93,5.07,131.89,USD,SETTLED,BATCH-2435
AUTH411345,TXN-202411-0216,2024-11-06,Medianet,MASTERCARD,9102,336.25,10.76,307.0,USD,SETTLED,BATCH-3156
AUTH618671,TXN-202411-0217,2024-11-25,PayPhone,DINERS,4536,411.27,15.63,373.02,USD,SETTLED,BATCH-6255
AUTH791895,TXN-202411-0218,2024-11-10,Datafast,DINERS,8113,69.22,2.42,63.0,USD,SETTLED,BATCH-4810
AUTH174031,TXN-202411-0219,2024-11-15,Datafast,VISA,7416,60.89,2.13,55.41,USD,SETTLED,BATCH-9367
AUTH734021,TXN-202411-0220,2024-11-13,Datafast,VISA,5910,62.17,2.18,56.57,USD,SETTLED,BATCH-1583
AUTH719697,TXN-202411-0221,2024-11-25,PayPhone,VISA,9480,489.49,18.6,443.97,USD,SETTLED,BATCH-8967
AUTH650786,TXN-202411-0222,2024-11-10,Datafast,MASTERCARD,6131,58.75,2.06,53.46,USD,SETTLED,BATCH-9468
AUTH256605,TXN-202411-0223,2024-11-24,Datafast,VISA,4937,46.86,1.64,42.64,USD,SETTLED,BATCH-2234
AUTH737647,TXN-202411-0224,2024-11-03,Medianet,MASTERCARD,3527,25.55,0.82,23.32,USD,SETTLED,BATCH-2493
AUTH109534,TXN-202411-0225,2024-11-02,Datafast,MASTERCARD,1480,1982.35,69.38,1803.94,USD,SETTLED,BATCH-5087
AUTH938541,TXN-202411-0226,2024-11-20,Datafast,DINERS,8548,184.94,6.47,168.3,USD,SETTLED,BATCH-6656
AUTH805343,TXN-202411-0227,2024-11-12,Datafast,VISA,8745,195.94,6.86,178.3,USD,SETTLED,BATCH-1349
AUTH606746,TXN-202411-0228,2024-11-11,PayPhone,VISA,6978,61.24,2.33,55.54,USD,SETTLED,BATCH-6722
AUTH447497,TXN-202411-0229,2024-11-07,Datafast,VISA,9593,27.41,0.96,24.95,USD,SETTLED,BATCH-4657
AUTH959704,TXN-202411-0230,2024-11-09,Datafast,VISA,8716,400.37,14.01,364.34,USD,SETTLED,BATCH-6080
AUTH436679,TXN-202411-0231,2024-11-03,Medianet,VISA,1074,62.91,2.01,57.44,USD,SETTLED,BATCH-5160
AUTH188189,TXN-202411-0232,2024-11-15,Medianet,VISA,9321,460.14,14.72,420.11,USD,SETTLED,BATCH-2120
AUTH444201,TXN-202411-0233,2024-11-11,PayPhone,VISA,5763,39.56,1.5,35.88,USD,SETTLED,BATCH-8707
AUTH983678,TXN-202411-0234,2024-11-01,Medianet,MASTERCARD,4992,61.07,1.95,55.76,USD,SETTLED,BATCH-2803
AUTH381782,TXN-202411-0235,2024-11-02,Datafast,VISA,3606,41.48,1.45,37.75,USD,SETTLED,BATCH-6458
AUTH823563,TXN-202411-0236,2024-11-02,Datafast,DINERS,7693,47.43,1.66,43.17,USD,SETTLED,BATCH-9146
AUTH458714,TXN-202411-0237,2024-11-11,PayPhone,VISA,4578,26.2,1.0,23.76,USD,SETTLED,BATCH-6145
AUTH232998,TXN-202411-0238,2024-11-04,Datafast,VISA,5125,46.87,1.64,42.65,USD,SETTLED,BATCH-6864
AUTH507900,TXN-202411-0239,2024-11-15,Datafast,MASTERCARD,5927,321.05,11.24,292.15,USD,SETTLED,BATCH-9129
AUTH160375,TXN-202411-0240,2024-11-27,Medianet,VISA,4995,56.3,1.8,51.41,USD,SETTLED,BATCH-2986
AUTH564063,TXN-202411-0241,2024-11-11,Datafast,AMEX,8055,880.51,30.82,801.26,USD,SETTLED,BATCH-7427
AUTH439327,TXN-202411-0242,2024-11-24,Datafast,MASTERCARD,6524,63.58,2.23,57.85,USD,SETTLED,BATCH-8081
AUTH557616,TXN-202411-0243,2024-11-13,PayPhone,VISA,9774,51.78,1.97,46.96,USD,SETTLED,BATCH-4778
AUTH696004,TXN-202411-0244,2024-11-19,Datafast,VISA,1518,69.17,2.42,62.96,USD,SETTLED,BATCH-3845
AUTH823230,TXN-202411-0245,2024-11-27,Medianet,MASTERCARD,6833,164.14,5.25,149.86,USD,SETTLED,BATCH-9436
AUTH738951,TXN-202411-0246,2024-11-07,PayPhone,AMEX,1389,322.28,12.25,292.31,USD,SETTLED,BATCH-3153
AUTH752566,TXN-202411-0247,2024-11-28,Datafast,VISA,6006,50.14,1.75,45.63,USD,SETTLED,BATCH-5549
AUTH172813,TXN-202411-0248,2024-11-11,Medianet,MASTERCARD,6228,1318.65,42.2,1203.92,USD,SETTLED,BATCH-7710
AUTH311539,TXN-202411-0249,2024-11-08,Medianet,VISA,1976,79.33,2.54,72.43,USD,SETTLED,BATCH-5030
AUTH677885,TXN-202411-0250,2024-11-04,Medianet,VISA,6917,476.64,15.25,435.17,USD,SETTLED,BATCH-1285
AUTH331879,TXN-202411-0251,2024-11-02,Datafast,AMEX,1522,167.61,5.87,152.52,USD,SETTLED,BATCH-8054
AUTH230355,TXN-202411-0252,2024-11-04,Datafast,VISA,3865,327.89,11.48,298.37,USD,SETTLED,BATCH-2971
AUTH130885,TXN-202411-0253,2024-11-06,PayPhone,MASTERCARD,9716,296.93,11.28,269.32,USD,SETTLED,BATCH-7725
AUTH103963,TXN-202411-0254,2024-11-11,Datafast,VISA,5409,394.87,13.82,359.33,USD,SETTLED,BATCH-3197
AUTH851431,TXN-202411-0255,2024-11-09,Datafast,DINERS,7568,231.14,8.09,210.34,USD,SETTLED,BATCH-2219
AUTH972769,TXN-202411-0256,2024-11-13,Datafast,VISA,8593,65.26,2.28,59.39,USD,SETTLED,BATCH-9789
AUTH512454,TXN-202411-0257,2024-11-28,Datafast,DINERS,3706,262.34,9.18,238.73,USD,SETTLED,BATCH-6974
AUTH926909,TXN-202411-0258,2024-11-13,Datafast,DINERS,1134,53.27,1.86,48.48,USD,SETTLED,BATCH-8087
AUTH398158,TXN-202411-0259,2024-11-02,Datafast,DINERS,1837,456.88,15.99,415.76,USD,SETTLED,BATCH-4890
AUTH357797,TXN-202411-0260,2024-11-05,PayPhone,VISA,8501,43.9,1.67,39.81,USD,SETTLED,BATCH-6176
AUTH323812,TXN-202411-0261,2024-11-24,Datafast,VISA,4228,168.13,5.88,153.0,USD,SETTLED,BATCH-3153
AUTH806147,TXN-202411-0262,2024-11-06,Datafast,MASTERCARD,5593,256.08,8.96,233.04,USD,SETTLED,BATCH-1151
AUTH262241,TXN-202411-0263,2024-11-29,PayPhone,MASTERCARD,3821,156.28,5.94,141.75,USD,SETTLED,BATCH-1012
AUTH293257,TXN-202411-0264,2024-11-12,Medianet,VISA,4213,35.27,1.13,32.2,USD,SETTLED,BATCH-8507
AUTH911028,TXN-202411-0265,2024-11-16,Medianet,VISA,1748,7.14,0.23,6.52,USD,SETTLED,BATCH-8140
AUTH895206,TXN-202411-0266,2024-11-25,Medianet,VISA,8658,45.46,1.45,41.51,USD,SETTLED,BATCH-2198
AUTH553504,TXN-202411-0267,2024-11-08,Medianet,VISA,8320,31.15,1.0,28.44,USD,SETTLED,BATCH-6122
AUTH755797,TXN-202411-0268,2024-11-14,Datafast,VISA,4723,1661.08,58.14,1511.58,USD,SETTLED,BATCH-1680
AUTH859909,TXN-202411-0269,2024-11-16,Datafast,AMEX,9028,80.3,2.81,73.08,USD,SETTLED,BATCH-5737
AUTH916927,TXN-202411-0270,2024-11-20,PayPhone,VISA,3324,45.5,1.73,41.26,USD,SETTLED,BATCH-3520
AUTH257860,TXN-202411-0271,2024-11-07,Medianet,VISA,6156,437.83,14.01,399.74,USD,SETTLED,BATCH-1896
AUTH234512,TXN-202411-0272,2024-11-03,Datafast,VISA,5417,1063.88,37.24,968.13,USD,SETTLED,BATCH-6151
AUTH616699,TXN-202411-0273,2024-11-08,Datafast,VISA,6658,124.2,4.35,113.02,USD,SETTLED,BATCH-7314
AUTH571230,TXN-202411-0274,2024-11-22,Datafast,MASTERCARD,1078,78.05,2.73,71.03,USD,SETTLED,BATCH-9207
AUTH590145,TXN-202411-0275,2024-11-05,Medianet,MASTERCARD,4959,399.16,12.77,364.44,USD,SETTLED,BATCH-6873
AUTH589540,TXN-202411-0276,2024-11-02,Datafast,MASTERCARD,1468,472.54,16.54,430.01,USD,SETTLED,BATCH-7881
AUTH328950,TXN-202411-0277,2024-11-06,PayPhone,VISA,2039,19.84,0.75,18.0,USD,SETTLED,BATCH-8297
AUTH313649,TXN-202411-0278,2024-11-11,Datafast,VISA,7909,147.99,5.18,134.67,USD,SETTLED,BATCH-8546
AUTH179096,TXN-202411-0279,2024-11-27,Medianet,VISA,3256,52.15,1.67,47.61,USD,SETTLED,BATCH-2267
AUTH534286,TXN-202411-0280,2024-11-15,Datafast,DINERS,6489,24.71,0.86,22.49,USD,SETTLED,BATCH-6014
AUTH861241,TXN-202411-0281,2024-11-29,Medianet,MASTERCARD,6753,30.3,0.97,27.67,USD,SETTLED,BATCH-4110
AUTH630822,TXN-202411-0282,2024-11-22,Datafast,AMEX,2801,46.17,1.62,42.01,USD,SETTLED,BATCH-4535
AUTH833839,TXN-202411-0283,2024-11-12,Medianet,VISA,6805,9.73,0.31,8.88,USD,SETTLED,BATCH-7921
AUTH135410,TXN-202411-0284,2024-11-15,Medianet,DINERS,1629,22.03,0.7,20.12,USD,SETTLED,BATCH-1392
AUTH517779,TXN-202411-0285,2024-11-15,Datafast,MASTERCARD,3173,31.07,1.09,28.27,USD,SETTLED,BATCH-9276
AUTH521327,TXN-202411-0286,2024-11-06,Medianet,DINERS,1079,2929.2,93.73,2674.37,USD,SETTLED,BATCH-1688
AUTH413249,TXN-202411-0287,2024-11-22,PayPhone,AMEX,5913,15.63,0.59,14.18,USD,SETTLED,BATCH-1621
AUTH865579,TXN-202411-0288,2024-11-25,Medianet,VISA,6627,300.74,9.62,274.58,USD,SETTLED,BATCH-2790
AUTH601368,TXN-202411-0289,2024-11-18,Medianet,MASTERCARD,1379,44.99,1.44,41.08,USD,SETTLED,BATCH-1723
AUTH129650,TXN-202411-0290,2024-11-22,Medianet,DINERS,4030,16.91,0.54,15.44,USD,SETTLED,BATCH-2288
AUTH941644,TXN-202411-0291,2024-11-23,Medianet,AMEX,2543,74.8,2.39,68.29,USD,SETTLED,BATCH-5661
AUTH564466,TXN-202411-0292,2024-11-02,Medianet,DINERS,6106,20.16,0.65,18.4,USD,SETTLED,BATCH-7841
AUTH103616,TXN-202411-0293,2024-11-15,Datafast,AMEX,4436,2734.36,95.7,2488.27,USD,SETTLED,BATCH-2573
AUTH317406,TXN-202411-0294,2024-11-18,Datafast,DINERS,6626,23.85,0.83,21.71,USD,SETTLED,BATCH-1820
AUTH685641,TXN-202411-0295,2024-11-02,Datafast,DINERS,4718,482.9,16.9,439.44,USD,SETTLED,BATCH-4547
AUTH479066,TXN-202411-0296,2024-11-08,Datafast,VISA,2060,77.91,2.73,70.89,USD,SETTLED,BATCH-3437
AUTH154903,TXN-202411-0297,2024-11-27,Medianet,MASTERCARD,3281,19.5,0.62,17.8,USD,SETTLED,BATCH-8955
AUTH349603,TXN-202411-0298,2024-11-04,Datafast,DINERS,8602,71.95,2.52,65.47,USD,SETTLED,BATCH-9412
AUTH496835,TXN-202411-0299,2024-11-22,Medianet,DINERS,5338,38.25,1.22,34.93,USD,SETTLED,BATCH-9592
AUTH936313,TXN-202411-0300,2024-11-04,Medianet,VISA,4809,28.34,0.91,25.87,USD,SETTLED,BATCH-9205
AUTH136231,TXN-202411-0301,2024-11-18,Medianet,VISA,4666,66.67,2.13,60.87,USD,SETTLED,BATCH-2608
AUTH451333,TXN-202411-0302,2024-11-24,Medianet,VISA,9052,396.79,12.7,362.26,USD,SETTLED,BATCH-9813
AUTH744205,TXN-202411-0303,2024-11-09,PayPhone,DINERS,6416,67.85,2.58,61.54,USD,SETTLED,BATCH-4393
AUTH428405,TXN-202411-0304,2024-11-28,Medianet,VISA,4081,58.23,1.86,53.18,USD,SETTLED,BATCH-1626
AUTH277697,TXN-202411-0305,2024-11-20,Medianet,VISA,2288,79.82,2.55,72.86,USD,SETTLED,BATCH-5604
AUTH754211,TXN-202411-0306,2024-11-23,PayPhone,VISA,2647,287.7,10.93,260.94,USD,SETTLED,BATCH-7401
AUTH627877,TXN-202411-0307,2024-11-24,Datafast,MASTERCARD,2829,197.69,6.92,179.89,USD,SETTLED,BATCH-2877
AUTH934822,TXN-202411-0308,2024-11-27,Datafast,VISA,3330,36.47,1.28,33.19,USD,SETTLED,BATCH-7322
AUTH419014,TXN-202411-0309,2024-11-08,PayPhone,VISA,4915,65.45,2.49,59.36,USD,SETTLED,BATCH-4982
AUTH241843,TXN-202411-0310,2024-11-25,Datafast,MASTERCARD,6776,123.67,4.33,112.53,USD,SETTLED,BATCH-9568
AUTH760785,TXN-202411-0311,2024-11-28,Datafast,MASTERCARD,1478,334.78,11.72,304.64,USD,SETTLED,BATCH-2865
AUTH401637,TXN-202411-0312,2024-11-04,Datafast,MASTERCARD,5501,413.31,14.47,376.11,USD,SETTLED,BATCH-7678
AUTH188934,TXN-202411-0313,2024-11-23,Datafast,DINERS,3733,48.51,1.7,44.14,USD,SETTLED,BATCH-9327
AUTH863285,TXN-202411-0314,2024-11-26,Datafast,VISA,7571,225.87,7.91,205.54,USD,SETTLED,BATCH-8751
AUTH964122,TXN-202411-0315,2024-11-27,PayPhone,MASTERCARD,6864,75.51,2.87,68.48,USD,SETTLED,BATCH-9776
AUTH139419,TXN-202411-0316,2024-11-06,Medianet,VISA,4025,1040.1,33.28,949.62,USD,SETTLED,BATCH-6772
AUTH771417,TXN-202411-0317,2024-11-01,Medianet,VISA,8548,35.91,1.15,32.78,USD,SETTLED,BATCH-2451
AUTH595889,TXN-202411-0318,2024-11-12,Datafast,AMEX,5328,56.23,1.97,51.17,USD,SETTLED,BATCH-9641
AUTH929513,TXN-202411-0319,2024-11-21,Datafast,MASTERCARD,3441,57.43,2.01,52.27,USD,SETTLED,BATCH-6787
AUTH842454,TXN-202411-0320,2024-11-21,Medianet,VISA,8112,442.66,14.17,404.14,USD,SETTLED,BATCH-7888
AUTH411963,TXN-202411-0321,2024-11-16,Medianet,MASTERCARD,7230,152.26,4.87,139.02,USD,SETTLED,BATCH-1749
AUTH863284,TXN-202411-0322,2024-11-08,Datafast,MASTERCARD,4001,431.22,15.09,392.42,USD,SETTLED,BATCH-6742
AUTH156251,TXN-202411-0323,2024-11-11,PayPhone,VISA,6635,348.57,13.25,316.14,USD,SETTLED,BATCH-1576
AUTH238701,TXN-202411-0324,2024-11-23,Datafast,VISA,2818,24.85,0.87,22.61,USD,SETTLED,BATCH-7255
AUTH620155,TXN-202411-0325,2024-11-06,Datafast,AMEX,1837,397.0,13.9,361.27,USD,SETTLED,BATCH-6473
AUTH383376,TXN-202411-0326,2024-11-21,Datafast,VISA,9578,42.96,1.5,39.1,USD,SETTLED,BATCH-7557
AUTH119401,TXN-202411-0327,2024-11-03,Datafast,MASTERCARD,6955,51.39,1.8,46.77,USD,SETTLED,BATCH-9786
AUTH808205,TXN-202411-0328,2024-11-28,Datafast,MASTERCARD,9124,2157.98,75.53,1963.76,USD,SETTLED,BATCH-3626
AUTH779481,TXN-202411-0329,2024-11-13,Datafast,VISA,4660,14.98,0.52,13.64,USD,SETTLED,BATCH-7229
AUTH555426,TXN-202411-0330,2024-11-20,PayPhone,MASTERCARD,9659,415.36,15.78,376.74,USD,SETTLED,BATCH-8841
AUTH596231,TXN-202411-0331,2024-11-08,PayPhone,VISA,4152,66.96,2.54,60.74,USD,SETTLED,BATCH-3885
AUTH919463,TXN-202411-0332,2024-11-23,Datafast,DINERS,6735,21.84,0.76,19.88,USD,SETTLED,BATCH-9585
AUTH895461,TXN-202411-0333,2024-11-01,Datafast,VISA,6710,170.71,5.97,155.35,USD,SETTLED,BATCH-1561
AUTH484642,TXN-202411-0334,2024-11-14,Datafast,VISA,5793,431.93,15.12,393.05,USD,SETTLED,BATCH-1197
AUTH630935,TXN-202411-0335,2024-11-19,Medianet,MASTERCARD,6606,68.59,2.19,62.62,USD,SETTLED,BATCH-8850
AUTH275116,TXN-202411-0336,2024-11-23,Medianet,AMEX,2314,2366.98,75.74,2161.06,USD,SETTLED,BATCH-3557
AUTH548819,TXN-202411-0337,2024-11-30,PayPhone,VISA,5252,72.5,2.75,65.77,USD,SETTLED,BATCH-8999
AUTH575469,TXN-202411-0338,2024-11-28,Datafast,VISA,8067,836.23,29.27,760.97,USD,SETTLED,BATCH-3565
AUTH540661,TXN-202411-0339,2024-11-26,Datafast,MASTERCARD,1671,78.58,2.75,71.5,USD,SETTLED,BATCH-1029
AUTH244409,TXN-202411-0340,2024-11-08,Medianet,MASTERCARD,2324,66.97,2.14,61.15,USD,SETTLED,BATCH-2839
AUTH489284,TXN-202411-0341,2024-11-08,Datafast,MASTERCARD,4803,2552.69,89.34,2322.95,USD,SETTLED,BATCH-5757
AUTH696822,TXN-202411-0342,2024-11-19,Datafast,AMEX,6311,37.84,1.32,34.44,USD,SETTLED,BATCH-8330
AUTH102537,TXN-202411-0343,2024-11-21,Datafast,DINERS,2536,38.64,1.35,35.16,USD,SETTLED,BATCH-3528
AUTH982751,TXN-202411-0344,2024-11-12,PayPhone,VISA,2284,106.79,4.06,96.85,USD,SETTLED,BATCH-4164
AUTH550573,TXN-202411-0345,2024-11-01,PayPhone,VISA,8809,72.24,2.75,65.54,USD,SETTLED,BATCH-8505
AUTH970744,TXN-202411-0346,2024-11-13,Medianet,VISA,5987,136.01,4.35,124.18,USD,SETTLED,BATCH-4453
AUTH267668,TXN-202411-0347,2024-11-08,Medianet,VISA,6636,207.96,6.65,189.87,USD,SETTLED,BATCH-6762
AUTH114463,TXN-202411-0348,2024-11-22,Medianet,MASTERCARD,6856,62.47,2.0,57.04,USD,SETTLED,BATCH-7880
AUTH983708,TXN-202411-0349,2024-11-12,Datafast,VISA,6122,379.09,13.27,344.97,USD,SETTLED,BATCH-5632
AUTH141953,TXN-202411-0350,2024-11-24,Datafast,DINERS,4603,302.5,10.59,275.28,USD,SETTLED,BATCH-1290
AUTH357016,TXN-202411-0351,2024-11-06,Medianet,VISA,8434,398.7,12.76,364.01,USD,SETTLED,BATCH-8636
AUTH840911,TXN-202411-0352,2024-11-04,Datafast,DINERS,1512,219.35,7.68,199.61,USD,SETTLED,BATCH-9450
AUTH524503,TXN-202411-0353,2024-11-23,Medianet,DINERS,7846,35.57,1.14,32.47,USD,SETTLED,BATCH-4658
AUTH300183,TXN-202411-0354,2024-11-23,Datafast,VISA,3223,31.64,1.56,28.34,USD,SETTLED,BATCH-1471
AUTH943946,TXN-202411-0355,2024-11-08,PayPhone,VISA,8764,35.11,1.33,31.85,USD,SETTLED,BATCH-9740
AUTH633050,TXN-202411-0356,2024-11-17,PayPhone,MASTERCARD,4055,61.39,2.33,55.69,USD,SETTLED,BATCH-4636
AUTH794534,TXN-202411-0357,2024-11-12,Datafast,MASTERCARD,9909,647.87,22.68,589.56,USD,SETTLED,BATCH-1814
AUTH474163,TXN-202411-0358,2024-11-13,Datafast,DINERS,2763,5.35,0.19,4.87,USD,SETTLED,BATCH-7559
AUTH765104,TXN-202411-0359,2024-11-06,Datafast,AMEX,7811,440.93,15.43,401.25,USD,SETTLED,BATCH-8265
AUTH988090,TXN-202411-0360,2024-11-04,Medianet,VISA,8465,78.18,2.5,71.38,USD,SETTLED,BATCH-9526
AUTH932422,TXN-202411-0361,2024-11-23,PayPhone,MASTERCARD,4273,454.4,17.27,412.14,USD,SETTLED,BATCH-7082
AUTH948898,TXN-202411-0362,2024-11-30,Medianet,AMEX,5054,51.66,1.65,47.17,USD,SETTLED,BATCH-2691
AUTH523142,TXN-202411-0363,2024-11-30,PayPhone,MASTERCARD,8246,75.07,2.85,68.09,USD,SETTLED,BATCH-5182
AUTH934103,TXN-202411-0364,2024-11-04,Datafast,MASTERCARD,5098,150.3,5.26,136.78,USD,SETTLED,BATCH-6679
AUTH375117,TXN-202411-0365,2024-11-15,Datafast,VISA,7312,221.71,7.76,201.75,USD,SETTLED,BATCH-5653
AUTH531618,TXN-202411-0366,2024-11-18,Medianet,VISA,2564,13.73,0.44,12.53,USD,SETTLED,BATCH-9988
AUTH864336,TXN-202411-0367,2024-11-07,Datafast,VISA,3300,66.32,2.32,60.36,USD,SETTLED,BATCH-4349
AUTH174421,TXN-202411-0368,2024-11-27,Datafast,VISA,2423,1701.06,59.54,1547.96,USD,SETTLED,BATCH-7744
AUTH396458,TXN-202411-0369,2024-11-22,Medianet,AMEX,6201,43.99,1.41,40.16,USD,SETTLED,BATCH-8560
AUTH701543,TXN-202411-0370,2024-11-13,Datafast,MASTERCARD,8792,303.41,10.62,276.11,USD,SETTLED,BATCH-2301
AUTH569569,TXN-202411-0371,2024-11-10,Medianet,VISA,7136,62.26,1.99,56.85,USD,SETTLED,BATCH-5263
AUTH380248,TXN-202411-0372,2024-11-04,Datafast,VISA,7933,6.79,0.24,6.17,USD,SETTLED,BATCH-7349
AUTH430365,TXN-202411-0373,2024-11-25,Medianet,MASTERCARD,3732,79.42,2.54,72.52,USD,SETTLED,BATCH-8877
AUTH723915,TXN-202411-0374,2024-11-03,Medianet,MASTERCARD,7969,8.12,0.26,7.41,USD,SETTLED,BATCH-5316
AUTH609294,TXN-202411-0375,2024-11-11,PayPhone,MASTERCARD,5216,152.81,5.81,138.59,USD,SETTLED,BATCH-1578
AUTH777053,TXN-202411-0376,2024-11-12,Datafast,VISA,2663,1462.25,51.18,1330.65,USD,SETTLED,BATCH-8123
AUTH714673,TXN-202411-0377,2024-11-17,Datafast,AMEX,3847,390.19,13.66,355.07,USD,SETTLED,BATCH-7208
AUTH319011,TXN-202411-0378,2024-11-15,Medianet,MASTERCARD,7951,21.09,0.67,19.26,USD,SETTLED,BATCH-9631
AUTH209562,TXN-202411-0379,2024-11-07,PayPhone,MASTERCARD,1470,20.27,0.77,18.39,USD,SETTLED,BATCH-9439
AUTH648110,TXN-202411-0380,2024-11-23,Medianet,VISA,9416,1015.07,32.48,926.76,USD,SETTLED,BATCH-7846
AUTH328158,TXN-202411-0381,2024-11-27,PayPhone,VISA,5219,66.02,2.51,59.88,USD,SETTLED,BATCH-8363
AUTH715592,TXN-202411-0382,2024-11-27,PayPhone,DINERS,9613,236.15,8.97,214.19,USD,SETTLED,BATCH-7104
AUTH832936,TXN-202411-0383,2024-11-29,Datafast,VISA,2941,55.14,1.93,50.18,USD,SETTLED,BATCH-2120
AUTH907481,TXN-202411-0384,2024-11-29,Medianet,MASTERCARD,9374,1274.35,40.78,1163.48,USD,SETTLED,BATCH-6531
AUTH698456,TXN-202411-0385,2024-11-14,Medianet,VISA,8242,254.67,8.15,232.51,USD,SETTLED,BATCH-9051
AUTH812393,TXN-202411-0386,2024-11-20,Datafast,AMEX,7426,285.05,9.98,259.41,USD,SETTLED,BATCH-2654
AUTH607935,TXN-202411-0387,2024-11-22,Medianet,VISA,3617,268.63,8.6,245.25,USD,SETTLED,BATCH-2376
AUTH884923,TXN-202411-0388,2024-11-16,Datafast,MASTERCARD,1231,72.67,2.54,66.13,USD,SETTLED,BATCH-7962
AUTH702213,TXN-202411-0389,2024-11-22,Datafast,VISA,1970,1141.25,39.94,1038.54,USD,SETTLED,BATCH-5986
AUTH979380,TXN-202411-0390,2024-11-19,PayPhone,VISA,7945,26.35,1.0,23.9,USD,SETTLED,BATCH-6805
AUTH667996,TXN-202411-0391,2024-11-03,Datafast,VISA,4834,451.29,15.8,410.67,USD,SETTLED,BATCH-8063
AUTH842462,TXN-202411-0392,2024-11-16,PayPhone,VISA,2373,7.68,0.29,6.96,USD,SETTLED,BATCH-1744
AUTH391290,TXN-202411-0393,2024-11-23,Datafast,VISA,8069,11.27,0.39,10.26,USD,SETTLED,BATCH-6752
AUTH983020,TXN-202411-0394,2024-11-20,Datafast,MASTERCARD,4940,15.71,0.55,14.29,USD,SETTLED,BATCH-6987
AUTH727212,TXN-202411-0395,2024-11-24,Medianet,MASTERCARD,1330,2421.37,77.48,2210.72,USD,SETTLED,BATCH-7589
AUTH927948,TXN-202411-0396,2024-11-09,Datafast,VISA,4848,69.46,2.43,63.21,USD,SETTLED,BATCH-4395
AUTH181145,TXN-202411-0397,2024-11-05,Datafast,VISA,6505,244.35,8.55,222.36,USD,SETTLED,BATCH-5975
AUTH370204,TXN-202411-0398,2024-11-24,Medianet,VISA,2208,221.07,7.07,201.84,USD,SETTLED,BATCH-5078
AUTH727826,TXN-202411-0399,2024-11-10,Datafast,VISA,8140,332.7,11.64,302.78,USD,SETTLED,BATCH-2464
AUTH840363,TXN-202411-0400,2024-11-03,Datafast,MASTERCARD,9094,13.35,0.47,12.15,USD,SETTLED,BATCH-9253
AUTH630669,TXN-202411-0401,2024-11-11,Medianet,VISA,1971,384.11,12.29,350.7,USD,SETTLED,BATCH-1799
AUTH548003,TXN-202411-0402,2024-11-01,Datafast,AMEX,6091,82.48,2.89,75.06,USD,SETTLED,BATCH-8190
AUTH136051,TXN-202411-0403,2024-11-25,Datafast,VISA,6498,439.94,15.4,400.34,USD,SETTLED,BATCH-4432
AUTH717902,TXN-202411-0404,2024-11-16,Datafast,MASTERCARD,1532,66.8,2.34,60.78,USD,SETTLED,BATCH-3401
AUTH876043,TXN-202411-0405,2024-11-24,Medianet,VISA,6405,268.86,8.6,245.47,USD,SETTLED,BATCH-1266
AUTH750348,TXN-202411-0406,2024-11-15,Medianet,MASTERCARD,9844,79.1,2.53,72.22,USD,SETTLED,BATCH-1530
AUTH430295,TXN-202411-0407,2024-11-05,PayPhone,VISA,3340,32.01,1.22,29.03,USD,SETTLED,BATCH-3206
AUTH953402,TXN-202411-0408,2024-11-29,Medianet,VISA,3048,2997.85,95.93,2737.04,USD,SETTLED,BATCH-6726
AUTH428815,TXN-202411-0409,2024-11-15,Datafast,VISA,7861,140.47,4.92,127.83,USD,SETTLED,BATCH-9671
AUTH114896,TXN-202411-0410,2024-11-27,Medianet,MASTERCARD,8220,35.17,1.13,32.11,USD,SETTLED,BATCH-6670
AUTH395798,TXN-202411-0411,2024-11-24,Datafast,DINERS,4728,36.33,1.27,33.07,USD,SETTLED,BATCH-8020
AUTH726225,TXN-202411-0412,2024-11-13,Datafast,VISA,2637,29.45,1.03,26.8,USD,SETTLED,BATCH-6427
AUTH836310,TXN-202411-0413,2024-11-07,Medianet,VISA,3838,19.32,0.62,17.64,USD,SETTLED,BATCH-4504
AUTH939317,TXN-202411-0414,2024-11-25,Medianet,MASTERCARD,4527,1870.51,59.86,1707.77,USD,SETTLED,BATCH-4935
AUTH793988,TXN-202411-0415,2024-11-18,Datafast,VISA,5594,40.27,1.41,36.65,USD,SETTLED,BATCH-8695
AUTH317618,TXN-202411-0416,2024-11-14,Datafast,AMEX,4754,2675.28,93.63,2434.51,USD,SETTLED,BATCH-8812
AUTH249865,TXN-202411-0417,2024-11-30,Datafast,VISA,9700,357.05,12.5,324.91,USD,SETTLED,BATCH-8898
AUTH963550,TXN-202411-0418,2024-11-19,Datafast,DINERS,9693,20.48,0.72,18.64,USD,SETTLED,BATCH-4964
AUTH537199,TXN-202411-0419,2024-11-21,Datafast,DINERS,1630,403.08,14.11,366.8,USD,SETTLED,BATCH-1301
AUTH912727,TXN-202411-0420,2024-11-08,Medianet,AMEX,6055,28.74,0.92,26.24,USD,SETTLED,BATCH-4277
AUTH557722,TXN-202411-0421,2024-11-20,Datafast,DINERS,9226,74.98,2.62,68.24,USD,SETTLED,BATCH-2628
AUTH411006,TXN-202411-0422,2024-11-03,Medianet,AMEX,6638,410.52,13.14,374.8,USD,SETTLED,BATCH-7201
AUTH326993,TXN-202411-0423,2024-11-11,Datafast,AMEX,2481,68.95,2.41,62.75,USD,SETTLED,BATCH-9112
AUTH233755,TXN-202411-0424,2024-11-12,Datafast,VISA,5780,68.05,2.38,61.93,USD,SETTLED,BATCH-8881
AUTH238189,TXN-202411-0425,2024-11-23,PayPhone,MASTERCARD,3494,279.54,10.62,253.54,USD,SETTLED,BATCH-2773
AUTH881505,TXN-202411-0426,2024-11-05,Datafast,VISA,1936,458.34,16.04,417.1,USD,SETTLED,BATCH-3635
AUTH333236,TXN-202411-0427,2024-11-18,Datafast,MASTERCARD,3379,146.48,5.13,133.3,USD,SETTLED,BATCH-7810
AUTH719160,TXN-202411-0428,2024-11-04,Datafast,DINERS,7050,459.53,16.08,418.17,USD,SETTLED,BATCH-2765
AUTH369756,TXN-202411-0429,2024-11-29,PayPhone,AMEX,4969,7.95,0.3,7.21,USD,SETTLED,BATCH-7081
AUTH499513,TXN-202411-0430,2024-11-27,Datafast,VISA,7565,326.19,11.42,296.83,USD,SETTLED,BATCH-5639
AUTH206356,TXN-202411-0431,2024-11-16,PayPhone,MASTERCARD,5878,72.05,2.74,65.35,USD,SETTLED,BATCH-9970
AUTH237114,TXN-202411-0432,2024-11-03,Medianet,AMEX,7000,2716.23,86.92,2479.92,USD,SETTLED,BATCH-8872
AUTH205742,TXN-202411-0433,2024-11-30,Datafast,VISA,1756,16.21,0.57,14.75,USD,SETTLED,BATCH-3518
AUTH264572,TXN-202411-0434,2024-11-26,Datafast,MASTERCARD,3371,64.46,2.26,58.66,USD,SETTLED,BATCH-1206
AUTH853507,TXN-202411-0435,2024-11-19,Datafast,DINERS,3878,51.64,1.81,46.99,USD,SETTLED,BATCH-2695
AUTH674674,TXN-202411-0436,2024-11-17,PayPhone,VISA,4891,43.51,1.65,39.46,USD,SETTLED,BATCH-3352
AUTH714175,TXN-202411-0437,2024-11-10,Datafast,AMEX,2754,22.91,0.8,20.85,USD,SETTLED,BATCH-5302
AUTH838080,TXN-202411-0438,2024-11-25,Datafast,VISA,5035,61.25,2.14,55.74,USD,SETTLED,BATCH-1943
AUTH659590,TXN-202411-0439,2024-11-30,Datafast,VISA,5183,134.87,4.72,122.73,USD,SETTLED,BATCH-3269
AUTH944713,TXN-202411-0440,2024-11-16,Datafast,MASTERCARD,3171,19.97,0.7,18.17,USD,SETTLED,BATCH-7143
AUTH782535,TXN-202411-0441,2024-11-12,Datafast,MASTERCARD,8723,33.14,1.16,30.16,USD,SETTLED,BATCH-5752
AUTH178255,TXN-202411-0442,2024-11-12,PayPhone,MASTERCARD,6927,30.66,1.17,27.8,USD,SETTLED,BATCH-6521
AUTH792618,TXN-202411-0443,2024-11-15,Datafast,VISA,7079,11.25,0.39,10.24,USD,SETTLED,BATCH-6263
AUTH209397,TXN-202411-0444,2024-11-04,Datafast,MASTERCARD,8234,43.16,1.51,39.28,USD,SETTLED,BATCH-1389
AUTH445552,TXN-202411-0445,2024-11-12,PayPhone,AMEX,7202,10.58,0.4,9.59,USD,SETTLED,BATCH-1947
AUTH745836,TXN-202411-0446,2024-11-01,Datafast,AMEX,8644,442.75,15.5,402.9,USD,SETTLED,BATCH-6604
AUTH402321,TXN-202411-0447,2024-11-05,Datafast,AMEX,4027,339.33,11.88,308.79,USD,SETTLED,BATCH-5846
AUTH689703,TXN-202411-0448,2024-11-26,Medianet,AMEX,2047,70.51,2.26,64.37,USD,SETTLED,BATCH-1513
AUTH455922,TXN-202411-0449,2024-11-24,Datafast,VISA,2805,163.8,5.73,149.06,USD,SETTLED,BATCH-9311
AUTH339052,TXN-202411-0450,2024-11-22,Datafast,MASTERCARD,6426,37.47,1.31,34.1,USD,SETTLED,BATCH-1597
AUTH363693,TXN-202411-0451,2024-11-07,Datafast,MASTERCARD,5797,51.91,1.82,47.23,USD,SETTLED,BATCH-4420
AUTH117074,TXN-202411-0452,2024-11-16,PayPhone,MASTERCARD,1397,57.97,2.2,52.58,USD,SETTLED,BATCH-9126
AUTH104282,TXN-202411-0453,2024-11-17,Medianet,MASTERCARD,5673,265.86,8.51,242.73,USD,SETTLED,BATCH-7577
AUTH833796,TXN-202411-0454,2024-11-19,Datafast,DINERS,5239,70.86,2.48,64.48,USD,SETTLED,BATCH-8507
AUTH176791,TXN-202411-0455,2024-11-11,Medianet,MASTERCARD,4179,19.03,0.61,17.37,USD,SETTLED,BATCH-4881
AUTH291315,TXN-202411-0456,2024-11-17,Datafast,MASTERCARD,2393,332.65,11.64,302.71,USD,SETTLED,BATCH-9526
AUTH818333,TXN-202411-0457,2024-11-17,Datafast,VISA,9541,388.89,13.61,353.89,USD,SETTLED,BATCH-9355
AUTH572310,TXN-202411-0458,2024-11-03,Medianet,DINERS,4327,61.57,1.97,56.21,USD,SETTLED,BATCH-8836
AUTH558162,TXN-202411-0459,2024-11-27,Datafast,VISA,5901,340.34,11.91,309.71,USD,SETTLED,BATCH-3213
AUTH877322,TXN-202411-0460,2024-11-24,Datafast,MASTERCARD,5075,85.04,2.98,77.38,USD,SETTLED,BATCH-6076
AUTH832966,TXN-202411-0461,2024-11-22,Datafast,MASTERCARD,8141,1403.7,49.13,1277.36,USD,SETTLED,BATCH-7185
AUTH271283,TXN-202411-0462,2024-11-15,Medianet,VISA,7103,67.98,2.18,62.06,USD,SETTLED,BATCH-2595
AUTH244148,TXN-202411-0463,2024-11-11,Medianet,VISA,4686,62.26,1.99,56.85,USD,SETTLED,BATCH-7418
AUTH302488,TXN-202411-0464,2024-11-12,PayPhone,VISA,2385,97.93,3.72,88.82,USD,SETTLED,BATCH-4515
AUTH956288,TXN-202411-0465,2024-11-13,Datafast,VISA,1624,2616.2,91.57,2380.74,USD,SETTLED,BATCH-1216
AUTH720314,TXN-202411-0466,2024-11-13,PayPhone,VISA,3568,60.34,2.29,54.73,USD,SETTLED,BATCH-4312
AUTH656851,TXN-202411-0467,2024-11-28,PayPhone,AMEX,8926,240.21,9.13,217.87,USD,SETTLED,BATCH-5621
AUTH837357,TXN-202411-0468,2024-11-29,Datafast,VISA,8924,66.31,2.32,60.35,USD,SETTLED,BATCH-5075
AUTH418961,TXN-202411-0469,2024-11-16,Datafast,DINERS,2944,6.23,0.22,5.67,USD,SETTLED,BATCH-9620
AUTH621884,TXN-202411-0470,2024-11-27,Datafast,VISA,2756,16.87,0.59,15.35,USD,SETTLED,BATCH-4600
AUTH414752,TXN-202411-0471,2024-11-14,Datafast,VISA,6254,289.64,10.14,263.57,USD,SETTLED,BATCH-1973
AUTH281010,TXN-202411-0472,2024-11-11,Datafast,MASTERCARD,1258,12.95,0.45,11.79,USD,SETTLED,BATCH-1450
AUTH966869,TXN-202411-0473,2024-11-26,Datafast,VISA,7684,75.75,2.65,68.93,USD,SETTLED,BATCH-1490
AUTH767916,TXN-202411-0474,2024-11-21,Datafast,VISA,3409,16.9,0.59,15.38,USD,SETTLED,BATCH-2302
AUTH269466,TXN-202411-0475,2024-11-10,Medianet,VISA,2879,14.71,0.47,13.43,USD,SETTLED,BATCH-5768
AUTH457572,TXN-202411-0476,2024-11-16,Medianet,AMEX,8662,235.22,7.53,214.76,USD,SETTLED,BATCH-4660
AUTH517009,TXN-202411-0477,2024-11-23,Datafast,VISA,3072,75.84,2.65,69.02,USD,SETTLED,BATCH-6126
AUTH849870,TXN-202411-0478,2024-11-16,PayPhone,AMEX,7386,458.77,17.43,416.12,USD,SETTLED,BATCH-3578
AUTH583493,TXN-202411-0479,2024-11-05,Medianet,MASTERCARD,6566,19.58,0.63,17.87,USD,SETTLED,BATCH-6033
AUTH882786,TXN-202411-0480,2024-11-20,Medianet,MASTERCARD,2052,2270.26,72.65,2072.75,USD,SETTLED,BATCH-4703
AUTH628498,TXN-202411-0481,2024-11-11,PayPhone,VISA,8404,454.03,17.25,411.81,USD,SETTLED,BATCH-1290
AUTH829896,TXN-202411-0482,2024-11-17,PayPhone,VISA,4500,29.12,1.11,26.41,USD,SETTLED,BATCH-9056
AUTH615579,TXN-202411-0483,2024-11-03,Datafast,AMEX,3649,2319.57,81.18,2110.81,USD,SETTLED,BATCH-5554
AUTH167333,TXN-202411-0484,2024-11-12,Datafast,VISA,9343,379.0,13.27,344.89,USD,SETTLED,BATCH-2742
AUTH988400,TXN-202411-0485,2024-11-20,Datafast,VISA,2827,31.71,1.11,28.85,USD,SETTLED,BATCH-8170
AUTH638330,TXN-202411-0486,2024-11-11,Medianet,MASTERCARD,8001,1711.74,54.78,1562.81,USD,SETTLED,BATCH-7762
AUTH911966,TXN-202411-0487,2024-11-30,PayPhone,VISA,3314,159.04,6.04,144.25,USD,SETTLED,BATCH-6146
AUTH625532,TXN-202411-0488,2024-11-17,Medianet,VISA,2366,71.36,2.28,65.16,USD,SETTLED,BATCH-5447
AUTH651923,TXN-202411-0489,2024-11-01,Datafast,MASTERCARD,1877,66.39,2.32,60.44,USD,SETTLED,BATCH-7771
AUTH248209,TXN-202411-0490,2024-11-25,Datafast,VISA,9248,53.87,1.89,49.02,USD,SETTLED,BATCH-7348
AUTH235022,TXN-202411-0491,2024-11-21,Datafast,VISA,9014,869.04,30.42,790.82,USD,SETTLED,BATCH-3500
AUTH314989,TXN-202411-0492,2024-11-09,Medianet,MASTERCARD,4745,125.25,4.01,114.35,USD,SETTLED,BATCH-9388
AUTH572122,TXN-202411-0493,2024-11-05,Datafast,MASTERCARD,3549,17.22,0.6,15.68,USD,SETTLED,BATCH-9135
AUTH651403,TXN-202411-0494,2024-11-12,PayPhone,VISA,3567,312.08,11.86,283.06,USD,SETTLED,BATCH-4189
AUTH774192,TXN-202411-0495,2024-11-21,Datafast,MASTERCARD,2604,344.13,12.04,313.16,USD,SETTLED,BATCH-6885
AUTH672560,TXN-202411-0496,2024-11-10,Datafast,VISA,5033,94.5,3.31,85.99,USD,SETTLED,BATCH-2634
AUTH780454,TXN-202411-0497,2024-11-23,Medianet,MASTERCARD,7505,103.46,3.31,94.46,USD,SETTLED,BATCH-9550
AUTH606544,TXN-202411-0498,2024-11-17,Datafast,VISA,2237,16.37,0.57,14.9,USD,SETTLED,BATCH-7186
AUTH160616,TXN-202411-0499,2024-11-11,PayPhone,VISA,6279,488.37,18.56,442.95,USD,SETTLED,BATCH-3568
AUTH445849,TXN-202411-0500,2024-11-17,Datafast,MASTERCARD,8252,45.88,1.61,41.75,USD,SETTLED,BATCH-3380
AUTH789191,TXN-202412-0001,2024-12-27,Medianet,VISA,4568,66.71,2.13,60.91,USD,SETTLED,BATCH-6518
AUTH673209,TXN-202412-0002,2024-12-08,Datafast,VISA,8544,1151.89,40.32,1048.21,USD,SETTLED,BATCH-3542
AUTH989003,TXN-202412-0003,2024-12-08,Medianet,MASTERCARD,8129,68.22,2.18,62.29,USD,SETTLED,BATCH-8411
AUTH404216,TXN-202412-0004,2024-12-28,Datafast,VISA,8930,16.45,0.58,14.97,USD,SETTLED,BATCH-6362
AUTH170666,TXN-202412-0005,2024-12-01,Medianet,VISA,2866,361.51,11.57,330.05,USD,SETTLED,BATCH-7622
AUTH506777,TXN-202412-0006,2024-12-18,Medianet,VISA,1440,372.79,11.93,340.35,USD,SETTLED,BATCH-1912
AUTH647520,TXN-202412-0007,2024-12-01,Datafast,MASTERCARD,6881,48.71,1.7,44.33,USD,SETTLED,BATCH-1068
AUTH151879,TXN-202412-0008,2024-12-06,Medianet,MASTERCARD,3243,72.39,2.32,66.09,USD,SETTLED,BATCH-3718
AUTH503093,TXN-202412-0009,2024-12-10,Datafast,MASTERCARD,9418,2360.63,82.62,2148.17,USD,SETTLED,BATCH-3087
AUTH831411,TXN-202412-0010,2024-12-20,Medianet,MASTERCARD,8392,20.12,0.64,18.37,USD,SETTLED,BATCH-5092
AUTH180777,TXN-202412-0011,2024-12-10,Datafast,VISA,8984,13.94,0.49,12.68,USD,SETTLED,BATCH-1612
AUTH866810,TXN-202412-0012,2024-12-13,Datafast,MASTERCARD,1016,294.96,10.32,268.42,USD,SETTLED,BATCH-3124
AUTH309640,TXN-202412-0013,2024-12-28,Datafast,VISA,8242,391.98,13.72,356.7,USD,SETTLED,BATCH-4677
AUTH831809,TXN-202412-0014,2024-12-22,Datafast,MASTERCARD,5784,429.83,15.04,391.15,USD,SETTLED,BATCH-5701
AUTH858473,TXN-202412-0015,2024-12-21,PayPhone,AMEX,6673,9.08,0.35,8.23,USD,SETTLED,BATCH-1638
AUTH367825,TXN-202412-0016,2024-12-10,Medianet,AMEX,2326,43.33,1.39,39.56,USD,SETTLED,BATCH-7099
AUTH703491,TXN-202412-0017,2024-12-24,Datafast,VISA,7113,42.47,1.49,38.65,USD,SETTLED,BATCH-7262
AUTH773640,TXN-202412-0018,2024-12-30,Medianet,VISA,4219,61.54,1.97,56.18,USD,SETTLED,BATCH-8669
AUTH488054,TXN-202412-0019,2024-12-31,Datafast,MASTERCARD,1925,360.15,12.61,327.73,USD,SETTLED,BATCH-8399
AUTH520283,TXN-202412-0020,2024-12-02,Datafast,VISA,5166,7.34,0.26,6.68,USD,SETTLED,BATCH-2672
AUTH420809,TXN-202412-0021,2024-12-19,PayPhone,DINERS,5491,33.61,1.28,30.48,USD,SETTLED,BATCH-4022
AUTH590249,TXN-202412-0022,2024-12-24,Datafast,VISA,6206,487.79,17.07,443.89,USD,SETTLED,BATCH-6888
AUTH883908,TXN-202412-0023,2024-12-29,Datafast,VISA,1837,62.78,2.2,57.12,USD,SETTLED,BATCH-2291
AUTH702883,TXN-202412-0024,2024-12-26,Datafast,VISA,1169,2718.4,95.14,2473.75,USD,SETTLED,BATCH-7045
AUTH728577,TXN-202412-0025,2024-12-29,Datafast,MASTERCARD,3909,2481.91,86.87,2258.53,USD,SETTLED,BATCH-9497
AUTH662540,TXN-202412-0026,2024-12-29,Datafast,VISA,1096,271.2,9.49,246.8,USD,SETTLED,BATCH-1712
AUTH384183,TXN-202412-0027,2024-12-03,Medianet,VISA,3145,47.24,1.51,43.13,USD,SETTLED,BATCH-5299
AUTH510428,TXN-202412-0028,2024-12-02,Medianet,VISA,7181,33.31,1.07,30.41,USD,SETTLED,BATCH-2675
AUTH125691,TXN-202412-0029,2024-12-29,Datafast,VISA,9531,6.0,0.21,5.46,USD,SETTLED,BATCH-9463
AUTH889617,TXN-202412-0030,2024-12-24,Medianet,DINERS,4998,378.16,12.1,345.26,USD,SETTLED,BATCH-3719
AUTH812453,TXN-202412-0031,2024-12-07,Datafast,VISA,9099,484.54,16.96,440.93,USD,SETTLED,BATCH-9304
AUTH440333,TXN-202412-0032,2024-12-19,Medianet,AMEX,1560,610.31,19.53,557.22,USD,SETTLED,BATCH-1196
AUTH640345,TXN-202412-0033,2024-12-24,Medianet,MASTERCARD,4490,380.54,12.18,347.43,USD,SETTLED,BATCH-6518
AUTH549190,TXN-202412-0034,2024-12-18,Datafast,VISA,6073,66.55,2.33,60.56,USD,SETTLED,BATCH-2137
AUTH820055,TXN-202412-0035,2024-12-11,Datafast,AMEX,6672,307.12,10.75,279.48,USD,SETTLED,BATCH-7763
AUTH565381,TXN-202412-0036,2024-12-12,Medianet,VISA,1905,236.29,7.56,215.74,USD,SETTLED,BATCH-7595
AUTH753820,TXN-202412-0037,2024-12-14,Datafast,MASTERCARD,3786,363.8,12.73,331.06,USD,SETTLED,BATCH-8067
AUTH382422,TXN-202412-0038,2024-12-30,PayPhone,VISA,6180,15.32,0.58,13.9,USD,SETTLED,BATCH-1711
AUTH694929,TXN-202412-0039,2024-12-29,Medianet,VISA,9241,56.03,1.79,51.16,USD,SETTLED,BATCH-9884
AUTH912692,TXN-202412-0040,2024-12-11,Datafast,AMEX,7549,862.63,30.19,784.99,USD,SETTLED,BATCH-2880
AUTH935484,TXN-202412-0041,2024-12-27,Medianet,MASTERCARD,8415,320.95,10.27,293.03,USD,SETTLED,BATCH-3944
AUTH505610,TXN-202412-0042,2024-12-17,PayPhone,VISA,7497,449.9,17.1,408.05,USD,SETTLED,BATCH-4563
AUTH302163,TXN-202412-0043,2024-12-22,Datafast,VISA,1773,75.09,2.63,68.33,USD,SETTLED,BATCH-3082
AUTH811218,TXN-202412-0044,2024-12-11,Medianet,MASTERCARD,4895,285.46,9.13,260.63,USD,SETTLED,BATCH-8992
AUTH667884,TXN-202412-0045,2024-12-27,PayPhone,VISA,1778,1807.8,68.7,1639.67,USD,SETTLED,BATCH-9637
AUTH353170,TXN-202412-0046,2024-12-04,Datafast,VISA,5459,61.37,2.15,55.85,USD,SETTLED,BATCH-5815
AUTH103887,TXN-202412-0047,2024-12-07,Medianet,VISA,1139,456.0,14.59,416.33,USD,SETTLED,BATCH-5512
AUTH997912,TXN-202412-0048,2024-12-05,Datafast,MASTERCARD,4370,13.09,0.46,11.91,USD,SETTLED,BATCH-8961
AUTH751056,TXN-202412-0049,2024-12-07,Medianet,VISA,5475,207.2,6.63,189.18,USD,SETTLED,BATCH-1551
AUTH999762,TXN-202412-0050,2024-12-10,Medianet,DINERS,7686,6.22,0.2,5.68,USD,SETTLED,BATCH-7252
AUTH566379,TXN-202412-0051,2024-12-15,Datafast,AMEX,8524,108.15,3.79,98.41,USD,SETTLED,BATCH-4173
AUTH261654,TXN-202412-0052,2024-12-10,Datafast,VISA,6701,57.34,2.01,52.18,USD,SETTLED,BATCH-7820
AUTH311110,TXN-202412-0053,2024-12-16,Datafast,VISA,5875,49.23,1.72,44.8,USD,SETTLED,BATCH-2358
AUTH514157,TXN-202412-0054,2024-12-11,Medianet,VISA,2127,7.36,0.24,6.72,USD,SETTLED,BATCH-6347
AUTH943039,TXN-202412-0055,2024-12-18,Datafast,MASTERCARD,9789,241.18,8.44,219.48,USD,SETTLED,BATCH-3302
AUTH225126,TXN-202412-0056,2024-12-22,Datafast,MASTERCARD,3395,478.63,16.75,435.55,USD,SETTLED,BATCH-8760
AUTH153157,TXN-202412-0057,2024-12-03,PayPhone,VISA,4933,2397.62,91.11,2174.64,USD,SETTLED,BATCH-7404
AUTH980185,TXN-202412-0058,2024-12-21,Datafast,VISA,7946,67.3,2.36,61.24,USD,SETTLED,BATCH-6291
AUTH669380,TXN-202412-0059,2024-12-02,Datafast,MASTERCARD,9875,78.8,2.76,71.7,USD,SETTLED,BATCH-5617
AUTH162237,TXN-202412-0060,2024-12-14,Datafast,MASTERCARD,9273,170.95,5.98,155.57,USD,SETTLED,BATCH-5960
AUTH701809,TXN-202412-0061,2024-12-30,Datafast,VISA,2577,407.95,14.28,371.23,USD,SETTLED,BATCH-5963
AUTH247543,TXN-202412-0062,2024-12-13,Datafast,MASTERCARD,1731,57.28,2.0,52.13,USD,SETTLED,BATCH-3544
AUTH537445,TXN-202412-0063,2024-12-16,Medianet,VISA,2237,373.25,11.94,340.78,USD,SETTLED,BATCH-1242
AUTH187738,TXN-202412-0064,2024-12-11,PayPhone,VISA,4990,26.77,1.02,24.28,USD,SETTLED,BATCH-3371
AUTH502853,TXN-202412-0065,2024-12-16,Datafast,VISA,3165,163.63,5.73,148.9,USD,SETTLED,BATCH-3622
AUTH520244,TXN-202412-0066,2024-12-25,Datafast,MASTERCARD,8313,460.27,16.11,418.85,USD,SETTLED,BATCH-5252
AUTH238840,TXN-202412-0067,2024-12-28,Datafast,VISA,3826,56.23,1.97,51.17,USD,SETTLED,BATCH-3444
AUTH107768,TXN-202412-0068,2024-12-04,Datafast,VISA,2174,462.9,16.2,421.24,USD,SETTLED,BATCH-5113
AUTH203763,TXN-202412-0069,2024-12-15,Datafast,MASTERCARD,1794,1906.93,66.74,1735.31,USD,SETTLED,BATCH-9793
AUTH539033,TXN-202412-0070,2024-12-23,Datafast,MASTERCARD,6137,44.39,1.55,40.4,USD,SETTLED,BATCH-9916
AUTH438324,TXN-202412-0071,2024-12-18,Medianet,VISA,2640,25.92,0.83,23.66,USD,SETTLED,BATCH-7437
AUTH473637,TXN-202412-0072,2024-12-12,Datafast,VISA,4992,76.15,2.67,69.29,USD,SETTLED,BATCH-4135
AUTH434134,TXN-202412-0073,2024-12-04,Datafast,AMEX,5006,2688.83,94.11,2446.83,USD,SETTLED,BATCH-2155
AUTH868034,TXN-202412-0074,2024-12-18,Datafast,MASTERCARD,5600,267.36,9.36,243.3,USD,SETTLED,BATCH-5002
AUTH571459,TXN-202412-0075,2024-12-19,Medianet,VISA,7148,2140.66,68.5,1954.42,USD,SETTLED,BATCH-8561
AUTH817628,TXN-202412-0076,2024-12-24,Datafast,VISA,1984,27.53,0.96,25.05,USD,SETTLED,BATCH-4845
AUTH631174,TXN-202412-0077,2024-12-17,Datafast,VISA,2647,5.91,0.21,5.37,USD,SETTLED,BATCH-8569
AUTH526090,TXN-202412-0078,2024-12-11,Datafast,MASTERCARD,9937,65.86,2.31,59.93,USD,SETTLED,BATCH-2258
AUTH391276,TXN-202412-0079,2024-12-16,PayPhone,AMEX,6087,40.61,1.54,36.83,USD,SETTLED,BATCH-5918
AUTH446600,TXN-202412-0080,2024-12-26,Datafast,VISA,3616,307.39,10.76,279.73,USD,SETTLED,BATCH-7012
AUTH623514,TXN-202412-0081,2024-12-03,Datafast,VISA,3439,69.59,2.44,63.32,USD,SETTLED,BATCH-1680
AUTH797837,TXN-202412-0082,2024-12-25,Medianet,DINERS,1047,183.77,5.88,167.78,USD,SETTLED,BATCH-4708
AUTH648131,TXN-202412-0083,2024-12-02,PayPhone,VISA,2614,24.69,0.94,22.39,USD,SETTLED,BATCH-2207
AUTH517959,TXN-202412-0084,2024-12-24,Datafast,VISA,4850,19.45,0.68,17.7,USD,SETTLED,BATCH-2800
AUTH438138,TXN-202412-0085,2024-12-05,Datafast,MASTERCARD,9772,394.42,13.8,358.93,USD,SETTLED,BATCH-9732
AUTH443700,TXN-202412-0086,2024-12-25,Medianet,MASTERCARD,9960,351.34,11.24,320.78,USD,SETTLED,BATCH-1517
AUTH888117,TXN-202412-0087,2024-12-14,Datafast,MASTERCARD,3769,62.98,2.2,57.32,USD,SETTLED,BATCH-3498
AUTH895501,TXN-202412-0088,2024-12-05,Datafast,VISA,6925,71.87,2.52,65.4,USD,SETTLED,BATCH-7230
AUTH475887,TXN-202412-0089,2024-12-30,Datafast,VISA,4867,53.76,1.88,48.92,USD,SETTLED,BATCH-7236
AUTH617506,TXN-202412-0090,2024-12-31,Datafast,MASTERCARD,3847,28.11,0.98,25.59,USD,SETTLED,BATCH-2995
AUTH469166,TXN-202412-0091,2024-12-23,Medianet,VISA,1516,369.15,11.81,337.04,USD,SETTLED,BATCH-5318
AUTH204727,TXN-202412-0092,2024-12-16,PayPhone,MASTERCARD,4227,321.08,12.2,291.22,USD,SETTLED,BATCH-2991
AUTH280510,TXN-202412-0093,2024-12-21,Datafast,VISA,2258,43.77,1.53,39.83,USD,SETTLED,BATCH-5072
AUTH367141,TXN-202412-0094,2024-12-17,Datafast,VISA,7336,26.67,0.93,24.27,USD,SETTLED,BATCH-7697
AUTH593103,TXN-202412-0095,2024-12-12,Datafast,AMEX,9568,1915.04,67.03,1742.68,USD,SETTLED,BATCH-1104
AUTH551887,TXN-202412-0096,2024-12-20,Datafast,VISA,2991,196.98,6.89,179.26,USD,SETTLED,BATCH-7278
AUTH387936,TXN-202412-0097,2024-12-26,Medianet,VISA,7735,410.5,13.14,374.78,USD,SETTLED,BATCH-2397
AUTH105998,TXN-202412-0098,2024-12-11,Datafast,MASTERCARD,4641,45.71,1.6,41.59,USD,SETTLED,BATCH-1401
AUTH107181,TXN-202412-0099,2024-12-29,Medianet,MASTERCARD,7804,59.34,1.9,54.18,USD,SETTLED,BATCH-5320
AUTH154843,TXN-202412-0100,2024-12-06,Medianet,VISA,1148,428.76,13.72,391.46,USD,SETTLED,BATCH-8441
AUTH505185,TXN-202412-0101,2024-12-30,PayPhone,VISA,4892,58.78,2.23,53.31,USD,SETTLED,BATCH-2515
AUTH649217,TXN-202412-0102,2024-12-04,Datafast,VISA,9805,10.4,0.36,9.47,USD,SETTLED,BATCH-9214
AUTH568095,TXN-202412-0103,2024-12-30,PayPhone,DINERS,2408,19.17,0.73,17.39,USD,SETTLED,BATCH-3033
AUTH453976,TXN-202412-0104,2024-12-09,PayPhone,VISA,8846,1958.96,74.44,1776.78,USD,SETTLED,BATCH-2670
AUTH646328,TXN-202412-0105,2024-12-16,Medianet,VISA,5022,37.08,1.19,33.85,USD,SETTLED,BATCH-3051
AUTH925120,TXN-202412-0106,2024-12-04,Datafast,VISA,7232,15.48,0.54,14.09,USD,SETTLED,BATCH-6166
AUTH948607,TXN-202412-0107,2024-12-04,Medianet,DINERS,1206,10.27,0.33,9.38,USD,SETTLED,BATCH-7199
AUTH535080,TXN-202412-0108,2024-12-14,Medianet,VISA,8632,60.73,1.94,55.45,USD,SETTLED,BATCH-3343
AUTH947623,TXN-202412-0109,2024-12-20,Datafast,MASTERCARD,9360,13.36,0.47,12.16,USD,SETTLED,BATCH-5977
AUTH656746,TXN-202412-0110,2024-12-19,Datafast,VISA,6017,51.37,1.8,46.75,USD,SETTLED,BATCH-8965
AUTH997409,TXN-202412-0111,2024-12-19,PayPhone,VISA,8964,6.72,0.26,6.09,USD,SETTLED,BATCH-7704
AUTH239242,TXN-202412-0112,2024-12-18,Medianet,VISA,8019,1458.18,46.66,1331.32,USD,SETTLED,BATCH-4463
AUTH405314,TXN-202412-0113,2024-12-09,Datafast,VISA,8899,337.94,14.73,304.62,USD,SETTLED,BATCH-5742
AUTH816485,TXN-202412-0114,2024-12-20,Datafast,VISA,4017,23.15,0.81,21.07,USD,SETTLED,BATCH-2038
AUTH160282,TXN-202412-0115,2024-12-22,PayPhone,AMEX,1756,5.24,0.2,4.74,USD,SETTLED,BATCH-1741
AUTH474775,TXN-202412-0116,2024-12-08,Datafast,AMEX,1700,267.39,9.36,243.33,USD,SETTLED,BATCH-4611
AUTH174754,TXN-202412-0117,2024-12-29,PayPhone,VISA,1379,16.28,0.62,14.77,USD,SETTLED,BATCH-5289
AUTH534868,TXN-202412-0118,2024-12-07,PayPhone,MASTERCARD,6793,62.38,2.37,56.58,USD,SETTLED,BATCH-2286
AUTH501200,TXN-202412-0119,2024-12-16,Datafast,MASTERCARD,3120,29.16,1.02,26.54,USD,SETTLED,BATCH-5602
AUTH470042,TXN-202412-0120,2024-12-23,Medianet,AMEX,2323,236.64,7.57,216.05,USD,SETTLED,BATCH-2527
AUTH367758,TXN-202412-0121,2024-12-07,Medianet,MASTERCARD,5210,64.11,2.05,58.54,USD,SETTLED,BATCH-4244
AUTH440887,TXN-202412-0122,2024-12-08,Datafast,VISA,2633,26.8,0.94,24.38,USD,SETTLED,BATCH-2142
AUTH211685,TXN-202412-0123,2024-12-08,Medianet,VISA,1825,75.14,2.4,68.61,USD,SETTLED,BATCH-9448
AUTH261382,TXN-202412-0124,2024-12-12,Medianet,VISA,8764,243.33,7.79,222.16,USD,SETTLED,BATCH-2698
AUTH283631,TXN-202412-0125,2024-12-03,Datafast,VISA,1144,461.86,16.17,420.29,USD,SETTLED,BATCH-2816
AUTH369156,TXN-202412-0126,2024-12-16,Datafast,VISA,8483,79.78,2.79,72.6,USD,SETTLED,BATCH-2696
AUTH417232,TXN-202412-0127,2024-12-26,Datafast,AMEX,2870,331.62,11.61,301.77,USD,SETTLED,BATCH-6112
AUTH372642,TXN-202412-0128,2024-12-03,PayPhone,DINERS,8105,62.05,2.36,56.28,USD,SETTLED,BATCH-1159
AUTH172048,TXN-202412-0129,2024-12-03,PayPhone,VISA,4955,101.03,3.84,91.61,USD,SETTLED,BATCH-6600
AUTH907235,TXN-202412-0130,2024-12-09,PayPhone,VISA,5407,69.39,2.64,62.95,USD,SETTLED,BATCH-2407
AUTH637177,TXN-202412-0131,2024-12-03,Datafast,VISA,6983,22.39,0.78,20.38,USD,SETTLED,BATCH-4792
AUTH717326,TXN-202412-0132,2024-12-31,Datafast,MASTERCARD,1451,480.61,16.82,437.35,USD,SETTLED,BATCH-3565
AUTH741332,TXN-202412-0133,2024-12-08,Datafast,MASTERCARD,9734,2737.31,95.81,2490.95,USD,SETTLED,BATCH-6158
AUTH595252,TXN-202412-0134,2024-12-04,PayPhone,VISA,6253,108.3,4.12,98.23,USD,SETTLED,BATCH-2897
AUTH410489,TXN-202412-0135,2024-12-25,PayPhone,VISA,2707,39.69,1.51,35.99,USD,SETTLED,BATCH-8289
AUTH105178,TXN-202412-0136,2024-12-01,Medianet,VISA,3954,1114.12,35.65,1017.19,USD,SETTLED,BATCH-1036
AUTH250701,TXN-202412-0137,2024-12-17,PayPhone,MASTERCARD,4550,6.55,0.25,5.94,USD,SETTLED,BATCH-6074
AUTH940617,TXN-202412-0138,2024-12-08,Datafast,VISA,8516,68.49,2.4,62.33,USD,SETTLED,BATCH-6108
AUTH989223,TXN-202412-0139,2024-12-06,PayPhone,MASTERCARD,1105,23.43,0.89,21.26,USD,SETTLED,BATCH-8379
AUTH973660,TXN-202412-0140,2024-12-03,Datafast,VISA,9668,396.9,13.89,361.18,USD,SETTLED,BATCH-1631
AUTH311515,TXN-202412-0141,2024-12-25,Datafast,VISA,7083,41.75,1.46,37.99,USD,SETTLED,BATCH-9230
AUTH311383,TXN-202412-0142,2024-12-21,Medianet,MASTERCARD,2325,275.98,8.83,251.97,USD,SETTLED,BATCH-6917
AUTH654994,TXN-202412-0143,2024-12-25,Datafast,MASTERCARD,2804,394.72,13.82,359.19,USD,SETTLED,BATCH-7784
AUTH526283,TXN-202412-0144,2024-12-26,Medianet,VISA,2318,42.48,1.36,38.79,USD,SETTLED,BATCH-1022
AUTH660370,TXN-202412-0145,2024-12-20,Datafast,MASTERCARD,5338,27.38,0.96,24.92,USD,SETTLED,BATCH-5503
AUTH546484,TXN-202412-0146,2024-12-25,Datafast,VISA,5979,41.54,1.45,37.8,USD,SETTLED,BATCH-1782
AUTH117813,TXN-202412-0147,2024-12-19,Datafast,MASTERCARD,6927,268.97,9.41,244.77,USD,SETTLED,BATCH-7330
AUTH637456,TXN-202412-0148,2024-12-29,Datafast,MASTERCARD,5252,15.67,0.55,14.25,USD,SETTLED,BATCH-8425
AUTH913203,TXN-202412-0149,2024-12-12,PayPhone,VISA,6953,58.47,2.57,52.69,USD,SETTLED,BATCH-2639
AUTH344717,TXN-202412-0150,2024-12-29,Datafast,VISA,7886,76.08,2.66,69.24,USD,SETTLED,BATCH-5848
AUTH977131,TXN-202412-0151,2024-12-13,PayPhone,VISA,8743,39.88,1.52,36.17,USD,SETTLED,BATCH-9246
AUTH433738,TXN-202412-0152,2024-12-18,PayPhone,VISA,3322,66.58,2.53,60.38,USD,SETTLED,BATCH-8516
AUTH960442,TXN-202412-0153,2024-12-11,Datafast,DINERS,7478,108.46,3.8,98.7,USD,SETTLED,BATCH-9627
AUTH592780,TXN-202412-0154,2024-12-24,Datafast,MASTERCARD,6638,12.6,0.44,11.46,USD,SETTLED,BATCH-4484
AUTH143931,TXN-202412-0155,2024-12-12,Medianet,VISA,6544,52.3,1.67,47.77,USD,SETTLED,BATCH-2133
AUTH865659,TXN-202412-0156,2024-12-11,Datafast,VISA,7381,225.71,7.9,205.39,USD,SETTLED,BATCH-1356
AUTH166608,TXN-202412-0157,2024-12-25,Datafast,AMEX,2882,451.08,15.79,410.48,USD,SETTLED,BATCH-4242
AUTH574622,TXN-202412-0158,2024-12-24,Datafast,MASTERCARD,4048,310.16,10.86,282.24,USD,SETTLED,BATCH-2713
AUTH120845,TXN-202412-0159,2024-12-11,Medianet,DINERS,8430,66.85,2.14,61.03,USD,SETTLED,BATCH-5303
AUTH357058,TXN-202412-0160,2024-12-25,Medianet,MASTERCARD,8008,140.46,4.49,128.25,USD,SETTLED,BATCH-6794
AUTH528038,TXN-202412-0161,2024-12-10,Datafast,VISA,9167,8.14,0.28,7.41,USD,SETTLED,BATCH-7385
AUTH303408,TXN-202412-0162,2024-12-27,PayPhone,VISA,2282,255.39,9.7,231.65,USD,SETTLED,BATCH-5452
AUTH147796,TXN-202412-0163,2024-12-03,Datafast,MASTERCARD,4871,1026.54,35.93,934.15,USD,SETTLED,BATCH-6156
AUTH752435,TXN-202412-0164,2024-12-15,PayPhone,VISA,8195,9.96,0.38,9.03,USD,SETTLED,BATCH-8762
AUTH412789,TXN-202412-0165,2024-12-29,PayPhone,VISA,8309,39.47,1.5,35.8,USD,SETTLED,BATCH-3050
AUTH949231,TXN-202412-0166,2024-12-09,Medianet,DINERS,2905,481.38,15.4,439.51,USD,SETTLED,BATCH-3498
AUTH380788,TXN-202412-0167,2024-12-22,Medianet,AMEX,9208,218.85,7.0,199.81,USD,SETTLED,BATCH-8499
AUTH261357,TXN-202412-0168,2024-12-22,Medianet,MASTERCARD,9199,327.71,10.49,299.19,USD,SETTLED,BATCH-6375
AUTH322466,TXN-202412-0169,2024-12-14,PayPhone,MASTERCARD,7803,66.12,2.51,59.97,USD,SETTLED,BATCH-8739
AUTH637599,TXN-202412-0170,2024-12-13,Datafast,DINERS,3316,77.96,2.73,70.94,USD,SETTLED,BATCH-5403
AUTH774221,TXN-202412-0171,2024-12-05,PayPhone,VISA,7973,124.73,4.74,113.13,USD,SETTLED,BATCH-1895
AUTH531187,TXN-202412-0172,2024-12-29,Datafast,MASTERCARD,4940,184.47,6.46,167.87,USD,SETTLED,BATCH-8454
AUTH163714,TXN-202412-0173,2024-12-13,PayPhone,MASTERCARD,6806,35.95,1.37,32.6,USD,SETTLED,BATCH-5386
AUTH281779,TXN-202412-0174,2024-12-31,Medianet,VISA,7566,51.73,1.66,47.22,USD,SETTLED,BATCH-1447
AUTH147418,TXN-202412-0175,2024-12-27,Datafast,VISA,2745,262.96,9.2,239.3,USD,SETTLED,BATCH-4645
AUTH936043,TXN-202412-0176,2024-12-04,Datafast,VISA,3203,75.32,2.64,68.54,USD,SETTLED,BATCH-4519
AUTH827383,TXN-202412-0177,2024-12-19,Datafast,AMEX,7581,76.87,2.69,69.95,USD,SETTLED,BATCH-8368
AUTH448949,TXN-202412-0178,2024-12-06,Datafast,AMEX,7253,50.79,1.78,46.21,USD,SETTLED,BATCH-5350
AUTH866846,TXN-202412-0179,2024-12-03,Datafast,VISA,8219,11.22,0.39,10.22,USD,SETTLED,BATCH-5231
AUTH150867,TXN-202412-0180,2024-12-03,Medianet,VISA,9911,41.95,1.34,38.3,USD,SETTLED,BATCH-9605
AUTH666815,TXN-202412-0181,2024-12-05,Medianet,DINERS,4584,18.32,0.59,16.73,USD,SETTLED,BATCH-8369
AUTH741165,TXN-202412-0182,2024-12-12,PayPhone,VISA,1413,427.24,16.24,387.5,USD,SETTLED,BATCH-1060
AUTH871630,TXN-202412-0183,2024-12-02,Medianet,VISA,7099,218.66,7.0,199.63,USD,SETTLED,BATCH-4762
AUTH660646,TXN-202412-0184,2024-12-26,Datafast,VISA,6954,74.19,2.6,67.51,USD,SETTLED,BATCH-5045
AUTH334187,TXN-202412-0185,2024-12-10,PayPhone,AMEX,9100,25.05,0.95,22.72,USD,SETTLED,BATCH-2745
AUTH131873,TXN-202412-0186,2024-12-15,PayPhone,VISA,4399,138.22,5.25,125.37,USD,SETTLED,BATCH-4747
AUTH738282,TXN-202412-0187,2024-12-16,PayPhone,VISA,8516,296.25,11.26,268.7,USD,SETTLED,BATCH-7441
AUTH914595,TXN-202412-0188,2024-12-06,Datafast,VISA,2612,30.4,1.06,27.67,USD,SETTLED,BATCH-5733
AUTH391480,TXN-202412-0189,2024-12-21,Datafast,VISA,4204,1266.0,44.31,1152.06,USD,SETTLED,BATCH-2457
AUTH882979,TXN-202412-0190,2024-12-28,PayPhone,VISA,9920,2485.64,94.45,2254.48,USD,SETTLED,BATCH-4044
AUTH172522,TXN-202412-0191,2024-12-02,Medianet,VISA,9597,57.74,1.85,52.71,USD,SETTLED,BATCH-7627
AUTH322917,TXN-202412-0192,2024-12-05,Datafast,AMEX,8828,79.87,2.8,72.68,USD,SETTLED,BATCH-5922
AUTH382187,TXN-202412-0193,2024-12-08,Medianet,VISA,5693,29.0,0.93,26.48,USD,SETTLED,BATCH-2160
AUTH800420,TXN-202412-0194,2024-12-22,Datafast,VISA,1762,2170.67,75.97,1975.31,USD,SETTLED,BATCH-1070
AUTH706482,TXN-202412-0195,2024-12-21,Medianet,VISA,3717,456.15,14.6,416.46,USD,SETTLED,BATCH-7312
AUTH112704,TXN-202412-0196,2024-12-27,Datafast,VISA,3290,8.67,0.3,7.89,USD,SETTLED,BATCH-1277
AUTH712244,TXN-202412-0197,2024-12-26,Datafast,AMEX,4562,77.49,2.71,70.52,USD,SETTLED,BATCH-4672
AUTH907569,TXN-202412-0198,2024-12-23,PayPhone,VISA,5729,393.02,14.93,356.47,USD,SETTLED,BATCH-3749
AUTH554304,TXN-202412-0199,2024-12-06,Medianet,DINERS,7238,444.62,14.23,405.93,USD,SETTLED,BATCH-7989
AUTH768960,TXN-202412-0200,2024-12-29,PayPhone,VISA,2127,11.99,0.46,10.87,USD,SETTLED,BATCH-8387
AUTH169429,TXN-202412-0201,2024-12-31,Datafast,AMEX,5946,50.29,1.76,45.77,USD,SETTLED,BATCH-6744
AUTH963683,TXN-202412-0202,2024-12-21,PayPhone,MASTERCARD,5868,62.81,2.39,56.96,USD,SETTLED,BATCH-4829
AUTH736907,TXN-202412-0203,2024-12-16,Medianet,AMEX,7405,5.21,0.17,4.76,USD,SETTLED,BATCH-2070
AUTH598734,TXN-202412-0204,2024-12-24,Datafast,VISA,7246,440.27,15.41,400.65,USD,SETTLED,BATCH-1745
AUTH725346,TXN-202412-0205,2024-12-30,Datafast,VISA,3882,49.29,1.73,44.85,USD,SETTLED,BATCH-6696
AUTH608340,TXN-202412-0206,2024-12-31,Datafast,MASTERCARD,9097,96.56,3.38,87.86,USD,SETTLED,BATCH-9010
AUTH985662,TXN-202412-0207,2024-12-10,Medianet,VISA,7951,1641.09,52.51,1498.32,USD,SETTLED,BATCH-7497
AUTH961163,TXN-202412-0208,2024-12-27,Datafast,MASTERCARD,4355,657.0,23.0,597.87,USD,SETTLED,BATCH-4955
AUTH703829,TXN-202412-0209,2024-12-11,PayPhone,AMEX,4578,177.0,6.73,160.54,USD,SETTLED,BATCH-2435
AUTH610634,TXN-202412-0210,2024-12-27,Datafast,VISA,1013,437.91,15.33,398.49,USD,SETTLED,BATCH-1593
AUTH241483,TXN-202412-0211,2024-12-08,Medianet,MASTERCARD,5863,5.32,0.17,4.86,USD,SETTLED,BATCH-2330
AUTH981537,TXN-202412-0212,2024-12-02,Datafast,AMEX,2809,5.17,0.18,4.71,USD,SETTLED,BATCH-1438
AUTH385984,TXN-202412-0213,2024-12-14,PayPhone,VISA,2173,309.55,11.76,280.76,USD,SETTLED,BATCH-9746
AUTH452987,TXN-202412-0214,2024-12-10,Medianet,DINERS,8488,348.81,11.16,318.46,USD,SETTLED,BATCH-7652
AUTH260281,TXN-202412-0215,2024-12-18,Medianet,VISA,7817,304.32,9.74,277.85,USD,SETTLED,BATCH-6444
AUTH682209,TXN-202412-0216,2024-12-24,Medianet,AMEX,2585,1472.57,47.12,1344.45,USD,SETTLED,BATCH-5838
AUTH381779,TXN-202412-0217,2024-12-11,Datafast,MASTERCARD,5885,37.21,1.3,33.87,USD,SETTLED,BATCH-7668
AUTH214835,TXN-202412-0218,2024-12-24,Datafast,VISA,3852,74.83,2.62,68.09,USD,SETTLED,BATCH-2550
AUTH319933,TXN-202412-0219,2024-12-14,Datafast,VISA,2675,17.14,0.6,15.6,USD,SETTLED,BATCH-3715
AUTH480191,TXN-202412-0220,2024-12-18,Medianet,VISA,7137,201.29,6.44,183.78,USD,SETTLED,BATCH-6277
AUTH508148,TXN-202412-0221,2024-12-28,Medianet,VISA,4040,2683.05,85.86,2449.62,USD,SETTLED,BATCH-4700
AUTH738994,TXN-202412-0222,2024-12-09,PayPhone,VISA,5841,398.55,15.14,361.49,USD,SETTLED,BATCH-7490
AUTH383431,TXN-202412-0223,2024-12-25,Datafast,VISA,9378,62.45,2.19,56.83,USD,SETTLED,BATCH-1613
AUTH652208,TXN-202412-0224,2024-12-03,Datafast,VISA,4715,196.89,6.89,179.17,USD,SETTLED,BATCH-7365
AUTH113822,TXN-202412-0225,2024-12-31,Medianet,VISA,2846,19.2,0.61,17.54,USD,SETTLED,BATCH-5728
AUTH413339,TXN-202412-0226,2024-12-25,Medianet,AMEX,7500,487.16,15.59,444.78,USD,SETTLED,BATCH-1349
AUTH433209,TXN-202412-0227,2024-12-23,PayPhone,VISA,9714,44.16,1.68,40.05,USD,SETTLED,BATCH-2006
AUTH144289,TXN-202412-0228,2024-12-11,Datafast,DINERS,7905,227.58,7.97,207.09,USD,SETTLED,BATCH-5602
AUTH586579,TXN-202412-0229,2024-12-13,Medianet,VISA,4394,405.86,12.99,370.57,USD,SETTLED,BATCH-8222
AUTH314584,TXN-202412-0230,2024-12-23,Datafast,MASTERCARD,7810,48.98,1.71,44.58,USD,SETTLED,BATCH-5761
AUTH471130,TXN-202412-0231,2024-12-25,PayPhone,MASTERCARD,5291,472.19,17.94,428.28,USD,SETTLED,BATCH-9536
AUTH890113,TXN-202412-0232,2024-12-29,Medianet,VISA,8851,32.67,1.05,29.82,USD,SETTLED,BATCH-7553
AUTH907481,TXN-202412-0233,2024-12-22,Datafast,VISA,1445,87.19,3.05,79.35,USD,SETTLED,BATCH-8600
AUTH495985,TXN-202412-0234,2024-12-28,Medianet,VISA,5100,487.23,15.59,444.84,USD,SETTLED,BATCH-5920
AUTH888311,TXN-202412-0235,2024-12-04,Datafast,AMEX,7361,315.79,11.05,287.37,USD,SETTLED,BATCH-7202
AUTH824882,TXN-202412-0236,2024-12-11,Datafast,VISA,6131,2314.76,81.02,2106.43,USD,SETTLED,BATCH-9500
AUTH616049,TXN-202412-0237,2024-12-10,Medianet,VISA,7178,213.17,6.82,194.63,USD,SETTLED,BATCH-5450
AUTH413686,TXN-202412-0238,2024-12-10,PayPhone,VISA,9825,103.06,3.92,93.47,USD,SETTLED,BATCH-9335
AUTH634185,TXN-202412-0239,2024-12-05,PayPhone,VISA,7348,33.47,1.27,30.36,USD,SETTLED,BATCH-5134
AUTH114848,TXN-202412-0240,2024-12-03,Datafast,VISA,9364,44.82,1.57,40.78,USD,SETTLED,BATCH-9466
AUTH700872,TXN-202412-0241,2024-12-11,Datafast,VISA,8914,78.59,2.75,71.51,USD,SETTLED,BATCH-2136
AUTH437503,TXN-202412-0242,2024-12-28,Medianet,AMEX,1357,2007.27,64.23,1832.64,USD,SETTLED,BATCH-8656
AUTH622469,TXN-202412-0243,2024-12-29,Datafast,VISA,4546,30.03,1.05,27.33,USD,SETTLED,BATCH-1198
AUTH771319,TXN-202412-0244,2024-12-09,Datafast,VISA,7183,177.24,6.2,161.29,USD,SETTLED,BATCH-5037
AUTH770206,TXN-202412-0245,2024-12-26,PayPhone,MASTERCARD,4790,69.44,2.64,62.99,USD,SETTLED,BATCH-7640
AUTH333593,TXN-202412-0246,2024-12-18,Medianet,MASTERCARD,1048,204.83,6.55,187.01,USD,SETTLED,BATCH-2745
AUTH700873,TXN-202412-0247,2024-12-30,Datafast,AMEX,1463,97.11,3.4,88.37,USD,SETTLED,BATCH-1415
AUTH363417,TXN-202412-0248,2024-12-04,Datafast,VISA,5559,137.49,6.15,123.78,USD,SETTLED,BATCH-1877
AUTH809708,TXN-202412-0249,2024-12-13,Datafast,AMEX,9868,65.71,2.3,59.79,USD,SETTLED,BATCH-8471
AUTH119753,TXN-202412-0250,2024-12-08,Datafast,VISA,4602,2737.56,95.81,2491.18,USD,SETTLED,BATCH-8676
AUTH453141,TXN-202412-0251,2024-12-04,Datafast,VISA,8969,2251.74,78.81,2049.08,USD,SETTLED,BATCH-1064
AUTH712869,TXN-202412-0252,2024-12-24,PayPhone,VISA,4732,133.2,5.06,120.82,USD,SETTLED,BATCH-2176
AUTH968626,TXN-202412-0253,2024-12-09,Medianet,DINERS,7579,44.22,1.42,40.37,USD,SETTLED,BATCH-8282
AUTH758439,TXN-202412-0254,2024-12-02,Medianet,MASTERCARD,4719,46.07,1.47,42.07,USD,SETTLED,BATCH-8967
AUTH898247,TXN-202412-0255,2024-12-12,Datafast,MASTERCARD,2290,44.58,1.56,40.56,USD,SETTLED,BATCH-4635
AUTH675151,TXN-202412-0256,2024-12-08,Datafast,MASTERCARD,6644,1219.16,42.67,1109.44,USD,SETTLED,BATCH-8872
AUTH147350,TXN-202412-0257,2024-12-16,PayPhone,VISA,3967,53.63,2.04,48.64,USD,SETTLED,BATCH-6131
AUTH247173,TXN-202412-0258,2024-12-05,PayPhone,VISA,3375,23.97,1.09,21.56,USD,SETTLED,BATCH-6078
AUTH789817,TXN-202412-0259,2024-12-05,Datafast,MASTERCARD,2861,55.33,1.94,50.35,USD,SETTLED,BATCH-4232
AUTH553190,TXN-202412-0260,2024-12-22,Datafast,DINERS,3747,387.13,13.55,352.29,USD,SETTLED,BATCH-4309
AUTH101142,TXN-202412-0261,2024-12-21,Datafast,VISA,8906,1936.44,67.78,1762.16,USD,SETTLED,BATCH-1605
AUTH276775,TXN-202412-0262,2024-12-07,Medianet,AMEX,1944,13.02,0.42,11.88,USD,SETTLED,BATCH-8276
AUTH852067,TXN-202412-0263,2024-12-11,Datafast,MASTERCARD,7280,444.9,15.57,404.86,USD,SETTLED,BATCH-9647
AUTH746962,TXN-202412-0264,2024-12-28,Datafast,MASTERCARD,6403,54.73,1.92,49.8,USD,SETTLED,BATCH-2691
AUTH363166,TXN-202412-0265,2024-12-31,Datafast,VISA,4654,54.94,1.92,50.0,USD,SETTLED,BATCH-2812
AUTH383393,TXN-202412-0266,2024-12-01,Datafast,VISA,5590,8.67,0.3,7.89,USD,SETTLED,BATCH-2210
AUTH254286,TXN-202412-0267,2024-12-15,Datafast,VISA,2055,105.03,3.68,95.57,USD,SETTLED,BATCH-8247
AUTH782280,TXN-202412-0268,2024-12-09,Datafast,VISA,1715,139.09,4.87,126.57,USD,SETTLED,BATCH-2746
AUTH948027,TXN-202412-0269,2024-12-19,Datafast,VISA,5329,302.43,10.59,275.21,USD,SETTLED,BATCH-7932
AUTH998224,TXN-202412-0270,2024-12-09,Datafast,MASTERCARD,1817,56.63,1.98,51.53,USD,SETTLED,BATCH-1853
AUTH146446,TXN-202412-0271,2024-12-05,PayPhone,VISA,7178,37.86,1.44,34.34,USD,SETTLED,BATCH-1598
AUTH940361,TXN-202412-0272,2024-12-18,Medianet,MASTERCARD,3378,78.99,2.53,72.12,USD,SETTLED,BATCH-5555
AUTH344599,TXN-202412-0273,2024-12-09,Medianet,VISA,2543,32.81,1.05,29.95,USD,SETTLED,BATCH-1387
AUTH194396,TXN-202412-0274,2024-12-13,Datafast,AMEX,2342,28.27,0.99,25.73,USD,SETTLED,BATCH-3788
AUTH470959,TXN-202412-0275,2024-12-09,Datafast,DINERS,9900,72.41,2.53,65.9,USD,SETTLED,BATCH-2520
AUTH656213,TXN-202412-0276,2024-12-26,Medianet,MASTERCARD,8400,337.71,10.81,308.32,USD,SETTLED,BATCH-5391
AUTH729632,TXN-202412-0277,2024-12-31,PayPhone,MASTERCARD,3790,508.43,19.32,461.15,USD,SETTLED,BATCH-5695
AUTH899755,TXN-202412-0278,2024-12-01,Datafast,MASTERCARD,3101,318.54,11.15,289.87,USD,SETTLED,BATCH-5812
AUTH246708,TXN-202412-0279,2024-12-09,Datafast,VISA,9414,62.31,2.18,56.71,USD,SETTLED,BATCH-2411
AUTH448256,TXN-202412-0280,2024-12-31,PayPhone,MASTERCARD,3570,361.33,13.73,327.73,USD,SETTLED,BATCH-6843
AUTH645872,TXN-202412-0281,2024-12-29,Medianet,VISA,5600,51.85,1.66,47.34,USD,SETTLED,BATCH-6475
AUTH393985,TXN-202412-0282,2024-12-18,Datafast,AMEX,8861,61.92,2.17,56.34,USD,SETTLED,BATCH-7928
AUTH740180,TXN-202412-0283,2024-12-04,Datafast,VISA,3032,369.69,12.94,336.41,USD,SETTLED,BATCH-8335
AUTH982409,TXN-202412-0284,2024-12-14,PayPhone,VISA,9496,166.08,6.31,150.64,USD,SETTLED,BATCH-5576
AUTH118415,TXN-202412-0285,2024-12-15,PayPhone,VISA,4155,489.89,18.62,444.32,USD,SETTLED,BATCH-4726
AUTH591408,TXN-202412-0286,2024-12-09,Datafast,MASTERCARD,1334,12.26,0.43,11.16,USD,SETTLED,BATCH-4807
AUTH300498,TXN-202412-0287,2024-12-29,PayPhone,VISA,2433,2107.55,80.09,1911.54,USD,SETTLED,BATCH-4822
AUTH985400,TXN-202412-0288,2024-12-03,PayPhone,VISA,9789,2029.44,77.12,1840.71,USD,SETTLED,BATCH-9503
AUTH427343,TXN-202412-0289,2024-12-02,Medianet,MASTERCARD,2871,399.58,12.79,364.81,USD,SETTLED,BATCH-5964
AUTH261024,TXN-202412-0290,2024-12-01,Medianet,MASTERCARD,8312,372.26,11.91,339.88,USD,SETTLED,BATCH-7670
AUTH142854,TXN-202412-0291,2024-12-03,PayPhone,VISA,7561,29.81,1.13,27.04,USD,SETTLED,BATCH-6610
AUTH338401,TXN-202412-0292,2024-12-12,Medianet,DINERS,1875,37.03,1.18,33.81,USD,SETTLED,BATCH-7128
AUTH201050,TXN-202412-0293,2024-12-21,Medianet,MASTERCARD,8871,60.42,1.93,55.17,USD,SETTLED,BATCH-3650
AUTH690894,TXN-202412-0294,2024-12-24,Datafast,VISA,6483,16.77,0.59,15.26,USD,SETTLED,BATCH-4748
AUTH880247,TXN-202412-0295,2024-12-15,Medianet,VISA,8343,14.95,0.48,13.65,USD,SETTLED,BATCH-2784
AUTH561392,TXN-202412-0296,2024-12-30,Medianet,VISA,9615,13.84,0.44,12.64,USD,SETTLED,BATCH-8865
AUTH797290,TXN-202412-0297,2024-12-22,Datafast,MASTERCARD,9530,205.83,7.2,187.31,USD,SETTLED,BATCH-1434
AUTH582173,TXN-202412-0298,2024-12-01,Datafast,VISA,5129,1684.33,58.95,1532.75,USD,SETTLED,BATCH-4458
AUTH594052,TXN-202412-0299,2024-12-04,Datafast,MASTERCARD,8816,455.02,15.93,414.06,USD,SETTLED,BATCH-4836
AUTH399581,TXN-202412-0300,2024-12-08,Medianet,VISA,5667,13.13,0.42,11.99,USD,SETTLED,BATCH-6901
AUTH658461,TXN-202412-0301,2024-12-22,PayPhone,VISA,8353,46.62,1.77,42.28,USD,SETTLED,BATCH-4994
AUTH558003,TXN-202412-0302,2024-12-11,PayPhone,DINERS,1931,465.2,17.68,421.94,USD,SETTLED,BATCH-1020
AUTH582634,TXN-202412-0303,2024-12-31,Datafast,DINERS,6172,47.55,1.66,43.27,USD,SETTLED,BATCH-1907
AUTH480186,TXN-202412-0304,2024-12-09,Datafast,MASTERCARD,3641,197.25,6.9,179.5,USD,SETTLED,BATCH-6097
AUTH739277,TXN-202412-0305,2024-12-13,Datafast,MASTERCARD,3208,88.41,3.09,80.46,USD,SETTLED,BATCH-3950
AUTH483044,TXN-202412-0306,2024-12-04,Datafast,MASTERCARD,2744,2686.81,94.04,2444.99,USD,SETTLED,BATCH-7303
AUTH219200,TXN-202412-0307,2024-12-28,Datafast,VISA,9033,304.09,10.64,276.73,USD,SETTLED,BATCH-7622
AUTH788186,TXN-202412-0308,2024-12-27,Medianet,VISA,3035,379.23,12.14,346.23,USD,SETTLED,BATCH-6701
AUTH423761,TXN-202412-0309,2024-12-08,Datafast,VISA,2808,415.56,14.54,378.16,USD,SETTLED,BATCH-4513
AUTH169933,TXN-202412-0310,2024-12-18,Medianet,MASTERCARD,5573,181.43,5.81,165.65,USD,SETTLED,BATCH-7322
AUTH638428,TXN-202412-0311,2024-12-05,Datafast,MASTERCARD,9950,29.91,1.05,27.21,USD,SETTLED,BATCH-2829
AUTH546023,TXN-202412-0312,2024-12-26,Datafast,VISA,7704,138.68,4.85,126.2,USD,SETTLED,BATCH-8825
AUTH873654,TXN-202412-0313,2024-12-14,Medianet,VISA,6500,38.18,1.22,34.86,USD,SETTLED,BATCH-8477
AUTH380289,TXN-202412-0314,2024-12-22,Medianet,VISA,7840,273.58,8.75,249.78,USD,SETTLED,BATCH-4856
AUTH820094,TXN-202412-0315,2024-12-01,PayPhone,VISA,6831,5.86,0.22,5.32,USD,SETTLED,BATCH-2700
AUTH648070,TXN-202412-0316,2024-12-06,Medianet,AMEX,9466,115.13,3.68,105.12,USD,SETTLED,BATCH-8445
AUTH856688,TXN-202412-0317,2024-12-31,PayPhone,MASTERCARD,2555,19.28,0.73,17.49,USD,SETTLED,BATCH-4546
AUTH266688,TXN-202412-0318,2024-12-21,Datafast,AMEX,9757,104.04,3.64,94.68,USD,SETTLED,BATCH-5971
AUTH311253,TXN-202412-0319,2024-12-13,PayPhone,VISA,2671,31.5,1.2,28.56,USD,SETTLED,BATCH-8005
AUTH103872,TXN-202412-0320,2024-12-09,Datafast,AMEX,1154,396.06,13.86,360.42,USD,SETTLED,BATCH-3535
AUTH625190,TXN-202412-0321,2024-12-16,Datafast,AMEX,8088,322.08,11.27,293.1,USD,SETTLED,BATCH-5473
AUTH647338,TXN-202412-0322,2024-12-25,Datafast,AMEX,2261,18.18,0.64,16.54,USD,SETTLED,BATCH-9299
AUTH891270,TXN-202412-0323,2024-12-17,Medianet,MASTERCARD,9069,40.17,1.29,36.67,USD,SETTLED,BATCH-9115
AUTH859073,TXN-202412-0324,2024-12-29,Datafast,VISA,4461,54.65,1.91,49.73,USD,SETTLED,BATCH-3494
AUTH235409,TXN-202412-0325,2024-12-09,Datafast,MASTERCARD,6134,59.29,2.08,53.95,USD,SETTLED,BATCH-4212
AUTH979859,TXN-202412-0326,2024-12-26,Datafast,VISA,7658,35.97,1.26,32.73,USD,SETTLED,BATCH-6717
AUTH735829,TXN-202412-0327,2024-12-10,Medianet,DINERS,4985,8.67,0.28,7.91,USD,SETTLED,BATCH-9618
AUTH435544,TXN-202412-0328,2024-12-21,Medianet,VISA,2551,58.57,1.87,53.47,USD,SETTLED,BATCH-7162
AUTH924922,TXN-202412-0329,2024-12-18,Datafast,VISA,7683,69.2,2.42,62.98,USD,SETTLED,BATCH-6399
AUTH772543,TXN-202412-0330,2024-12-21,Medianet,MASTERCARD,4278,51.83,1.66,47.32,USD,SETTLED,BATCH-4991
AUTH645259,TXN-202412-0331,2024-12-04,Datafast,VISA,2542,8.52,0.3,7.75,USD,SETTLED,BATCH-3513
AUTH515688,TXN-202412-0332,2024-12-24,Datafast,MASTERCARD,3755,464.4,16.25,422.61,USD,SETTLED,BATCH-8850
AUTH830156,TXN-202412-0333,2024-12-18,Datafast,MASTERCARD,8552,2109.44,73.83,1919.6,USD,SETTLED,BATCH-7357
AUTH639285,TXN-202412-0334,2024-12-25,Datafast,DINERS,7005,33.36,1.17,30.36,USD,SETTLED,BATCH-8425
AUTH945132,TXN-202412-0335,2024-12-03,Medianet,VISA,6773,16.61,0.53,15.16,USD,SETTLED,BATCH-2515
AUTH389882,TXN-202412-0336,2024-12-19,Medianet,MASTERCARD,8350,17.82,0.57,16.27,USD,SETTLED,BATCH-5272
AUTH211171,TXN-202412-0337,2024-12-08,Medianet,MASTERCARD,3916,16.89,0.54,15.42,USD,SETTLED,BATCH-2281
AUTH698266,TXN-202412-0338,2024-12-14,Medianet,VISA,7789,434.92,13.92,397.08,USD,SETTLED,BATCH-4955
AUTH540700,TXN-202412-0339,2024-12-02,Datafast,DINERS,2693,39.65,1.39,36.08,USD,SETTLED,BATCH-5480
AUTH266905,TXN-202412-0340,2024-12-25,Datafast,DINERS,7857,31.6,1.11,28.75,USD,SETTLED,BATCH-4289
AUTH356578,TXN-202412-0341,2024-12-08,Medianet,AMEX,5998,35.25,1.13,32.18,USD,SETTLED,BATCH-3037
AUTH778117,TXN-202412-0342,2024-12-31,Medianet,VISA,7725,203.41,6.51,185.72,USD,SETTLED,BATCH-8890
AUTH903684,TXN-202412-0343,2024-12-09,Datafast,VISA,4570,35.84,1.25,32.62,USD,SETTLED,BATCH-7398
AUTH330459,TXN-202412-0344,2024-12-01,Medianet,DINERS,8995,73.72,2.36,67.3,USD,SETTLED,BATCH-8214
AUTH276491,TXN-202412-0345,2024-12-06,Medianet,VISA,9308,290.41,9.29,265.15,USD,SETTLED,BATCH-1546
AUTH550219,TXN-202412-0346,2024-12-02,Datafast,DINERS,2163,67.38,2.36,61.32,USD,SETTLED,BATCH-8052
AUTH132640,TXN-202412-0347,2024-12-28,Medianet,VISA,2452,104.16,3.33,95.1,USD,SETTLED,BATCH-1096
AUTH872620,TXN-202412-0348,2024-12-12,Datafast,AMEX,4461,62.38,2.18,56.77,USD,SETTLED,BATCH-6984
AUTH774050,TXN-202412-0349,2024-12-13,PayPhone,VISA,9610,58.17,2.21,52.76,USD,SETTLED,BATCH-6961
AUTH478110,TXN-202412-0350,2024-12-20,Datafast,VISA,1877,12.09,0.42,11.01,USD,SETTLED,BATCH-2659
AUTH857671,TXN-202412-0351,2024-12-20,Medianet,MASTERCARD,7421,308.64,9.88,281.78,USD,SETTLED,BATCH-8826
AUTH675286,TXN-202412-0352,2024-12-05,Datafast,VISA,9690,286.88,10.04,261.06,USD,SETTLED,BATCH-4751
AUTH495044,TXN-202412-0353,2024-12-02,Medianet,DINERS,3731,35.5,1.14,32.41,USD,SETTLED,BATCH-6233
AUTH851232,TXN-202412-0354,2024-12-16,Datafast,VISA,1775,399.77,13.99,363.79,USD,SETTLED,BATCH-8577
AUTH752959,TXN-202412-0355,2024-12-25,PayPhone,VISA,2864,2645.95,100.55,2399.87,USD,SETTLED,BATCH-3052
AUTH893503,TXN-202412-0356,2024-12-07,Medianet,MASTERCARD,4394,73.36,2.93,66.4,USD,SETTLED,BATCH-2940
AUTH393549,TXN-202412-0357,2024-12-04,PayPhone,VISA,1212,63.4,2.41,57.51,USD,SETTLED,BATCH-2989
AUTH273797,TXN-202412-0358,2024-12-13,Datafast,MASTERCARD,9185,1110.96,38.88,1010.98,USD,SETTLED,BATCH-7366
AUTH581554,TXN-202412-0359,2024-12-20,Datafast,MASTERCARD,2259,26.27,0.92,23.9,USD,SETTLED,BATCH-3232
AUTH540391,TXN-202412-0360,2024-12-22,PayPhone,AMEX,7979,2705.7,102.82,2454.06,USD,SETTLED,BATCH-6554
AUTH979381,TXN-202412-0361,2024-12-03,Datafast,MASTERCARD,9089,71.44,2.5,65.02,USD,SETTLED,BATCH-1401
AUTH603909,TXN-202412-0362,2024-12-19,Medianet,AMEX,6702,348.5,11.15,318.19,USD,SETTLED,BATCH-7442
AUTH406745,TXN-202412-0363,2024-12-11,Datafast,VISA,4088,44.74,1.57,40.71,USD,SETTLED,BATCH-4079
AUTH641436,TXN-202412-0364,2024-12-24,Medianet,MASTERCARD,3813,17.8,0.57,16.25,USD,SETTLED,BATCH-7078
AUTH319977,TXN-202412-0365,2024-12-15,PayPhone,MASTERCARD,2882,10.51,0.4,9.53,USD,SETTLED,BATCH-5308
AUTH203449,TXN-202412-0366,2024-12-23,Datafast,VISA,7373,75.03,2.63,68.27,USD,SETTLED,BATCH-7441
AUTH990562,TXN-202412-0367,2024-12-24,PayPhone,VISA,4634,35.54,1.35,32.23,USD,SETTLED,BATCH-5952
AUTH564993,TXN-202412-0368,2024-12-16,PayPhone,MASTERCARD,4186,221.75,8.43,201.12,USD,SETTLED,BATCH-7564
AUTH301819,TXN-202412-0369,2024-12-04,Datafast,DINERS,7907,298.12,10.43,271.29,USD,SETTLED,BATCH-4418
AUTH833787,TXN-202412-0370,2024-12-31,Medianet,VISA,2974,474.31,15.18,433.05,USD,SETTLED,BATCH-9767
AUTH102608,TXN-202412-0371,2024-12-13,PayPhone,VISA,4966,231.76,8.81,210.2,USD,SETTLED,BATCH-8337
AUTH502599,TXN-202412-0372,2024-12-15,Datafast,AMEX,2259,16.55,0.58,15.06,USD,SETTLED,BATCH-1255
AUTH522424,TXN-202412-0373,2024-12-07,Datafast,MASTERCARD,8703,18.16,0.64,16.52,USD,SETTLED,BATCH-2665
AUTH290624,TXN-202412-0374,2024-12-06,PayPhone,VISA,9632,293.81,11.16,266.49,USD,SETTLED,BATCH-5849
AUTH984394,TXN-202412-0375,2024-12-18,Medianet,VISA,6397,258.28,8.26,235.82,USD,SETTLED,BATCH-6368
AUTH719032,TXN-202412-0376,2024-12-10,PayPhone,MASTERCARD,5386,2578.48,97.98,2338.69,USD,SETTLED,BATCH-6908
AUTH324014,TXN-202412-0377,2024-12-26,PayPhone,VISA,1600,46.59,1.77,42.25,USD,SETTLED,BATCH-8962
AUTH789127,TXN-202412-0378,2024-12-28,PayPhone,MASTERCARD,1743,22.81,0.87,20.68,USD,SETTLED,BATCH-1080
AUTH773439,TXN-202412-0379,2024-12-07,PayPhone,MASTERCARD,6086,35.56,1.35,32.25,USD,SETTLED,BATCH-4781
AUTH814480,TXN-202412-0380,2024-12-12,Medianet,MASTERCARD,1922,12.69,0.41,11.6,USD,SETTLED,BATCH-4888
AUTH190651,TXN-202412-0381,2024-12-19,Medianet,VISA,4975,293.11,9.38,267.61,USD,SETTLED,BATCH-5104
AUTH489577,TXN-202412-0382,2024-12-01,Medianet,AMEX,8802,18.63,0.6,17.0,USD,SETTLED,BATCH-3167
AUTH196754,TXN-202412-0383,2024-12-25,PayPhone,DINERS,3676,149.55,5.68,135.64,USD,SETTLED,BATCH-8789
AUTH951405,TXN-202412-0384,2024-12-19,Medianet,MASTERCARD,6853,401.98,12.86,367.01,USD,SETTLED,BATCH-2622
AUTH655358,TXN-202412-0385,2024-12-25,PayPhone,MASTERCARD,5847,349.53,13.28,317.02,USD,SETTLED,BATCH-9863
AUTH937003,TXN-202412-0386,2024-12-03,Medianet,MASTERCARD,7087,438.76,14.04,400.59,USD,SETTLED,BATCH-7473
AUTH901485,TXN-202412-0387,2024-12-31,Datafast,MASTERCARD,9452,33.81,1.18,30.77,USD,SETTLED,BATCH-7513
AUTH194715,TXN-202412-0388,2024-12-17,Datafast,VISA,6454,6.6,0.23,6.0,USD,SETTLED,BATCH-3472
AUTH591508,TXN-202412-0389,2024-12-29,Medianet,MASTERCARD,9249,480.38,15.37,438.59,USD,SETTLED,BATCH-6932
AUTH667156,TXN-202412-0390,2024-12-25,Datafast,AMEX,4684,173.67,6.08,158.03,USD,SETTLED,BATCH-6278
AUTH624972,TXN-202412-0391,2024-12-02,Medianet,VISA,6599,483.46,15.47,441.4,USD,SETTLED,BATCH-3066
AUTH256847,TXN-202412-0392,2024-12-21,Medianet,VISA,7899,145.1,4.64,132.5,USD,SETTLED,BATCH-1897
AUTH409226,TXN-202412-0393,2024-12-06,Datafast,VISA,4840,349.61,12.24,318.14,USD,SETTLED,BATCH-6394
AUTH916777,TXN-202412-0394,2024-12-20,Datafast,MASTERCARD,9981,1070.28,37.46,973.96,USD,SETTLED,BATCH-1390
AUTH253806,TXN-202412-0395,2024-12-29,Datafast,MASTERCARD,3026,2125.47,74.39,1934.18,USD,SETTLED,BATCH-3844
AUTH500015,TXN-202412-0396,2024-12-10,Datafast,AMEX,3509,431.11,15.09,392.31,USD,SETTLED,BATCH-7380
AUTH963322,TXN-202412-0397,2024-12-05,PayPhone,DINERS,8894,129.48,4.92,117.44,USD,SETTLED,BATCH-1878
AUTH479389,TXN-202412-0398,2024-12-26,Medianet,VISA,5562,65.34,2.09,59.66,USD,SETTLED,BATCH-1116
AUTH961617,TXN-202412-0399,2024-12-22,Datafast,MASTERCARD,4568,16.0,0.56,14.56,USD,SETTLED,BATCH-1784
AUTH456396,TXN-202412-0400,2024-12-21,Datafast,MASTERCARD,3525,224.78,7.87,204.56,USD,SETTLED,BATCH-2314
AUTH690480,TXN-202412-0401,2024-12-04,PayPhone,VISA,3383,419.67,15.95,380.63,USD,SETTLED,BATCH-2820
AUTH427584,TXN-202412-0402,2024-12-11,PayPhone,AMEX,6278,419.04,15.92,380.07,USD,SETTLED,BATCH-1907
AUTH534445,TXN-202412-0403,2024-12-25,Datafast,DINERS,6603,68.25,2.39,62.11,USD,SETTLED,BATCH-2362
AUTH753113,TXN-202412-0404,2024-12-28,Datafast,VISA,2734,404.72,14.17,368.29,USD,SETTLED,BATCH-6352
AUTH675415,TXN-202412-0405,2024-12-06,Datafast,AMEX,8175,429.66,15.04,390.99,USD,SETTLED,BATCH-7948
AUTH722560,TXN-202412-0406,2024-12-20,Medianet,VISA,5461,295.84,9.47,270.1,USD,SETTLED,BATCH-2209
AUTH976583,TXN-202412-0407,2024-12-25,PayPhone,VISA,2142,791.96,30.09,718.31,USD,SETTLED,BATCH-7803
AUTH124540,TXN-202412-0408,2024-12-11,Medianet,VISA,4018,422.01,13.5,385.3,USD,SETTLED,BATCH-2153
AUTH540830,TXN-202412-0409,2024-12-09,Datafast,VISA,6286,50.91,1.78,46.33,USD,SETTLED,BATCH-8531
AUTH260183,TXN-202412-0410,2024-12-15,Datafast,MASTERCARD,2093,214.98,7.52,195.64,USD,SETTLED,BATCH-4154
AUTH347009,TXN-202412-0411,2024-12-31,Medianet,AMEX,5162,70.39,2.25,64.27,USD,SETTLED,BATCH-5225
AUTH240003,TXN-202412-0412,2024-12-21,Medianet,MASTERCARD,9086,32.63,1.04,29.79,USD,SETTLED,BATCH-5134
AUTH582521,TXN-202412-0413,2024-12-13,Datafast,AMEX,7897,49.91,1.75,45.41,USD,SETTLED,BATCH-9425
AUTH860147,TXN-202412-0414,2024-12-25,Datafast,DINERS,3940,384.93,13.47,350.29,USD,SETTLED,BATCH-2341
AUTH251426,TXN-202412-0415,2024-12-03,Medianet,MASTERCARD,2741,46.66,1.49,42.6,USD,SETTLED,BATCH-3282
AUTH330753,TXN-202412-0416,2024-12-30,PayPhone,MASTERCARD,3985,467.59,17.77,424.1,USD,SETTLED,BATCH-2437
AUTH785520,TXN-202412-0417,2024-12-25,PayPhone,MASTERCARD,4078,666.99,25.35,604.96,USD,SETTLED,BATCH-4784
AUTH596770,TXN-202412-0418,2024-12-07,Datafast,DINERS,7648,190.38,6.66,173.25,USD,SETTLED,BATCH-1019
AUTH224829,TXN-202412-0419,2024-12-11,Datafast,VISA,1611,2885.48,100.99,2625.79,USD,SETTLED,BATCH-1768
AUTH572184,TXN-202412-0420,2024-12-04,Medianet,VISA,2990,77.08,2.47,70.37,USD,SETTLED,BATCH-9388
AUTH755017,TXN-202412-0421,2024-12-29,Medianet,VISA,9880,68.72,2.2,62.74,USD,SETTLED,BATCH-3292
AUTH627000,TXN-202412-0422,2024-12-08,Medianet,VISA,7474,33.49,1.07,30.58,USD,SETTLED,BATCH-4165
AUTH707410,TXN-202412-0423,2024-12-16,Datafast,MASTERCARD,4821,135.59,4.75,123.38,USD,SETTLED,BATCH-9697
AUTH128285,TXN-202412-0424,2024-12-03,Medianet,VISA,5278,21.37,0.68,19.52,USD,SETTLED,BATCH-5963
AUTH258863,TXN-202412-0425,2024-12-06,Medianet,VISA,6865,384.91,12.32,351.42,USD,SETTLED,BATCH-7151
AUTH279582,TXN-202412-0426,2024-12-27,Datafast,VISA,5230,43.27,1.51,39.38,USD,SETTLED,BATCH-1839
AUTH339074,TXN-202412-0427,2024-12-22,Datafast,VISA,2600,38.88,1.36,35.38,USD,SETTLED,BATCH-7633
AUTH594431,TXN-202412-0428,2024-12-29,PayPhone,VISA,4406,74.58,2.83,67.64,USD,SETTLED,BATCH-8832
AUTH812307,TXN-202412-0429,2024-12-03,Medianet,VISA,5123,73.64,2.36,67.23,USD,SETTLED,BATCH-3094
AUTH967722,TXN-202412-0430,2024-12-19,PayPhone,MASTERCARD,6215,455.59,17.31,413.22,USD,SETTLED,BATCH-4221
AUTH701053,TXN-202412-0431,2024-12-14,PayPhone,VISA,4829,43.96,1.67,39.87,USD,SETTLED,BATCH-4572
AUTH159364,TXN-202412-0432,2024-12-22,Medianet,VISA,2537,409.45,13.1,373.83,USD,SETTLED,BATCH-2205
AUTH137656,TXN-202412-0433,2024-12-27,Datafast,MASTERCARD,6143,177.28,6.2,161.33,USD,SETTLED,BATCH-2005
AUTH842842,TXN-202412-0434,2024-12-11,Datafast,VISA,7383,45.76,1.6,41.64,USD,SETTLED,BATCH-5320
AUTH952021,TXN-202412-0435,2024-12-01,Datafast,VISA,4565,483.1,16.91,439.62,USD,SETTLED,BATCH-5299
AUTH935270,TXN-202412-0436,2024-12-22,Medianet,MASTERCARD,1863,260.05,8.32,237.43,USD,SETTLED,BATCH-9670
AUTH899969,TXN-202412-0437,2024-12-08,Datafast,MASTERCARD,4970,75.36,2.64,68.58,USD,SETTLED,BATCH-3045
AUTH549223,TXN-202412-0438,2024-12-25,Medianet,AMEX,1142,86.49,2.77,78.97,USD,SETTLED,BATCH-9090
AUTH431725,TXN-202412-0439,2024-12-08,Datafast,VISA,8705,151.79,5.31,138.13,USD,SETTLED,BATCH-8638
AUTH963944,TXN-202412-0440,2024-12-28,Datafast,MASTERCARD,7552,34.5,1.21,31.39,USD,SETTLED,BATCH-5014
AUTH385980,TXN-202412-0441,2024-12-04,Datafast,MASTERCARD,9541,38.55,1.35,35.08,USD,SETTLED,BATCH-7761
AUTH938287,TXN-202412-0442,2024-12-25,Datafast,MASTERCARD,6532,299.59,10.49,272.62,USD,SETTLED,BATCH-6944
AUTH849173,TXN-202412-0443,2024-12-15,Datafast,MASTERCARD,1755,34.84,1.22,31.7,USD,SETTLED,BATCH-6193
AUTH668488,TXN-202412-0444,2024-12-08,PayPhone,MASTERCARD,8022,56.14,2.13,50.92,USD,SETTLED,BATCH-7864
AUTH758177,TXN-202412-0445,2024-12-31,Medianet,MASTERCARD,6011,444.59,14.23,405.9,USD,SETTLED,BATCH-2150
AUTH768742,TXN-202412-0446,2024-12-31,Datafast,AMEX,6936,415.32,14.54,377.94,USD,SETTLED,BATCH-3269
AUTH569784,TXN-202412-0447,2024-12-24,Medianet,VISA,9820,261.92,8.38,239.13,USD,SETTLED,BATCH-3071
AUTH158331,TXN-202412-0448,2024-12-10,Medianet,VISA,8615,2120.93,67.87,1936.41,USD,SETTLED,BATCH-2176
AUTH803698,TXN-202412-0449,2024-12-21,Datafast,MASTERCARD,3221,52.21,1.83,47.51,USD,SETTLED,BATCH-9688
AUTH679012,TXN-202412-0450,2024-12-26,Datafast,VISA,5547,39.34,1.38,35.8,USD,SETTLED,BATCH-9961
AUTH394196,TXN-202412-0451,2024-12-29,Medianet,VISA,1526,18.43,0.59,16.83,USD,SETTLED,BATCH-3231
AUTH949262,TXN-202412-0452,2024-12-22,Datafast,VISA,3880,62.68,2.19,57.04,USD,SETTLED,BATCH-3288
AUTH588652,TXN-202412-0453,2024-12-31,Datafast,MASTERCARD,2763,63.52,2.22,57.8,USD,SETTLED,BATCH-1343
AUTH568323,TXN-202412-0454,2024-12-18,Datafast,MASTERCARD,8551,1737.25,60.8,1580.9,USD,SETTLED,BATCH-7728
AUTH709143,TXN-202412-0455,2024-12-17,Datafast,VISA,8920,464.43,16.26,422.63,USD,SETTLED,BATCH-4495
AUTH438648,TXN-202412-0456,2024-12-19,Medianet,VISA,4083,214.45,6.86,195.8,USD,SETTLED,BATCH-2337
AUTH837428,TXN-202412-0457,2024-12-22,Datafast,MASTERCARD,6384,303.5,10.62,276.18,USD,SETTLED,BATCH-9622
AUTH372095,TXN-202412-0458,2024-12-12,Datafast,MASTERCARD,2522,412.81,14.45,375.65,USD,SETTLED,BATCH-7514
AUTH174030,TXN-202412-0459,2024-12-25,Medianet,AMEX,7857,444.47,14.22,405.81,USD,SETTLED,BATCH-5709
AUTH757582,TXN-202412-0460,2024-12-01,Datafast,MASTERCARD,7561,319.06,11.17,290.34,USD,SETTLED,BATCH-2991
AUTH929488,TXN-202412-0461,2024-12-11,Datafast,VISA,9326,63.38,2.22,57.68,USD,SETTLED,BATCH-8875
AUTH566794,TXN-202412-0462,2024-12-13,Datafast,VISA,2054,39.55,1.38,35.99,USD,SETTLED,BATCH-7298
AUTH541156,TXN-202412-0463,2024-12-08,Datafast,AMEX,2090,157.99,5.53,143.77,USD,SETTLED,BATCH-2034
AUTH620512,TXN-202412-0464,2024-12-26,PayPhone,MASTERCARD,4378,435.63,16.55,395.12,USD,SETTLED,BATCH-4659
AUTH429211,TXN-202412-0465,2024-12-29,PayPhone,VISA,4535,1865.46,70.89,1691.97,USD,SETTLED,BATCH-1476
AUTH429121,TXN-202412-0466,2024-12-22,PayPhone,VISA,8708,10.97,0.42,9.95,USD,SETTLED,BATCH-3548
AUTH312362,TXN-202412-0467,2024-12-06,Datafast,MASTERCARD,4147,471.51,16.5,429.07,USD,SETTLED,BATCH-4106
AUTH722170,TXN-202412-0468,2024-12-08,Datafast,DINERS,8025,75.95,2.66,69.11,USD,SETTLED,BATCH-7774
AUTH650325,TXN-202412-0469,2024-12-08,Datafast,MASTERCARD,8419,235.42,8.24,214.24,USD,SETTLED,BATCH-5289
AUTH181153,TXN-202412-0470,2024-12-21,Datafast,MASTERCARD,1471,6.92,0.24,6.3,USD,SETTLED,BATCH-2906
AUTH958304,TXN-202412-0471,2024-12-01,Medianet,DINERS,8835,1896.71,60.69,1731.7,USD,SETTLED,BATCH-8149
AUTH671102,TXN-202412-0472,2024-12-08,Datafast,VISA,3229,426.44,14.93,388.06,USD,SETTLED,BATCH-4911
AUTH667056,TXN-202412-0473,2024-12-17,Datafast,MASTERCARD,2982,55.66,1.95,50.65,USD,SETTLED,BATCH-7939
AUTH754641,TXN-202412-0474,2024-12-06,Datafast,AMEX,8845,1997.5,69.91,1817.72,USD,SETTLED,BATCH-9302
AUTH818789,TXN-202412-0475,2024-12-26,Datafast,AMEX,4708,22.7,0.79,20.66,USD,SETTLED,BATCH-4101
AUTH141724,TXN-202412-0476,2024-12-10,Datafast,VISA,5812,11.62,0.41,10.57,USD,SETTLED,BATCH-6191
AUTH983942,TXN-202412-0477,2024-12-06,Datafast,AMEX,1183,21.24,0.74,19.33,USD,SETTLED,BATCH-2083
AUTH574410,TXN-202412-0478,2024-12-31,Medianet,VISA,3953,59.59,1.91,54.4,USD,SETTLED,BATCH-7780
AUTH885327,TXN-202412-0479,2024-12-01,Datafast,MASTERCARD,6007,28.8,1.01,26.2,USD,SETTLED,BATCH-8576
AUTH320338,TXN-202412-0480,2024-12-04,Datafast,AMEX,3172,350.19,12.26,318.67,USD,SETTLED,BATCH-8119
AUTH585248,TXN-202412-0481,2024-12-15,PayPhone,MASTERCARD,3812,31.54,1.2,28.6,USD,SETTLED,BATCH-5487
AUTH639165,TXN-202412-0482,2024-12-16,Medianet,DINERS,3797,49.38,1.58,45.09,USD,SETTLED,BATCH-1244
AUTH169529,TXN-202412-0483,2024-12-09,Datafast,MASTERCARD,5429,40.85,1.43,37.17,USD,SETTLED,BATCH-4994
AUTH469877,TXN-202412-0484,2024-12-12,Datafast,AMEX,2541,69.23,2.42,63.0,USD,SETTLED,BATCH-3414
AUTH711514,TXN-202412-0485,2024-12-26,Datafast,VISA,9605,65.68,2.3,59.76,USD,SETTLED,BATCH-4691
AUTH167949,TXN-202412-0486,2024-12-14,Datafast,DINERS,4760,325.1,11.38,295.84,USD,SETTLED,BATCH-2109
AUTH435969,TXN-202412-0487,2024-12-23,Medianet,VISA,2004,138.05,4.42,126.04,USD,SETTLED,BATCH-4737
AUTH618114,TXN-202412-0488,2024-12-21,Medianet,DINERS,7746,197.44,6.32,180.28,USD,SETTLED,BATCH-3943
AUTH731796,TXN-202412-0489,2024-12-26,Medianet,VISA,5024,70.01,2.24,63.92,USD,SETTLED,BATCH-6624
AUTH160899,TXN-202412-0490,2024-12-20,PayPhone,VISA,4028,27.84,1.06,25.25,USD,SETTLED,BATCH-3292
AUTH684923,TXN-202412-0491,2024-12-05,PayPhone,AMEX,4845,29.92,1.14,27.13,USD,SETTLED,BATCH-9743
AUTH709255,TXN-202412-0492,2024-12-08,PayPhone,VISA,8108,236.45,8.99,214.46,USD,SETTLED,BATCH-3444
AUTH417194,TXN-202412-0493,2024-12-29,Medianet,VISA,6122,827.82,26.49,755.8,USD,SETTLED,BATCH-7591
AUTH487547,TXN-202412-0494,2024-12-11,Medianet,AMEX,6055,5.42,0.17,4.96,USD,SETTLED,BATCH-8441
AUTH634698,TXN-202412-0495,2024-12-06,Datafast,VISA,1236,313.33,10.97,285.13,USD,SETTLED,BATCH-2666
AUTH738084,TXN-202412-0496,2024-12-13,Datafast,VISA,2542,300.41,10.51,273.36,USD,SETTLED,BATCH-3864
AUTH899125,TXN-202412-0497,2024-12-28,Medianet,DINERS,9917,42.47,1.88,38.26,USD,SETTLED,BATCH-7234
AUTH846803,TXN-202412-0498,2024-12-15,PayPhone,VISA,2636,52.8,2.01,47.88,USD,SETTLED,BATCH-4938
AUTH757653,TXN-202412-0499,2024-12-12,PayPhone,MASTERCARD,6079,5.48,0.21,4.97,USD,SETTLED,BATCH-8554
AUTH509580,TXN-202412-0500,2024-12-31,PayPhone,MASTERCARD,5754,1219.78,46.35,1106.34,USD,SETTLED,BATCH-5260
AUTH275791,TXN-202409-0292-DUP,2024-09-16,Medianet,VISA,5398,73.04,2.34,66.68,USD,SETTLED,BATCH-6257
AUTH524659,TXN-202408-0096-DUP,2024-08-17,Datafast,VISA,3755,2285.76,80.0,2080.04,USD,SETTLED,BATCH-3710
AUTH966935,TXN-202407-0237-DUP,2024-07-09,PayPhone,MASTERCARD,5858,12.71,0.48,11.53,USD,SETTLED,BATCH-4055
AUTH676641,TXN-202412-0325-DUP,2024-12-09,Datafast,MASTERCARD,5435,59.29,2.08,53.95,USD,SETTLED,BATCH-6128
AUTH320303,TXN-202409-0291-DUP,2024-09-21,Datafast,MASTERCARD,3544,42.15,1.48,38.35,USD,SETTLED,BATCH-4031
AUTH630084,TXN-202409-0400-DUP,2024-09-13,Medianet,VISA,1504,66.58,2.13,60.78,USD,SETTLED,BATCH-7790
AUTH376377,TXN-202412-0017-DUP,2024-12-24,Datafast,VISA,3577,42.47,1.49,38.65,USD,SETTLED,BATCH-5214
AUTH677234,TXN-202408-0172-DUP,2024-08-19,Datafast,MASTERCARD,5579,402.36,14.08,366.15,USD,SETTLED,BATCH-5229
AUTH636584,TXN-202407-0333-DUP,2024-07-12,Medianet,MASTERCARD,5008,66.18,2.12,60.42,USD,SETTLED,BATCH-5936
AUTH564827,TXN-202412-0388-DUP,2024-12-17,Datafast,VISA,7026,6.6,0.23,6.0,USD,SETTLED,BATCH-9523
AUTH530990,TXN-202409-0436-DUP,2024-09-01,Medianet,VISA,1119,154.99,4.96,141.51,USD,SETTLED,BATCH-5561
AUTH315338,TXN-202411-0500-DUP,2024-11-17,Datafast,MASTERCARD,6040,45.88,1.61,41.75,USD,SETTLED,BATCH-5068
AUTH650632,TXN-202409-0396-DUP,2024-09-12,PayPhone,AMEX,8196,811.91,30.85,736.4,USD,SETTLED,BATCH-8032
AUTH123964,TXN-202409-0029-DUP,2024-09-26,PayPhone,MASTERCARD,7739,31.47,1.2,28.54,USD,SETTLED,BATCH-9882
AUTH263110,TXN-202411-0146-DUP,2024-11-19,Medianet,MASTERCARD,6751,100.51,3.22,91.76,USD,SETTLED,BATCH-8127
AUTH117714,TXN-202407-0231-DUP,2024-07-19,Datafast,VISA,2488,2655.28,92.93,2416.31,USD,SETTLED,BATCH-9311
AUTH818534,TXN-202410-0302-DUP,2024-10-12,Medianet,MASTERCARD,2933,170.85,5.47,155.98,USD,SETTLED,BATCH-2850
AUTH602253,TXN-202412-0211-DUP,2024-12-08,Medianet,MASTERCARD,9433,5.32,0.17,4.86,USD,SETTLED,BATCH-2902
AUTH517955,TXN-202407-0143-DUP,2024-07-27,Datafast,VISA,7976,1589.71,55.64,1446.63,USD,SETTLED,BATCH-2218
AUTH183124,TXN-202411-0040-DUP,2024-11-18,Datafast,VISA,2067,77.52,2.71,70.54,USD,SETTLED,BATCH-6064
AUTH258269,TXN-202412-0445-DUP,2024-12-31,Medianet,MASTERCARD,6510,444.59,14.23,405.9,USD,SETTLED,BATCH-4646
AUTH349346,TXN-202411-0403-DUP,2024-11-25,Datafast,VISA,7824,439.94,15.4,400.34,USD,SETTLED,BATCH-4617
AUTH722516,TXN-202411-0492-DUP,2024-11-09,Medianet,MASTERCARD,5488,125.25,4.01,114.35,USD,SETTLED,BATCH-1759
AUTH518537,TXN-202410-0264-DUP,2024-10-22,Datafast,MASTERCARD,1132,140.74,4.93,128.07,USD,SETTLED,BATCH-7980
AUTH814351,TXN-202408-0482-DUP,2024-08-16,Medianet,AMEX,5669,30.51,0.98,27.85,USD,SETTLED,BATCH-5218
AUTH214058,TXN-202409-0012-DUP,2024-09-28,PayPhone,MASTERCARD,2688,294.38,11.19,267.0,USD,SETTLED,BATCH-1398
AUTH289170,TXN-202412-0198-DUP,2024-12-23,PayPhone,VISA,6061,393.02,14.93,356.47,USD,SETTLED,BATCH-9515
AUTH220079,TXN-202409-0081-DUP,2024-09-29,Medianet,MASTERCARD,9109,16.83,0.54,15.36,USD,SETTLED,BATCH-1401
AUTH762277,TXN-202407-0172-DUP,2024-07-06,Datafast,AMEX,6759,2194.03,76.79,1996.57,USD,SETTLED,BATCH-6250
AUTH924549,TXN-202408-0058-DUP,2024-08-26,Datafast,VISA,4152,92.31,3.23,84.01,USD,SETTLED,BATCH-9186
